# Chunk-averaged data for fix 3 and group all
# Timestep Number-of-chunks Total-count
# Chunk Coord1 Ncount v_temp
45000 100 2112.0000000000005
  1 0.005 20.384 1304.97
  2 0.015 20.594 1338.24
  3 0.025 20.794 1312.3
  4 0.035 21.132 1340.41
  5 0.045 21.354 1330.95
  6 0.055 21.58 1389.1
  7 0.065 21.704 1407.43
  8 0.075 21.84 1353.88
  9 0.085 21.714 1434.06
  10 0.095 21.48 1448.23
  11 0.105 20.978 1478.13
  12 0.115 20.728 1513.89
  13 0.125 20.744 1496.74
  14 0.135 20.422 1419.2
  15 0.145 20.838 1403.38
  16 0.155 21.11 1327.05
  17 0.165 21.83 1329.79
  18 0.175 21.686 1373.65
  19 0.185 21.842 1386.78
  20 0.195 21.64 1419.92
  21 0.205 21.694 1496.28
  22 0.215 21.438 1424.85
  23 0.225 21.154 1442.38
  24 0.235 20.664 1420.8
  25 0.245 20.232 1402.33
  26 0.255 19.878 1391.85
  27 0.265 19.87 1358.55
  28 0.275 20.466 1355.62
  29 0.285 21.3 1321.82
  30 0.295 21.362 1399.55
  31 0.305 21.59 1412.16
  32 0.315 21.586 1476.56
  33 0.325 21.804 1446.76
  34 0.335 21.726 1540.44
  35 0.345 21.82 1548.36
  36 0.355 21.344 1502.75
  37 0.365 21.042 1564.92
  38 0.375 20.29 1594.15
  39 0.385 20.214 1555.84
  40 0.395 20.35 1582.34
  41 0.405 21.32 1622.98
  42 0.415 21.54 1645.14
  43 0.425 21.784 1623.46
  44 0.435 21.64 1620.94
  45 0.445 21.642 1616.42
  46 0.455 21.406 1588.55
  47 0.465 21.176 1621.86
  48 0.475 20.68 1576.06
  49 0.485 20.192 1637.37
  50 0.495 20.092 1676.57
  51 0.505 20.222 1607.1
  52 0.515 20.624 1606.63
  53 0.525 20.84 1592.87
  54 0.535 21.242 1566.62
  55 0.545 21.438 1578.87
  56 0.555 21.588 1673.06
  57 0.565 21.756 1646.43
  58 0.575 21.67 1581.18
  59 0.585 21.444 1537.23
  60 0.595 21.056 1469.14
  61 0.605 20.754 1446.85
  62 0.615 20.406 1436.59
  63 0.625 20.704 1500.36
  64 0.635 20.904 1551.27
  65 0.645 21.124 1480.16
  66 0.655 21.674 1464.51
  67 0.665 21.74 1466.54
  68 0.675 21.812 1428.11
  69 0.685 21.602 1463.98
  70 0.695 21.482 1514.1
  71 0.705 21.422 1546.69
  72 0.715 20.962 1522.68
  73 0.725 20.316 1541.99
  74 0.735 20.16 1510.86
  75 0.745 19.676 1543.94
  76 0.755 20.142 1498.48
  77 0.765 20.736 1432.69
  78 0.775 21.31 1382.48
  79 0.785 21.626 1371.7
  80 0.795 21.61 1507.57
  81 0.805 21.754 1544.4
  82 0.815 21.724 1562.96
  83 0.825 21.868 1466.36
  84 0.835 21.67 1441.52
  85 0.845 21.374 1394.95
  86 0.855 20.646 1466.84
  87 0.865 20.12 1462.96
  88 0.875 20.416 1507.82
  89 0.885 20.846 1493.86
  90 0.895 21.274 1511.72
  91 0.905 21.648 1534.16
  92 0.915 21.842 1612.64
  93 0.925 21.64 1608.15
  94 0.935 21.702 1484.82
  95 0.945 21.558 1451.15
  96 0.955 21.4 1354.27
  97 0.965 21.112 1376.07
  98 0.975 20.726 1357.44
  99 0.985 20.456 1300.55
  100 0.995 20.492 1266.08
50000 100 2112.0000000000005
  1 0.005 20.298 1332.45
  2 0.015 20.804 1395.79
  3 0.025 20.9 1412.6
  4 0.035 21.06 1389.94
  5 0.045 21.35 1340.48
  6 0.055 21.742 1313.49
  7 0.065 21.67 1349.29
  8 0.075 21.844 1405.01
  9 0.085 21.596 1450.9
  10 0.095 21.542 1332.18
  11 0.105 21.318 1279.01
  12 0.115 20.804 1325.16
  13 0.125 20.806 1281.72
  14 0.135 20.66 1334.78
  15 0.145 20.704 1405.85
  16 0.155 20.852 1440.95
  17 0.165 21.53 1423.18
  18 0.175 21.782 1447.55
  19 0.185 21.838 1496.31
  20 0.195 21.702 1528.63
  21 0.205 21.526 1454.38
  22 0.215 21.426 1503.12
  23 0.225 21.258 1444.06
  24 0.235 20.648 1507.98
  25 0.245 19.956 1515.39
  26 0.255 19.772 1473.71
  27 0.265 20.044 1401.89
  28 0.275 20.752 1364
  29 0.285 20.914 1449.37
  30 0.295 21.578 1399.29
  31 0.305 21.636 1414.63
  32 0.315 21.55 1420.69
  33 0.325 21.802 1441.75
  34 0.335 21.86 1454.45
  35 0.345 21.682 1505
  36 0.355 21.242 1560.95
  37 0.365 21.032 1519.33
  38 0.375 20.148 1487.44
  39 0.385 20.31 1514.95
  40 0.395 20.668 1532.65
  41 0.405 21.116 1477.92
  42 0.415 21.762 1646.83
  43 0.425 21.854 1619.15
  44 0.435 21.662 1624.83
  45 0.445 21.666 1557.25
  46 0.455 21.6 1460.09
  47 0.465 21.346 1505.26
  48 0.475 20.9 1473.91
  49 0.485 20.306 1506.58
  50 0.495 19.916 1522.92
  51 0.505 19.936 1645.17
  52 0.515 20.458 1661.91
  53 0.525 20.724 1680.4
  54 0.535 21.028 1795.33
  55 0.545 21.406 1732.17
  56 0.555 21.59 1699.55
  57 0.565 21.776 1630.85
  58 0.575 21.724 1514.79
  59 0.585 21.502 1562.43
  60 0.595 21.23 1456.59
  61 0.605 20.676 1446.71
  62 0.615 20.394 1577.61
  63 0.625 20.592 1510.59
  64 0.635 20.826 1538.77
  65 0.645 21.252 1569.84
  66 0.655 21.532 1572.43
  67 0.665 21.628 1569.49
  68 0.675 21.942 1459.35
  69 0.685 21.54 1563.91
  70 0.695 21.656 1553.05
  71 0.705 21.206 1543.89
  72 0.715 21 1511.76
  73 0.725 20.35 1595.55
  74 0.735 20.184 1573.02
  75 0.745 19.932 1496.18
  76 0.755 20.262 1427.01
  77 0.765 20.73 1399
  78 0.775 21.266 1432.32
  79 0.785 21.452 1446.12
  80 0.795 21.66 1484.68
  81 0.805 21.718 1525.34
  82 0.815 21.756 1480.3
  83 0.825 21.72 1532.36
  84 0.835 21.704 1528.17
  85 0.845 21.502 1473.78
  86 0.855 20.566 1494.53
  87 0.865 20.048 1502.53
  88 0.875 20.48 1387.95
  89 0.885 20.612 1384.41
  90 0.895 21.684 1383.29
  91 0.905 21.406 1451.56
  92 0.915 21.888 1441.5
  93 0.925 21.766 1426.91
  94 0.935 21.662 1462.83
  95 0.945 21.562 1480.38
  96 0.955 21.476 1432.88
  97 0.965 21.194 1409.57
  98 0.975 20.596 1417.26
  99 0.985 20.23 1351.07
  100 0.995 20.242 1349.79
55000 100 2112
  1 0.005 20.466 1274.34
  2 0.015 21.016 1291.58
  3 0.025 20.776 1358.15
  4 0.035 21.222 1310.25
  5 0.045 21.444 1274.64
  6 0.055 21.652 1350.37
  7 0.065 21.85 1385.35
  8 0.075 21.678 1400.33
  9 0.085 21.642 1424.06
  10 0.095 21.616 1508.98
  11 0.105 20.978 1416.53
  12 0.115 20.616 1402.38
  13 0.125 20.766 1382.18
  14 0.135 20.138 1418.25
  15 0.145 20.9 1464.64
  16 0.155 21.378 1444.07
  17 0.165 21.782 1447.05
  18 0.175 21.892 1403.15
  19 0.185 21.744 1441.2
  20 0.195 21.62 1449.48
  21 0.205 21.854 1373.78
  22 0.215 21.31 1410.59
  23 0.225 21.354 1392.08
  24 0.235 20.714 1393.08
  25 0.245 20.204 1429.34
  26 0.255 19.946 1452.65
  27 0.265 19.966 1512.57
  28 0.275 20.536 1474.69
  29 0.285 20.994 1459.28
  30 0.295 21.342 1394.69
  31 0.305 21.582 1432.01
  32 0.315 21.476 1548.7
  33 0.325 21.804 1472.11
  34 0.335 21.744 1421.3
  35 0.345 21.692 1391.48
  36 0.355 21.512 1430.97
  37 0.365 21.022 1409.09
  38 0.375 20.664 1474.24
  39 0.385 20.158 1484.64
  40 0.395 20.448 1466.02
  41 0.405 21.104 1536.29
  42 0.415 21.342 1581.47
  43 0.425 21.95 1547.36
  44 0.435 21.6 1537.72
  45 0.445 21.656 1547.42
  46 0.455 21.544 1495.89
  47 0.465 21.492 1525.65
  48 0.475 21.056 1547.04
  49 0.485 20.56 1515.72
  50 0.495 19.988 1553.95
  51 0.505 20.006 1535.27
  52 0.515 20.54 1564.42
  53 0.525 20.542 1579.89
  54 0.535 21.032 1603.22
  55 0.545 21.25 1629.31
  56 0.555 21.566 1601.31
  57 0.565 21.668 1648.13
  58 0.575 21.71 1676.62
  59 0.585 21.594 1722.16
  60 0.595 21.174 1738.69
  61 0.605 20.536 1739.34
  62 0.615 20.886 1692.91
  63 0.625 20.098 1713.02
  64 0.635 20.576 1661
  65 0.645 21.282 1644.21
  66 0.655 21.646 1617.29
  67 0.665 21.768 1530.06
  68 0.675 21.85 1509.59
  69 0.685 21.588 1455.99
  70 0.695 21.61 1435.24
  71 0.705 21.534 1420.62
  72 0.715 20.812 1493.16
  73 0.725 20.548 1492.3
  74 0.735 19.966 1533.41
  75 0.745 19.69 1510.64
  76 0.755 20.242 1492.29
  77 0.765 20.676 1503.4
  78 0.775 21.236 1457.25
  79 0.785 21.632 1497.55
  80 0.795 21.57 1516.49
  81 0.805 21.688 1528.27
  82 0.815 21.758 1445.79
  83 0.825 21.758 1496.49
  84 0.835 21.608 1587.6
  85 0.845 20.922 1532.09
  86 0.855 20.904 1438.11
  87 0.865 20.282 1430.57
  88 0.875 20.492 1464.48
  89 0.885 20.78 1482.48
  90 0.895 21.35 1573.86
  91 0.905 21.778 1529.52
  92 0.915 21.716 1494.61
  93 0.925 21.814 1436.4
  94 0.935 21.57 1406.79
  95 0.945 21.63 1348.1
  96 0.955 21.312 1318.58
  97 0.965 21.01 1348.14
  98 0.975 20.544 1338.62
  99 0.985 20.168 1277.3
  100 0.995 20.298 1294.45
60000 100 2112
  1 0.005 20.62 1171.45
  2 0.015 20.738 1247.23
  3 0.025 21.06 1260.47
  4 0.035 21.2 1296.56
  5 0.045 21.486 1349.74
  6 0.055 21.63 1406.31
  7 0.065 21.618 1489.61
  8 0.075 21.762 1476.45
  9 0.085 21.736 1428.95
  10 0.095 21.61 1502.8
  11 0.105 21.248 1486.03
  12 0.115 20.574 1494.64
  13 0.125 20.362 1466.57
  14 0.135 20.324 1340.95
  15 0.145 20.77 1336.51
  16 0.155 21.504 1354.65
  17 0.165 21.732 1416.6
  18 0.175 21.852 1350.37
  19 0.185 21.84 1301.05
  20 0.195 21.808 1385.87
  21 0.205 21.516 1428.79
  22 0.215 21.558 1413.74
  23 0.225 21.364 1327.48
  24 0.235 20.852 1377.99
  25 0.245 20.33 1475.05
  26 0.255 19.872 1499.29
  27 0.265 20.032 1424.61
  28 0.275 20.196 1460.33
  29 0.285 21.054 1472.08
  30 0.295 21.278 1468.33
  31 0.305 21.524 1485.25
  32 0.315 21.564 1500.15
  33 0.325 21.754 1479.94
  34 0.335 21.626 1512.92
  35 0.345 21.606 1549.85
  36 0.355 21.572 1499.2
  37 0.365 20.978 1593.32
  38 0.375 20.644 1479.52
  39 0.385 20.75 1427.75
  40 0.395 20.608 1459
  41 0.405 20.792 1517.51
  42 0.415 21.256 1538.14
  43 0.425 21.718 1498.36
  44 0.435 21.708 1589.53
  45 0.445 21.72 1610.44
  46 0.455 21.566 1598.62
  47 0.465 21.266 1571.87
  48 0.475 20.784 1676.01
  49 0.485 20.392 1769.44
  50 0.495 20.094 1740.68
  51 0.505 20.136 1635.72
  52 0.515 20.274 1592.61
  53 0.525 20.828 1586.02
  54 0.535 21.062 1628.62
  55 0.545 21.354 1643.81
  56 0.555 21.524 1681.43
  57 0.565 21.626 1707.27
  58 0.575 21.768 1737.74
  59 0.585 21.596 1622.39
  60 0.595 21.29 1630.47
  61 0.605 20.742 1576.63
  62 0.615 20.336 1513.55
  63 0.625 20.112 1531.39
  64 0.635 20.788 1557.38
  65 0.645 21.298 1509.97
  66 0.655 21.69 1523.3
  67 0.665 21.846 1570
  68 0.675 21.776 1555.17
  69 0.685 21.688 1529.36
  70 0.695 21.586 1488.14
  71 0.705 21.288 1544.6
  72 0.715 21.002 1436.83
  73 0.725 20.544 1404.98
  74 0.735 19.878 1472.86
  75 0.745 19.938 1407.82
  76 0.755 20.25 1481.45
  77 0.765 20.742 1553.89
  78 0.775 21.098 1530.67
  79 0.785 21.49 1507.83
  80 0.795 21.552 1501.38
  81 0.805 21.794 1496.91
  82 0.815 21.784 1538.49
  83 0.825 21.688 1545.05
  84 0.835 21.314 1591
  85 0.845 20.594 1521.62
  86 0.855 20.696 1503.6
  87 0.865 20.616 1450.11
  88 0.875 20.512 1477.74
  89 0.885 21.144 1431.83
  90 0.895 21.45 1455.34
  91 0.905 21.608 1435.15
  92 0.915 21.816 1418.29
  93 0.925 21.792 1437.57
  94 0.935 21.648 1387.09
  95 0.945 21.36 1390.04
  96 0.955 21.432 1402.73
  97 0.965 21.094 1276.01
  98 0.975 20.5 1266.5
  99 0.985 20.428 1225.67
  100 0.995 20.18 1232.43
65000 100 2111.9999999999995
  1 0.005 20.638 1291.7
  2 0.015 20.71 1282.38
  3 0.025 21.126 1260.63
  4 0.035 21.368 1300.48
  5 0.045 21.5 1341.25
  6 0.055 21.668 1286.98
  7 0.065 21.672 1325.15
  8 0.075 21.942 1321.31
  9 0.085 21.812 1360.93
  10 0.095 21.608 1339.52
  11 0.105 21.552 1254.08
  12 0.115 20.824 1349.31
  13 0.125 20.454 1364.78
  14 0.135 20.36 1287.68
  15 0.145 20.526 1419.69
  16 0.155 21.076 1435.34
  17 0.165 21.682 1432.37
  18 0.175 21.794 1457.04
  19 0.185 21.84 1390.18
  20 0.195 21.77 1415.1
  21 0.205 21.606 1444.94
  22 0.215 21.566 1392.54
  23 0.225 21.48 1374.81
  24 0.235 21.014 1472.68
  25 0.245 20.208 1502.53
  26 0.255 19.934 1467.94
  27 0.265 19.872 1434.95
  28 0.275 20.222 1439.21
  29 0.285 20.74 1478.34
  30 0.295 21.35 1556.65
  31 0.305 21.5 1555.5
  32 0.315 21.568 1495.4
  33 0.325 21.842 1533.21
  34 0.335 21.732 1454.37
  35 0.345 21.596 1501.7
  36 0.355 21.6 1493.71
  37 0.365 20.916 1431.91
  38 0.375 20.734 1535.45
  39 0.385 20.748 1473.57
  40 0.395 20.26 1523.17
  41 0.405 20.858 1555.24
  42 0.415 21.464 1533.56
  43 0.425 21.462 1595.7
  44 0.435 21.902 1587.82
  45 0.445 21.686 1588.63
  46 0.455 21.494 1689.29
  47 0.465 21.546 1674.28
  48 0.475 20.77 1759.4
  49 0.485 20.382 1799.03
  50 0.495 19.88 1748.9
  51 0.505 20.254 1672.56
  52 0.515 20.408 1621.98
  53 0.525 20.678 1636.1
  54 0.535 20.964 1620.08
  55 0.545 21.412 1699.57
  56 0.555 21.472 1645.31
  57 0.565 21.752 1649.88
  58 0.575 21.564 1709.55
  59 0.585 21.666 1679.58
  60 0.595 21.272 1634.77
  61 0.605 20.748 1577.26
  62 0.615 20.194 1624.34
  63 0.625 19.792 1614.7
  64 0.635 21.084 1521.44
  65 0.645 21.518 1526.4
  66 0.655 21.634 1439.78
  67 0.665 21.924 1614.69
  68 0.675 21.6 1595.61
  69 0.685 21.68 1525.93
  70 0.695 21.524 1529.6
  71 0.705 21.304 1533.87
  72 0.715 20.914 1469.33
  73 0.725 20.19 1510.9
  74 0.735 19.746 1453.54
  75 0.745 19.706 1474.13
  76 0.755 20.644 1485.06
  77 0.765 20.894 1514.25
  78 0.775 21.302 1428.88
  79 0.785 21.572 1376.14
  80 0.795 21.696 1442.34
  81 0.805 21.87 1429.24
  82 0.815 21.678 1396.78
  83 0.825 21.804 1379.51
  84 0.835 21.45 1476.75
  85 0.845 21.054 1436.89
  86 0.855 20.498 1424.39
  87 0.865 20.53 1414.03
  88 0.875 20.684 1454.12
  89 0.885 20.864 1454.02
  90 0.895 21.286 1380.32
  91 0.905 21.62 1404.97
  92 0.915 21.918 1456.21
  93 0.925 21.702 1443.72
  94 0.935 21.702 1379.7
  95 0.945 21.52 1438.06
  96 0.955 21.296 1435.83
  97 0.965 21.114 1374.97
  98 0.975 20.22 1428.3
  99 0.985 20.086 1482.63
  100 0.995 20.142 1355.45
70000 100 2112
  1 0.005 20.308 1385.63
  2 0.015 20.686 1362.15
  3 0.025 20.908 1345.47
  4 0.035 21.13 1300.26
  5 0.045 21.502 1273.46
  6 0.055 21.732 1276.82
  7 0.065 21.64 1326.08
  8 0.075 21.786 1302.51
  9 0.085 21.922 1285.63
  10 0.095 21.536 1320.66
  11 0.105 21.194 1405.99
  12 0.115 20.824 1463.38
  13 0.125 20.308 1472.64
  14 0.135 20.682 1416.27
  15 0.145 20.412 1558.78
  16 0.155 21.412 1517.64
  17 0.165 21.61 1473.5
  18 0.175 21.75 1413.75
  19 0.185 21.908 1458.92
  20 0.195 21.688 1379.27
  21 0.205 21.596 1439.95
  22 0.215 21.584 1444.82
  23 0.225 21.478 1326.24
  24 0.235 20.732 1434.68
  25 0.245 20.342 1514.94
  26 0.255 20.016 1425.48
  27 0.265 19.97 1526.37
  28 0.275 20.27 1446.68
  29 0.285 20.842 1419.89
  30 0.295 21.264 1463.71
  31 0.305 21.578 1490.12
  32 0.315 21.566 1455.54
  33 0.325 21.79 1486.81
  34 0.335 21.712 1459.93
  35 0.345 21.864 1486.61
  36 0.355 21.324 1471.09
  37 0.365 21.432 1394.84
  38 0.375 20.8 1426.36
  39 0.385 20.58 1416.7
  40 0.395 20.314 1555.21
  41 0.405 20.69 1649.36
  42 0.415 21.242 1717.96
  43 0.425 21.634 1730.96
  44 0.435 21.558 1748.13
  45 0.445 21.662 1773.3
  46 0.455 21.456 1708.81
  47 0.465 21.314 1601.97
  48 0.475 20.988 1673.01
  49 0.485 20.36 1713.43
  50 0.495 19.892 1682.84
  51 0.505 20.194 1716.73
  52 0.515 20.196 1707.01
  53 0.525 20.76 1684.39
  54 0.535 20.992 1627.13
  55 0.545 21.448 1584.95
  56 0.555 21.6 1597.27
  57 0.565 21.878 1601.13
  58 0.575 21.574 1673.16
  59 0.585 21.55 1736.54
  60 0.595 21.338 1663.49
  61 0.605 20.514 1628.18
  62 0.615 20.052 1688.48
  63 0.625 20.214 1554.08
  64 0.635 21.078 1456.78
  65 0.645 21.582 1542.04
  66 0.655 21.672 1566.98
  67 0.665 21.78 1550.05
  68 0.675 21.728 1578.4
  69 0.685 21.562 1592.66
  70 0.695 21.52 1488.23
  71 0.705 21.102 1544.01
  72 0.715 20.732 1459.23
  73 0.725 20.164 1432.77
  74 0.735 19.818 1347.76
  75 0.745 20.118 1455.94
  76 0.755 20.526 1463.11
  77 0.765 20.948 1459.05
  78 0.775 21.428 1395.47
  79 0.785 21.544 1399.66
  80 0.795 21.626 1419.17
  81 0.805 21.904 1393.34
  82 0.815 21.738 1410.05
  83 0.825 21.878 1400.42
  84 0.835 21.364 1487.03
  85 0.845 21.262 1379.13
  86 0.855 20.502 1397.19
  87 0.865 20.31 1420.07
  88 0.875 20.502 1454.5
  89 0.885 20.904 1423.54
  90 0.895 21.4 1480.54
  91 0.905 21.748 1424.91
  92 0.915 21.73 1362.7
  93 0.925 21.816 1405.92
  94 0.935 21.77 1339.48
  95 0.945 21.654 1294
  96 0.955 21.414 1346.17
  97 0.965 21.038 1391.05
  98 0.975 20.604 1448.85
  99 0.985 20.372 1329.26
  100 0.995 20.064 1379.21
75000 100 2112.0000000000005
  1 0.005 20.26 1341.83
  2 0.015 20.546 1332.17
  3 0.025 20.932 1375.57
  4 0.035 21.248 1310.43
  5 0.045 21.43 1302.89
  6 0.055 21.54 1333.03
  7 0.065 21.708 1328.07
  8 0.075 21.86 1370.28
  9 0.085 21.868 1359.96
  10 0.095 21.704 1371.15
  11 0.105 21.622 1319.07
  12 0.115 21.018 1364.92
  13 0.125 20.538 1440.59
  14 0.135 20.13 1427.4
  15 0.145 20.29 1445.61
  16 0.155 21.152 1489.3
  17 0.165 21.616 1569.93
  18 0.175 21.636 1529.63
  19 0.185 21.912 1492.89
  20 0.195 21.744 1471.68
  21 0.205 21.544 1524.21
  22 0.215 21.666 1406.87
  23 0.225 21.242 1440.05
  24 0.235 20.704 1478.23
  25 0.245 20.302 1475.33
  26 0.255 19.714 1425.25
  27 0.265 19.85 1493.99
  28 0.275 20.528 1465.16
  29 0.285 21.04 1475.43
  30 0.295 21.408 1492.19
  31 0.305 21.438 1434.83
  32 0.315 21.664 1385.94
  33 0.325 21.792 1400.75
  34 0.335 21.774 1394.77
  35 0.345 21.73 1306.74
  36 0.355 21.628 1460.3
  37 0.365 20.846 1573.48
  38 0.375 20.52 1615.03
  39 0.385 20.246 1601.15
  40 0.395 20.564 1613.5
  41 0.405 20.862 1639.51
  42 0.415 21.494 1588.11
  43 0.425 21.82 1608.78
  44 0.435 21.7 1589.36
  45 0.445 21.778 1633.99
  46 0.455 21.512 1666.75
  47 0.465 21.058 1704.1
  48 0.475 20.834 1758.48
  49 0.485 20.328 1678.24
  50 0.495 19.87 1745.65
  51 0.505 19.99 1774.23
  52 0.515 20.336 1716.25
  53 0.525 20.828 1720.54
  54 0.535 21.304 1711.05
  55 0.545 21.402 1618.45
  56 0.555 21.674 1652.99
  57 0.565 21.822 1533.99
  58 0.575 21.692 1568.44
  59 0.585 21.516 1593.85
  60 0.595 21.15 1551.51
  61 0.605 20.468 1571.78
  62 0.615 20.348 1538.94
  63 0.625 20.472 1481.33
  64 0.635 20.926 1487.08
  65 0.645 21.376 1536.31
  66 0.655 21.674 1519.9
  67 0.665 21.832 1545.06
  68 0.675 21.864 1467.51
  69 0.685 21.622 1459.08
  70 0.695 21.476 1464.6
  71 0.705 21.32 1517.47
  72 0.715 21.004 1502.63
  73 0.725 20.336 1506.43
  74 0.735 19.988 1485.14
  75 0.745 19.706 1499.17
  76 0.755 20.234 1535.17
  77 0.765 20.938 1456.69
  78 0.775 21.266 1481.53
  79 0.785 21.556 1397.59
  80 0.795 21.678 1424.08
  81 0.805 21.696 1429.94
  82 0.815 21.802 1454.37
  83 0.825 21.862 1561.89
  84 0.835 21.316 1561.38
  85 0.845 21.226 1469.15
  86 0.855 20.646 1382.8
  87 0.865 20.648 1357.85
  88 0.875 20.108 1412.23
  89 0.885 21.01 1496.43
  90 0.895 21.238 1447.29
  91 0.905 21.762 1431.3
  92 0.915 21.792 1419.93
  93 0.925 21.77 1293.67
  94 0.935 21.764 1220.75
  95 0.945 21.562 1312.3
  96 0.955 21.302 1355.89
  97 0.965 21.398 1359.79
  98 0.975 20.79 1327.76
  99 0.985 20.342 1446.85
  100 0.995 19.958 1414.98
80000 100 2111.9999999999995
  1 0.005 20.234 1277.78
  2 0.015 20.46 1227.34
  3 0.025 20.78 1338.38
  4 0.035 21.14 1324.88
  5 0.045 21.528 1244.2
  6 0.055 21.638 1167.69
  7 0.065 21.674 1290.3
  8 0.075 21.802 1268.7
  9 0.085 21.856 1403.76
  10 0.095 21.728 1390.71
  11 0.105 21.498 1382.69
  12 0.115 21.038 1388.08
  13 0.125 20.708 1469.81
  14 0.135 20.388 1453.25
  15 0.145 20.384 1503.52
  16 0.155 21.08 1477
  17 0.165 21.204 1490.3
  18 0.175 21.808 1441
  19 0.185 21.724 1461.91
  20 0.195 21.76 1451.83
  21 0.205 21.758 1460.85
  22 0.215 21.512 1443.51
  23 0.225 21.354 1415.81
  24 0.235 20.866 1505.14
  25 0.245 20.436 1457.11
  26 0.255 19.724 1453.91
  27 0.265 19.832 1448.73
  28 0.275 20.298 1473.99
  29 0.285 21.01 1488.87
  30 0.295 21.256 1483.72
  31 0.305 21.432 1522.64
  32 0.315 21.734 1464.72
  33 0.325 21.704 1499.75
  34 0.335 21.824 1549.27
  35 0.345 21.67 1543.15
  36 0.355 21.332 1497.88
  37 0.365 21.072 1579.85
  38 0.375 20.328 1615.84
  39 0.385 20.284 1615.91
  40 0.395 20.686 1557.49
  41 0.405 21.092 1603.61
  42 0.415 21.462 1658.84
  43 0.425 21.702 1743.43
  44 0.435 21.562 1739.06
  45 0.445 21.722 1662.62
  46 0.455 21.424 1711.09
  47 0.465 21.058 1692.53
  48 0.475 20.622 1689.46
  49 0.485 20.336 1594.2
  50 0.495 19.976 1639.57
  51 0.505 19.968 1634.02
  52 0.515 20.608 1538.43
  53 0.525 20.83 1562.11
  54 0.535 21.322 1565.64
  55 0.545 21.526 1607.81
  56 0.555 21.848 1539.29
  57 0.565 21.676 1570.73
  58 0.575 21.774 1523.74
  59 0.585 21.546 1596.42
  60 0.595 21.454 1628.64
  61 0.605 20.412 1657.21
  62 0.615 20.336 1657.55
  63 0.625 19.988 1645.34
  64 0.635 20.972 1559.44
  65 0.645 21.44 1526.15
  66 0.655 21.696 1505.15
  67 0.665 21.748 1477.88
  68 0.675 21.802 1575.43
  69 0.685 21.536 1548.08
  70 0.695 21.622 1533.8
  71 0.705 21.164 1522.98
  72 0.715 20.954 1582.97
  73 0.725 20.282 1531.4
  74 0.735 19.658 1568.89
  75 0.745 19.838 1490.45
  76 0.755 20.564 1455.17
  77 0.765 20.87 1405.99
  78 0.775 21.348 1397.72
  79 0.785 21.674 1431.61
  80 0.795 21.618 1413.02
  81 0.805 21.696 1491.75
  82 0.815 21.876 1438.4
  83 0.825 21.81 1479.04
  84 0.835 21.342 1463.62
  85 0.845 21.182 1494.7
  86 0.855 20.43 1474.02
  87 0.865 20.262 1429.72
  88 0.875 20.568 1385.12
  89 0.885 20.922 1425.41
  90 0.895 21.546 1418.54
  91 0.905 21.828 1418.69
  92 0.915 21.722 1369.43
  93 0.925 21.842 1388.39
  94 0.935 21.746 1383.25
  95 0.945 21.696 1314.91
  96 0.955 21.384 1348.46
  97 0.965 21.142 1363.84
  98 0.975 20.872 1354.85
  99 0.985 20.52 1424.67
  100 0.995 20.04 1339.51
85000 100 2112
  1 0.005 20.126 1309.95
  2 0.015 20.256 1261.26
  3 0.025 20.918 1248.56
  4 0.035 21.272 1302.45
  5 0.045 21.454 1223.01
  6 0.055 21.698 1174.29
  7 0.065 21.616 1314.76
  8 0.075 21.796 1391.93
  9 0.085 21.748 1410.9
  10 0.095 21.842 1391.7
  11 0.105 21.472 1392.2
  12 0.115 20.984 1425.74
  13 0.125 20.67 1399.74
  14 0.135 20.322 1421.72
  15 0.145 20.378 1455.62
  16 0.155 21.052 1433.96
  17 0.165 21.49 1368.72
  18 0.175 21.61 1421.65
  19 0.185 21.934 1408.76
  20 0.195 21.828 1425.05
  21 0.205 21.576 1380.78
  22 0.215 21.562 1392.13
  23 0.225 21.408 1393.05
  24 0.235 21.254 1442.16
  25 0.245 20.6 1448.08
  26 0.255 20.038 1461.51
  27 0.265 19.634 1538.22
  28 0.275 20.37 1527.34
  29 0.285 20.532 1576.3
  30 0.295 21.102 1537.19
  31 0.305 21.418 1612.84
  32 0.315 21.666 1661.74
  33 0.325 21.592 1712.96
  34 0.335 21.802 1653.92
  35 0.345 21.786 1637.51
  36 0.355 21.434 1637.13
  37 0.365 20.856 1579.5
  38 0.375 20.424 1621.92
  39 0.385 19.928 1650.6
  40 0.395 20.538 1589.38
  41 0.405 21.26 1468.6
  42 0.415 21.646 1480.25
  43 0.425 21.786 1507.07
  44 0.435 21.768 1532.47
  45 0.445 21.678 1593.28
  46 0.455 21.468 1611.97
  47 0.465 21.19 1749.09
  48 0.475 20.85 1788.89
  49 0.485 20.152 1818.97
  50 0.495 19.914 1707.19
  51 0.505 19.784 1690.63
  52 0.515 20.438 1672.57
  53 0.525 20.756 1649.34
  54 0.535 21.478 1578.26
  55 0.545 21.458 1638.64
  56 0.555 21.7 1554.04
  57 0.565 21.68 1662
  58 0.575 21.65 1665.06
  59 0.585 21.572 1556.81
  60 0.595 21.03 1609.94
  61 0.605 20.57 1555.52
  62 0.615 20.184 1568.51
  63 0.625 20.438 1620.14
  64 0.635 20.986 1538.22
  65 0.645 21.596 1478.2
  66 0.655 21.72 1530
  67 0.665 21.704 1619.31
  68 0.675 21.628 1688.69
  69 0.685 21.696 1680.12
  70 0.695 21.306 1623.21
  71 0.705 21.136 1584.74
  72 0.715 20.572 1558.1
  73 0.725 20.314 1446.83
  74 0.735 19.83 1366.43
  75 0.745 20.11 1364.32
  76 0.755 20.638 1421.27
  77 0.765 21.128 1459.84
  78 0.775 21.31 1438.29
  79 0.785 21.648 1468.15
  80 0.795 21.59 1436.19
  81 0.805 21.808 1375.28
  82 0.815 21.868 1472.29
  83 0.825 21.73 1475.32
  84 0.835 21.354 1467.9
  85 0.845 21.2 1392.38
  86 0.855 20.848 1346.47
  87 0.865 20.33 1379.41
  88 0.875 20.258 1399.29
  89 0.885 21.042 1409.48
  90 0.895 21.334 1384.17
  91 0.905 21.662 1337.19
  92 0.915 21.832 1348.23
  93 0.925 21.852 1344.82
  94 0.935 21.652 1373.62
  95 0.945 21.622 1380.74
  96 0.955 21.57 1338.85
  97 0.965 21.242 1316.84
  98 0.975 20.83 1327.8
  99 0.985 20.574 1274.64
  100 0.995 20.044 1238.38
90000 100 2112.0000000000005
  1 0.005 19.686 1299.49
  2 0.015 20.388 1312.08
  3 0.025 20.68 1437.73
  4 0.035 21.13 1505.7
  5 0.045 21.438 1341.02
  6 0.055 21.542 1363.51
  7 0.065 21.8 1337.5
  8 0.075 21.792 1391.07
  9 0.085 21.718 1358.66
  10 0.095 21.872 1288.98
  11 0.105 21.678 1351.24
  12 0.115 21.184 1402.79
  13 0.125 20.686 1445.69
  14 0.135 20.328 1458.27
  15 0.145 20.472 1485.62
  16 0.155 20.622 1465.75
  17 0.165 21.28 1439.38
  18 0.175 21.77 1379.67
  19 0.185 21.844 1338.82
  20 0.195 21.872 1333.35
  21 0.205 21.694 1322.67
  22 0.215 21.632 1304.14
  23 0.225 21.574 1391.25
  24 0.235 21.052 1394.18
  25 0.245 20.83 1457.63
  26 0.255 19.932 1508.2
  27 0.265 19.694 1631.47
  28 0.275 20.028 1668.52
  29 0.285 20.438 1620.02
  30 0.295 21.162 1618.29
  31 0.305 21.41 1599.14
  32 0.315 21.54 1679.63
  33 0.325 21.706 1576.25
  34 0.335 21.762 1627.15
  35 0.345 21.744 1678.38
  36 0.355 21.504 1557.91
  37 0.365 21.004 1580.73
  38 0.375 20.1 1624.62
  39 0.385 20.006 1651.03
  40 0.395 20.624 1613.03
  41 0.405 21.252 1621.48
  42 0.415 21.694 1605.43
  43 0.425 21.642 1678.16
  44 0.435 21.886 1705.5
  45 0.445 21.578 1726.01
  46 0.455 21.51 1745.99
  47 0.465 21.226 1680.18
  48 0.475 20.572 1646.24
  49 0.485 20.264 1685.68
  50 0.495 19.596 1734.26
  51 0.505 19.914 1683.59
  52 0.515 20.326 1702.99
  53 0.525 21.104 1696.28
  54 0.535 21.392 1649.58
  55 0.545 21.606 1679.94
  56 0.555 21.666 1720.8
  57 0.565 21.798 1614.49
  58 0.575 21.882 1575.57
  59 0.585 21.25 1550.13
  60 0.595 20.96 1541.31
  61 0.605 20.388 1510.2
  62 0.615 20.212 1500.9
  63 0.625 20.614 1573.24
  64 0.635 21.106 1575.88
  65 0.645 21.612 1548.97
  66 0.655 21.664 1521.82
  67 0.665 21.828 1584.4
  68 0.675 21.668 1558.41
  69 0.685 21.536 1498.87
  70 0.695 21.352 1538.72
  71 0.705 21.174 1528.8
  72 0.715 20.684 1556.08
  73 0.725 20.138 1459.42
  74 0.735 19.63 1498.24
  75 0.745 20.24 1474.74
  76 0.755 20.502 1447.55
  77 0.765 21.16 1467.59
  78 0.775 21.524 1368.33
  79 0.785 21.542 1353.07
  80 0.795 21.67 1352.61
  81 0.805 21.872 1413.25
  82 0.815 21.77 1427.11
  83 0.825 21.892 1380.46
  84 0.835 21.346 1472.72
  85 0.845 21.36 1407.95
  86 0.855 20.374 1446.03
  87 0.865 20.27 1438.39
  88 0.875 20.502 1425.49
  89 0.885 20.796 1427.86
  90 0.895 21.502 1427.73
  91 0.905 21.846 1307.5
  92 0.915 21.93 1316.31
  93 0.925 21.714 1280.48
  94 0.935 21.922 1185.77
  95 0.945 21.526 1226.53
  96 0.955 21.638 1259.7
  97 0.965 21.416 1244.73
  98 0.975 21.072 1278.75
  99 0.985 20.68 1236.53
  100 0.995 19.992 1290.48
95000 100 2112.0000000000005
  1 0.005 20.056 1359.65
  2 0.015 20.108 1343.42
  3 0.025 20.748 1244.57
  4 0.035 21.158 1272.31
  5 0.045 21.314 1308.06
  6 0.055 21.67 1343.52
  7 0.065 21.694 1346.45
  8 0.075 21.744 1359.34
  9 0.085 21.848 1315.01
  10 0.095 21.798 1376.46
  11 0.105 21.864 1390.53
  12 0.115 20.864 1401.79
  13 0.125 20.606 1341.45
  14 0.135 20.378 1386.64
  15 0.145 20.308 1453.61
  16 0.155 20.822 1479.64
  17 0.165 21.562 1480.48
  18 0.175 21.564 1469.6
  19 0.185 21.794 1520.64
  20 0.195 21.872 1515.25
  21 0.205 21.554 1541.61
  22 0.215 21.736 1445.39
  23 0.225 21.29 1430.77
  24 0.235 21.13 1421.02
  25 0.245 20.708 1441.23
  26 0.255 19.854 1512.33
  27 0.265 19.728 1535.28
  28 0.275 20.128 1629.29
  29 0.285 20.632 1671.14
  30 0.295 21.252 1647.61
  31 0.305 21.456 1616.11
  32 0.315 21.502 1656.42
  33 0.325 21.756 1628.54
  34 0.335 21.846 1637.6
  35 0.345 21.744 1701.8
  36 0.355 21.532 1622.28
  37 0.365 20.382 1691.33
  38 0.375 20.166 1639.87
  39 0.385 19.858 1688.89
  40 0.395 20.762 1758.61
  41 0.405 21.71 1727.5
  42 0.415 21.538 1611.89
  43 0.425 21.884 1582.96
  44 0.435 21.76 1580.63
  45 0.445 21.49 1616.93
  46 0.455 21.518 1604.26
  47 0.465 20.958 1640.8
  48 0.475 20.668 1604.06
  49 0.485 20.092 1587.71
  50 0.495 19.968 1576.31
  51 0.505 20.046 1580.44
  52 0.515 20.614 1612
  53 0.525 20.988 1651.55
  54 0.535 21.388 1661.31
  55 0.545 21.51 1652.48
  56 0.555 21.622 1585.69
  57 0.565 21.88 1631.68
  58 0.575 21.652 1649.81
  59 0.585 21.576 1634.57
  60 0.595 21.056 1637.92
  61 0.605 20.416 1631.57
  62 0.615 20.036 1533.46
  63 0.625 20.432 1526.47
  64 0.635 21.098 1554.86
  65 0.645 21.508 1452.56
  66 0.655 21.84 1416.5
  67 0.665 21.914 1517.06
  68 0.675 21.6 1576.55
  69 0.685 21.656 1575.09
  70 0.695 21.49 1533.43
  71 0.705 21.118 1495.74
  72 0.715 20.874 1491.46
  73 0.725 20.19 1440.65
  74 0.735 19.704 1450.17
  75 0.745 19.914 1411.53
  76 0.755 20.48 1463.45
  77 0.765 21.112 1460.94
  78 0.775 21.376 1485.77
  79 0.785 21.586 1454.28
  80 0.795 21.594 1417.91
  81 0.805 21.82 1385.91
  82 0.815 21.852 1309.85
  83 0.825 21.862 1396.74
  84 0.835 21.654 1382.93
  85 0.845 21.124 1398.43
  86 0.855 20.67 1347.47
  87 0.865 20.004 1292.28
  88 0.875 20.288 1326
  89 0.885 21 1324.22
  90 0.895 21.466 1336.93
  91 0.905 21.878 1375.08
  92 0.915 21.786 1356.13
  93 0.925 21.89 1368.82
  94 0.935 21.712 1285.32
  95 0.945 21.656 1330.9
  96 0.955 21.474 1303.51
  97 0.965 21.612 1352.22
  98 0.975 21.03 1308.07
  99 0.985 20.66 1312.76
  100 0.995 19.918 1343.6
100000 100 2111.9999999999995
  1 0.005 20 1277.14
  2 0.015 20.25 1232
  3 0.025 20.998 1293.76
  4 0.035 21.32 1295.43
  5 0.045 21.474 1341.06
  6 0.055 21.712 1290.61
  7 0.065 21.69 1347.18
  8 0.075 21.796 1366.56
  9 0.085 21.706 1339.05
  10 0.095 21.944 1358.82
  11 0.105 21.738 1351.24
  12 0.115 21.324 1288.07
  13 0.125 20.638 1278.13
  14 0.135 19.902 1317.63
  15 0.145 20.7 1384.02
  16 0.155 20.644 1381.56
  17 0.165 21.312 1392.31
  18 0.175 21.862 1354.1
  19 0.185 21.798 1433.55
  20 0.195 21.79 1498.71
  21 0.205 21.64 1581.51
  22 0.215 21.772 1508.97
  23 0.225 21.366 1624.52
  24 0.235 21.1 1543.17
  25 0.245 20.456 1521.36
  26 0.255 19.956 1548.98
  27 0.265 19.568 1642.71
  28 0.275 20.068 1666.27
  29 0.285 20.73 1606.51
  30 0.295 21.316 1628.5
  31 0.305 21.164 1648.57
  32 0.315 21.748 1628.9
  33 0.325 21.796 1668.6
  34 0.335 21.762 1609.11
  35 0.345 21.7 1619.91
  36 0.355 21.34 1692.16
  37 0.365 20.856 1687.63
  38 0.375 19.706 1717.86
  39 0.385 20.262 1595.33
  40 0.395 20.88 1639.83
  41 0.405 21.344 1658.11
  42 0.415 21.706 1601.05
  43 0.425 21.9 1576.31
  44 0.435 21.694 1614.26
  45 0.445 21.618 1585.87
  46 0.455 21.446 1608.35
  47 0.465 21.256 1674.33
  48 0.475 20.68 1671.31
  49 0.485 20.104 1718.23
  50 0.495 19.584 1701.33
  51 0.505 19.848 1642.28
  52 0.515 20.752 1687.25
  53 0.525 20.836 1668.71
  54 0.535 21.646 1541.27
  55 0.545 21.41 1445.54
  56 0.555 21.78 1424.36
  57 0.565 21.804 1442.06
  58 0.575 21.78 1564.97
  59 0.585 21.514 1642.95
  60 0.595 21.154 1618.7
  61 0.605 20.22 1667.27
  62 0.615 20.282 1636.77
  63 0.625 20.476 1629.24
  64 0.635 20.926 1612.95
  65 0.645 21.528 1558.56
  66 0.655 21.808 1581.61
  67 0.665 21.686 1569.94
  68 0.675 21.846 1475.7
  69 0.685 21.516 1489.73
  70 0.695 21.548 1468.76
  71 0.705 21.336 1419.8
  72 0.715 20.662 1455.17
  73 0.725 20.252 1498.72
  74 0.735 19.816 1504.5
  75 0.745 19.774 1469.05
  76 0.755 20.478 1401.94
  77 0.765 21.084 1399.17
  78 0.775 21.388 1424.9
  79 0.785 21.52 1390.73
  80 0.795 21.732 1427.52
  81 0.805 21.748 1453.84
  82 0.815 21.772 1510.28
  83 0.825 21.834 1484.34
  84 0.835 21.666 1441.38
  85 0.845 21.062 1394.83
  86 0.855 20.354 1303.5
  87 0.865 20.364 1292.03
  88 0.875 20.358 1266.52
  89 0.885 20.838 1364.12
  90 0.895 21.824 1352.78
  91 0.905 21.634 1329.04
  92 0.915 21.82 1360.46
  93 0.925 21.842 1361.33
  94 0.935 21.792 1347.43
  95 0.945 21.506 1392.5
  96 0.955 21.492 1394.55
  97 0.965 21.364 1383.48
  98 0.975 20.95 1358.08
  99 0.985 20.296 1358.76
  100 0.995 19.966 1267.23
105000 100 2112
  1 0.005 19.842 1312.07
  2 0.015 20.632 1292.38
  3 0.025 20.886 1370.3
  4 0.035 21.342 1343.63
  5 0.045 21.516 1261.59
  6 0.055 21.596 1257.65
  7 0.065 21.844 1257.73
  8 0.075 21.776 1293.67
  9 0.085 21.882 1374.99
  10 0.095 21.794 1386.71
  11 0.105 21.616 1290.96
  12 0.115 21.234 1260.38
  13 0.125 20.532 1303.28
  14 0.135 19.918 1343.34
  15 0.145 20.408 1350.15
  16 0.155 21.002 1395.9
  17 0.165 21.526 1306.61
  18 0.175 21.868 1395.07
  19 0.185 21.796 1431.81
  20 0.195 21.872 1486.44
  21 0.205 21.588 1542.3
  22 0.215 21.574 1470.35
  23 0.225 21.602 1451.52
  24 0.235 20.958 1530
  25 0.245 20.868 1483.29
  26 0.255 19.828 1535.6
  27 0.265 19.822 1528.3
  28 0.275 20.014 1558.13
  29 0.285 20.592 1589.34
  30 0.295 21.158 1645.13
  31 0.305 21.484 1653.62
  32 0.315 21.532 1730.43
  33 0.325 21.758 1675.18
  34 0.335 21.678 1710.46
  35 0.345 21.738 1621.59
  36 0.355 21.506 1600.86
  37 0.365 20.826 1634.17
  38 0.375 20.4 1554.37
  39 0.385 19.852 1644.29
  40 0.395 20.484 1626.42
  41 0.405 21.338 1684.79
  42 0.415 21.742 1714.7
  43 0.425 21.674 1674.53
  44 0.435 21.874 1594.3
  45 0.445 21.538 1669.71
  46 0.455 21.556 1677.6
  47 0.465 21.254 1701.49
  48 0.475 20.75 1685.78
  49 0.485 20.048 1731.49
  50 0.495 19.812 1686.27
  51 0.505 19.892 1596.54
  52 0.515 20.386 1665.51
  53 0.525 21.07 1579.85
  54 0.535 21.31 1624.07
  55 0.545 21.538 1470.76
  56 0.555 21.782 1444.26
  57 0.565 21.782 1479.58
  58 0.575 21.844 1556.66
  59 0.585 21.624 1655.74
  60 0.595 21.374 1576.07
  61 0.605 20.24 1687.26
  62 0.615 19.938 1645.82
  63 0.625 20.118 1565.73
  64 0.635 21.014 1653.38
  65 0.645 21.536 1634.03
  66 0.655 21.856 1677.45
  67 0.665 21.858 1590.76
  68 0.675 21.744 1533.47
  69 0.685 21.598 1503.93
  70 0.695 21.432 1421.09
  71 0.705 21.224 1422.47
  72 0.715 20.906 1486
  73 0.725 20.19 1430.41
  74 0.735 19.912 1420.56
  75 0.745 19.854 1464.65
  76 0.755 20.33 1462.53
  77 0.765 21.14 1497.71
  78 0.775 21.408 1505.05
  79 0.785 21.486 1468.02
  80 0.795 21.612 1422.78
  81 0.805 21.848 1371.12
  82 0.815 21.816 1391.33
  83 0.825 21.826 1421.08
  84 0.835 21.6 1357.06
  85 0.845 21.168 1351.05
  86 0.855 20.576 1366.91
  87 0.865 20.122 1348.41
  88 0.875 20.376 1402.74
  89 0.885 20.762 1456.48
  90 0.895 21.556 1519.09
  91 0.905 21.85 1437.15
  92 0.915 21.866 1385.07
  93 0.925 21.716 1436.96
  94 0.935 21.77 1385.71
  95 0.945 21.47 1356.38
  96 0.955 21.5 1330.9
  97 0.965 21.264 1300.58
  98 0.975 20.87 1326.74
  99 0.985 20.294 1288.04
  100 0.995 20.022 1289.16
110000 100 2112
  1 0.005 19.806 1326.18
  2 0.015 20.358 1295.25
  3 0.025 20.91 1311.1
  4 0.035 21.282 1343.46
  5 0.045 21.442 1383.97
  6 0.055 21.618 1305.42
  7 0.065 21.738 1272.76
  8 0.075 21.766 1301.18
  9 0.085 21.93 1303.11
  10 0.095 21.826 1378.16
  11 0.105 21.62 1413.28
  12 0.115 21.102 1371.11
  13 0.125 20.438 1373.46
  14 0.135 20.176 1342.17
  15 0.145 20.324 1357.28
  16 0.155 20.798 1356.38
  17 0.165 21.784 1383.99
  18 0.175 21.732 1438.86
  19 0.185 21.844 1440.25
  20 0.195 21.738 1447.94
  21 0.205 21.814 1475.05
  22 0.215 21.572 1473.95
  23 0.225 21.438 1454.43
  24 0.235 21.302 1414.04
  25 0.245 20.628 1419.41
  26 0.255 19.966 1478.5
  27 0.265 19.724 1522.01
  28 0.275 20.054 1602.97
  29 0.285 20.61 1596.25
  30 0.295 21.028 1562.51
  31 0.305 21.422 1675.4
  32 0.315 21.548 1590.09
  33 0.325 21.808 1587.29
  34 0.335 21.738 1571.86
  35 0.345 21.936 1558.17
  36 0.355 21.346 1598.2
  37 0.365 21.056 1688.64
  38 0.375 20.266 1671.74
  39 0.385 20.134 1731.61
  40 0.395 20.342 1772.07
  41 0.405 21.022 1711.7
  42 0.415 21.712 1709.97
  43 0.425 21.842 1654.56
  44 0.435 21.626 1643.84
  45 0.445 21.792 1654.28
  46 0.455 21.31 1720.64
  47 0.465 21.278 1704.96
  48 0.475 20.646 1720.58
  49 0.485 20.246 1631.77
  50 0.495 19.778 1615.91
  51 0.505 19.764 1596.59
  52 0.515 20.576 1603.42
  53 0.525 21.046 1561.86
  54 0.535 21.294 1497.86
  55 0.545 21.654 1590.43
  56 0.555 21.584 1734.37
  57 0.565 21.848 1632.51
  58 0.575 21.782 1658.44
  59 0.585 21.528 1585.7
  60 0.595 21.062 1584.58
  61 0.605 20.45 1611.44
  62 0.615 20.318 1621.66
  63 0.625 20.23 1642.93
  64 0.635 20.952 1690.85
  65 0.645 21.256 1755.46
  66 0.655 22.026 1653.05
  67 0.665 21.76 1608.88
  68 0.675 21.564 1659.91
  69 0.685 21.678 1549.6
  70 0.695 21.456 1475.94
  71 0.705 21.202 1351.8
  72 0.715 20.834 1402.67
  73 0.725 19.782 1445.11
  74 0.735 19.79 1409.84
  75 0.745 20.004 1469.52
  76 0.755 20.578 1470.4
  77 0.765 21.156 1470.34
  78 0.775 21.514 1429.84
  79 0.785 21.54 1477.48
  80 0.795 21.602 1534.89
  81 0.805 21.898 1413.63
  82 0.815 21.83 1405.85
  83 0.825 21.734 1318.78
  84 0.835 21.556 1348
  85 0.845 21.068 1312.37
  86 0.855 20.404 1363.13
  87 0.865 20.028 1297.6
  88 0.875 20.592 1338.82
  89 0.885 21.042 1381.51
  90 0.895 21.708 1388.46
  91 0.905 21.68 1409.87
  92 0.915 21.886 1343.21
  93 0.925 21.884 1294.21
  94 0.935 21.66 1296.33
  95 0.945 21.678 1344.85
  96 0.955 21.522 1335.68
  97 0.965 21.408 1333.83
  98 0.975 21.018 1286.44
  99 0.985 20.466 1310.39
  100 0.995 19.892 1379.5
115000 100 2112
  1 0.005 19.85 1341.36
  2 0.015 20.488 1318.26
  3 0.025 20.69 1352.95
  4 0.035 21.308 1313.04
  5 0.045 21.522 1260.11
  6 0.055 21.642 1365.21
  7 0.065 21.576 1387.16
  8 0.075 21.848 1322.51
  9 0.085 21.918 1320.22
  10 0.095 21.846 1368.11
  11 0.105 21.724 1396.04
  12 0.115 21.054 1446.71
  13 0.125 20.826 1472.02
  14 0.135 19.978 1464.34
  15 0.145 20.348 1416.7
  16 0.155 20.734 1449.46
  17 0.165 21.47 1430.78
  18 0.175 21.802 1410.26
  19 0.185 21.894 1389.13
  20 0.195 21.788 1427.49
  21 0.205 21.69 1409.67
  22 0.215 21.562 1408.98
  23 0.225 21.454 1496.7
  24 0.235 21.22 1522.27
  25 0.245 20.514 1558.58
  26 0.255 20.112 1556.24
  27 0.265 19.652 1487.34
  28 0.275 20.058 1399.05
  29 0.285 20.616 1458.66
  30 0.295 21.242 1519.26
  31 0.305 21.45 1645.63
  32 0.315 21.458 1596.27
  33 0.325 21.646 1570.34
  34 0.335 21.966 1577.86
  35 0.345 21.658 1685.19
  36 0.355 21.484 1637.67
  37 0.365 21.132 1701.89
  38 0.375 20.05 1704.2
  39 0.385 20.116 1647.46
  40 0.395 20.39 1638.71
  41 0.405 21.166 1639.91
  42 0.415 21.686 1671.17
  43 0.425 21.77 1628.2
  44 0.435 21.86 1664.1
  45 0.445 21.534 1602.04
  46 0.455 21.61 1624.36
  47 0.465 21.298 1692.2
  48 0.475 20.746 1591.07
  49 0.485 20.286 1728.5
  50 0.495 19.712 1652.61
  51 0.505 19.796 1662.25
  52 0.515 20.234 1688.91
  53 0.525 21.136 1623.37
  54 0.535 21.23 1663.49
  55 0.545 21.694 1688.66
  56 0.555 21.512 1772.63
  57 0.565 21.682 1747.71
  58 0.575 21.882 1744.7
  59 0.585 21.478 1656.27
  60 0.595 21.138 1628.05
  61 0.605 19.97 1599.53
  62 0.615 19.958 1630.25
  63 0.625 20.63 1621.35
  64 0.635 21.124 1706.42
  65 0.645 21.724 1565.32
  66 0.655 21.912 1500.62
  67 0.665 21.846 1489.92
  68 0.675 21.618 1580.6
  69 0.685 21.634 1546.27
  70 0.695 21.356 1417.71
  71 0.705 21.31 1439.57
  72 0.715 20.686 1443.7
  73 0.725 20.156 1483.03
  74 0.735 19.702 1455.43
  75 0.745 20.002 1468.88
  76 0.755 20.508 1425.77
  77 0.765 21.062 1496.33
  78 0.775 21.356 1547.42
  79 0.785 21.63 1473.07
  80 0.795 21.706 1412.66
  81 0.805 21.746 1345.74
  82 0.815 21.802 1422.89
  83 0.825 21.81 1388.78
  84 0.835 21.506 1329.79
  85 0.845 21.286 1333.19
  86 0.855 20.294 1359.28
  87 0.865 19.964 1341.53
  88 0.875 20.502 1317.78
  89 0.885 21.272 1321.72
  90 0.895 21.426 1356.61
  91 0.905 21.856 1356.31
  92 0.915 21.866 1349.16
  93 0.925 21.828 1289.6
  94 0.935 21.764 1253.43
  95 0.945 21.58 1272.22
  96 0.955 21.6 1236.13
  97 0.965 21.312 1265.59
  98 0.975 20.96 1278.46
  99 0.985 20.49 1373.17
  100 0.995 20.02 1357.13
120000 100 2112
  1 0.005 19.84 1233.14
  2 0.015 20.39 1192.57
  3 0.025 20.608 1294.9
  4 0.035 21.382 1269.89
  5 0.045 21.388 1260.76
  6 0.055 21.7 1251.61
  7 0.065 21.598 1330.85
  8 0.075 21.826 1353.74
  9 0.085 21.798 1336.07
  10 0.095 21.846 1300.44
  11 0.105 21.702 1361.91
  12 0.115 21.688 1295.86
  13 0.125 20.532 1312.82
  14 0.135 20.308 1351.15
  15 0.145 20.034 1429.61
  16 0.155 20.646 1450.04
  17 0.165 21.26 1468.12
  18 0.175 21.844 1524.4
  19 0.185 21.846 1462.88
  20 0.195 21.848 1410.15
  21 0.205 21.618 1482.59
  22 0.215 21.688 1525.21
  23 0.225 21.356 1611.7
  24 0.235 21.1 1615.7
  25 0.245 20.436 1567.38
  26 0.255 20.08 1545
  27 0.265 19.688 1615.48
  28 0.275 20.018 1557.56
  29 0.285 20.648 1564.9
  30 0.295 21.228 1527.31
  31 0.305 21.48 1546.61
  32 0.315 21.536 1648.75
  33 0.325 21.684 1692.83
  34 0.335 21.916 1576.68
  35 0.345 21.798 1649.08
  36 0.355 21.424 1620.8
  37 0.365 20.884 1673.06
  38 0.375 19.908 1681.23
  39 0.385 20.022 1685.67
  40 0.395 20.554 1677.93
  41 0.405 21.54 1613.9
  42 0.415 21.652 1535.18
  43 0.425 21.896 1555.65
  44 0.435 21.81 1652.52
  45 0.445 21.48 1731.77
  46 0.455 21.596 1662.63
  47 0.465 21.288 1659.49
  48 0.475 20.688 1635.3
  49 0.485 20.342 1682.19
  50 0.495 19.688 1633.4
  51 0.505 19.812 1580.04
  52 0.515 20.282 1661.74
  53 0.525 21.126 1562.7
  54 0.535 21.328 1636.49
  55 0.545 21.53 1604.07
  56 0.555 21.608 1679.6
  57 0.565 21.762 1737.35
  58 0.575 21.75 1794
  59 0.585 21.576 1667.01
  60 0.595 21.396 1596.25
  61 0.605 20.202 1604.81
  62 0.615 19.92 1623.66
  63 0.625 20.342 1579.1
  64 0.635 20.968 1621.93
  65 0.645 21.69 1517.56
  66 0.655 21.872 1485.29
  67 0.665 21.876 1435.77
  68 0.675 21.488 1535.74
  69 0.685 21.666 1577.53
  70 0.695 21.542 1514.58
  71 0.705 21.002 1583.97
  72 0.715 20.682 1653.61
  73 0.725 19.62 1641.87
  74 0.735 19.534 1622.21
  75 0.745 20.138 1536.04
  76 0.755 20.898 1492.1
  77 0.765 21.124 1414.07
  78 0.775 21.544 1359.26
  79 0.785 21.686 1372.5
  80 0.795 21.668 1403.86
  81 0.805 21.856 1393.51
  82 0.815 21.768 1435.08
  83 0.825 21.772 1422.91
  84 0.835 21.544 1456.37
  85 0.845 20.606 1448.51
  86 0.855 20.664 1379.24
  87 0.865 20.082 1403.15
  88 0.875 20.462 1388.1
  89 0.885 21.236 1335.32
  90 0.895 21.688 1341.92
  91 0.905 21.864 1323.64
  92 0.915 21.9 1280.55
  93 0.925 21.818 1303.35
  94 0.935 21.8 1255.35
  95 0.945 21.632 1319.26
  96 0.955 21.302 1303.35
  97 0.965 21.616 1302.32
  98 0.975 20.932 1316.69
  99 0.985 20.746 1223.19
  100 0.995 19.95 1193.25
125000 100 2112.0000000000005
  1 0.005 20.032 1252.44
  2 0.015 20.388 1271.19
  3 0.025 20.69 1226.77
  4 0.035 21.366 1282.96
  5 0.045 21.386 1367.29
  6 0.055 21.576 1344.27
  7 0.065 21.68 1358.04
  8 0.075 21.786 1381.65
  9 0.085 21.828 1329.96
  10 0.095 21.976 1366.29
  11 0.105 21.608 1379.49
  12 0.115 21.348 1462.71
  13 0.125 20.422 1471.19
  14 0.135 19.994 1393.65
  15 0.145 20.224 1411.03
  16 0.155 21.106 1400.52
  17 0.165 21.428 1355.09
  18 0.175 21.746 1319.32
  19 0.185 21.88 1368.19
  20 0.195 21.756 1487.32
  21 0.205 21.638 1462.81
  22 0.215 21.696 1484.61
  23 0.225 21.408 1552.79
  24 0.235 20.988 1583.86
  25 0.245 20.4 1527.41
  26 0.255 19.764 1549.37
  27 0.265 19.832 1505.38
  28 0.275 20.138 1584.81
  29 0.285 20.788 1542.32
  30 0.295 21.226 1593.02
  31 0.305 21.416 1545.68
  32 0.315 21.706 1529.04
  33 0.325 21.794 1566.46
  34 0.335 21.784 1542.09
  35 0.345 21.792 1612.33
  36 0.355 21.728 1607.39
  37 0.365 20.912 1637.08
  38 0.375 20.172 1644.89
  39 0.385 19.71 1698.29
  40 0.395 20.716 1702.84
  41 0.405 21.072 1747.99
  42 0.415 21.706 1643.24
  43 0.425 21.75 1631.04
  44 0.435 21.83 1705.84
  45 0.445 21.552 1720.44
  46 0.455 21.476 1761.32
  47 0.465 21.122 1693.39
  48 0.475 20.74 1694.56
  49 0.485 20.222 1587.5
  50 0.495 19.6 1616.61
  51 0.505 19.992 1627.15
  52 0.515 20.474 1652.63
  53 0.525 20.956 1576.92
  54 0.535 21.452 1609.87
  55 0.545 21.656 1665.49
  56 0.555 21.638 1699.7
  57 0.565 21.702 1641.8
  58 0.575 21.74 1593.52
  59 0.585 21.726 1579.5
  60 0.595 21.062 1610.56
  61 0.605 20.508 1580.63
  62 0.615 19.774 1554.94
  63 0.625 20.456 1529.9
  64 0.635 21.054 1544.69
  65 0.645 21.706 1600.37
  66 0.655 21.634 1599.74
  67 0.665 21.78 1577.13
  68 0.675 21.816 1579.34
  69 0.685 21.622 1652.71
  70 0.695 21.56 1505.47
  71 0.705 21.082 1572.5
  72 0.715 20.664 1645.26
  73 0.725 19.996 1645.72
  74 0.735 19.79 1535.98
  75 0.745 20.072 1446.79
  76 0.755 20.554 1414.51
  77 0.765 21.126 1422.44
  78 0.775 21.298 1516.42
  79 0.785 21.562 1475.62
  80 0.795 21.878 1353.53
  81 0.805 21.624 1400.79
  82 0.815 21.832 1435.26
  83 0.825 21.906 1393.44
  84 0.835 21.558 1391.86
  85 0.845 21.23 1339.7
  86 0.855 20.366 1399.35
  87 0.865 19.836 1381.32
  88 0.875 20.396 1350.21
  89 0.885 21.15 1374.89
  90 0.895 21.656 1336.56
  91 0.905 21.814 1330.59
  92 0.915 21.87 1313.3
  93 0.925 21.86 1318.46
  94 0.935 21.666 1270.9
  95 0.945 21.61 1250.02
  96 0.955 21.62 1288.47
  97 0.965 21.398 1284.79
  98 0.975 21.038 1265.31
  99 0.985 20.424 1307.14
  100 0.995 19.918 1316.33
130000 100 2112
  1 0.005 19.962 1217.73
  2 0.015 20.194 1243.61
  3 0.025 20.766 1232.27
  4 0.035 21.308 1251.54
  5 0.045 21.356 1317.27
  6 0.055 21.69 1398.69
  7 0.065 21.656 1496.74
  8 0.075 21.772 1446.5
  9 0.085 21.78 1379.51
  10 0.095 21.834 1324.25
  11 0.105 21.794 1350.82
  12 0.115 21.36 1362.92
  13 0.125 20.858 1342.93
  14 0.135 20.076 1416.05
  15 0.145 19.93 1437.13
  16 0.155 20.88 1450.58
  17 0.165 21.294 1614.01
  18 0.175 21.852 1515.49
  19 0.185 21.86 1523.68
  20 0.195 21.734 1514.41
  21 0.205 21.732 1408.1
  22 0.215 21.584 1450.28
  23 0.225 21.312 1523.56
  24 0.235 21.278 1467.59
  25 0.245 20.604 1496.34
  26 0.255 19.96 1435.99
  27 0.265 19.838 1480.32
  28 0.275 19.98 1479.12
  29 0.285 20.768 1473.99
  30 0.295 21.012 1618.82
  31 0.305 21.452 1624.25
  32 0.315 21.532 1569
  33 0.325 21.786 1488.24
  34 0.335 21.712 1503.58
  35 0.345 21.964 1521.44
  36 0.355 21.71 1511.16
  37 0.365 21.064 1527.5
  38 0.375 20.402 1565.14
  39 0.385 19.93 1555.57
  40 0.395 20.408 1647.45
  41 0.405 21.07 1730.37
  42 0.415 21.408 1754.84
  43 0.425 21.71 1707.93
  44 0.435 21.882 1774.73
  45 0.445 21.426 1853.32
  46 0.455 21.532 1721.63
  47 0.465 21.178 1774.03
  48 0.475 21.032 1642.19
  49 0.485 20.12 1630.67
  50 0.495 19.622 1722.49
  51 0.505 19.94 1703.47
  52 0.515 20.358 1689.51
  53 0.525 20.868 1695.56
  54 0.535 21.414 1691.65
  55 0.545 21.67 1654.62
  56 0.555 21.522 1721.59
  57 0.565 21.838 1744.05
  58 0.575 21.854 1692.41
  59 0.585 21.402 1608.96
  60 0.595 20.818 1589.62
  61 0.605 20.158 1589.41
  62 0.615 19.9 1668.76
  63 0.625 20.498 1549.23
  64 0.635 21.524 1559.64
  65 0.645 21.58 1609.19
  66 0.655 21.88 1594.79
  67 0.665 21.828 1560.48
  68 0.675 21.662 1523.63
  69 0.685 21.678 1485.94
  70 0.695 21.396 1591.65
  71 0.705 20.952 1531.91
  72 0.715 20.58 1474.15
  73 0.725 20.16 1497.16
  74 0.735 19.602 1409.14
  75 0.745 20.152 1385.06
  76 0.755 20.786 1406.87
  77 0.765 21.158 1414.68
  78 0.775 21.508 1442.34
  79 0.785 21.434 1498.56
  80 0.795 21.8 1466.3
  81 0.805 21.754 1450.81
  82 0.815 21.882 1480.28
  83 0.825 21.792 1391.32
  84 0.835 21.66 1406.75
  85 0.845 21.058 1413.94
  86 0.855 20.114 1405.02
  87 0.865 20.092 1395.29
  88 0.875 20.414 1324.24
  89 0.885 21.102 1331.38
  90 0.895 21.758 1296.92
  91 0.905 21.822 1295.23
  92 0.915 21.888 1292.9
  93 0.925 21.832 1351.71
  94 0.935 21.728 1360.44
  95 0.945 21.582 1311.57
  96 0.955 21.532 1308.64
  97 0.965 21.404 1269.59
  98 0.975 21.058 1241.4
  99 0.985 20.608 1210.29
  100 0.995 20.036 1199.46
135000 100 2112
  1 0.005 19.844 1297.44
  2 0.015 20.402 1280.83
  3 0.025 20.856 1342.53
  4 0.035 21.288 1401.61
  5 0.045 21.272 1471.6
  6 0.055 21.6 1498.3
  7 0.065 21.664 1438.11
  8 0.075 21.916 1495.98
  9 0.085 21.778 1493.35
  10 0.095 21.808 1397.49
  11 0.105 21.426 1353.7
  12 0.115 21.026 1355.16
  13 0.125 20.42 1322.84
  14 0.135 19.9 1329.06
  15 0.145 20.786 1358.06
  16 0.155 20.956 1388.49
  17 0.165 21.694 1363.92
  18 0.175 21.886 1479.85
  19 0.185 21.778 1556.94
  20 0.195 21.744 1477.69
  21 0.205 21.852 1481.46
  22 0.215 21.444 1543.95
  23 0.225 21.236 1482.55
  24 0.235 21.074 1467.63
  25 0.245 20.504 1464.09
  26 0.255 19.938 1428.76
  27 0.265 19.912 1453.71
  28 0.275 20.212 1520.51
  29 0.285 20.742 1535.56
  30 0.295 21.278 1590.54
  31 0.305 21.304 1525.51
  32 0.315 21.614 1441.3
  33 0.325 21.784 1482.41
  34 0.335 21.85 1463.46
  35 0.345 21.83 1405.2
  36 0.355 21.67 1488.7
  37 0.365 21.234 1562.03
  38 0.375 20.314 1639.57
  39 0.385 19.97 1622.85
  40 0.395 20.286 1577.5
  41 0.405 21.152 1594.71
  42 0.415 21.454 1625.55
  43 0.425 21.732 1742.55
  44 0.435 21.81 1684.77
  45 0.445 21.66 1627.97
  46 0.455 21.518 1724.97
  47 0.465 21.414 1741.65
  48 0.475 20.814 1668.45
  49 0.485 20.42 1655.09
  50 0.495 19.812 1708.85
  51 0.505 19.76 1659.05
  52 0.515 20.176 1739.63
  53 0.525 20.97 1636.82
  54 0.535 21.188 1682.65
  55 0.545 21.52 1669.32
  56 0.555 21.566 1711.65
  57 0.565 21.738 1723.23
  58 0.575 21.808 1728.46
  59 0.585 21.678 1708.79
  60 0.595 21.124 1715.64
  61 0.605 20.456 1659.65
  62 0.615 19.612 1577.78
  63 0.625 20.668 1468.68
  64 0.635 21.12 1515.86
  65 0.645 21.366 1617.37
  66 0.655 21.866 1647.24
  67 0.665 21.864 1588.85
  68 0.675 21.624 1476.21
  69 0.685 21.642 1490.28
  70 0.695 21.472 1535.59
  71 0.705 21.058 1527.2
  72 0.715 20.822 1543.77
  73 0.725 20.072 1463.53
  74 0.735 19.724 1478.5
  75 0.745 20.036 1355.1
  76 0.755 20.7 1414.1
  77 0.765 21.094 1426.3
  78 0.775 21.344 1440.5
  79 0.785 21.542 1466.03
  80 0.795 21.53 1517.23
  81 0.805 21.89 1491.16
  82 0.815 21.84 1447.15
  83 0.825 21.828 1358.64
  84 0.835 21.524 1407.28
  85 0.845 21.162 1407.29
  86 0.855 20.558 1262.36
  87 0.865 19.952 1366.51
  88 0.875 20.484 1382.07
  89 0.885 20.808 1493.83
  90 0.895 21.6 1446.09
  91 0.905 21.916 1367.17
  92 0.915 21.838 1359.42
  93 0.925 21.892 1379.3
  94 0.935 21.686 1294.83
  95 0.945 21.612 1285.07
  96 0.955 21.568 1300.44
  97 0.965 21.418 1263.7
  98 0.975 21.044 1331.17
  99 0.985 20.444 1308.82
  100 0.995 19.918 1333.49
140000 100 2112
  1 0.005 19.804 1332.12
  2 0.015 20.28 1415.83
  3 0.025 20.612 1436.83
  4 0.035 21.294 1411.54
  5 0.045 21.406 1500.69
  6 0.055 21.58 1452.23
  7 0.065 21.626 1515.26
  8 0.075 21.914 1500.44
  9 0.085 21.78 1412.95
  10 0.095 21.754 1399.8
  11 0.105 21.396 1408.54
  12 0.115 21.19 1371.99
  13 0.125 20.21 1472.84
  14 0.135 19.836 1412.23
  15 0.145 20.67 1375.38
  16 0.155 21.296 1389.68
  17 0.165 21.622 1370.42
  18 0.175 21.776 1394.63
  19 0.185 22.01 1408.31
  20 0.195 21.664 1409.67
  21 0.205 21.66 1384.16
  22 0.215 21.576 1421.03
  23 0.225 21.322 1497.05
  24 0.235 20.878 1538.57
  25 0.245 20.422 1500.23
  26 0.255 19.758 1445.33
  27 0.265 19.88 1561.04
  28 0.275 20.21 1478.75
  29 0.285 20.94 1452.06
  30 0.295 21.3 1458.82
  31 0.305 21.614 1479.87
  32 0.315 21.572 1506.48
  33 0.325 21.724 1512.56
  34 0.335 21.814 1454.89
  35 0.345 21.806 1474.3
  36 0.355 21.798 1457.67
  37 0.365 21.08 1420.52
  38 0.375 20.49 1461.55
  39 0.385 19.914 1576.16
  40 0.395 20.21 1708.27
  41 0.405 21.236 1660.18
  42 0.415 21.428 1750.06
  43 0.425 21.66 1808.29
  44 0.435 21.826 1770.18
  45 0.445 21.59 1774.7
  46 0.455 21.47 1729.84
  47 0.465 21.408 1651.19
  48 0.475 20.624 1729.54
  49 0.485 20.368 1713.2
  50 0.495 19.68 1702.6
  51 0.505 19.636 1778.28
  52 0.515 20.452 1667.67
  53 0.525 20.944 1653.4
  54 0.535 21.438 1610.81
  55 0.545 21.514 1610.22
  56 0.555 21.742 1570.48
  57 0.565 21.75 1591.17
  58 0.575 21.752 1660.75
  59 0.585 21.442 1705.92
  60 0.595 21.204 1550.11
  61 0.605 20.35 1573.68
  62 0.615 20.222 1588.95
  63 0.625 20.488 1655.74
  64 0.635 20.776 1619.32
  65 0.645 21.526 1500.55
  66 0.655 21.868 1605.87
  67 0.665 21.866 1566.67
  68 0.675 21.642 1494.87
  69 0.685 21.64 1456.97
  70 0.695 21.476 1417.75
  71 0.705 21.286 1504.18
  72 0.715 20.93 1475.57
  73 0.725 20.448 1405.16
  74 0.735 19.888 1406
  75 0.745 20.036 1408.91
  76 0.755 20.212 1528.8
  77 0.765 20.844 1577.75
  78 0.775 21.14 1504.65
  79 0.785 21.7 1453.9
  80 0.795 21.61 1540.66
  81 0.805 21.758 1477.08
  82 0.815 21.804 1445.1
  83 0.825 21.804 1493.45
  84 0.835 21.544 1490.13
  85 0.845 21.182 1377.33
  86 0.855 20.65 1379.71
  87 0.865 20.012 1477.79
  88 0.875 20.316 1466.16
  89 0.885 21.088 1437.98
  90 0.895 21.406 1487.73
  91 0.905 21.804 1391.51
  92 0.915 21.81 1344
  93 0.925 21.852 1261.13
  94 0.935 21.802 1208.4
  95 0.945 21.616 1240.83
  96 0.955 21.568 1300.05
  97 0.965 21.366 1283.08
  98 0.975 21.132 1288.55
  99 0.985 20.722 1252.56
  100 0.995 19.964 1305.53
145000 100 2112
  1 0.005 19.64 1421.1
  2 0.015 20.058 1405.53
  3 0.025 20.978 1323.55
  4 0.035 21.448 1378.44
  5 0.045 21.398 1459.38
  6 0.055 21.644 1509
  7 0.065 21.806 1473.71
  8 0.075 21.696 1459.75
  9 0.085 21.904 1465.85
  10 0.095 21.77 1428.82
  11 0.105 21.142 1523.42
  12 0.115 20.932 1489.23
  13 0.125 20.036 1525.31
  14 0.135 20.09 1475.38
  15 0.145 20.75 1418.18
  16 0.155 21.418 1434.94
  17 0.165 21.82 1355.06
  18 0.175 21.91 1431.46
  19 0.185 21.706 1507.32
  20 0.195 21.674 1442.62
  21 0.205 21.818 1387.62
  22 0.215 21.512 1345.94
  23 0.225 21.446 1370.06
  24 0.235 20.996 1405.87
  25 0.245 20.284 1426.36
  26 0.255 19.876 1384.25
  27 0.265 19.92 1446.51
  28 0.275 20.406 1471.5
  29 0.285 20.634 1510.7
  30 0.295 21.328 1475.31
  31 0.305 21.532 1403.86
  32 0.315 21.64 1448.63
  33 0.325 21.65 1381.19
  34 0.335 21.828 1339.07
  35 0.345 21.93 1402.02
  36 0.355 21.724 1421.32
  37 0.365 21.348 1554.9
  38 0.375 20.432 1605.63
  39 0.385 20.25 1604.05
  40 0.395 20.048 1653.53
  41 0.405 20.846 1637.67
  42 0.415 21.33 1600.81
  43 0.425 21.934 1617.08
  44 0.435 21.604 1823.01
  45 0.445 21.66 1815.91
  46 0.455 21.638 1823.7
  47 0.465 21.268 1837.32
  48 0.475 20.798 1852.58
  49 0.485 20.028 1846.63
  50 0.495 19.87 1777.55
  51 0.505 19.872 1668.11
  52 0.515 20.336 1679.18
  53 0.525 20.976 1672.33
  54 0.535 21.15 1700.44
  55 0.545 21.53 1728.22
  56 0.555 21.7 1664.76
  57 0.565 21.804 1704.2
  58 0.575 21.652 1679.4
  59 0.585 21.632 1622.42
  60 0.595 21.072 1517.47
  61 0.605 20.432 1514.76
  62 0.615 20.194 1535.88
  63 0.625 20.472 1485.62
  64 0.635 20.858 1417.97
  65 0.645 21.58 1428.24
  66 0.655 21.808 1455.22
  67 0.665 21.816 1557.07
  68 0.675 21.768 1509.98
  69 0.685 21.612 1542.58
  70 0.695 21.432 1579.5
  71 0.705 21.368 1500.32
  72 0.715 20.774 1584.74
  73 0.725 20.166 1575.21
  74 0.735 19.804 1517.79
  75 0.745 19.726 1508.79
  76 0.755 20.496 1518.29
  77 0.765 20.944 1480.6
  78 0.775 21.456 1434.96
  79 0.785 21.606 1469.95
  80 0.795 21.588 1485.39
  81 0.805 21.834 1406.9
  82 0.815 21.804 1435.16
  83 0.825 21.77 1429.87
  84 0.835 21.658 1520.11
  85 0.845 21.206 1494.09
  86 0.855 20.202 1446.9
  87 0.865 19.982 1427.07
  88 0.875 20.538 1387
  89 0.885 20.93 1387.05
  90 0.895 21.71 1311.71
  91 0.905 21.83 1294.98
  92 0.915 21.932 1260.62
  93 0.925 21.772 1290.54
  94 0.935 21.806 1260.26
  95 0.945 21.622 1279.93
  96 0.955 21.53 1297.8
  97 0.965 21.396 1349.76
  98 0.975 21.232 1381.08
  99 0.985 20.418 1374.52
  100 0.995 19.806 1382.27
150000 100 2112.0000000000005
  1 0.005 19.78 1307.22
  2 0.015 20.454 1358.97
  3 0.025 20.91 1411.5
  4 0.035 21.21 1427.66
  5 0.045 21.518 1409.21
  6 0.055 21.542 1427.95
  7 0.065 21.7 1414.4
  8 0.075 21.9 1408.43
  9 0.085 21.83 1446.21
  10 0.095 21.716 1495.38
  11 0.105 21.646 1445.21
  12 0.115 20.556 1537
  13 0.125 20.45 1449.95
  14 0.135 20.3 1419.22
  15 0.145 20.488 1442.92
  16 0.155 21.024 1476.17
  17 0.165 21.722 1446.55
  18 0.175 21.904 1410.13
  19 0.185 21.812 1451.34
  20 0.195 21.748 1544.8
  21 0.205 21.668 1487.92
  22 0.215 21.494 1522.5
  23 0.225 21.202 1494.09
  24 0.235 20.896 1415.66
  25 0.245 20.412 1332.58
  26 0.255 19.814 1327.88
  27 0.265 20.17 1375.39
  28 0.275 20.282 1395.19
  29 0.285 20.842 1481.89
  30 0.295 21.326 1474.31
  31 0.305 21.404 1485.34
  32 0.315 21.632 1499.41
  33 0.325 21.728 1524.19
  34 0.335 21.806 1563.89
  35 0.345 21.844 1601.25
  36 0.355 21.584 1590.26
  37 0.365 21.118 1536.67
  38 0.375 20.36 1504.21
  39 0.385 19.948 1576.12
  40 0.395 20.436 1592.64
  41 0.405 20.964 1659.87
  42 0.415 21.694 1669.61
  43 0.425 21.778 1622.42
  44 0.435 21.714 1689.87
  45 0.445 21.718 1664.07
  46 0.455 21.55 1659.63
  47 0.465 21.274 1729.96
  48 0.475 20.846 1726.02
  49 0.485 20.23 1701.14
  50 0.495 19.706 1733.28
  51 0.505 19.772 1699.7
  52 0.515 20.28 1756.38
  53 0.525 20.804 1733.76
  54 0.535 21.374 1726.4
  55 0.545 21.53 1636.53
  56 0.555 21.73 1652.88
  57 0.565 21.802 1595.41
  58 0.575 21.79 1604.67
  59 0.585 21.326 1686.05
  60 0.595 21.32 1594.41
  61 0.605 20.328 1572.24
  62 0.615 20.008 1531.52
  63 0.625 20.446 1514.96
  64 0.635 21.148 1472.57
  65 0.645 21.57 1505.93
  66 0.655 21.714 1546.65
  67 0.665 21.938 1482.83
  68 0.675 21.73 1505.07
  69 0.685 21.568 1508.48
  70 0.695 21.582 1447.05
  71 0.705 21.4 1463.48
  72 0.715 20.784 1540.97
  73 0.725 20.206 1588.91
  74 0.735 19.76 1532.95
  75 0.745 19.982 1479.86
  76 0.755 20.224 1470.29
  77 0.765 21.068 1492.26
  78 0.775 21.31 1462.04
  79 0.785 21.588 1525.66
  80 0.795 21.612 1478.58
  81 0.805 21.736 1528.2
  82 0.815 21.85 1458.99
  83 0.825 21.77 1429.52
  84 0.835 21.624 1466.38
  85 0.845 21.22 1416.7
  86 0.855 20.382 1453.43
  87 0.865 19.926 1391.83
  88 0.875 20.492 1407.08
  89 0.885 20.976 1403.71
  90 0.895 21.56 1376.4
  91 0.905 21.856 1299.45
  92 0.915 21.852 1303.87
  93 0.925 21.848 1328.32
  94 0.935 21.678 1229.09
  95 0.945 21.684 1283.48
  96 0.955 21.566 1288.44
  97 0.965 21.284 1359.67
  98 0.975 20.972 1435.32
  99 0.985 20.37 1425.83
  100 0.995 20.01 1382.17
155000 100 2112
  1 0.005 19.93 1440.94
  2 0.015 20.182 1388.11
  3 0.025 21.066 1296.02
  4 0.035 21.286 1374.23
  5 0.045 21.49 1367.65
  6 0.055 21.702 1389.1
  7 0.065 21.666 1407.08
  8 0.075 21.85 1405.21
  9 0.085 21.71 1470.03
  10 0.095 21.828 1441.5
  11 0.105 21.454 1390.71
  12 0.115 20.782 1412.39
  13 0.125 20.166 1457.36
  14 0.135 20.014 1502.23
  15 0.145 20.742 1490.68
  16 0.155 21.314 1447.3
  17 0.165 21.814 1439.68
  18 0.175 21.818 1432.93
  19 0.185 21.848 1412.47
  20 0.195 21.79 1375.62
  21 0.205 21.608 1453.8
  22 0.215 21.404 1530.6
  23 0.225 21.28 1540.71
  24 0.235 20.792 1516.29
  25 0.245 20.26 1537.75
  26 0.255 19.802 1488.98
  27 0.265 19.902 1470.31
  28 0.275 20.38 1540.18
  29 0.285 21.056 1460.1
  30 0.295 21.3 1483.63
  31 0.305 21.552 1416.85
  32 0.315 21.692 1496.36
  33 0.325 21.724 1460.27
  34 0.335 21.888 1518.92
  35 0.345 21.79 1423.79
  36 0.355 21.742 1438.93
  37 0.365 21.106 1526.83
  38 0.375 20.256 1487.73
  39 0.385 19.94 1578.34
  40 0.395 20.486 1636.87
  41 0.405 20.93 1696.24
  42 0.415 21.628 1648.03
  43 0.425 21.894 1632.91
  44 0.435 21.756 1564.69
  45 0.445 21.574 1577.5
  46 0.455 21.632 1642.8
  47 0.465 21.3 1667.97
  48 0.475 21.1 1659.08
  49 0.485 20.444 1644.83
  50 0.495 19.698 1719.14
  51 0.505 19.528 1777.51
  52 0.515 20.28 1737.25
  53 0.525 20.818 1841.59
  54 0.535 21.1 1762.61
  55 0.545 21.598 1743.84
  56 0.555 21.658 1713.91
  57 0.565 21.872 1678.69
  58 0.575 21.64 1655.61
  59 0.585 21.732 1583.43
  60 0.595 21.086 1586.64
  61 0.605 20.334 1551.44
  62 0.615 19.978 1554.49
  63 0.625 20.51 1526.71
  64 0.635 21.034 1511.84
  65 0.645 21.568 1537.25
  66 0.655 21.76 1574.89
  67 0.665 21.816 1488.31
  68 0.675 21.77 1407.15
  69 0.685 21.726 1425.65
  70 0.695 21.48 1492.18
  71 0.705 21.29 1521.51
  72 0.715 21.034 1501.14
  73 0.725 20.364 1500.31
  74 0.735 19.802 1438.34
  75 0.745 20.014 1506.4
  76 0.755 19.98 1539.22
  77 0.765 20.982 1498.8
  78 0.775 21.272 1489.7
  79 0.785 21.546 1454.64
  80 0.795 21.584 1511.36
  81 0.805 21.848 1420.79
  82 0.815 21.648 1418.05
  83 0.825 21.908 1376.85
  84 0.835 21.818 1353.38
  85 0.845 21.33 1365.97
  86 0.855 20.948 1358.87
  87 0.865 19.936 1368.59
  88 0.875 20.37 1361.41
  89 0.885 20.718 1404.92
  90 0.895 21.17 1492.03
  91 0.905 21.76 1454.8
  92 0.915 21.836 1404.12
  93 0.925 21.86 1418.18
  94 0.935 21.714 1342.51
  95 0.945 21.528 1371.03
  96 0.955 21.634 1360.86
  97 0.965 21.274 1478.04
  98 0.975 20.9 1443.33
  99 0.985 20.312 1436.17
  100 0.995 19.964 1435.44
160000 100 2111.9999999999995
  1 0.005 19.946 1425.67
  2 0.015 20.362 1331.36
  3 0.025 21.15 1353.45
  4 0.035 21.362 1359.81
  5 0.045 21.52 1350.83
  6 0.055 21.726 1354.6
  7 0.065 21.734 1389.75
  8 0.075 21.752 1411.93
  9 0.085 21.908 1438.41
  10 0.095 21.716 1429.56
  11 0.105 21.472 1458.76
  12 0.115 20.628 1421.34
  13 0.125 20.296 1446.65
  14 0.135 20.108 1376.5
  15 0.145 20.596 1422.12
  16 0.155 21.352 1451.41
  17 0.165 21.784 1448.26
  18 0.175 21.836 1433.15
  19 0.185 21.874 1451.91
  20 0.195 21.734 1457.45
  21 0.205 21.528 1408
  22 0.215 21.678 1450.49
  23 0.225 21.226 1416.23
  24 0.235 20.834 1497.38
  25 0.245 20.324 1478.44
  26 0.255 19.63 1427.42
  27 0.265 19.96 1469.29
  28 0.275 20.472 1445.59
  29 0.285 21.01 1424.27
  30 0.295 21.312 1449.73
  31 0.305 21.546 1409.16
  32 0.315 21.582 1450.66
  33 0.325 21.686 1430.96
  34 0.335 21.992 1465.22
  35 0.345 21.74 1485.98
  36 0.355 21.668 1472.17
  37 0.365 21.144 1516.84
  38 0.375 20.324 1607.29
  39 0.385 19.914 1670.16
  40 0.395 20.438 1638.24
  41 0.405 20.984 1562.04
  42 0.415 21.714 1589.71
  43 0.425 21.74 1545.36
  44 0.435 21.818 1690.37
  45 0.445 21.602 1721.76
  46 0.455 21.508 1749.24
  47 0.465 21.41 1753.87
  48 0.475 20.83 1734.84
  49 0.485 20.24 1766.16
  50 0.495 19.756 1823.89
  51 0.505 19.984 1794.51
  52 0.515 20.126 1810.98
  53 0.525 20.818 1787.81
  54 0.535 21.27 1697.03
  55 0.545 21.41 1698.84
  56 0.555 21.78 1687.91
  57 0.565 21.846 1676.11
  58 0.575 21.764 1610.72
  59 0.585 21.47 1540.32
  60 0.595 21.294 1499.42
  61 0.605 20.566 1522.52
  62 0.615 19.81 1564.1
  63 0.625 20.278 1499.74
  64 0.635 21.17 1485.06
  65 0.645 21.376 1493.13
  66 0.655 21.934 1415.74
  67 0.665 21.842 1444.43
  68 0.675 21.642 1481.91
  69 0.685 21.782 1467.03
  70 0.695 21.49 1445.46
  71 0.705 21.332 1475.53
  72 0.715 21.024 1467.69
  73 0.725 20.31 1513.73
  74 0.735 19.704 1590.26
  75 0.745 19.836 1547.17
  76 0.755 20.31 1548.68
  77 0.765 20.722 1522.29
  78 0.775 21.5 1444.34
  79 0.785 21.636 1409.22
  80 0.795 21.53 1382.42
  81 0.805 21.738 1448.44
  82 0.815 21.804 1387.97
  83 0.825 21.868 1419.77
  84 0.835 21.714 1425.88
  85 0.845 21.318 1507.79
  86 0.855 20.642 1461.88
  87 0.865 20.12 1452.04
  88 0.875 20.086 1486.28
  89 0.885 20.8 1466.81
  90 0.895 21.432 1440.27
  91 0.905 21.864 1412.71
  92 0.915 21.88 1439.97
  93 0.925 21.824 1442.46
  94 0.935 21.684 1405.25
  95 0.945 21.582 1464.93
  96 0.955 21.47 1452.22
  97 0.965 21.332 1400.33
  98 0.975 20.836 1458.88
  99 0.985 19.966 1503.38
  100 0.995 20.018 1424.84
165000 100 2112
  1 0.005 19.938 1396.23
  2 0.015 20.372 1421.12
  3 0.025 20.93 1366.03
  4 0.035 21.4 1369.57
  5 0.045 21.462 1389.71
  6 0.055 21.598 1475.41
  7 0.065 21.748 1400.92
  8 0.075 21.754 1387.23
  9 0.085 21.932 1417.22
  10 0.095 21.796 1355.91
  11 0.105 21.49 1364.89
  12 0.115 20.964 1365.77
  13 0.125 20.13 1411.58
  14 0.135 20.1 1411.25
  15 0.145 20.574 1320.6
  16 0.155 21.326 1396.09
  17 0.165 21.624 1428.64
  18 0.175 21.85 1414.66
  19 0.185 21.768 1503.58
  20 0.195 21.754 1442.86
  21 0.205 21.74 1563.38
  22 0.215 21.434 1525.15
  23 0.225 21.342 1446.96
  24 0.235 20.912 1436.66
  25 0.245 20.516 1434.22
  26 0.255 19.884 1364.09
  27 0.265 19.824 1346.04
  28 0.275 20.252 1426.02
  29 0.285 20.958 1454.5
  30 0.295 21.214 1498.26
  31 0.305 21.45 1469.73
  32 0.315 21.756 1504.99
  33 0.325 21.704 1506.09
  34 0.335 21.654 1545.59
  35 0.345 21.984 1560.32
  36 0.355 21.512 1574.43
  37 0.365 21.384 1494.21
  38 0.375 20.416 1503.88
  39 0.385 19.948 1532.68
  40 0.395 20.146 1596.86
  41 0.405 21.02 1642.9
  42 0.415 21.61 1652.18
  43 0.425 21.796 1683.54
  44 0.435 21.728 1639.18
  45 0.445 21.708 1658.71
  46 0.455 21.6 1642.72
  47 0.465 21.276 1626.64
  48 0.475 20.96 1661.59
  49 0.485 20.276 1742.83
  50 0.495 20.046 1756.84
  51 0.505 19.712 1762.04
  52 0.515 20.104 1816.11
  53 0.525 20.67 1835.39
  54 0.535 21.276 1781.31
  55 0.545 21.534 1756.07
  56 0.555 21.664 1677.11
  57 0.565 21.768 1654.69
  58 0.575 21.772 1631.3
  59 0.585 21.53 1632.32
  60 0.595 21.038 1635.99
  61 0.605 19.986 1686.6
  62 0.615 20.09 1610.2
  63 0.625 20.5 1518.79
  64 0.635 21.198 1501.24
  65 0.645 21.718 1514.54
  66 0.655 21.732 1487.21
  67 0.665 21.97 1429.77
  68 0.675 21.756 1392.43
  69 0.685 21.528 1352.8
  70 0.695 21.586 1400.08
  71 0.705 21.38 1411.89
  72 0.715 20.91 1471.35
  73 0.725 20.5 1474.7
  74 0.735 19.68 1504.71
  75 0.745 19.912 1463.79
  76 0.755 20.39 1536.27
  77 0.765 20.664 1525.95
  78 0.775 21.388 1451.44
  79 0.785 21.554 1441.57
  80 0.795 21.66 1484.6
  81 0.805 21.676 1507.42
  82 0.815 21.888 1462.76
  83 0.825 21.768 1606.07
  84 0.835 21.73 1495.37
  85 0.845 21.118 1546.17
  86 0.855 20.424 1556.22
  87 0.865 20.142 1513.79
  88 0.875 20.328 1535.16
  89 0.885 20.852 1565.53
  90 0.895 21.568 1478.89
  91 0.905 21.878 1408.38
  92 0.915 21.788 1367.58
  93 0.925 21.854 1299.57
  94 0.935 21.64 1296.82
  95 0.945 21.64 1323.05
  96 0.955 21.484 1338.5
  97 0.965 21.446 1318.95
  98 0.975 20.996 1338.32
  99 0.985 20.112 1365.07
  100 0.995 19.938 1400.91
170000 100 2111.9999999999995
  1 0.005 20.046 1426.51
  2 0.015 20.542 1345.5
  3 0.025 21.018 1346.75
  4 0.035 21.31 1275.46
  5 0.045 21.684 1246.35
  6 0.055 21.658 1336.6
  7 0.065 21.712 1362.56
  8 0.075 21.87 1426.11
  9 0.085 21.87 1372.48
  10 0.095 21.776 1382.25
  11 0.105 21.416 1313.46
  12 0.115 20.824 1376.47
  13 0.125 20.108 1378.12
  14 0.135 20.184 1475.82
  15 0.145 20.6 1480.98
  16 0.155 21.416 1416.32
  17 0.165 21.638 1462.03
  18 0.175 21.824 1468.01
  19 0.185 21.794 1429.81
  20 0.195 21.846 1410.72
  21 0.205 21.564 1379.11
  22 0.215 21.606 1418.44
  23 0.225 21.394 1405.71
  24 0.235 20.974 1417.9
  25 0.245 20.52 1406.46
  26 0.255 19.942 1429.43
  27 0.265 19.86 1485.88
  28 0.275 20.182 1562.09
  29 0.285 20.882 1490.64
  30 0.295 21.138 1534.96
  31 0.305 21.402 1509.1
  32 0.315 21.648 1538.65
  33 0.325 21.782 1540.52
  34 0.335 21.822 1480.34
  35 0.345 21.81 1505.1
  36 0.355 21.382 1542.19
  37 0.365 21.364 1432.33
  38 0.375 20.534 1526.36
  39 0.385 19.966 1553.35
  40 0.395 20.4 1653.27
  41 0.405 20.872 1644.34
  42 0.415 21.58 1633.52
  43 0.425 21.68 1634.18
  44 0.435 21.864 1573.65
  45 0.445 21.574 1675.61
  46 0.455 21.466 1671.22
  47 0.465 21.466 1686.57
  48 0.475 21.098 1629.33
  49 0.485 20.332 1676.54
  50 0.495 19.75 1655.19
  51 0.505 19.928 1576.02
  52 0.515 19.928 1693.38
  53 0.525 20.902 1657.05
  54 0.535 21.28 1646.59
  55 0.545 21.522 1687.31
  56 0.555 21.566 1776.15
  57 0.565 21.754 1691.89
  58 0.575 21.854 1653.67
  59 0.585 21.656 1569.39
  60 0.595 21.25 1558.21
  61 0.605 20.85 1565.76
  62 0.615 19.902 1567.44
  63 0.625 20.018 1478.38
  64 0.635 20.992 1531.58
  65 0.645 21.408 1623.08
  66 0.655 21.746 1632.18
  67 0.665 21.83 1583.27
  68 0.675 21.8 1666.23
  69 0.685 21.592 1618.82
  70 0.695 21.352 1595.94
  71 0.705 21.498 1477.92
  72 0.715 20.796 1470.78
  73 0.725 20.274 1514.73
  74 0.735 19.958 1494.39
  75 0.745 20.026 1469.52
  76 0.755 20.198 1460.14
  77 0.765 20.79 1527.16
  78 0.775 21.35 1457.86
  79 0.785 21.696 1474.55
  80 0.795 21.478 1553.1
  81 0.805 21.758 1612.3
  82 0.815 21.878 1578.29
  83 0.825 21.656 1502.78
  84 0.835 21.644 1521.76
  85 0.845 21.106 1464.33
  86 0.855 20.558 1428.86
  87 0.865 19.852 1446.83
  88 0.875 20.422 1417.59
  89 0.885 21.154 1449.58
  90 0.895 21.606 1493.92
  91 0.905 21.81 1453.13
  92 0.915 21.726 1394.11
  93 0.925 21.954 1454.71
  94 0.935 21.642 1417.05
  95 0.945 21.556 1348.14
  96 0.955 21.384 1344.19
  97 0.965 21.27 1349.71
  98 0.975 20.736 1362.62
  99 0.985 20.138 1399.58
  100 0.995 19.966 1383.06
175000 100 2112
  1 0.005 19.94 1493.84
  2 0.015 20.52 1404.28
  3 0.025 21.134 1401.19
  4 0.035 21.258 1401.34
  5 0.045 21.548 1343.67
  6 0.055 21.81 1331.36
  7 0.065 21.694 1314.31
  8 0.075 21.8 1346.86
  9 0.085 22 1302.27
  10 0.095 21.652 1362.96
  11 0.105 21.514 1327.24
  12 0.115 20.966 1389.96
  13 0.125 20.55 1396.56
  14 0.135 20.242 1448.64
  15 0.145 20.34 1434.78
  16 0.155 21.016 1436.57
  17 0.165 21.686 1368.07
  18 0.175 21.84 1363.56
  19 0.185 21.898 1334.54
  20 0.195 21.728 1423.34
  21 0.205 21.656 1453.35
  22 0.215 21.632 1405.3
  23 0.225 21.244 1467.49
  24 0.235 21.07 1468.05
  25 0.245 20.48 1389.77
  26 0.255 20.094 1428.54
  27 0.265 19.776 1501.46
  28 0.275 20.204 1505.63
  29 0.285 20.796 1559.01
  30 0.295 21.026 1605.4
  31 0.305 21.45 1578.75
  32 0.315 21.632 1668.94
  33 0.325 21.69 1637.45
  34 0.335 21.826 1583.77
  35 0.345 21.63 1627.14
  36 0.355 21.55 1622.36
  37 0.365 20.794 1564.84
  38 0.375 20.216 1538.6
  39 0.385 20.076 1543.88
  40 0.395 20.686 1530.48
  41 0.405 21.22 1519.05
  42 0.415 21.704 1507.62
  43 0.425 21.786 1576.28
  44 0.435 21.79 1640.67
  45 0.445 21.69 1633.86
  46 0.455 21.51 1666.34
  47 0.465 21.458 1643.51
  48 0.475 20.81 1693.77
  49 0.485 20.302 1692.26
  50 0.495 20.178 1687.65
  51 0.505 19.726 1644.56
  52 0.515 20.336 1583.59
  53 0.525 20.688 1626.47
  54 0.535 21.286 1602.17
  55 0.545 21.286 1675.88
  56 0.555 21.74 1605.82
  57 0.565 21.728 1629.31
  58 0.575 21.822 1663.29
  59 0.585 21.584 1688.62
  60 0.595 20.98 1757.93
  61 0.605 20.838 1632.64
  62 0.615 19.99 1688.78
  63 0.625 20.598 1592.92
  64 0.635 20.44 1612.4
  65 0.645 21.552 1481.35
  66 0.655 21.81 1451.79
  67 0.665 21.882 1489.34
  68 0.675 21.674 1498.08
  69 0.685 21.672 1453.73
  70 0.695 21.574 1514
  71 0.705 21.286 1569.01
  72 0.715 20.86 1659.2
  73 0.725 20.344 1557.98
  74 0.735 19.988 1560.6
  75 0.745 19.844 1532
  76 0.755 20.29 1566.34
  77 0.765 20.724 1587.77
  78 0.775 21.314 1474.5
  79 0.785 21.564 1418.09
  80 0.795 21.662 1423.88
  81 0.805 21.684 1475.22
  82 0.815 21.904 1439.25
  83 0.825 21.84 1514.05
  84 0.835 21.218 1533.04
  85 0.845 20.994 1566.69
  86 0.855 20.42 1477.6
  87 0.865 20.278 1341.83
  88 0.875 20.51 1356.94
  89 0.885 21.13 1393.17
  90 0.895 21.594 1421.01
  91 0.905 21.69 1404.62
  92 0.915 21.884 1397.15
  93 0.925 21.67 1410.57
  94 0.935 21.8 1406.3
  95 0.945 21.496 1374.57
  96 0.955 21.54 1379.25
  97 0.965 21.254 1384.08
  98 0.975 20.616 1396.84
  99 0.985 20.222 1414.57
  100 0.995 20.062 1390.13
180000 100 2111.9999999999995
  1 0.005 20.062 1421.42
  2 0.015 20.594 1415.53
  3 0.025 21.18 1325.01
  4 0.035 21.396 1366.73
  5 0.045 21.576 1260.05
  6 0.055 21.692 1287.39
  7 0.065 21.766 1258.06
  8 0.075 21.99 1247.5
  9 0.085 21.65 1213.32
  10 0.095 21.668 1302.04
  11 0.105 21.466 1329.83
  12 0.115 20.808 1405.31
  13 0.125 20.56 1416.01
  14 0.135 20.348 1459.1
  15 0.145 20.598 1425.13
  16 0.155 21.144 1470.65
  17 0.165 21.542 1411.76
  18 0.175 21.818 1450.16
  19 0.185 21.802 1392.51
  20 0.195 21.728 1358.7
  21 0.205 21.712 1405.27
  22 0.215 21.478 1505.42
  23 0.225 21.468 1457.72
  24 0.235 20.972 1393.47
  25 0.245 20.5 1429.72
  26 0.255 19.906 1450.38
  27 0.265 19.818 1451.9
  28 0.275 20.156 1510.94
  29 0.285 20.862 1531.41
  30 0.295 21.242 1487.55
  31 0.305 21.508 1536.33
  32 0.315 21.572 1588.11
  33 0.325 21.636 1624.94
  34 0.335 21.916 1684.84
  35 0.345 21.64 1703.78
  36 0.355 21.35 1606.67
  37 0.365 21.042 1588.19
  38 0.375 20.27 1580.15
  39 0.385 20.162 1582.48
  40 0.395 20.5 1562.76
  41 0.405 21.44 1533.43
  42 0.415 21.4 1649.96
  43 0.425 21.86 1631.01
  44 0.435 21.714 1641.96
  45 0.445 21.584 1597.54
  46 0.455 21.506 1680.73
  47 0.465 21.454 1648.11
  48 0.475 20.968 1640.62
  49 0.485 20.556 1571.84
  50 0.495 20.034 1619.03
  51 0.505 19.88 1646.51
  52 0.515 20.244 1637
  53 0.525 20.708 1707.2
  54 0.535 21.01 1700.89
  55 0.545 21.408 1794.79
  56 0.555 21.628 1779.35
  57 0.565 21.616 1710.71
  58 0.575 21.758 1671.11
  59 0.585 21.488 1602.15
  60 0.595 21.236 1549.14
  61 0.605 20.846 1547.96
  62 0.615 20.492 1570.48
  63 0.625 20.116 1550.73
  64 0.635 20.948 1556.27
  65 0.645 21.188 1561.6
  66 0.655 21.6 1573.09
  67 0.665 21.844 1576.39
  68 0.675 21.726 1537.36
  69 0.685 21.624 1565.35
  70 0.695 21.484 1583.72
  71 0.705 21.382 1502.83
  72 0.715 20.946 1468.14
  73 0.725 20.376 1476.62
  74 0.735 19.9 1486
  75 0.745 19.742 1455.32
  76 0.755 20.406 1448.67
  77 0.765 20.944 1563.31
  78 0.775 21.104 1572.37
  79 0.785 21.568 1541.08
  80 0.795 21.638 1447.72
  81 0.805 21.806 1391.67
  82 0.815 21.716 1338.82
  83 0.825 21.812 1399.48
  84 0.835 21.612 1441.84
  85 0.845 21.168 1478.16
  86 0.855 20.524 1490.37
  87 0.865 20.282 1516.65
  88 0.875 20.42 1578.9
  89 0.885 20.696 1549.13
  90 0.895 21.68 1507.13
  91 0.905 21.632 1585.55
  92 0.915 21.878 1493.57
  93 0.925 21.642 1504.49
  94 0.935 21.614 1487.11
  95 0.945 21.578 1399.32
  96 0.955 21.404 1385.96
  97 0.965 21.06 1316.33
  98 0.975 20.798 1298.83
  99 0.985 20.392 1290.45
  100 0.995 19.822 1371.12
185000 100 2112
  1 0.005 20.028 1269.63
  2 0.015 20.812 1262.68
  3 0.025 20.97 1339.15
  4 0.035 21.496 1312.17
  5 0.045 21.526 1332.92
  6 0.055 21.668 1262.55
  7 0.065 21.744 1290.7
  8 0.075 21.838 1309.78
  9 0.085 21.664 1425.36
  10 0.095 21.48 1351.4
  11 0.105 21.376 1256.49
  12 0.115 20.884 1315.78
  13 0.125 20.678 1347.6
  14 0.135 20.524 1384.43
  15 0.145 20.62 1435.82
  16 0.155 21.052 1431.41
  17 0.165 21.666 1426.86
  18 0.175 21.778 1419.32
  19 0.185 21.82 1453.57
  20 0.195 21.772 1427.97
  21 0.205 21.614 1451.28
  22 0.215 21.494 1458.74
  23 0.225 21.384 1374.24
  24 0.235 21.042 1435.13
  25 0.245 20.668 1382.23
  26 0.255 19.996 1464.61
  27 0.265 19.816 1448.58
  28 0.275 20.234 1453.21
  29 0.285 20.834 1471.45
  30 0.295 21.216 1470.05
  31 0.305 21.37 1532.99
  32 0.315 21.462 1525.47
  33 0.325 21.906 1589.61
  34 0.335 21.63 1678.94
  35 0.345 21.706 1668.93
  36 0.355 21.67 1607.9
  37 0.365 21.092 1601.05
  38 0.375 20.566 1608.82
  39 0.385 20.212 1645.43
  40 0.395 20.364 1753.05
  41 0.405 21.024 1725.66
  42 0.415 21.228 1668.78
  43 0.425 21.894 1695.73
  44 0.435 21.74 1643.11
  45 0.445 21.588 1640.49
  46 0.455 21.622 1664.92
  47 0.465 21.338 1579.57
  48 0.475 21.072 1561.72
  49 0.485 20.368 1657.2
  50 0.495 19.956 1725.51
  51 0.505 19.754 1755.75
  52 0.515 20.282 1686.16
  53 0.525 20.728 1728.74
  54 0.535 21.066 1784.35
  55 0.545 21.416 1744.13
  56 0.555 21.738 1707.45
  57 0.565 21.676 1634.78
  58 0.575 21.77 1624.08
  59 0.585 21.452 1643.99
  60 0.595 21.226 1633.59
  61 0.605 20.284 1661.63
  62 0.615 20.556 1723.76
  63 0.625 20.412 1662.85
  64 0.635 20.824 1648.03
  65 0.645 21.474 1589.85
  66 0.655 21.708 1600.89
  67 0.665 21.732 1601.63
  68 0.675 21.64 1524.64
  69 0.685 21.736 1467.17
  70 0.695 21.302 1447.06
  71 0.705 21.318 1472.25
  72 0.715 21.002 1481.95
  73 0.725 20.174 1452.23
  74 0.735 19.874 1435.36
  75 0.745 19.89 1414.76
  76 0.755 20.542 1423.34
  77 0.765 21.024 1361.49
  78 0.775 21.258 1450.08
  79 0.785 21.598 1395.67
  80 0.795 21.558 1464.71
  81 0.805 21.688 1423.38
  82 0.815 21.856 1393.16
  83 0.825 21.78 1429.37
  84 0.835 21.65 1460.49
  85 0.845 21.282 1468.53
  86 0.855 20.508 1564.38
  87 0.865 20.606 1536.38
  88 0.875 20.15 1541.2
  89 0.885 20.802 1500.59
  90 0.895 21.262 1564.36
  91 0.905 21.75 1544.49
  92 0.915 21.784 1554.05
  93 0.925 21.75 1480.68
  94 0.935 21.794 1411.93
  95 0.945 21.452 1364.14
  96 0.955 21.5 1331.81
  97 0.965 21.102 1352.79
  98 0.975 20.81 1389.72
  99 0.985 20.05 1345.34
  100 0.995 19.908 1348.42
190000 100 2112.0000000000005
  1 0.005 20.088 1358.19
  2 0.015 20.628 1322.2
  3 0.025 21.036 1375.02
  4 0.035 21.178 1412.82
  5 0.045 21.614 1360.64
  6 0.055 21.486 1345.62
  7 0.065 21.774 1320.74
  8 0.075 21.824 1246.75
  9 0.085 21.848 1288.25
  10 0.095 21.796 1245.52
  11 0.105 21.396 1309.97
  12 0.115 20.934 1369.44
  13 0.125 20.728 1363.06
  14 0.135 20.292 1384.57
  15 0.145 20.622 1359.48
  16 0.155 20.986 1395.63
  17 0.165 21.504 1392.43
  18 0.175 21.684 1426.68
  19 0.185 21.76 1446.6
  20 0.195 21.858 1521.26
  21 0.205 21.488 1578.67
  22 0.215 21.608 1469.62
  23 0.225 21.28 1473.33
  24 0.235 21.02 1431.6
  25 0.245 20.528 1447.8
  26 0.255 20.068 1360.1
  27 0.265 19.76 1410.53
  28 0.275 20.362 1455.83
  29 0.285 20.89 1430.23
  30 0.295 21.086 1622.21
  31 0.305 21.396 1595.01
  32 0.315 21.694 1566.1
  33 0.325 21.652 1652.52
  34 0.335 21.756 1652.59
  35 0.345 21.722 1590.02
  36 0.355 21.496 1531.77
  37 0.365 21.234 1617.2
  38 0.375 20.418 1620.87
  39 0.385 20.31 1648.43
  40 0.395 20.116 1714.92
  41 0.405 21.204 1591.09
  42 0.415 21.412 1655.77
  43 0.425 21.676 1572.25
  44 0.435 21.834 1538.82
  45 0.445 21.722 1569.23
  46 0.455 21.568 1564.21
  47 0.465 21.378 1628.72
  48 0.475 21.084 1685.94
  49 0.485 20.384 1705.38
  50 0.495 19.836 1774.18
  51 0.505 19.774 1846.79
  52 0.515 20.06 1763.92
  53 0.525 20.77 1799
  54 0.535 21.326 1767.16
  55 0.545 21.422 1793.38
  56 0.555 21.406 1780.57
  57 0.565 21.866 1827.74
  58 0.575 21.594 1785.22
  59 0.585 21.458 1686.1
  60 0.595 20.954 1565.41
  61 0.605 20.564 1581.38
  62 0.615 20.128 1599.65
  63 0.625 20.714 1529.4
  64 0.635 20.946 1587.1
  65 0.645 21.468 1516.66
  66 0.655 21.842 1525.22
  67 0.665 21.678 1474.08
  68 0.675 21.854 1403.57
  69 0.685 21.642 1458.78
  70 0.695 21.406 1500.54
  71 0.705 21.296 1517.19
  72 0.715 20.652 1497.43
  73 0.725 20.618 1425.11
  74 0.735 20.01 1430.33
  75 0.745 19.968 1434.44
  76 0.755 20.372 1447.12
  77 0.765 20.934 1448.35
  78 0.775 21.24 1439.54
  79 0.785 21.502 1401.46
  80 0.795 21.682 1410.29
  81 0.805 21.656 1501.68
  82 0.815 21.794 1495.79
  83 0.825 21.746 1480.58
  84 0.835 21.48 1473.11
  85 0.845 21.376 1406.52
  86 0.855 20.656 1445.37
  87 0.865 20.342 1493.98
  88 0.875 20.158 1514.67
  89 0.885 20.826 1552.94
  90 0.895 21.386 1456.07
  91 0.905 21.798 1486.71
  92 0.915 21.782 1495.69
  93 0.925 21.744 1471.22
  94 0.935 21.832 1376.47
  95 0.945 21.572 1354.27
  96 0.955 21.368 1349.5
  97 0.965 21.036 1369.76
  98 0.975 20.962 1382.95
  99 0.985 20.356 1307.11
  100 0.995 19.966 1371.26
195000 100 2112.000000000001
  1 0.005 20.03 1256.6
  2 0.015 20.588 1228.23
  3 0.025 21.176 1317.18
  4 0.035 21.332 1381.38
  5 0.045 21.446 1360.91
  6 0.055 21.642 1354.09
  7 0.065 21.814 1344.73
  8 0.075 21.81 1323.59
  9 0.085 21.7 1362.78
  10 0.095 21.758 1375.83
  11 0.105 21.512 1337.99
  12 0.115 21.066 1371.34
  13 0.125 20.38 1424.76
  14 0.135 20.594 1364.25
  15 0.145 20.654 1400.33
  16 0.155 20.828 1424.73
  17 0.165 21.45 1400.71
  18 0.175 21.732 1436.59
  19 0.185 21.786 1415.25
  20 0.195 21.864 1458.45
  21 0.205 21.582 1499.38
  22 0.215 21.524 1482.84
  23 0.225 21.51 1468.19
  24 0.235 21.218 1414.54
  25 0.245 20.484 1416.34
  26 0.255 20.036 1395.92
  27 0.265 19.742 1496.11
  28 0.275 20.236 1439.57
  29 0.285 20.734 1493.62
  30 0.295 21.112 1586.2
  31 0.305 21.426 1569.04
  32 0.315 21.502 1596.59
  33 0.325 21.564 1602.94
  34 0.335 21.85 1597.3
  35 0.345 21.63 1682.74
  36 0.355 21.242 1648.39
  37 0.365 20.984 1601.59
  38 0.375 20.382 1625.25
  39 0.385 20.186 1601.17
  40 0.395 20.528 1574.35
  41 0.405 21.264 1667.11
  42 0.415 21.64 1684.3
  43 0.425 21.796 1623.15
  44 0.435 21.762 1617.39
  45 0.445 21.534 1771.82
  46 0.455 21.468 1725.78
  47 0.465 21.29 1693.95
  48 0.475 20.62 1756.06
  49 0.485 20.13 1719.21
  50 0.495 19.926 1650.93
  51 0.505 19.87 1637.92
  52 0.515 20.398 1717.65
  53 0.525 21.074 1605.49
  54 0.535 21.322 1594.67
  55 0.545 21.474 1763.77
  56 0.555 21.802 1715.53
  57 0.565 21.668 1695.55
  58 0.575 21.68 1731.21
  59 0.585 21.464 1670.92
  60 0.595 20.844 1607.76
  61 0.605 20.77 1563.04
  62 0.615 20.234 1531.83
  63 0.625 20.508 1624.89
  64 0.635 20.926 1640.67
  65 0.645 21.406 1571.69
  66 0.655 21.756 1521.52
  67 0.665 22.014 1498.98
  68 0.675 21.646 1478.04
  69 0.685 21.612 1482.43
  70 0.695 21.528 1481.65
  71 0.705 21.156 1488.73
  72 0.715 21.074 1456.96
  73 0.725 20.102 1497.76
  74 0.735 19.86 1547.02
  75 0.745 20.05 1412.79
  76 0.755 20.408 1401.39
  77 0.765 21.064 1403.1
  78 0.775 21.446 1449.31
  79 0.785 21.204 1557.03
  80 0.795 21.634 1540.35
  81 0.805 21.808 1481.85
  82 0.815 21.876 1457.8
  83 0.825 21.718 1407.3
  84 0.835 21.836 1350.69
  85 0.845 21.286 1395.29
  86 0.855 20.63 1435.39
  87 0.865 20.146 1482.15
  88 0.875 20.37 1411.56
  89 0.885 20.534 1504.48
  90 0.895 21.618 1403.68
  91 0.905 21.624 1507.9
  92 0.915 21.878 1461.25
  93 0.925 21.698 1440.3
  94 0.935 21.864 1413.99
  95 0.945 21.43 1421.76
  96 0.955 21.532 1475.47
  97 0.965 21.118 1459.32
  98 0.975 20.704 1427.84
  99 0.985 20.338 1381.36
  100 0.995 19.934 1350.4
200000 100 2112.0000000000005
  1 0.005 19.956 1307.65
  2 0.015 20.388 1276.46
  3 0.025 20.972 1332.54
  4 0.035 21.084 1378.19
  5 0.045 21.472 1360.38
  6 0.055 21.568 1394.03
  7 0.065 21.734 1413.08
  8 0.075 21.726 1336.37
  9 0.085 21.916 1319.07
  10 0.095 21.666 1392.93
  11 0.105 21.502 1333.7
  12 0.115 20.86 1358.64
  13 0.125 20.454 1392.23
  14 0.135 20.112 1421.41
  15 0.145 20.792 1488.37
  16 0.155 21.092 1465.24
  17 0.165 21.514 1408.11
  18 0.175 21.728 1438.88
  19 0.185 21.89 1345.81
  20 0.195 21.732 1349.24
  21 0.205 21.784 1409.48
  22 0.215 21.422 1480.99
  23 0.225 21.342 1429.58
  24 0.235 20.98 1499.69
  25 0.245 20.468 1511.6
  26 0.255 20.056 1456.93
  27 0.265 20.014 1468.57
  28 0.275 20.194 1487.64
  29 0.285 20.906 1503.65
  30 0.295 21.02 1594.1
  31 0.305 21.502 1642.02
  32 0.315 21.524 1634.85
  33 0.325 21.662 1628.53
  34 0.335 21.848 1593.88
  35 0.345 21.816 1557.01
  36 0.355 21.596 1566.26
  37 0.365 20.74 1553.12
  38 0.375 20.462 1595.09
  39 0.385 19.904 1618.36
  40 0.395 20.59 1611.51
  41 0.405 21.1 1662.57
  42 0.415 21.632 1630.79
  43 0.425 21.746 1623.57
  44 0.435 21.864 1714.62
  45 0.445 21.576 1737.97
  46 0.455 21.574 1695.89
  47 0.465 21.274 1751.1
  48 0.475 20.648 1696.43
  49 0.485 20.202 1689.5
  50 0.495 19.812 1643.03
  51 0.505 20.134 1557.39
  52 0.515 20.35 1626.12
  53 0.525 20.694 1639.89
  54 0.535 21.348 1713.47
  55 0.545 21.502 1694.9
  56 0.555 21.782 1649.25
  57 0.565 21.754 1722.94
  58 0.575 21.75 1728.08
  59 0.585 21.384 1665.38
  60 0.595 21.004 1639.36
  61 0.605 20.45 1676.86
  62 0.615 20.01 1680.78
  63 0.625 20.702 1563.38
  64 0.635 20.994 1556.19
  65 0.645 21.552 1496.37
  66 0.655 21.824 1495.74
  67 0.665 21.692 1548.93
  68 0.675 21.692 1524.34
  69 0.685 21.614 1522.41
  70 0.695 21.46 1464.62
  71 0.705 21.332 1531.76
  72 0.715 20.73 1533.05
  73 0.725 20.226 1558.72
  74 0.735 19.772 1495.34
  75 0.745 20.078 1467.45
  76 0.755 20.586 1549.43
  77 0.765 21.084 1412.53
  78 0.775 21.234 1429.63
  79 0.785 21.454 1448.77
  80 0.795 21.676 1485.63
  81 0.805 21.746 1435.8
  82 0.815 21.926 1421.59
  83 0.825 21.734 1426.79
  84 0.835 21.748 1399.73
  85 0.845 21.114 1421.17
  86 0.855 20.854 1423.06
  87 0.865 20.07 1467.14
  88 0.875 20.454 1477.6
  89 0.885 20.688 1457.86
  90 0.895 21.358 1405.03
  91 0.905 21.83 1480.92
  92 0.915 21.686 1480.33
  93 0.925 21.964 1453.82
  94 0.935 21.704 1462.91
  95 0.945 21.602 1361.69
  96 0.955 21.524 1346.64
  97 0.965 21.244 1364.66
  98 0.975 20.938 1408.4
  99 0.985 20.33 1417.54
  100 0.995 20.206 1376.65
205000 100 2112
  1 0.005 20.272 1333.68
  2 0.015 20.402 1288.53
  3 0.025 21.084 1249.1
  4 0.035 21.322 1278.91
  5 0.045 21.534 1319.42
  6 0.055 21.566 1361.83
  7 0.065 21.782 1408.79
  8 0.075 21.77 1437.2
  9 0.085 21.78 1435.47
  10 0.095 21.736 1346.49
  11 0.105 21.462 1363.24
  12 0.115 20.972 1388.42
  13 0.125 20.524 1411.73
  14 0.135 20.39 1387.59
  15 0.145 20.518 1430.58
  16 0.155 21.09 1445.64
  17 0.165 21.444 1464.76
  18 0.175 21.764 1517.98
  19 0.185 21.802 1485.58
  20 0.195 21.692 1420.66
  21 0.205 21.628 1461.33
  22 0.215 21.512 1423.39
  23 0.225 21.404 1406.28
  24 0.235 20.844 1493.8
  25 0.245 20.428 1417.5
  26 0.255 19.886 1424.7
  27 0.265 20.166 1453.12
  28 0.275 20.212 1535.63
  29 0.285 20.786 1531.48
  30 0.295 21.154 1499.94
  31 0.305 21.59 1445.68
  32 0.315 21.598 1568.71
  33 0.325 21.682 1688
  34 0.335 21.856 1704.22
  35 0.345 21.79 1658.31
  36 0.355 21.58 1635.76
  37 0.365 21.036 1564.31
  38 0.375 20.246 1566.58
  39 0.385 20.06 1569.32
  40 0.395 20.544 1594.42
  41 0.405 20.994 1645.36
  42 0.415 21.554 1749.27
  43 0.425 21.826 1667.24
  44 0.435 21.72 1612.35
  45 0.445 21.696 1596.52
  46 0.455 21.718 1561.24
  47 0.465 21.25 1658
  48 0.475 20.732 1706.32
  49 0.485 20.226 1796.05
  50 0.495 19.63 1694.15
  51 0.505 20.1 1707.5
  52 0.515 20.196 1727.65
  53 0.525 20.97 1664.89
  54 0.535 21.254 1667.75
  55 0.545 21.446 1577.23
  56 0.555 21.572 1646.03
  57 0.565 21.906 1684.72
  58 0.575 21.68 1699.09
  59 0.585 21.46 1665.62
  60 0.595 21.046 1621.74
  61 0.605 20.5 1634.42
  62 0.615 20.328 1578.01
  63 0.625 20.586 1559.81
  64 0.635 20.896 1621.81
  65 0.645 21.262 1542.36
  66 0.655 21.96 1485.78
  67 0.665 21.788 1559.15
  68 0.675 21.582 1543.99
  69 0.685 21.618 1504.1
  70 0.695 21.418 1490.03
  71 0.705 21.388 1454.33
  72 0.715 20.652 1491.17
  73 0.725 20.312 1565.35
  74 0.735 19.858 1524.11
  75 0.745 20.202 1457.37
  76 0.755 20.406 1531.13
  77 0.765 20.868 1453.24
  78 0.775 21.354 1517.18
  79 0.785 21.488 1436.76
  80 0.795 21.626 1529.58
  81 0.805 21.782 1477.22
  82 0.815 21.87 1455.29
  83 0.825 21.84 1458.51
  84 0.835 21.744 1413.29
  85 0.845 21.076 1536.29
  86 0.855 20.734 1456.45
  87 0.865 19.86 1443.91
  88 0.875 20.246 1509.41
  89 0.885 20.94 1504.98
  90 0.895 21.614 1447.74
  91 0.905 21.71 1439.54
  92 0.915 21.826 1423.28
  93 0.925 21.87 1331.02
  94 0.935 21.644 1374.62
  95 0.945 21.724 1404.45
  96 0.955 21.396 1463.36
  97 0.965 21.056 1465.44
  98 0.975 20.838 1405.48
  99 0.985 20.332 1383.79
  100 0.995 19.922 1379.92
210000 100 2112.000000000001
  1 0.005 19.996 1375.87
  2 0.015 20.61 1330.13
  3 0.025 20.99 1302.84
  4 0.035 21.378 1242.08
  5 0.045 21.692 1292.57
  6 0.055 21.502 1340.6
  7 0.065 21.79 1334.35
  8 0.075 21.704 1377.64
  9 0.085 21.9 1391.55
  10 0.095 21.578 1422.36
  11 0.105 21.434 1392.9
  12 0.115 21.19 1416.33
  13 0.125 20.402 1430.45
  14 0.135 20.468 1392.37
  15 0.145 20.504 1398.81
  16 0.155 20.798 1400.7
  17 0.165 21.722 1398.54
  18 0.175 21.724 1363.31
  19 0.185 21.804 1380.54
  20 0.195 21.856 1403.37
  21 0.205 21.682 1457.78
  22 0.215 21.604 1505.9
  23 0.225 21.35 1521.93
  24 0.235 21.142 1524.78
  25 0.245 20.486 1563.57
  26 0.255 20.042 1580.33
  27 0.265 19.774 1605.28
  28 0.275 20.05 1531.55
  29 0.285 20.648 1613.22
  30 0.295 21.15 1524.38
  31 0.305 21.538 1514.64
  32 0.315 21.58 1510.76
  33 0.325 21.786 1551.19
  34 0.335 21.792 1698.55
  35 0.345 21.766 1649.75
  36 0.355 21.554 1693.91
  37 0.365 20.718 1665.66
  38 0.375 20.03 1642.2
  39 0.385 20.004 1618.96
  40 0.395 20.672 1552.33
  41 0.405 21.368 1557.82
  42 0.415 21.662 1591.32
  43 0.425 21.818 1668.79
  44 0.435 21.662 1687.04
  45 0.445 21.626 1785.42
  46 0.455 21.498 1734.89
  47 0.465 21.142 1757.48
  48 0.475 20.528 1765.48
  49 0.485 20.022 1759.43
  50 0.495 19.764 1715.71
  51 0.505 19.886 1707.72
  52 0.515 20.692 1677.82
  53 0.525 21.106 1669.42
  54 0.535 21.334 1612.43
  55 0.545 21.652 1515.85
  56 0.555 21.668 1533.42
  57 0.565 21.824 1511.34
  58 0.575 21.804 1534.04
  59 0.585 21.57 1467.7
  60 0.595 21.4 1473.59
  61 0.605 20.518 1483.52
  62 0.615 20.008 1591.56
  63 0.625 20.474 1608.66
  64 0.635 20.808 1547.34
  65 0.645 21.368 1612.09
  66 0.655 21.84 1541.37
  67 0.665 21.656 1534.74
  68 0.675 21.854 1495.58
  69 0.685 21.54 1536.34
  70 0.695 21.638 1551.21
  71 0.705 21.246 1518.84
  72 0.715 21.01 1475.96
  73 0.725 20.438 1510.24
  74 0.735 19.852 1512.01
  75 0.745 19.932 1577.25
  76 0.755 20.476 1499.5
  77 0.765 20.584 1493.93
  78 0.775 21.398 1433.04
  79 0.785 21.336 1529.49
  80 0.795 21.58 1522.96
  81 0.805 21.906 1478.54
  82 0.815 21.66 1475.8
  83 0.825 21.862 1536.49
  84 0.835 21.67 1460.59
  85 0.845 21.204 1466.95
  86 0.855 20.548 1433.52
  87 0.865 20.034 1493.41
  88 0.875 20.376 1521.72
  89 0.885 20.78 1544.7
  90 0.895 21.516 1430.08
  91 0.905 21.848 1465.24
  92 0.915 21.818 1464.92
  93 0.925 21.816 1452.04
  94 0.935 21.75 1361.88
  95 0.945 21.6 1312.67
  96 0.955 21.462 1419.11
  97 0.965 21.202 1478.11
  98 0.975 20.626 1537.91
  99 0.985 20.224 1428.91
  100 0.995 20.106 1339.37
215000 100 2112
  1 0.005 20.076 1349.55
  2 0.015 20.612 1311.15
  3 0.025 20.97 1271.5
  4 0.035 21.326 1380.38
  5 0.045 21.542 1307.61
  6 0.055 21.518 1391.03
  7 0.065 21.824 1394.61
  8 0.075 21.684 1388.65
  9 0.085 21.826 1385.91
  10 0.095 21.736 1404.39
  11 0.105 21.302 1471.66
  12 0.115 21.13 1519.38
  13 0.125 20.486 1503.19
  14 0.135 20.158 1435.78
  15 0.145 20.67 1403.61
  16 0.155 20.992 1392.98
  17 0.165 21.576 1410.32
  18 0.175 21.834 1361.11
  19 0.185 21.928 1357.69
  20 0.195 21.712 1400.66
  21 0.205 21.69 1427.97
  22 0.215 21.496 1504.9
  23 0.225 21.422 1508.72
  24 0.235 21.126 1507.3
  25 0.245 20.606 1488.89
  26 0.255 19.914 1461.78
  27 0.265 19.752 1455.17
  28 0.275 20.264 1507.23
  29 0.285 20.722 1458.32
  30 0.295 21.208 1563.73
  31 0.305 21.262 1601.88
  32 0.315 21.646 1551.63
  33 0.325 21.708 1711.52
  34 0.335 21.738 1878.25
  35 0.345 21.742 1796.44
  36 0.355 21.44 1746.56
  37 0.365 20.838 1667.62
  38 0.375 20.052 1603.51
  39 0.385 20.13 1595.4
  40 0.395 20.758 1518.59
  41 0.405 21.228 1584.51
  42 0.415 21.562 1569.47
  43 0.425 21.95 1549.93
  44 0.435 21.794 1544.76
  45 0.445 21.638 1554.11
  46 0.455 21.494 1602.79
  47 0.465 21.31 1707.47
  48 0.475 20.798 1686.33
  49 0.485 20.254 1657.36
  50 0.495 20.074 1645.34
  51 0.505 19.97 1643.95
  52 0.515 20.038 1619.56
  53 0.525 20.762 1681.09
  54 0.535 21.352 1685.9
  55 0.545 21.592 1622.13
  56 0.555 21.608 1594.21
  57 0.565 21.704 1619.13
  58 0.575 21.814 1523.79
  59 0.585 21.65 1552.04
  60 0.595 21.034 1604.52
  61 0.605 20.566 1577.5
  62 0.615 20.542 1577.22
  63 0.625 20.178 1630.31
  64 0.635 20.806 1674.54
  65 0.645 21.408 1772.52
  66 0.655 21.608 1660.2
  67 0.665 21.868 1521.16
  68 0.675 21.744 1556.61
  69 0.685 21.694 1475.72
  70 0.695 21.666 1493.27
  71 0.705 21.104 1535.85
  72 0.715 21.064 1514.31
  73 0.725 20.182 1505.07
  74 0.735 19.818 1531.6
  75 0.745 19.738 1539.24
  76 0.755 20.456 1505.28
  77 0.765 20.894 1572.32
  78 0.775 21.212 1593.83
  79 0.785 21.578 1528.1
  80 0.795 21.676 1553.45
  81 0.805 21.72 1551.82
  82 0.815 21.828 1519.32
  83 0.825 21.83 1537.81
  84 0.835 21.334 1552.8
  85 0.845 20.838 1484.37
  86 0.855 20.48 1460.03
  87 0.865 20.174 1413.41
  88 0.875 20.668 1392.8
  89 0.885 21.224 1365.16
  90 0.895 21.546 1393.49
  91 0.905 21.742 1392.26
  92 0.915 21.896 1402.52
  93 0.925 21.84 1384.45
  94 0.935 21.5 1390
  95 0.945 21.736 1373.52
  96 0.955 21.466 1329.47
  97 0.965 21.258 1366.03
  98 0.975 20.654 1359.51
  99 0.985 20.386 1381.08
  100 0.995 20.036 1337.81
220000 100 2112
  1 0.005 20.222 1336.12
  2 0.015 20.402 1349.66
  3 0.025 20.976 1357.63
  4 0.035 21.33 1379.2
  5 0.045 21.47 1416.23
  6 0.055 21.672 1386.94
  7 0.065 21.658 1442.22
  8 0.075 21.776 1405.69
  9 0.085 21.79 1392.74
  10 0.095 21.73 1377.08
  11 0.105 21.638 1343.09
  12 0.115 20.828 1310.55
  13 0.125 20.6 1343.75
  14 0.135 20.186 1342.19
  15 0.145 20.692 1438.42
  16 0.155 21.156 1462.47
  17 0.165 21.312 1549.75
  18 0.175 21.924 1488.16
  19 0.185 21.682 1553.75
  20 0.195 21.784 1500.67
  21 0.205 21.686 1453.35
  22 0.215 21.456 1464.09
  23 0.225 21.358 1546.4
  24 0.235 20.85 1564.31
  25 0.245 20.6 1542.58
  26 0.255 19.962 1516.88
  27 0.265 19.738 1484.27
  28 0.275 20.292 1530.42
  29 0.285 20.88 1552.94
  30 0.295 21.29 1531.44
  31 0.305 21.386 1607.23
  32 0.315 21.616 1653.19
  33 0.325 21.754 1646.79
  34 0.335 21.752 1592.85
  35 0.345 21.764 1558.39
  36 0.355 21.808 1512
  37 0.365 20.754 1557.57
  38 0.375 20.32 1514.07
  39 0.385 20.226 1566.76
  40 0.395 20.146 1582.05
  41 0.405 21.218 1617.42
  42 0.415 21.766 1531.89
  43 0.425 21.784 1579.5
  44 0.435 21.698 1659.08
  45 0.445 21.68 1709.89
  46 0.455 21.456 1733.99
  47 0.465 21.332 1746.25
  48 0.475 20.854 1768.6
  49 0.485 20.164 1780.12
  50 0.495 19.952 1678.45
  51 0.505 19.882 1719.81
  52 0.515 20.18 1669.59
  53 0.525 20.922 1589.66
  54 0.535 21.344 1631.34
  55 0.545 21.53 1658.68
  56 0.555 21.514 1692.56
  57 0.565 21.852 1602.59
  58 0.575 21.702 1638.04
  59 0.585 21.602 1612.42
  60 0.595 21.458 1468.35
  61 0.605 20.582 1589.97
  62 0.615 20.114 1560.43
  63 0.625 20.23 1565.68
  64 0.635 20.868 1539.57
  65 0.645 21.438 1489.58
  66 0.655 21.67 1498.77
  67 0.665 21.898 1513.89
  68 0.675 21.6 1581.94
  69 0.685 21.736 1626.43
  70 0.695 21.6 1523.73
  71 0.705 21.41 1491.87
  72 0.715 20.804 1468.84
  73 0.725 20.466 1554.38
  74 0.735 19.828 1587.84
  75 0.745 19.776 1631.31
  76 0.755 20.46 1600.52
  77 0.765 20.676 1686.03
  78 0.775 21.248 1587.57
  79 0.785 21.444 1550.6
  80 0.795 21.72 1525.39
  81 0.805 21.74 1465.47
  82 0.815 21.788 1440.72
  83 0.825 21.83 1441.74
  84 0.835 21.474 1470.84
  85 0.845 21.134 1488.28
  86 0.855 20.586 1468.36
  87 0.865 19.77 1516
  88 0.875 20.508 1451.86
  89 0.885 21.196 1397.28
  90 0.895 21.614 1418.65
  91 0.905 21.78 1369.85
  92 0.915 21.776 1353.58
  93 0.925 21.83 1325.59
  94 0.935 21.676 1256.82
  95 0.945 21.672 1292.32
  96 0.955 21.458 1418.78
  97 0.965 20.996 1407.24
  98 0.975 20.892 1384.06
  99 0.985 20.396 1358.13
  100 0.995 19.96 1324.37
225000 100 2111.9999999999995
  1 0.005 19.912 1423.64
  2 0.015 20.304 1465.47
  3 0.025 20.76 1490.08
  4 0.035 21.222 1451.55
  5 0.045 21.626 1445.93
  6 0.055 21.62 1471.37
  7 0.065 21.704 1407.28
  8 0.075 21.808 1390.49
  9 0.085 21.82 1420.4
  10 0.095 21.556 1412.38
  11 0.105 21.232 1350.19
  12 0.115 20.6 1373.1
  13 0.125 20.83 1322.61
  14 0.135 20.184 1381.65
  15 0.145 20.856 1376.55
  16 0.155 21.358 1364.87
  17 0.165 21.452 1423.16
  18 0.175 21.782 1490.91
  19 0.185 21.812 1481.53
  20 0.195 21.728 1592.42
  21 0.205 21.634 1529.71
  22 0.215 21.55 1467.74
  23 0.225 21.308 1355.96
  24 0.235 20.906 1396.59
  25 0.245 20.438 1442.55
  26 0.255 19.816 1520.94
  27 0.265 19.902 1572.18
  28 0.275 20.318 1661.42
  29 0.285 20.824 1622.03
  30 0.295 21.318 1615.78
  31 0.305 21.446 1535.19
  32 0.315 21.646 1562.19
  33 0.325 21.878 1492.31
  34 0.335 21.68 1559.16
  35 0.345 21.746 1551.76
  36 0.355 21.45 1644.62
  37 0.365 20.768 1696.3
  38 0.375 20.256 1698.16
  39 0.385 19.908 1621.44
  40 0.395 20.708 1625.59
  41 0.405 21.364 1562.9
  42 0.415 21.756 1510.22
  43 0.425 21.762 1575.36
  44 0.435 21.84 1607.77
  45 0.445 21.67 1713.62
  46 0.455 21.36 1800.88
  47 0.465 21.328 1711.53
  48 0.475 20.84 1697.57
  49 0.485 20.556 1711.89
  50 0.495 19.692 1681.24
  51 0.505 19.802 1693.47
  52 0.515 20.416 1662.76
  53 0.525 20.898 1585.55
  54 0.535 21.248 1623.07
  55 0.545 21.432 1646.49
  56 0.555 21.802 1606.83
  57 0.565 21.612 1570.81
  58 0.575 21.732 1603.95
  59 0.585 21.74 1580.61
  60 0.595 21.4 1502.25
  61 0.605 20.77 1532.42
  62 0.615 20.308 1509.01
  63 0.625 20.308 1514.06
  64 0.635 20.838 1434.91
  65 0.645 21.088 1575.18
  66 0.655 21.568 1593.75
  67 0.665 21.78 1540.62
  68 0.675 21.756 1552.48
  69 0.685 21.792 1592.2
  70 0.695 21.38 1636.07
  71 0.705 21.51 1643.08
  72 0.715 20.83 1688.09
  73 0.725 20.448 1702.15
  74 0.735 19.682 1565.88
  75 0.745 19.968 1547.28
  76 0.755 20.144 1612.27
  77 0.765 20.764 1578.34
  78 0.775 21.304 1448.33
  79 0.785 21.612 1443.56
  80 0.795 21.602 1496.06
  81 0.805 21.672 1487.01
  82 0.815 21.886 1460
  83 0.825 21.834 1449.52
  84 0.835 21.46 1443.01
  85 0.845 21.096 1531.33
  86 0.855 20.436 1517.85
  87 0.865 20.002 1460.91
  88 0.875 20.55 1429.56
  89 0.885 20.898 1438.04
  90 0.895 21.764 1342.51
  91 0.905 21.78 1345.85
  92 0.915 21.824 1286.72
  93 0.925 21.774 1413.47
  94 0.935 21.796 1345.5
  95 0.945 21.656 1324.81
  96 0.955 21.426 1316.52
  97 0.965 21.336 1367.01
  98 0.975 20.848 1354.34
  99 0.985 20.632 1406.18
  100 0.995 19.962 1370.81
230000 100 2112
  1 0.005 20.1 1328.56
  2 0.015 20.572 1240.69
  3 0.025 20.934 1321.84
  4 0.035 21.29 1306.16
  5 0.045 21.704 1268.3
  6 0.055 21.536 1330.45
  7 0.065 21.688 1312.67
  8 0.075 21.752 1326.72
  9 0.085 21.948 1326.17
  10 0.095 21.762 1399.78
  11 0.105 21.36 1518.61
  12 0.115 20.806 1506.13
  13 0.125 20.578 1523.38
  14 0.135 20.266 1535.93
  15 0.145 20.682 1501.28
  16 0.155 21.09 1508.84
  17 0.165 21.476 1470.32
  18 0.175 21.678 1469.67
  19 0.185 21.842 1400.41
  20 0.195 21.866 1415.06
  21 0.205 21.602 1468.47
  22 0.215 21.318 1522.06
  23 0.225 21.356 1512.56
  24 0.235 20.95 1447.54
  25 0.245 20.502 1489.08
  26 0.255 19.998 1527.97
  27 0.265 19.79 1499.32
  28 0.275 20.272 1597.52
  29 0.285 21.022 1554.83
  30 0.295 21.168 1601.51
  31 0.305 21.418 1695.65
  32 0.315 21.47 1655.75
  33 0.325 21.914 1630.91
  34 0.335 21.792 1641.4
  35 0.345 21.846 1618.74
  36 0.355 21.442 1557.4
  37 0.365 20.664 1539.97
  38 0.375 20.398 1531.93
  39 0.385 20.102 1562.44
  40 0.395 20.424 1617.4
  41 0.405 21.32 1666.55
  42 0.415 21.77 1645
  43 0.425 21.774 1657
  44 0.435 21.834 1593.39
  45 0.445 21.706 1552.01
  46 0.455 21.438 1620.35
  47 0.465 21.422 1636.36
  48 0.475 20.972 1679.02
  49 0.485 20.386 1664.58
  50 0.495 19.928 1677.29
  51 0.505 19.704 1718.25
  52 0.515 20.282 1557.22
  53 0.525 20.728 1613.4
  54 0.535 21.174 1583.59
  55 0.545 21.564 1657.47
  56 0.555 21.508 1631.94
  57 0.565 21.746 1562.39
  58 0.575 21.87 1548.82
  59 0.585 21.452 1631.93
  60 0.595 21.442 1568.51
  61 0.605 20.654 1619.19
  62 0.615 20.234 1577.81
  63 0.625 20.516 1567.73
  64 0.635 20.676 1582.44
  65 0.645 21.27 1560.02
  66 0.655 21.662 1559.6
  67 0.665 21.788 1577.58
  68 0.675 21.746 1607.52
  69 0.685 21.646 1509.98
  70 0.695 21.372 1635.78
  71 0.705 21.216 1679.4
  72 0.715 20.83 1746.31
  73 0.725 20.172 1703.32
  74 0.735 19.88 1641.99
  75 0.745 19.884 1614.43
  76 0.755 20.498 1592.51
  77 0.765 20.85 1569.11
  78 0.775 21.338 1486.04
  79 0.785 21.654 1506.04
  80 0.795 21.572 1521.9
  81 0.805 21.738 1535.73
  82 0.815 21.93 1423.48
  83 0.825 21.756 1376.74
  84 0.835 21.6 1411.77
  85 0.845 21.016 1421.46
  86 0.855 20.668 1364.54
  87 0.865 19.95 1383.08
  88 0.875 20.434 1431.36
  89 0.885 21.094 1411.93
  90 0.895 21.446 1503.21
  91 0.905 21.788 1468.85
  92 0.915 21.9 1478.61
  93 0.925 21.826 1460.88
  94 0.935 21.646 1437.29
  95 0.945 21.6 1386.04
  96 0.955 21.398 1387.59
  97 0.965 21.244 1337.11
  98 0.975 20.816 1333.1
  99 0.985 20.276 1302.78
  100 0.995 20.018 1336.4
235000 100 2112.0000000000005
  1 0.005 19.91 1288.84
  2 0.015 20.456 1279.01
  3 0.025 21.008 1298.29
  4 0.035 21.376 1299.55
  5 0.045 21.506 1354.47
  6 0.055 21.694 1357.71
  7 0.065 21.66 1325.83
  8 0.075 21.836 1352.22
  9 0.085 21.972 1357.06
  10 0.095 21.674 1454.65
  11 0.105 21.572 1452.46
  12 0.115 20.912 1415.87
  13 0.125 20.302 1430.92
  14 0.135 20.27 1427.81
  15 0.145 20.544 1486.46
  16 0.155 21.132 1438.07
  17 0.165 21.58 1415.6
  18 0.175 21.8 1432.75
  19 0.185 21.768 1405.16
  20 0.195 21.778 1502.27
  21 0.205 21.546 1542.18
  22 0.215 21.674 1523.4
  23 0.225 21.218 1532.63
  24 0.235 20.962 1501.81
  25 0.245 20.37 1527.48
  26 0.255 20.162 1557.73
  27 0.265 19.74 1588.95
  28 0.275 20.272 1606.32
  29 0.285 20.736 1624.2
  30 0.295 21.256 1586
  31 0.305 21.462 1627.85
  32 0.315 21.628 1651.41
  33 0.325 21.814 1658.88
  34 0.335 21.746 1604.74
  35 0.345 21.66 1609.05
  36 0.355 21.324 1525.87
  37 0.365 20.69 1512.81
  38 0.375 20.114 1633.62
  39 0.385 20.052 1618.9
  40 0.395 20.73 1646.29
  41 0.405 21.488 1678.54
  42 0.415 21.768 1567.36
  43 0.425 21.814 1582.73
  44 0.435 21.678 1638.37
  45 0.445 21.81 1564.82
  46 0.455 21.386 1555.99
  47 0.465 21.252 1589.98
  48 0.475 20.968 1598.23
  49 0.485 20.164 1653.27
  50 0.495 19.86 1665.21
  51 0.505 19.792 1694.55
  52 0.515 20.302 1684.72
  53 0.525 21.096 1574
  54 0.535 21.282 1579.19
  55 0.545 21.566 1602.96
  56 0.555 21.582 1579.46
  57 0.565 21.852 1611.71
  58 0.575 21.73 1587.03
  59 0.585 21.784 1597.28
  60 0.595 21.386 1565.48
  61 0.605 20.738 1552.54
  62 0.615 20.418 1600.44
  63 0.625 20.118 1580.5
  64 0.635 20.726 1620.35
  65 0.645 21.19 1536.61
  66 0.655 21.692 1601.54
  67 0.665 21.742 1624.67
  68 0.675 21.628 1699.03
  69 0.685 21.73 1627.4
  70 0.695 21.558 1612
  71 0.705 21.244 1706.01
  72 0.715 20.78 1671.97
  73 0.725 20.44 1605.94
  74 0.735 19.908 1594.93
  75 0.745 20.302 1627.45
  76 0.755 20.018 1614.06
  77 0.765 20.62 1557.23
  78 0.775 21.33 1493.41
  79 0.785 21.486 1451.73
  80 0.795 21.728 1544.18
  81 0.805 21.696 1591.12
  82 0.815 21.668 1564.71
  83 0.825 22.024 1501.97
  84 0.835 21.654 1447.18
  85 0.845 20.77 1471.86
  86 0.855 20.754 1410.55
  87 0.865 20.04 1465.58
  88 0.875 20.398 1522.11
  89 0.885 20.908 1446.38
  90 0.895 21.59 1444.16
  91 0.905 21.9 1412.2
  92 0.915 21.752 1413.5
  93 0.925 21.778 1364.92
  94 0.935 21.818 1389.38
  95 0.945 21.54 1405.18
  96 0.955 21.46 1348.57
  97 0.965 21.378 1292.76
  98 0.975 20.898 1380.55
  99 0.985 20.25 1326.61
  100 0.995 19.862 1295.6
240000 100 2112
  1 0.005 19.996 1349.8
  2 0.015 20.492 1312.66
  3 0.025 21.066 1326.27
  4 0.035 21.234 1348.05
  5 0.045 21.53 1344.38
  6 0.055 21.61 1314.19
  7 0.065 21.612 1425.23
  8 0.075 21.812 1426.01
  9 0.085 21.886 1354.03
  10 0.095 21.716 1401.5
  11 0.105 21.516 1340.18
  12 0.115 21.15 1384.92
  13 0.125 20.22 1470.78
  14 0.135 20.358 1465.83
  15 0.145 20.534 1478.75
  16 0.155 21.104 1482.09
  17 0.165 21.594 1477.98
  18 0.175 21.684 1577.37
  19 0.185 21.754 1446.34
  20 0.195 21.732 1477.77
  21 0.205 21.576 1565.85
  22 0.215 21.512 1444.4
  23 0.225 21.506 1443.35
  24 0.235 20.848 1423.29
  25 0.245 20.44 1481.75
  26 0.255 19.856 1537.11
  27 0.265 19.898 1638.86
  28 0.275 20.292 1537.42
  29 0.285 20.906 1571.84
  30 0.295 21.252 1557.54
  31 0.305 21.37 1540
  32 0.315 21.658 1573.89
  33 0.325 21.82 1536.59
  34 0.335 21.702 1573.32
  35 0.345 21.85 1589.98
  36 0.355 21.338 1562.4
  37 0.365 20.912 1568.35
  38 0.375 20.2 1597.56
  39 0.385 20.406 1619.76
  40 0.395 20.364 1661.02
  41 0.405 21.258 1654.83
  42 0.415 21.632 1604.66
  43 0.425 21.828 1593.04
  44 0.435 21.712 1594.8
  45 0.445 21.672 1610.26
  46 0.455 21.624 1671.21
  47 0.465 21.324 1620.64
  48 0.475 21.018 1697.57
  49 0.485 20.334 1638.43
  50 0.495 19.728 1744.59
  51 0.505 19.664 1744.89
  52 0.515 20.162 1832.77
  53 0.525 21.006 1756.39
  54 0.535 21.248 1714.25
  55 0.545 21.43 1700.06
  56 0.555 21.61 1690.65
  57 0.565 21.798 1582.45
  58 0.575 21.818 1618.68
  59 0.585 21.508 1639.73
  60 0.595 21.066 1593.32
  61 0.605 20.706 1576.96
  62 0.615 20.266 1501.2
  63 0.625 20.496 1479.57
  64 0.635 20.616 1525.66
  65 0.645 21.538 1559.94
  66 0.655 21.792 1569.67
  67 0.665 21.736 1616.98
  68 0.675 21.75 1577.81
  69 0.685 21.686 1594.57
  70 0.695 21.474 1641.15
  71 0.705 21.248 1737.54
  72 0.715 20.8 1698.61
  73 0.725 20.22 1614.2
  74 0.735 19.908 1552.7
  75 0.745 19.972 1604.83
  76 0.755 20.428 1561.03
  77 0.765 20.854 1596.49
  78 0.775 21.286 1595.91
  79 0.785 21.472 1497.71
  80 0.795 21.662 1429.95
  81 0.805 21.702 1394.69
  82 0.815 21.932 1378.12
  83 0.825 21.822 1430.92
  84 0.835 21.424 1496.17
  85 0.845 21.238 1382.11
  86 0.855 20.27 1473.49
  87 0.865 20.082 1504.19
  88 0.875 20.45 1449.18
  89 0.885 21.16 1396.98
  90 0.895 21.536 1407.79
  91 0.905 21.854 1392.44
  92 0.915 21.854 1400.16
  93 0.925 21.706 1400.48
  94 0.935 21.68 1366.34
  95 0.945 21.7 1422.59
  96 0.955 21.558 1372.77
  97 0.965 21.304 1390.49
  98 0.975 20.704 1405.88
  99 0.985 20.39 1400.31
  100 0.995 19.978 1345.69
245000 100 2112.0000000000005
  1 0.005 19.814 1374.26
  2 0.015 20.318 1363.41
  3 0.025 20.72 1322.6
  4 0.035 21.324 1329.78
  5 0.045 21.44 1400.16
  6 0.055 21.644 1392.36
  7 0.065 21.646 1393.1
  8 0.075 21.908 1377.7
  9 0.085 21.846 1442.02
  10 0.095 21.674 1435.89
  11 0.105 21.596 1425.44
  12 0.115 21.116 1456.36
  13 0.125 20.57 1537.06
  14 0.135 19.882 1560.45
  15 0.145 20.454 1542.25
  16 0.155 21.252 1520.38
  17 0.165 21.51 1505.09
  18 0.175 21.738 1545.03
  19 0.185 21.794 1621.02
  20 0.195 21.612 1565.86
  21 0.205 21.628 1500.21
  22 0.215 21.58 1453.21
  23 0.225 21.19 1383.56
  24 0.235 21.09 1380.23
  25 0.245 20.248 1411.21
  26 0.255 20.344 1443.32
  27 0.265 19.884 1416.98
  28 0.275 20.31 1449.79
  29 0.285 20.736 1487.71
  30 0.295 21.16 1494.23
  31 0.305 21.614 1529.86
  32 0.315 21.53 1552.9
  33 0.325 21.756 1530.38
  34 0.335 21.794 1560.72
  35 0.345 21.814 1571.27
  36 0.355 21.564 1571.44
  37 0.365 20.934 1606.14
  38 0.375 20.198 1613.96
  39 0.385 20.204 1560.61
  40 0.395 20.546 1576.17
  41 0.405 20.99 1669.02
  42 0.415 21.622 1539.97
  43 0.425 21.824 1568.01
  44 0.435 21.706 1666.38
  45 0.445 21.808 1715.11
  46 0.455 21.572 1694.34
  47 0.465 21.344 1790.49
  48 0.475 20.778 1778.26
  49 0.485 20.268 1800.37
  50 0.495 19.966 1699.38
  51 0.505 19.698 1722.73
  52 0.515 20.132 1755.59
  53 0.525 20.866 1733.71
  54 0.535 21.232 1631.95
  55 0.545 21.522 1593.21
  56 0.555 21.686 1611.96
  57 0.565 21.754 1659.42
  58 0.575 21.94 1567.92
  59 0.585 21.6 1693.29
  60 0.595 21.312 1668.85
  61 0.605 20.316 1656.09
  62 0.615 20.074 1637.21
  63 0.625 20.664 1619.83
  64 0.635 20.56 1655.97
  65 0.645 21.522 1553.89
  66 0.655 21.702 1617.47
  67 0.665 21.808 1538.36
  68 0.675 21.678 1517.16
  69 0.685 21.542 1653.78
  70 0.695 21.6 1657.74
  71 0.705 21.012 1604.09
  72 0.715 20.604 1642.1
  73 0.725 20 1704.69
  74 0.735 19.814 1672.85
  75 0.745 20.06 1629.48
  76 0.755 20.49 1553.76
  77 0.765 21.292 1571.62
  78 0.775 21.312 1620.19
  79 0.785 21.602 1519.05
  80 0.795 21.664 1455.57
  81 0.805 21.768 1423.22
  82 0.815 21.854 1486.92
  83 0.825 21.802 1402.91
  84 0.835 21.396 1475.64
  85 0.845 20.822 1468.41
  86 0.855 20.258 1337.76
  87 0.865 20.556 1326.65
  88 0.875 20.53 1333.03
  89 0.885 21.212 1325.5
  90 0.895 21.538 1385
  91 0.905 21.856 1303.91
  92 0.915 21.896 1268.45
  93 0.925 21.818 1318
  94 0.935 21.656 1399.44
  95 0.945 21.61 1422.18
  96 0.955 21.59 1382.28
  97 0.965 21.338 1382.24
  98 0.975 20.942 1291.97
  99 0.985 20.798 1339.29
  100 0.995 19.842 1358.92
250000 100 2112
  1 0.005 19.752 1387.09
  2 0.015 20.022 1415.58
  3 0.025 20.726 1326.31
  4 0.035 21.306 1380.27
  5 0.045 21.528 1406.7
  6 0.055 21.656 1413.26
  7 0.065 21.626 1507.92
  8 0.075 21.822 1497.24
  9 0.085 21.818 1592.13
  10 0.095 21.756 1590.98
  11 0.105 21.578 1530.41
  12 0.115 20.684 1504.79
  13 0.125 20.652 1433.77
  14 0.135 20.036 1436.36
  15 0.145 20.56 1518.02
  16 0.155 21.202 1505.36
  17 0.165 21.488 1613.6
  18 0.175 21.798 1596.85
  19 0.185 21.74 1562.44
  20 0.195 21.706 1506.12
  21 0.205 21.614 1532.5
  22 0.215 21.598 1486.21
  23 0.225 21.252 1498.35
  24 0.235 20.766 1543.74
  25 0.245 20.442 1473.53
  26 0.255 20.136 1434.28
  27 0.265 20.128 1405.03
  28 0.275 20.242 1427.3
  29 0.285 20.882 1414.95
  30 0.295 21.22 1515.95
  31 0.305 21.492 1514.29
  32 0.315 21.516 1514.67
  33 0.325 21.754 1475.52
  34 0.335 21.936 1547.77
  35 0.345 21.584 1518.08
  36 0.355 21.554 1519.34
  37 0.365 21.124 1525.99
  38 0.375 20.63 1470.12
  39 0.385 20.128 1542.15
  40 0.395 20.258 1484.99
  41 0.405 21.062 1469.84
  42 0.415 21.584 1564.48
  43 0.425 21.59 1635.94
  44 0.435 21.946 1638.8
  45 0.445 21.668 1624.62
  46 0.455 21.568 1744.96
  47 0.465 21.406 1721.44
  48 0.475 21.082 1754.09
  49 0.485 20.428 1788.05
  50 0.495 19.912 1641.4
  51 0.505 19.806 1687.15
  52 0.515 19.984 1693.86
  53 0.525 20.73 1629.47
  54 0.535 21.132 1631.62
  55 0.545 21.5 1612.3
  56 0.555 21.63 1584.83
  57 0.565 21.746 1684.46
  58 0.575 21.776 1740.51
  59 0.585 21.7 1673.91
  60 0.595 21.206 1751.78
  61 0.605 20.38 1861.82
  62 0.615 20.422 1735.58
  63 0.625 20.054 1746.75
  64 0.635 20.688 1720.95
  65 0.645 21.566 1612.6
  66 0.655 21.768 1659.48
  67 0.665 21.746 1675.46
  68 0.675 21.726 1593.91
  69 0.685 21.518 1599.54
  70 0.695 21.568 1552.18
  71 0.705 20.978 1589.84
  72 0.715 20.6 1602.33
  73 0.725 20.076 1645.13
  74 0.735 19.994 1615
  75 0.745 19.936 1599.96
  76 0.755 20.888 1537.48
  77 0.765 20.83 1606.49
  78 0.775 21.474 1515.37
  79 0.785 21.486 1491.04
  80 0.795 21.618 1499.41
  81 0.805 21.762 1487.41
  82 0.815 21.812 1488.85
  83 0.825 21.662 1561.45
  84 0.835 21.208 1522.21
  85 0.845 20.748 1526.09
  86 0.855 20.396 1502.9
  87 0.865 20.336 1457.59
  88 0.875 20.724 1436.92
  89 0.885 21.236 1344.01
  90 0.895 21.87 1303.58
  91 0.905 21.782 1200.99
  92 0.915 21.87 1214.79
  93 0.925 21.872 1210.92
  94 0.935 21.67 1242.77
  95 0.945 21.708 1252.1
  96 0.955 21.62 1178.86
  97 0.965 21.32 1240.15
  98 0.975 21.334 1262.48
  99 0.985 20.524 1353.04
  100 0.995 20.062 1326.2
255000 100 2112
  1 0.005 19.942 1353.49
  2 0.015 20.472 1342.64
  3 0.025 21.044 1323.17
  4 0.035 21.276 1427.62
  5 0.045 21.38 1444.75
  6 0.055 21.672 1436.95
  7 0.065 21.68 1475.61
  8 0.075 21.914 1455.08
  9 0.085 21.62 1522.18
  10 0.095 21.88 1529.91
  11 0.105 21.476 1476.56
  12 0.115 20.826 1462.87
  13 0.125 20.082 1475.51
  14 0.135 20.1 1476.28
  15 0.145 20.744 1468.93
  16 0.155 21.232 1514.7
  17 0.165 21.788 1569.07
  18 0.175 21.742 1608.8
  19 0.185 21.808 1618.36
  20 0.195 21.776 1549.79
  21 0.205 21.496 1615
  22 0.215 21.472 1578.98
  23 0.225 20.996 1519.66
  24 0.235 20.776 1387.41
  25 0.245 20.55 1371.52
  26 0.255 20.08 1452.07
  27 0.265 20.4 1458.14
  28 0.275 20.506 1422.57
  29 0.285 20.78 1455.93
  30 0.295 21.346 1522.18
  31 0.305 21.232 1568.59
  32 0.315 21.674 1457.19
  33 0.325 21.644 1493.7
  34 0.335 21.778 1442.9
  35 0.345 21.634 1475.64
  36 0.355 21.608 1442.46
  37 0.365 21.294 1429.02
  38 0.375 20.612 1537.94
  39 0.385 20.472 1537.41
  40 0.395 20.162 1544.84
  41 0.405 20.882 1538.6
  42 0.415 21.388 1584.48
  43 0.425 21.782 1522.61
  44 0.435 21.69 1591.94
  45 0.445 21.768 1618.12
  46 0.455 21.59 1680.8
  47 0.465 21.458 1668.72
  48 0.475 21.022 1753.01
  49 0.485 20.606 1704.87
  50 0.495 19.934 1682.03
  51 0.505 19.694 1612.1
  52 0.515 20.226 1687.29
  53 0.525 20.484 1743.38
  54 0.535 21.122 1660.59
  55 0.545 21.418 1702.75
  56 0.555 21.79 1700.21
  57 0.565 21.654 1681.91
  58 0.575 21.688 1739.25
  59 0.585 21.776 1715.02
  60 0.595 21.214 1811.76
  61 0.605 20.472 1639.73
  62 0.615 20.044 1670.44
  63 0.625 20.08 1688.27
  64 0.635 21.084 1709.89
  65 0.645 21.382 1678.5
  66 0.655 21.792 1705.33
  67 0.665 21.748 1654.19
  68 0.675 21.676 1695.14
  69 0.685 21.72 1614.79
  70 0.695 21.434 1640.94
  71 0.705 21.208 1637.68
  72 0.715 20.772 1545.85
  73 0.725 20.104 1501.77
  74 0.735 20.042 1523.16
  75 0.745 19.88 1475.34
  76 0.755 20.694 1491.23
  77 0.765 21.054 1472.87
  78 0.775 21.14 1509.99
  79 0.785 21.526 1545.29
  80 0.795 21.596 1597.12
  81 0.805 21.8 1520.15
  82 0.815 21.738 1549.98
  83 0.825 21.396 1609.06
  84 0.835 21.512 1544.54
  85 0.845 21.028 1484.28
  86 0.855 20.374 1560.83
  87 0.865 20.38 1467.78
  88 0.875 20.546 1387.97
  89 0.885 21.228 1335.15
  90 0.895 21.664 1388.87
  91 0.905 21.782 1315.66
  92 0.915 21.696 1351.38
  93 0.925 21.952 1249.62
  94 0.935 21.642 1251.13
  95 0.945 21.614 1223.89
  96 0.955 21.552 1207.76
  97 0.965 21.202 1302.16
  98 0.975 20.84 1306.67
  99 0.985 20.508 1281.8
  100 0.995 19.946 1408.13
260000 100 2112
  1 0.005 20.042 1323.21
  2 0.015 20.366 1334.99
  3 0.025 20.858 1370.31
  4 0.035 21.222 1424.98
  5 0.045 21.524 1466.08
  6 0.055 21.656 1410.84
  7 0.065 21.626 1501.88
  8 0.075 21.852 1493.73
  9 0.085 21.836 1423.38
  10 0.095 21.742 1449.12
  11 0.105 21.418 1446.2
  12 0.115 20.854 1499.81
  13 0.125 20.198 1406.39
  14 0.135 20.3 1360.53
  15 0.145 20.584 1373.2
  16 0.155 21.222 1428.08
  17 0.165 21.638 1461.55
  18 0.175 21.944 1469.63
  19 0.185 21.688 1575.44
  20 0.195 21.802 1440.01
  21 0.205 21.762 1395.66
  22 0.215 21.406 1470.56
  23 0.225 21.236 1490.7
  24 0.235 20.864 1467.35
  25 0.245 20.216 1590.24
  26 0.255 20.272 1572.53
  27 0.265 19.962 1565.1
  28 0.275 20.302 1581.79
  29 0.285 20.848 1588.79
  30 0.295 21.238 1599.89
  31 0.305 21.412 1689.93
  32 0.315 21.616 1559.95
  33 0.325 21.624 1582.4
  34 0.335 21.836 1414.46
  35 0.345 21.712 1423.68
  36 0.355 21.384 1462.52
  37 0.365 20.852 1570.8
  38 0.375 20.638 1512.74
  39 0.385 20.486 1600.41
  40 0.395 20.506 1581.58
  41 0.405 20.974 1576.94
  42 0.415 21.558 1604.88
  43 0.425 21.616 1590.41
  44 0.435 21.888 1641.95
  45 0.445 21.7 1635.57
  46 0.455 21.534 1593.52
  47 0.465 21.39 1646.13
  48 0.475 21.114 1672.03
  49 0.485 20.5 1760.33
  50 0.495 19.878 1702.82
  51 0.505 19.758 1714.63
  52 0.515 20.042 1780.98
  53 0.525 20.67 1772.11
  54 0.535 21.112 1642.97
  55 0.545 21.612 1631.21
  56 0.555 21.638 1582.08
  57 0.565 21.71 1675.1
  58 0.575 21.828 1706.26
  59 0.585 21.638 1715.27
  60 0.595 21.476 1677.36
  61 0.605 20.414 1725.77
  62 0.615 20.256 1689.27
  63 0.625 19.938 1719.03
  64 0.635 20.872 1648.06
  65 0.645 21.392 1643.48
  66 0.655 21.792 1540.09
  67 0.665 21.828 1567.76
  68 0.675 21.744 1645.49
  69 0.685 21.6 1623.88
  70 0.695 21.446 1599.16
  71 0.705 21.364 1576.89
  72 0.715 20.63 1571.91
  73 0.725 20.226 1602.88
  74 0.735 20.046 1626.4
  75 0.745 19.9 1692.59
  76 0.755 20.292 1593.77
  77 0.765 21.008 1548.13
  78 0.775 21.252 1602.09
  79 0.785 21.53 1603.97
  80 0.795 21.654 1520.57
  81 0.805 21.696 1525.76
  82 0.815 21.824 1481.1
  83 0.825 21.688 1510.6
  84 0.835 21.44 1423.48
  85 0.845 20.834 1430.12
  86 0.855 20.714 1348.01
  87 0.865 20.498 1373.41
  88 0.875 20.396 1363.36
  89 0.885 21.178 1312.22
  90 0.895 21.46 1311.86
  91 0.905 21.824 1357.3
  92 0.915 21.784 1375.66
  93 0.925 21.87 1292.61
  94 0.935 21.66 1346.9
  95 0.945 21.722 1383.44
  96 0.955 21.48 1398.17
  97 0.965 21.314 1403.72
  98 0.975 20.884 1374.76
  99 0.985 20.414 1377.44
  100 0.995 19.956 1345.37
265000 100 2112
  1 0.005 19.754 1402.57
  2 0.015 20.402 1422.06
  3 0.025 20.9 1367.25
  4 0.035 21.326 1364.05
  5 0.045 21.434 1394.35
  6 0.055 21.676 1423.31
  7 0.065 21.66 1454.1
  8 0.075 21.922 1476.18
  9 0.085 21.728 1527.6
  10 0.095 21.75 1549.78
  11 0.105 21.322 1468.41
  12 0.115 20.81 1409.51
  13 0.125 20.26 1360.52
  14 0.135 20.104 1332.03
  15 0.145 20.862 1401.1
  16 0.155 21.294 1420.05
  17 0.165 21.61 1431.84
  18 0.175 21.88 1439.73
  19 0.185 21.718 1431.93
  20 0.195 21.798 1478.38
  21 0.205 21.622 1525.15
  22 0.215 21.452 1473.34
  23 0.225 21.396 1431.82
  24 0.235 20.514 1556.49
  25 0.245 20.186 1523.74
  26 0.255 20.008 1536.17
  27 0.265 20.104 1559.47
  28 0.275 20.36 1565.03
  29 0.285 21.09 1616.15
  30 0.295 21.13 1562.68
  31 0.305 21.604 1517.17
  32 0.315 21.652 1529.4
  33 0.325 21.744 1561.23
  34 0.335 21.782 1519.69
  35 0.345 21.538 1587.7
  36 0.355 21.318 1576.19
  37 0.365 20.79 1559.58
  38 0.375 20.482 1566.47
  39 0.385 20.484 1619.86
  40 0.395 20.61 1579.8
  41 0.405 21.25 1676.69
  42 0.415 21.48 1601.92
  43 0.425 21.856 1632.38
  44 0.435 21.74 1634.12
  45 0.445 21.608 1588.08
  46 0.455 21.62 1659.5
  47 0.465 21.346 1599.05
  48 0.475 20.964 1631.04
  49 0.485 20.508 1682.3
  50 0.495 19.808 1622.33
  51 0.505 19.806 1708.47
  52 0.515 20.106 1775.49
  53 0.525 20.748 1713.42
  54 0.535 21.438 1667.17
  55 0.545 21.432 1666.42
  56 0.555 21.54 1641.53
  57 0.565 21.664 1686.29
  58 0.575 21.842 1679.48
  59 0.585 21.736 1622.98
  60 0.595 21.306 1688.39
  61 0.605 20.832 1607.53
  62 0.615 20.136 1619.54
  63 0.625 20.376 1624.22
  64 0.635 20.528 1615.05
  65 0.645 21.418 1616.21
  66 0.655 21.618 1633.7
  67 0.665 21.926 1603.97
  68 0.675 21.688 1558.53
  69 0.685 21.658 1558.32
  70 0.695 21.682 1551.85
  71 0.705 21.196 1593.54
  72 0.715 20.856 1639.15
  73 0.725 20.45 1635.1
  74 0.735 19.982 1590.24
  75 0.745 20.144 1696.23
  76 0.755 20.07 1638.97
  77 0.765 20.602 1620.64
  78 0.775 21.21 1646.02
  79 0.785 21.57 1671.26
  80 0.795 21.626 1707.97
  81 0.805 21.594 1618.73
  82 0.815 21.726 1514.24
  83 0.825 21.74 1423.22
  84 0.835 21.31 1473.6
  85 0.845 21.2 1344.5
  86 0.855 20.696 1303.67
  87 0.865 20.392 1313.17
  88 0.875 20.766 1278.09
  89 0.885 20.926 1316.47
  90 0.895 21.232 1282.62
  91 0.905 21.862 1307.38
  92 0.915 21.698 1347.38
  93 0.925 21.886 1369.98
  94 0.935 21.852 1400.68
  95 0.945 21.564 1401.33
  96 0.955 21.564 1370.35
  97 0.965 21.224 1390.99
  98 0.975 21.008 1405.66
  99 0.985 20.544 1471.67
  100 0.995 19.774 1439.27
270000 100 2112
  1 0.005 19.908 1326.78
  2 0.015 20.42 1360.45
  3 0.025 20.9 1386.15
  4 0.035 21.212 1327.58
  5 0.045 21.52 1461.69
  6 0.055 21.594 1442.08
  7 0.065 21.758 1489.1
  8 0.075 21.812 1460.69
  9 0.085 21.85 1463.97
  10 0.095 21.624 1447.22
  11 0.105 21.324 1418.19
  12 0.115 20.982 1412.59
  13 0.125 20.142 1418.79
  14 0.135 20.328 1463.82
  15 0.145 20.724 1472.7
  16 0.155 21.194 1509.31
  17 0.165 21.776 1499.91
  18 0.175 21.7 1535.37
  19 0.185 21.746 1510.68
  20 0.195 21.766 1557.4
  21 0.205 21.592 1469.64
  22 0.215 21.35 1478.68
  23 0.225 21.202 1417.97
  24 0.235 20.646 1406.4
  25 0.245 20.284 1480.69
  26 0.255 20.144 1526.06
  27 0.265 20.124 1517.06
  28 0.275 20.536 1476.63
  29 0.285 20.82 1543.38
  30 0.295 21.382 1546.73
  31 0.305 21.472 1563.2
  32 0.315 21.548 1451.41
  33 0.325 21.796 1511.81
  34 0.335 21.836 1630.05
  35 0.345 21.55 1664.21
  36 0.355 21.136 1590.58
  37 0.365 20.822 1602.54
  38 0.375 20.422 1607.15
  39 0.385 20.948 1491.71
  40 0.395 20.546 1522.85
  41 0.405 21.048 1607.88
  42 0.415 21.424 1597.12
  43 0.425 21.856 1588.24
  44 0.435 21.714 1609.25
  45 0.445 21.64 1638.32
  46 0.455 21.722 1676.38
  47 0.465 21.182 1699.49
  48 0.475 21.078 1697.05
  49 0.485 20.172 1726.76
  50 0.495 20.082 1737.21
  51 0.505 19.676 1713.71
  52 0.515 20.014 1720.18
  53 0.525 20.996 1687.3
  54 0.535 21.296 1647.07
  55 0.545 21.538 1632.01
  56 0.555 21.582 1538.08
  57 0.565 21.726 1529.38
  58 0.575 21.852 1542.02
  59 0.585 21.77 1492.29
  60 0.595 21.434 1556.66
  61 0.605 20.92 1637.53
  62 0.615 20.356 1634.16
  63 0.625 19.894 1664.53
  64 0.635 20.596 1620.81
  65 0.645 21.352 1693.4
  66 0.655 21.578 1631.69
  67 0.665 21.774 1634.17
  68 0.675 21.752 1609.65
  69 0.685 21.612 1617.03
  70 0.695 21.63 1589.58
  71 0.705 21.052 1696.85
  72 0.715 20.936 1714.77
  73 0.725 20.222 1729.09
  74 0.735 20.09 1639.37
  75 0.745 20.172 1605.81
  76 0.755 20.076 1589.61
  77 0.765 20.966 1560.7
  78 0.775 21.206 1566.82
  79 0.785 21.41 1596.61
  80 0.795 21.698 1534.66
  81 0.805 21.774 1462.39
  82 0.815 21.618 1466.98
  83 0.825 21.688 1532.65
  84 0.835 21.562 1457.07
  85 0.845 21.088 1430.39
  86 0.855 20.738 1414.42
  87 0.865 20.318 1459.35
  88 0.875 20.632 1453.37
  89 0.885 20.786 1463.84
  90 0.895 21.358 1415.55
  91 0.905 21.828 1364.95
  92 0.915 21.818 1396.23
  93 0.925 21.786 1465.49
  94 0.935 21.72 1374.62
  95 0.945 21.632 1422.78
  96 0.955 21.572 1364.65
  97 0.965 21.188 1405.93
  98 0.975 20.888 1424.3
  99 0.985 20.494 1322.58
  100 0.995 19.982 1389.32
275000 100 2112.0000000000005
  1 0.005 20 1327.23
  2 0.015 20.452 1355.72
  3 0.025 20.712 1372.03
  4 0.035 21.194 1365.05
  5 0.045 21.458 1392.86
  6 0.055 21.594 1401.95
  7 0.065 21.786 1504.61
  8 0.075 21.684 1473.72
  9 0.085 21.866 1399.12
  10 0.095 21.708 1497.98
  11 0.105 21.292 1511.29
  12 0.115 20.862 1460.82
  13 0.125 20.202 1511.02
  14 0.135 20.218 1418.55
  15 0.145 20.798 1428.75
  16 0.155 21.104 1477.95
  17 0.165 21.786 1468.41
  18 0.175 21.794 1476.01
  19 0.185 21.852 1440.47
  20 0.195 21.636 1477.13
  21 0.205 21.676 1429.36
  22 0.215 21.344 1562.21
  23 0.225 21.154 1589.59
  24 0.235 20.682 1556.92
  25 0.245 20.184 1576.14
  26 0.255 20.134 1572.58
  27 0.265 20.234 1600.58
  28 0.275 20.51 1564.89
  29 0.285 20.922 1556.95
  30 0.295 21.176 1500.67
  31 0.305 21.564 1509.22
  32 0.315 21.596 1558.03
  33 0.325 21.696 1581.42
  34 0.335 21.778 1598.41
  35 0.345 21.358 1630.23
  36 0.355 21.236 1638.16
  37 0.365 20.826 1703.07
  38 0.375 20.58 1661.96
  39 0.385 20.352 1749.03
  40 0.395 20.764 1655.54
  41 0.405 21.206 1500.59
  42 0.415 21.594 1578.62
  43 0.425 21.836 1630.63
  44 0.435 21.69 1659.27
  45 0.445 21.626 1611.96
  46 0.455 21.59 1512.75
  47 0.465 21.176 1582.19
  48 0.475 20.78 1612.61
  49 0.485 20.552 1608.23
  50 0.495 19.71 1594.51
  51 0.505 19.962 1683.49
  52 0.515 20.338 1725.04
  53 0.525 20.83 1680.23
  54 0.535 21.376 1647.81
  55 0.545 21.376 1629.08
  56 0.555 21.692 1556.55
  57 0.565 21.834 1542.51
  58 0.575 21.834 1589.99
  59 0.585 21.718 1622.4
  60 0.595 21.432 1630.08
  61 0.605 20.796 1620.84
  62 0.615 19.91 1594.01
  63 0.625 20.504 1539.74
  64 0.635 20.49 1563.57
  65 0.645 21.524 1538.64
  66 0.655 21.536 1586.87
  67 0.665 21.714 1573
  68 0.675 21.812 1600.07
  69 0.685 21.668 1625.28
  70 0.695 21.624 1593.67
  71 0.705 21.19 1600.32
  72 0.715 20.922 1631.24
  73 0.725 20.358 1690.76
  74 0.735 20.202 1640.53
  75 0.745 19.946 1685.22
  76 0.755 20.312 1626.79
  77 0.765 20.716 1628.63
  78 0.775 21.136 1562.12
  79 0.785 21.276 1576.89
  80 0.795 21.792 1546.4
  81 0.805 21.586 1567.8
  82 0.815 21.856 1580.81
  83 0.825 21.53 1546.23
  84 0.835 21.74 1426.44
  85 0.845 21.094 1397.53
  86 0.855 20.832 1430.66
  87 0.865 20.57 1416.67
  88 0.875 20.57 1461.87
  89 0.885 20.966 1440.54
  90 0.895 21.108 1445.89
  91 0.905 21.616 1410.21
  92 0.915 21.598 1436.74
  93 0.925 21.84 1418.13
  94 0.935 21.8 1424.87
  95 0.945 21.658 1406.09
  96 0.955 21.306 1417.95
  97 0.965 21.302 1351.16
  98 0.975 21.072 1336.48
  99 0.985 20.332 1340.23
  100 0.995 20.28 1299
280000 100 2112
  1 0.005 20.31 1346.17
  2 0.015 20.472 1346.48
  3 0.025 21.086 1375.48
  4 0.035 21.212 1363.54
  5 0.045 21.612 1280.57
  6 0.055 21.522 1254.36
  7 0.065 21.884 1307.52
  8 0.075 21.8 1325.47
  9 0.085 21.8 1413.06
  10 0.095 21.794 1371.29
  11 0.105 21.426 1365.71
  12 0.115 21.066 1396.81
  13 0.125 20.246 1486.43
  14 0.135 20.33 1467.08
  15 0.145 20.544 1458.61
  16 0.155 21.222 1515.01
  17 0.165 21.504 1521.14
  18 0.175 21.736 1548.42
  19 0.185 21.786 1472.16
  20 0.195 21.7 1546.09
  21 0.205 21.634 1603.8
  22 0.215 21.496 1453.8
  23 0.225 21.4 1478.43
  24 0.235 20.984 1551.6
  25 0.245 20.29 1566.02
  26 0.255 20.228 1594.83
  27 0.265 19.91 1573.39
  28 0.275 20.408 1603.9
  29 0.285 20.496 1638.35
  30 0.295 21.348 1550.11
  31 0.305 21.466 1482.41
  32 0.315 21.688 1458.24
  33 0.325 21.63 1592.83
  34 0.335 21.748 1650.39
  35 0.345 21.626 1646.23
  36 0.355 21.36 1615.32
  37 0.365 20.98 1641.02
  38 0.375 20.79 1627.42
  39 0.385 20.236 1635.78
  40 0.395 20.548 1532.09
  41 0.405 21.09 1580.9
  42 0.415 21.438 1603.9
  43 0.425 21.606 1576.12
  44 0.435 21.824 1631.13
  45 0.445 21.608 1553.87
  46 0.455 21.656 1577.01
  47 0.465 21.328 1629.59
  48 0.475 20.88 1657.36
  49 0.485 20.474 1764.46
  50 0.495 19.928 1744.84
  51 0.505 19.806 1658.97
  52 0.515 20.08 1660.87
  53 0.525 20.856 1621.64
  54 0.535 21.074 1666.62
  55 0.545 21.638 1663
  56 0.555 21.672 1689.46
  57 0.565 21.604 1641.74
  58 0.575 21.786 1619.95
  59 0.585 21.796 1612.82
  60 0.595 20.998 1658.6
  61 0.605 20.754 1674.5
  62 0.615 20.146 1628.15
  63 0.625 20.3 1658.22
  64 0.635 20.646 1646.84
  65 0.645 21.516 1663.29
  66 0.655 21.768 1589.48
  67 0.665 21.804 1591.13
  68 0.675 21.722 1678.4
  69 0.685 21.612 1689.87
  70 0.695 21.514 1599.45
  71 0.705 21.316 1479.62
  72 0.715 20.912 1509.07
  73 0.725 20.262 1546.01
  74 0.735 19.988 1562.04
  75 0.745 20.086 1587.16
  76 0.755 20.29 1610.59
  77 0.765 20.704 1554.65
  78 0.775 21.3 1527.25
  79 0.785 21.59 1589.81
  80 0.795 21.494 1595.49
  81 0.805 21.73 1476.01
  82 0.815 21.726 1572.74
  83 0.825 21.624 1577.18
  84 0.835 21.236 1570.1
  85 0.845 21.114 1467.27
  86 0.855 20.58 1520.55
  87 0.865 20.514 1490.87
  88 0.875 20.744 1398.63
  89 0.885 21.104 1450.83
  90 0.895 21.538 1436.42
  91 0.905 21.366 1413.1
  92 0.915 21.878 1448.33
  93 0.925 21.684 1400.93
  94 0.935 21.742 1367.44
  95 0.945 21.59 1399.55
  96 0.955 21.37 1476.16
  97 0.965 21.056 1441.85
  98 0.975 20.648 1407.23
  99 0.985 20.352 1416.99
  100 0.995 20.22 1318.1
285000 100 2112
  1 0.005 20.266 1354.13
  2 0.015 20.59 1336.49
  3 0.025 20.686 1395.17
  4 0.035 21.434 1321.66
  5 0.045 21.37 1394.47
  6 0.055 21.51 1381.46
  7 0.065 21.774 1319.65
  8 0.075 21.692 1363.06
  9 0.085 21.878 1461.72
  10 0.095 21.862 1470.96
  11 0.105 21.574 1522.77
  12 0.115 20.982 1524.88
  13 0.125 20.536 1426.95
  14 0.135 20.258 1481.27
  15 0.145 20.246 1582.97
  16 0.155 21.132 1418
  17 0.165 21.53 1461.28
  18 0.175 21.738 1500.76
  19 0.185 21.744 1518.77
  20 0.195 21.858 1440.47
  21 0.205 21.672 1431.32
  22 0.215 21.522 1463.14
  23 0.225 21.272 1547.83
  24 0.235 21.088 1567.36
  25 0.245 20.406 1553.87
  26 0.255 20.124 1556.36
  27 0.265 20.008 1590.13
  28 0.275 20.282 1577.91
  29 0.285 20.588 1655.21
  30 0.295 20.956 1627.97
  31 0.305 21.526 1645.92
  32 0.315 21.764 1635.78
  33 0.325 21.696 1619.15
  34 0.335 21.522 1570.71
  35 0.345 21.536 1530.03
  36 0.355 21.37 1474.83
  37 0.365 21.114 1524.74
  38 0.375 20.854 1541.09
  39 0.385 20.388 1521.77
  40 0.395 20.818 1537.85
  41 0.405 20.816 1581.15
  42 0.415 21.348 1575.67
  43 0.425 21.544 1626.59
  44 0.435 21.838 1705.43
  45 0.445 21.544 1714.7
  46 0.455 21.504 1664.06
  47 0.465 21.546 1621.59
  48 0.475 20.834 1662.13
  49 0.485 20.426 1707.84
  50 0.495 19.85 1765.46
  51 0.505 20.064 1747.69
  52 0.515 20.116 1828.54
  53 0.525 20.712 1802.07
  54 0.535 21.086 1799.66
  55 0.545 21.424 1745.83
  56 0.555 21.696 1670.36
  57 0.565 21.812 1620.69
  58 0.575 21.764 1665.7
  59 0.585 21.716 1670.28
  60 0.595 20.95 1623.38
  61 0.605 20.648 1593.68
  62 0.615 20.188 1648.71
  63 0.625 20.454 1693.88
  64 0.635 20.774 1680.12
  65 0.645 21.452 1689.82
  66 0.655 21.58 1664.68
  67 0.665 21.816 1596.19
  68 0.675 21.756 1550.32
  69 0.685 21.452 1586.73
  70 0.695 21.442 1573.14
  71 0.705 21.16 1596.99
  72 0.715 20.512 1589.68
  73 0.725 20.112 1562.16
  74 0.735 19.858 1484.23
  75 0.745 20.24 1564.5
  76 0.755 20.608 1588.06
  77 0.765 20.982 1565.76
  78 0.775 21.296 1427.13
  79 0.785 21.854 1464.82
  80 0.795 21.498 1496.31
  81 0.805 21.87 1475.26
  82 0.815 21.582 1488.66
  83 0.825 21.526 1461.9
  84 0.835 21.352 1481.43
  85 0.845 20.772 1495.14
  86 0.855 20.998 1514.68
  87 0.865 20.634 1444.83
  88 0.875 20.838 1498.01
  89 0.885 20.994 1465.02
  90 0.895 21.316 1450.56
  91 0.905 21.676 1420.51
  92 0.915 21.812 1393
  93 0.925 21.75 1277.82
  94 0.935 21.718 1299.82
  95 0.945 21.524 1314.18
  96 0.955 21.53 1327.91
  97 0.965 21.168 1401.35
  98 0.975 20.728 1432.38
  99 0.985 20.682 1389.68
  100 0.995 20.092 1346.05
290000 100 2112.0000000000005
  1 0.005 20.208 1303.58
  2 0.015 20.536 1359.67
  3 0.025 20.78 1335.7
  4 0.035 21.4 1368.41
  5 0.045 21.344 1461.13
  6 0.055 21.524 1494.93
  7 0.065 21.736 1448.51
  8 0.075 21.896 1383.35
  9 0.085 21.792 1363.79
  10 0.095 21.718 1471.97
  11 0.105 21.522 1457.94
  12 0.115 21.102 1473.19
  13 0.125 20.536 1434.56
  14 0.135 20.352 1475.58
  15 0.145 20.59 1427.16
  16 0.155 20.864 1418.36
  17 0.165 21.426 1403.19
  18 0.175 21.642 1453.11
  19 0.185 21.908 1522.22
  20 0.195 21.766 1499.75
  21 0.205 21.62 1552.51
  22 0.215 21.644 1455
  23 0.225 21.392 1407.18
  24 0.235 21.046 1437.53
  25 0.245 20.602 1586.97
  26 0.255 20.026 1558.12
  27 0.265 20.046 1531.63
  28 0.275 20.344 1573.02
  29 0.285 20.468 1615.4
  30 0.295 20.956 1669.35
  31 0.305 21.382 1557.56
  32 0.315 21.602 1543.01
  33 0.325 21.788 1569.21
  34 0.335 21.58 1652.65
  35 0.345 21.794 1620.26
  36 0.355 21.248 1648.42
  37 0.365 21.058 1551.9
  38 0.375 20.89 1470.92
  39 0.385 20.432 1517.08
  40 0.395 20.588 1463.29
  41 0.405 20.996 1590.43
  42 0.415 21.362 1558.74
  43 0.425 21.584 1574.4
  44 0.435 21.764 1550.13
  45 0.445 21.686 1607.48
  46 0.455 21.6 1681.26
  47 0.465 21.184 1767.27
  48 0.475 21.102 1801.17
  49 0.485 20.496 1890.31
  50 0.495 19.912 1858.84
  51 0.505 19.732 1867.94
  52 0.515 19.974 1759.06
  53 0.525 20.714 1837.19
  54 0.535 21.132 1782.66
  55 0.545 21.502 1688.62
  56 0.555 21.71 1722.06
  57 0.565 21.82 1715.63
  58 0.575 21.642 1668.76
  59 0.585 21.506 1680.46
  60 0.595 20.99 1578.21
  61 0.605 20.47 1621.45
  62 0.615 20.344 1655.42
  63 0.625 20.326 1714.26
  64 0.635 20.92 1715.12
  65 0.645 21.458 1645.31
  66 0.655 21.898 1656.74
  67 0.665 21.74 1525.74
  68 0.675 21.71 1557.45
  69 0.685 21.676 1513.17
  70 0.695 21.458 1554.16
  71 0.705 21.172 1599.67
  72 0.715 20.39 1647.78
  73 0.725 20.22 1651.82
  74 0.735 19.838 1688.77
  75 0.745 19.96 1647.3
  76 0.755 20.692 1514.64
  77 0.765 21.02 1495.51
  78 0.775 21.306 1464.87
  79 0.785 21.788 1470.47
  80 0.795 21.682 1538.09
  81 0.805 21.598 1530.42
  82 0.815 21.762 1504.58
  83 0.825 21.61 1435.85
  84 0.835 21.204 1412.99
  85 0.845 20.666 1521.82
  86 0.855 20.622 1542.32
  87 0.865 20.74 1451.93
  88 0.875 20.844 1461.23
  89 0.885 20.984 1426.23
  90 0.895 21.528 1408.18
  91 0.905 21.716 1383.59
  92 0.915 21.878 1382.23
  93 0.925 21.628 1358.34
  94 0.935 21.876 1308.76
  95 0.945 21.514 1345.14
  96 0.955 21.45 1311.82
  97 0.965 21.266 1300.12
  98 0.975 20.83 1280.5
  99 0.985 20.494 1348.56
  100 0.995 20.166 1349.99
295000 100 2112
  1 0.005 20.208 1320.34
  2 0.015 20.43 1328.11
  3 0.025 21.082 1310.65
  4 0.035 21.224 1337.01
  5 0.045 21.562 1331.09
  6 0.055 21.626 1351.23
  7 0.065 21.702 1430.1
  8 0.075 21.802 1393.32
  9 0.085 21.764 1391.64
  10 0.095 21.59 1383.35
  11 0.105 21.452 1418.55
  12 0.115 21.004 1469.21
  13 0.125 20.666 1501.9
  14 0.135 20.196 1545.02
  15 0.145 20.596 1467.75
  16 0.155 21.048 1503.82
  17 0.165 21.642 1413.55
  18 0.175 21.798 1430.27
  19 0.185 21.71 1435.19
  20 0.195 21.874 1387.43
  21 0.205 21.61 1348.37
  22 0.215 21.37 1468.06
  23 0.225 21.318 1430.21
  24 0.235 21.156 1492.92
  25 0.245 20.116 1600.31
  26 0.255 20.238 1602.89
  27 0.265 19.99 1636.73
  28 0.275 20.348 1594.47
  29 0.285 20.722 1614.37
  30 0.295 21.122 1564.41
  31 0.305 21.534 1553.81
  32 0.315 21.53 1587.05
  33 0.325 21.796 1538.91
  34 0.335 21.728 1536.58
  35 0.345 21.778 1534.76
  36 0.355 21.524 1510.18
  37 0.365 21.196 1563.84
  38 0.375 20.578 1603.97
  39 0.385 20.41 1593.88
  40 0.395 20.57 1536.72
  41 0.405 20.75 1508.5
  42 0.415 21.332 1606.31
  43 0.425 21.73 1564.58
  44 0.435 21.662 1639.45
  45 0.445 21.72 1620.85
  46 0.455 21.636 1661.57
  47 0.465 21.184 1838.64
  48 0.475 20.914 1854.54
  49 0.485 20.282 1925.57
  50 0.495 20.09 1927.04
  51 0.505 19.714 1908.72
  52 0.515 20.304 1904.15
  53 0.525 20.622 1815.15
  54 0.535 21.142 1857.6
  55 0.545 21.534 1727.24
  56 0.555 21.644 1728.03
  57 0.565 21.716 1755.6
  58 0.575 21.798 1690.05
  59 0.585 21.446 1585.26
  60 0.595 21.152 1577.58
  61 0.605 20.558 1571.52
  62 0.615 20.36 1506.23
  63 0.625 20.632 1534.66
  64 0.635 20.586 1637.15
  65 0.645 21.53 1577.67
  66 0.655 21.76 1513.75
  67 0.665 21.642 1613.77
  68 0.675 21.738 1628.15
  69 0.685 21.712 1599.87
  70 0.695 21.288 1575.89
  71 0.705 21.258 1589.15
  72 0.715 20.832 1582.47
  73 0.725 20.048 1600.48
  74 0.735 20.092 1570.96
  75 0.745 20.166 1520.44
  76 0.755 20.376 1608.74
  77 0.765 20.918 1647.14
  78 0.775 21.252 1660.21
  79 0.785 21.528 1534.14
  80 0.795 21.706 1432.4
  81 0.805 21.692 1446.67
  82 0.815 21.942 1470.87
  83 0.825 21.674 1547.61
  84 0.835 21.474 1563.64
  85 0.845 21.042 1558.13
  86 0.855 20.578 1467.11
  87 0.865 20.424 1443.21
  88 0.875 20.394 1465.85
  89 0.885 20.954 1527.58
  90 0.895 21.508 1494.03
  91 0.905 21.662 1494.8
  92 0.915 21.906 1503
  93 0.925 21.736 1417.64
  94 0.935 21.604 1400.56
  95 0.945 21.68 1358.87
  96 0.955 21.46 1313.95
  97 0.965 21.112 1311.29
  98 0.975 20.794 1324.81
  99 0.985 20.244 1274.81
  100 0.995 20.156 1247.91
300000 100 2112
  1 0.005 20.038 1193.23
  2 0.015 20.518 1249.65
  3 0.025 20.908 1287.03
  4 0.035 21.154 1358.96
  5 0.045 21.45 1354.6
  6 0.055 21.58 1459.31
  7 0.065 21.716 1421.05
  8 0.075 21.828 1437.6
  9 0.085 21.834 1491.76
  10 0.095 21.476 1501.71
  11 0.105 21.188 1454.67
  12 0.115 20.744 1491.08
  13 0.125 20.41 1499.77
  14 0.135 20.724 1547.53
  15 0.145 20.902 1491.93
  16 0.155 21.004 1491.21
  17 0.165 21.622 1432.31
  18 0.175 21.746 1409.35
  19 0.185 21.88 1421.82
  20 0.195 21.628 1499.63
  21 0.205 21.572 1493.73
  22 0.215 21.372 1492.51
  23 0.225 21.348 1503.72
  24 0.235 20.832 1516.54
  25 0.245 20.37 1525.78
  26 0.255 20.192 1517.14
  27 0.265 20.034 1529.31
  28 0.275 20.346 1496.99
  29 0.285 20.87 1598.84
  30 0.295 21.068 1561.69
  31 0.305 21.604 1538.34
  32 0.315 21.59 1589.12
  33 0.325 21.692 1542.75
  34 0.335 21.864 1510.59
  35 0.345 21.632 1606.33
  36 0.355 21.43 1541.14
  37 0.365 20.756 1571.98
  38 0.375 20.84 1548.91
  39 0.385 20.062 1560.49
  40 0.395 20.94 1542.67
  41 0.405 20.736 1593.78
  42 0.415 21.672 1645.82
  43 0.425 21.77 1624.86
  44 0.435 21.682 1671.87
  45 0.445 21.756 1615.29
  46 0.455 21.508 1646.6
  47 0.465 21.584 1647.83
  48 0.475 20.97 1759.43
  49 0.485 20.538 1733.2
  50 0.495 20.084 1757.93
  51 0.505 19.856 1799.65
  52 0.515 20.088 1865.26
  53 0.525 20.388 1890.59
  54 0.535 21.178 1799.64
  55 0.545 21.404 1859.73
  56 0.555 21.458 1779.18
  57 0.565 21.914 1725.63
  58 0.575 21.64 1755.85
  59 0.585 21.446 1712.24
  60 0.595 21.248 1668.44
  61 0.605 20.564 1664.18
  62 0.615 20.29 1617.46
  63 0.625 20.506 1638.59
  64 0.635 20.946 1586.31
  65 0.645 21.314 1540.65
  66 0.655 21.716 1504.63
  67 0.665 21.744 1603.84
  68 0.675 21.77 1503.6
  69 0.685 21.596 1483.34
  70 0.695 21.57 1563.53
  71 0.705 21.182 1578.18
  72 0.715 21.006 1560.86
  73 0.725 20.214 1621.15
  74 0.735 19.954 1672.34
  75 0.745 20.164 1642.87
  76 0.755 20.24 1587.48
  77 0.765 20.854 1569.8
  78 0.775 21.142 1566.01
  79 0.785 21.472 1536.13
  80 0.795 21.636 1548.7
  81 0.805 21.794 1519.39
  82 0.815 21.712 1586.32
  83 0.825 21.752 1602.48
  84 0.835 21.372 1496.73
  85 0.845 20.958 1477.75
  86 0.855 20.582 1492.38
  87 0.865 20.35 1454.88
  88 0.875 20.606 1403.83
  89 0.885 20.958 1426.87
  90 0.895 21.386 1475.34
  91 0.905 21.88 1521.26
  92 0.915 21.816 1453.31
  93 0.925 21.772 1405.31
  94 0.935 21.726 1392.2
  95 0.945 21.622 1384.74
  96 0.955 21.524 1313.59
  97 0.965 21.09 1315.18
  98 0.975 20.884 1339.12
  99 0.985 20.466 1255.59
  100 0.995 20.186 1249.03
305000 100 2112
  1 0.005 20.272 1316.65
  2 0.015 20.496 1295.2
  3 0.025 20.964 1318.33
  4 0.035 21.392 1334.25
  5 0.045 21.472 1350.03
  6 0.055 21.652 1387.11
  7 0.065 21.692 1394.64
  8 0.075 21.862 1407.72
  9 0.085 21.778 1454.59
  10 0.095 21.522 1526.76
  11 0.105 21.228 1497.54
  12 0.115 21.002 1496.11
  13 0.125 20.63 1420.74
  14 0.135 20.66 1401.37
  15 0.145 20.684 1393.86
  16 0.155 20.912 1422.99
  17 0.165 21.506 1420.28
  18 0.175 21.666 1436.19
  19 0.185 21.806 1414.84
  20 0.195 21.742 1447.05
  21 0.205 21.742 1466.82
  22 0.215 21.36 1427.73
  23 0.225 21.354 1439.6
  24 0.235 20.98 1439.09
  25 0.245 20.47 1516.37
  26 0.255 20.244 1601.2
  27 0.265 19.832 1715.62
  28 0.275 20.298 1643.67
  29 0.285 20.678 1609.01
  30 0.295 21.038 1623.82
  31 0.305 21.554 1667.01
  32 0.315 21.65 1610.92
  33 0.325 21.618 1636.93
  34 0.335 21.814 1567.39
  35 0.345 21.722 1559.63
  36 0.355 21.266 1644.19
  37 0.365 21.016 1629.4
  38 0.375 20.404 1540.67
  39 0.385 20.398 1530.82
  40 0.395 20.574 1530.8
  41 0.405 21.038 1546.74
  42 0.415 21.478 1563.15
  43 0.425 21.94 1683.43
  44 0.435 21.602 1709.8
  45 0.445 21.642 1718.75
  46 0.455 21.682 1701.82
  47 0.465 21 1786.14
  48 0.475 21.09 1772
  49 0.485 20.118 1683.4
  50 0.495 20.096 1752.05
  51 0.505 19.978 1715.68
  52 0.515 20.15 1815.39
  53 0.525 20.896 1754.27
  54 0.535 21.148 1752.31
  55 0.545 21.408 1734.92
  56 0.555 21.778 1684.75
  57 0.565 21.664 1692.31
  58 0.575 21.746 1606.82
  59 0.585 21.694 1516.34
  60 0.595 20.952 1577.1
  61 0.605 20.674 1664.63
  62 0.615 20.79 1585.64
  63 0.625 20.282 1538.51
  64 0.635 20.872 1527.72
  65 0.645 21.342 1505
  66 0.655 21.472 1595.26
  67 0.665 21.68 1644.83
  68 0.675 21.714 1696.9
  69 0.685 21.624 1690.2
  70 0.695 21.456 1606.8
  71 0.705 21.236 1593.35
  72 0.715 20.766 1616.62
  73 0.725 20.452 1588.17
  74 0.735 20.132 1687.89
  75 0.745 20.19 1635.23
  76 0.755 20.2 1699.65
  77 0.765 20.786 1622.76
  78 0.775 21.224 1687
  79 0.785 21.386 1685.57
  80 0.795 21.75 1693.79
  81 0.805 21.646 1613.28
  82 0.815 21.796 1581.3
  83 0.825 21.61 1534.82
  84 0.835 21.388 1504.48
  85 0.845 20.966 1445.32
  86 0.855 20.326 1452.2
  87 0.865 20.396 1456.35
  88 0.875 20.696 1504.34
  89 0.885 21.12 1425.58
  90 0.895 21.504 1347.68
  91 0.905 21.812 1363.06
  92 0.915 21.796 1337.03
  93 0.925 21.816 1320.01
  94 0.935 21.72 1283.98
  95 0.945 21.536 1366.69
  96 0.955 21.482 1337.3
  97 0.965 21.174 1355.22
  98 0.975 20.816 1365.07
  99 0.985 20.12 1389.75
  100 0.995 20.202 1315.64
310000 100 2111.9999999999995
  1 0.005 20.152 1326.8
  2 0.015 20.42 1381.21
  3 0.025 20.8 1420.31
  4 0.035 21.354 1412.35
  5 0.045 21.46 1497.18
  6 0.055 21.494 1484.97
  7 0.065 21.764 1407.04
  8 0.075 21.714 1338.62
  9 0.085 21.722 1393.48
  10 0.095 21.43 1443.32
  11 0.105 21.196 1406.87
  12 0.115 21.11 1448.75
  13 0.125 20.93 1410.52
  14 0.135 20.666 1499.35
  15 0.145 20.854 1424.06
  16 0.155 20.854 1384.6
  17 0.165 21.256 1429.64
  18 0.175 21.676 1492.38
  19 0.185 21.812 1457.89
  20 0.195 21.712 1490.75
  21 0.205 21.75 1471.78
  22 0.215 21.49 1490.72
  23 0.225 21.39 1433.15
  24 0.235 20.846 1481.73
  25 0.245 20.622 1465.01
  26 0.255 20.142 1507.54
  27 0.265 20.174 1541.84
  28 0.275 20.16 1540.75
  29 0.285 20.606 1594.07
  30 0.295 21.032 1572.03
  31 0.305 21.542 1673.74
  32 0.315 21.368 1574.89
  33 0.325 21.902 1566.76
  34 0.335 21.714 1567.45
  35 0.345 21.64 1513.07
  36 0.355 21.702 1584.04
  37 0.365 20.746 1601.17
  38 0.375 20.47 1601.39
  39 0.385 20.204 1664.03
  40 0.395 20.792 1602.61
  41 0.405 21.004 1574.12
  42 0.415 21.46 1694.68
  43 0.425 21.62 1673.91
  44 0.435 21.804 1665.78
  45 0.445 21.634 1679.4
  46 0.455 21.642 1718.89
  47 0.465 21.124 1801.04
  48 0.475 20.864 1869.15
  49 0.485 20.394 1831.23
  50 0.495 19.748 1821.66
  51 0.505 19.998 1812.79
  52 0.515 20.064 1811.2
  53 0.525 21.044 1679.96
  54 0.535 21.22 1618.17
  55 0.545 21.518 1633.71
  56 0.555 21.636 1641.59
  57 0.565 21.816 1696.89
  58 0.575 21.598 1632.94
  59 0.585 21.386 1602.97
  60 0.595 21.102 1582.91
  61 0.605 20.658 1559.47
  62 0.615 20.626 1628.18
  63 0.625 20.432 1581.35
  64 0.635 21.174 1493.2
  65 0.645 21.176 1593.24
  66 0.655 21.504 1655.5
  67 0.665 21.624 1600.53
  68 0.675 21.896 1546.87
  69 0.685 21.552 1654.28
  70 0.695 21.338 1664.94
  71 0.705 21.314 1640.17
  72 0.715 20.552 1688.16
  73 0.725 20.186 1737.62
  74 0.735 20.054 1825.87
  75 0.745 20.032 1752.98
  76 0.755 20.33 1613.16
  77 0.765 21.084 1491.73
  78 0.775 21.302 1562.62
  79 0.785 21.538 1553.45
  80 0.795 21.68 1500.12
  81 0.805 21.856 1447.56
  82 0.815 21.844 1461.75
  83 0.825 21.614 1447.29
  84 0.835 21.464 1470.11
  85 0.845 20.906 1502.35
  86 0.855 20.356 1541.66
  87 0.865 20.502 1517.21
  88 0.875 20.612 1522.51
  89 0.885 20.996 1443.7
  90 0.895 21.588 1408.81
  91 0.905 21.788 1439.64
  92 0.915 21.724 1375.9
  93 0.925 21.826 1339.82
  94 0.935 21.814 1317.38
  95 0.945 21.474 1392.01
  96 0.955 21.504 1313.11
  97 0.965 21.446 1351.38
  98 0.975 20.736 1319.82
  99 0.985 20.32 1308.32
  100 0.995 20.234 1334.52
315000 100 2111.9999999999995
  1 0.005 20.042 1465.02
  2 0.015 20.276 1386.55
  3 0.025 20.796 1430.48
  4 0.035 21.18 1476.11
  5 0.045 21.57 1440.91
  6 0.055 21.598 1414.33
  7 0.065 21.726 1430.55
  8 0.075 21.772 1394.79
  9 0.085 21.806 1347.68
  10 0.095 21.662 1319.61
  11 0.105 21.378 1356.46
  12 0.115 21.052 1407.6
  13 0.125 20.728 1390.13
  14 0.135 20.596 1406.58
  15 0.145 20.54 1346.27
  16 0.155 21.132 1354.31
  17 0.165 21.274 1405.42
  18 0.175 21.63 1530.7
  19 0.185 21.692 1585.08
  20 0.195 21.744 1563.35
  21 0.205 21.62 1615.66
  22 0.215 21.46 1514.85
  23 0.225 21.33 1468.12
  24 0.235 21.076 1472.95
  25 0.245 20.582 1573.9
  26 0.255 20.434 1547.28
  27 0.265 19.766 1585.41
  28 0.275 20.256 1653.65
  29 0.285 20.604 1712.04
  30 0.295 21.174 1637.59
  31 0.305 21.21 1586.75
  32 0.315 21.762 1544.15
  33 0.325 21.788 1526.17
  34 0.335 21.64 1522.35
  35 0.345 21.75 1500.65
  36 0.355 21.692 1570.43
  37 0.365 21.22 1549.99
  38 0.375 20.582 1562.26
  39 0.385 20.308 1619.94
  40 0.395 20.44 1551.01
  41 0.405 20.67 1583.52
  42 0.415 21.358 1598.73
  43 0.425 21.678 1651.89
  44 0.435 21.862 1785.94
  45 0.445 21.594 1812.26
  46 0.455 21.326 1885.82
  47 0.465 21.3 1847.92
  48 0.475 20.592 1869.41
  49 0.485 20.326 1876.71
  50 0.495 19.666 1770.55
  51 0.505 19.942 1726.88
  52 0.515 20.55 1635.45
  53 0.525 20.99 1643.82
  54 0.535 21.292 1630.14
  55 0.545 21.516 1631.35
  56 0.555 21.656 1638.58
  57 0.565 21.722 1653.61
  58 0.575 21.738 1652.99
  59 0.585 21.47 1671.25
  60 0.595 20.606 1650.47
  61 0.605 20.758 1647.1
  62 0.615 20.572 1614.45
  63 0.625 20.694 1589.99
  64 0.635 20.92 1522.91
  65 0.645 21.38 1559.17
  66 0.655 21.486 1603.41
  67 0.665 21.75 1569.89
  68 0.675 21.656 1622.24
  69 0.685 21.464 1689.53
  70 0.695 21.248 1642.23
  71 0.705 20.834 1622.64
  72 0.715 20.822 1638.77
  73 0.725 20.358 1551.44
  74 0.735 20.268 1630.97
  75 0.745 20.19 1577.55
  76 0.755 20.72 1590.47
  77 0.765 20.766 1624.58
  78 0.775 21.316 1522.99
  79 0.785 21.548 1595.88
  80 0.795 21.77 1554.22
  81 0.805 21.702 1578.05
  82 0.815 21.906 1479.4
  83 0.825 21.748 1495.29
  84 0.835 21.502 1509.71
  85 0.845 20.658 1506.54
  86 0.855 20.628 1502.22
  87 0.865 20.182 1476.36
  88 0.875 20.662 1421.34
  89 0.885 21.182 1410.45
  90 0.895 21.532 1416.35
  91 0.905 21.732 1388.3
  92 0.915 21.86 1382.29
  93 0.925 21.884 1378.64
  94 0.935 21.606 1396.03
  95 0.945 21.63 1401.56
  96 0.955 21.604 1262.27
  97 0.965 21.316 1225.12
  98 0.975 20.966 1331.42
  99 0.985 20.446 1415.71
  100 0.995 19.992 1479.7
320000 100 2112
  1 0.005 20.05 1370.87
  2 0.015 20.472 1338.7
  3 0.025 20.976 1398.19
  4 0.035 21.154 1424.79
  5 0.045 21.38 1406.86
  6 0.055 21.642 1396.97
  7 0.065 21.588 1360.9
  8 0.075 21.708 1361.7
  9 0.085 21.902 1361.83
  10 0.095 21.71 1335.23
  11 0.105 21.456 1380.96
  12 0.115 20.97 1353.32
  13 0.125 20.858 1415.97
  14 0.135 20.546 1411.89
  15 0.145 20.416 1399.84
  16 0.155 21.072 1377.82
  17 0.165 21.292 1438.5
  18 0.175 21.67 1491.96
  19 0.185 21.734 1537.05
  20 0.195 21.64 1539.54
  21 0.205 21.64 1579.15
  22 0.215 21.61 1568.51
  23 0.225 21.278 1725.17
  24 0.235 20.884 1637.33
  25 0.245 20.628 1600.82
  26 0.255 20.254 1547.11
  27 0.265 19.848 1625.2
  28 0.275 20.02 1695.71
  29 0.285 20.838 1608.93
  30 0.295 21.164 1571.6
  31 0.305 21.37 1652.2
  32 0.315 21.53 1599.2
  33 0.325 21.792 1471.9
  34 0.335 21.896 1443.77
  35 0.345 21.666 1488.02
  36 0.355 21.722 1565.47
  37 0.365 20.998 1630.73
  38 0.375 20.232 1650.14
  39 0.385 20.318 1650.19
  40 0.395 20.332 1707.99
  41 0.405 21.06 1757.07
  42 0.415 21.544 1810.82
  43 0.425 21.672 1745.4
  44 0.435 21.792 1712.03
  45 0.445 21.592 1745.35
  46 0.455 21.494 1721.53
  47 0.465 21.308 1752.81
  48 0.475 20.752 1670.62
  49 0.485 20.174 1774.63
  50 0.495 19.9 1817.82
  51 0.505 19.826 1705.39
  52 0.515 20.376 1675.88
  53 0.525 21.076 1646.2
  54 0.535 21.258 1656.46
  55 0.545 21.436 1686.2
  56 0.555 21.614 1585.06
  57 0.565 21.906 1596.38
  58 0.575 21.57 1601.25
  59 0.585 21.828 1562.92
  60 0.595 20.89 1656.17
  61 0.605 20.494 1659.22
  62 0.615 20.154 1620.9
  63 0.625 20.546 1617.52
  64 0.635 21.156 1624.97
  65 0.645 21.494 1668.26
  66 0.655 21.486 1581.29
  67 0.665 21.67 1622.98
  68 0.675 21.82 1578.92
  69 0.685 21.59 1541.13
  70 0.695 21.28 1578.86
  71 0.705 21.046 1581.92
  72 0.715 20.916 1508.67
  73 0.725 20.418 1510.87
  74 0.735 20.324 1592.46
  75 0.745 19.898 1643.01
  76 0.755 20.418 1677.1
  77 0.765 20.832 1658.94
  78 0.775 21.196 1542.97
  79 0.785 21.628 1571.28
  80 0.795 21.572 1651.67
  81 0.805 21.692 1676.99
  82 0.815 21.784 1646.21
  83 0.825 21.59 1499.03
  84 0.835 21.416 1420.91
  85 0.845 20.93 1428.14
  86 0.855 20.35 1418.67
  87 0.865 20.492 1413.76
  88 0.875 20.7 1394.69
  89 0.885 21.034 1371.25
  90 0.895 21.644 1319.95
  91 0.905 21.862 1328.89
  92 0.915 21.758 1407.32
  93 0.925 21.798 1409.49
  94 0.935 21.784 1427.3
  95 0.945 21.694 1399.27
  96 0.955 21.32 1442.91
  97 0.965 21.212 1417.33
  98 0.975 21.078 1342.41
  99 0.985 20.584 1370.45
  100 0.995 20.016 1403.95
325000 100 2112.0000000000005
  1 0.005 20.162 1369.63
  2 0.015 20.762 1263.54
  3 0.025 20.998 1315.55
  4 0.035 21.448 1267.89
  5 0.045 21.67 1310.01
  6 0.055 21.494 1339.76
  7 0.065 21.882 1321.61
  8 0.075 21.744 1322.09
  9 0.085 21.846 1327.54
  10 0.095 21.84 1380.66
  11 0.105 21.346 1446.58
  12 0.115 20.838 1387.24
  13 0.125 20.85 1437.99
  14 0.135 20.56 1421.51
  15 0.145 20.89 1408.3
  16 0.155 20.742 1468.68
  17 0.165 21.244 1381.97
  18 0.175 21.496 1354.45
  19 0.185 21.994 1426.99
  20 0.195 21.622 1512.12
  21 0.205 21.768 1473.91
  22 0.215 21.514 1500.39
  23 0.225 21.408 1526.57
  24 0.235 20.874 1670.11
  25 0.245 20.604 1700.34
  26 0.255 20.01 1680.22
  27 0.265 19.964 1624.18
  28 0.275 19.984 1599.37
  29 0.285 20.782 1602.93
  30 0.295 21.19 1535.59
  31 0.305 21.368 1571.68
  32 0.315 21.592 1480.19
  33 0.325 21.748 1540.84
  34 0.335 21.878 1505.24
  35 0.345 21.734 1510.86
  36 0.355 21.474 1653.83
  37 0.365 20.782 1695.21
  38 0.375 20.218 1647.75
  39 0.385 20.13 1707.66
  40 0.395 20.708 1719.15
  41 0.405 21.22 1754.74
  42 0.415 21.608 1751.68
  43 0.425 21.69 1715.97
  44 0.435 21.756 1700.61
  45 0.445 21.568 1663.62
  46 0.455 21.56 1697.25
  47 0.465 21.02 1739.61
  48 0.475 20.882 1699.44
  49 0.485 20.198 1721.76
  50 0.495 20.014 1608.33
  51 0.505 19.79 1728.72
  52 0.515 20.444 1655.76
  53 0.525 21.08 1607.18
  54 0.535 21.138 1622.02
  55 0.545 21.784 1686.2
  56 0.555 21.478 1692.17
  57 0.565 21.834 1652.72
  58 0.575 21.692 1694.38
  59 0.585 21.524 1676.71
  60 0.595 21.082 1737.3
  61 0.605 20.47 1704.92
  62 0.615 20.288 1664.94
  63 0.625 20.54 1668.27
  64 0.635 21.24 1671.07
  65 0.645 21.144 1661.39
  66 0.655 21.66 1633.45
  67 0.665 21.718 1636.27
  68 0.675 21.772 1652.02
  69 0.685 21.558 1631.61
  70 0.695 21.43 1503.54
  71 0.705 21.316 1503.87
  72 0.715 20.814 1492.04
  73 0.725 20.608 1449.04
  74 0.735 20.03 1503.8
  75 0.745 20.038 1548.64
  76 0.755 20.298 1563.44
  77 0.765 20.718 1596.33
  78 0.775 21.136 1546.83
  79 0.785 21.48 1542.66
  80 0.795 21.862 1543.12
  81 0.805 21.648 1626.64
  82 0.815 21.722 1628.89
  83 0.825 21.716 1535.26
  84 0.835 21.656 1498.37
  85 0.845 21.006 1469.95
  86 0.855 20.268 1496.94
  87 0.865 20.476 1467.05
  88 0.875 20.424 1478.32
  89 0.885 20.858 1513.2
  90 0.895 21.69 1473.38
  91 0.905 21.726 1482.32
  92 0.915 21.866 1412.36
  93 0.925 21.67 1500.13
  94 0.935 21.676 1461.6
  95 0.945 21.68 1428.56
  96 0.955 21.346 1464.78
  97 0.965 21.148 1408.67
  98 0.975 20.842 1441.66
  99 0.985 19.99 1484.76
  100 0.995 19.952 1398.58
330000 100 2112
  1 0.005 20.154 1361.13
  2 0.015 20.762 1346.49
  3 0.025 21.048 1375.91
  4 0.035 21.094 1441.78
  5 0.045 21.624 1452.2
  6 0.055 21.546 1443.39
  7 0.065 21.802 1454.84
  8 0.075 21.668 1452.23
  9 0.085 21.862 1391.11
  10 0.095 21.652 1417.53
  11 0.105 21.334 1347.94
  12 0.115 20.626 1435.18
  13 0.125 20.654 1413.2
  14 0.135 20.42 1357.64
  15 0.145 20.924 1395.91
  16 0.155 20.974 1435.94
  17 0.165 21.636 1373.33
  18 0.175 21.688 1395.07
  19 0.185 21.892 1344.04
  20 0.195 21.744 1429.08
  21 0.205 21.554 1491.06
  22 0.215 21.502 1543.63
  23 0.225 21.258 1578.9
  24 0.235 20.89 1593.18
  25 0.245 20.594 1572.47
  26 0.255 20.326 1566.02
  27 0.265 20.074 1547.2
  28 0.275 20.25 1495.17
  29 0.285 20.634 1547.64
  30 0.295 21.02 1569.72
  31 0.305 21.416 1596.65
  32 0.315 21.472 1708.69
  33 0.325 21.876 1672.48
  34 0.335 21.79 1660.03
  35 0.345 21.718 1685.4
  36 0.355 21.424 1629.77
  37 0.365 21.004 1643.15
  38 0.375 20.254 1706.32
  39 0.385 20.08 1733.77
  40 0.395 20.684 1738.21
  41 0.405 20.844 1718
  42 0.415 21.772 1597.03
  43 0.425 21.768 1590.29
  44 0.435 21.868 1600.21
  45 0.445 21.55 1697.8
  46 0.455 21.554 1701.88
  47 0.465 21.078 1717.41
  48 0.475 20.736 1817.99
  49 0.485 20.306 1737.69
  50 0.495 19.878 1772.42
  51 0.505 20.116 1611.43
  52 0.515 20.252 1675.66
  53 0.525 21.094 1646.39
  54 0.535 21.078 1665.05
  55 0.545 21.692 1711.6
  56 0.555 21.492 1697.89
  57 0.565 21.734 1670.26
  58 0.575 21.758 1685.25
  59 0.585 21.646 1733.47
  60 0.595 21.118 1583.14
  61 0.605 20.492 1563.95
  62 0.615 20.264 1574.67
  63 0.625 20.774 1499.58
  64 0.635 20.96 1551.84
  65 0.645 21.104 1608.89
  66 0.655 21.64 1621.5
  67 0.665 21.89 1648.38
  68 0.675 21.504 1677.59
  69 0.685 21.664 1623.15
  70 0.695 21.354 1611.26
  71 0.705 21.29 1645.29
  72 0.715 20.984 1686.75
  73 0.725 20.326 1681.72
  74 0.735 20.182 1699.98
  75 0.745 20.004 1655.2
  76 0.755 20.258 1629.43
  77 0.765 20.8 1555.96
  78 0.775 21.322 1539.84
  79 0.785 21.532 1530.13
  80 0.795 21.528 1508.18
  81 0.805 21.742 1483.93
  82 0.815 21.88 1368.03
  83 0.825 21.656 1367.81
  84 0.835 21.852 1281.98
  85 0.845 21.166 1368.35
  86 0.855 20.632 1480.86
  87 0.865 20.344 1522.85
  88 0.875 20.3 1512.29
  89 0.885 20.782 1539.13
  90 0.895 21.394 1536.8
  91 0.905 21.616 1558.26
  92 0.915 21.826 1533.28
  93 0.925 21.772 1541.16
  94 0.935 21.638 1523.2
  95 0.945 21.666 1437.52
  96 0.955 21.356 1358.88
  97 0.965 21.328 1334.53
  98 0.975 20.61 1327.85
  99 0.985 20.118 1323.8
  100 0.995 20.192 1403.6
335000 100 2112.0000000000005
  1 0.005 20.224 1406.27
  2 0.015 20.302 1395.32
  3 0.025 20.99 1500.02
  4 0.035 21.122 1455.87
  5 0.045 21.52 1403.43
  6 0.055 21.38 1483.44
  7 0.065 21.744 1501.47
  8 0.075 21.728 1517.05
  9 0.085 21.736 1589.26
  10 0.095 21.418 1443.91
  11 0.105 21.28 1411.43
  12 0.115 20.358 1357.48
  13 0.125 20.558 1369.91
  14 0.135 20.75 1426.88
  15 0.145 20.974 1431.09
  16 0.155 21.27 1401.29
  17 0.165 21.558 1406.1
  18 0.175 21.6 1406.42
  19 0.185 21.838 1454.51
  20 0.195 21.62 1429.11
  21 0.205 21.61 1462.46
  22 0.215 21.468 1490.28
  23 0.225 20.976 1557.7
  24 0.235 20.942 1468.66
  25 0.245 20.392 1528.66
  26 0.255 20.33 1533.5
  27 0.265 20.254 1527.41
  28 0.275 20.384 1540.3
  29 0.285 20.856 1583.79
  30 0.295 21.036 1664.77
  31 0.305 21.466 1540.32
  32 0.315 21.638 1514.41
  33 0.325 21.812 1590
  34 0.335 21.758 1666.97
  35 0.345 21.708 1657.65
  36 0.355 21.538 1658.93
  37 0.365 20.904 1749.92
  38 0.375 20.324 1757.22
  39 0.385 20.354 1726.95
  40 0.395 20.228 1860.49
  41 0.405 21.396 1695.43
  42 0.415 21.516 1695.62
  43 0.425 21.678 1680.95
  44 0.435 21.754 1627.52
  45 0.445 21.734 1636.29
  46 0.455 21.576 1706.5
  47 0.465 21.002 1811.32
  48 0.475 20.818 1731.1
  49 0.485 20.49 1737.64
  50 0.495 19.97 1798.6
  51 0.505 20.114 1750.08
  52 0.515 20.408 1659.84
  53 0.525 20.69 1649.74
  54 0.535 21.266 1546.08
  55 0.545 21.294 1685.97
  56 0.555 21.822 1597.13
  57 0.565 21.606 1673.15
  58 0.575 21.696 1644.8
  59 0.585 21.404 1624.68
  60 0.595 21.194 1645.98
  61 0.605 20.664 1558.2
  62 0.615 20.394 1542.69
  63 0.625 20.71 1564.73
  64 0.635 20.986 1601.92
  65 0.645 21.13 1590.52
  66 0.655 21.562 1572.82
  67 0.665 21.596 1621.19
  68 0.675 21.792 1661.43
  69 0.685 21.648 1629.65
  70 0.695 21.34 1632.58
  71 0.705 21.222 1633.05
  72 0.715 20.77 1633.52
  73 0.725 20.526 1589.02
  74 0.735 20.154 1588.64
  75 0.745 20.034 1537.79
  76 0.755 20.336 1588.66
  77 0.765 20.806 1551.49
  78 0.775 21.108 1638.73
  79 0.785 21.592 1599.25
  80 0.795 21.574 1527.35
  81 0.805 21.74 1458
  82 0.815 21.766 1493.17
  83 0.825 21.756 1457.03
  84 0.835 21.58 1567.42
  85 0.845 21.138 1441.31
  86 0.855 20.456 1541.35
  87 0.865 20.29 1464.27
  88 0.875 20.56 1450.72
  89 0.885 20.882 1475.37
  90 0.895 21.394 1432.87
  91 0.905 21.812 1427.77
  92 0.915 21.81 1372.96
  93 0.925 21.882 1372.43
  94 0.935 21.638 1430.43
  95 0.945 21.58 1376.51
  96 0.955 21.568 1367.95
  97 0.965 21.108 1392.45
  98 0.975 20.94 1361.01
  99 0.985 20.456 1352.04
  100 0.995 20.324 1426.41
340000 100 2111.9999999999995
  1 0.005 20.086 1422.37
  2 0.015 20.616 1328.27
  3 0.025 21.026 1315.99
  4 0.035 21.198 1311.43
  5 0.045 21.332 1422.03
  6 0.055 21.508 1496.02
  7 0.065 21.654 1488.84
  8 0.075 21.82 1560.34
  9 0.085 21.836 1550.62
  10 0.095 21.48 1541.73
  11 0.105 21.282 1508.27
  12 0.115 20.818 1421.5
  13 0.125 20.472 1372.29
  14 0.135 20.206 1420.32
  15 0.145 21.022 1372.32
  16 0.155 21.148 1372.51
  17 0.165 21.596 1437.43
  18 0.175 21.72 1423.94
  19 0.185 21.874 1398.06
  20 0.195 21.76 1379.44
  21 0.205 21.66 1402.46
  22 0.215 21.476 1440
  23 0.225 21.184 1510.59
  24 0.235 20.998 1485.25
  25 0.245 20.542 1571.98
  26 0.255 20.032 1590.04
  27 0.265 20.188 1567.08
  28 0.275 20.474 1575.88
  29 0.285 20.526 1570.86
  30 0.295 21.116 1605.51
  31 0.305 21.328 1689.72
  32 0.315 21.56 1664.93
  33 0.325 21.87 1623.76
  34 0.335 21.692 1619.67
  35 0.345 21.808 1586.97
  36 0.355 21.538 1691.52
  37 0.365 20.8 1641.81
  38 0.375 20.33 1701.31
  39 0.385 20.116 1670.91
  40 0.395 20.51 1613
  41 0.405 21.268 1682.64
  42 0.415 21.54 1686.39
  43 0.425 21.722 1778.16
  44 0.435 21.774 1847.21
  45 0.445 21.612 1746.58
  46 0.455 21.382 1776.12
  47 0.465 21.236 1722.48
  48 0.475 20.776 1768.66
  49 0.485 20.246 1810.92
  50 0.495 20.194 1771.18
  51 0.505 20.072 1757.66
  52 0.515 20.672 1688.8
  53 0.525 20.812 1775.2
  54 0.535 21.06 1822.54
  55 0.545 21.47 1742.23
  56 0.555 21.464 1710.08
  57 0.565 21.778 1650.84
  58 0.575 21.484 1727.63
  59 0.585 21.69 1550.67
  60 0.595 20.826 1518.82
  61 0.605 20.746 1481.9
  62 0.615 20.546 1580.44
  63 0.625 20.53 1591.31
  64 0.635 20.962 1546.79
  65 0.645 21.232 1504.56
  66 0.655 21.59 1533.54
  67 0.665 21.836 1579.52
  68 0.675 21.702 1535.99
  69 0.685 21.63 1591.17
  70 0.695 21.518 1554.72
  71 0.705 21.252 1523.88
  72 0.715 20.87 1586.3
  73 0.725 20.332 1562.55
  74 0.735 20.06 1572.22
  75 0.745 19.874 1552.13
  76 0.755 20.436 1540.49
  77 0.765 20.808 1555.54
  78 0.775 21.268 1496.65
  79 0.785 21.468 1527.3
  80 0.795 21.682 1519.3
  81 0.805 21.646 1593.39
  82 0.815 21.792 1524.29
  83 0.825 21.81 1527.18
  84 0.835 21.32 1527.32
  85 0.845 21.022 1548.27
  86 0.855 20.198 1589.63
  87 0.865 20.28 1509.96
  88 0.875 20.728 1548.04
  89 0.885 21.198 1404.61
  90 0.895 21.486 1451.54
  91 0.905 21.816 1404.05
  92 0.915 21.782 1292.76
  93 0.925 21.91 1320.47
  94 0.935 21.652 1440.46
  95 0.945 21.538 1430.61
  96 0.955 21.55 1397.08
  97 0.965 21.176 1371.86
  98 0.975 20.832 1408.24
  99 0.985 20.404 1370.52
  100 0.995 20.238 1384.9
