# Chunk-averaged data for fix 3 and group all
# Timestep Number-of-chunks Total-count
# Chunk Coord1 Ncount v_temp
45000 100 2112.0000000000005
  1 0.005 19.81 949.843
  2 0.015 20.738 929.886
  3 0.025 21.076 986.734
  4 0.035 21.434 964.967
  5 0.045 21.772 949.016
  6 0.055 21.556 957.248
  7 0.065 21.774 917.59
  8 0.075 21.906 934.688
  9 0.085 21.82 960.53
  10 0.095 21.902 992.493
  11 0.105 21.37 1023.49
  12 0.115 20.806 1026.23
  13 0.125 19.944 1031.68
  14 0.135 20.12 995.8
  15 0.145 20.698 1030.25
  16 0.155 21.378 1030.09
  17 0.165 21.878 997.166
  18 0.175 21.87 1071.07
  19 0.185 21.882 1046.74
  20 0.195 21.702 1100.33
  21 0.205 21.442 1003.4
  22 0.215 21.596 1040.44
  23 0.225 21.49 998.453
  24 0.235 20.868 1053.93
  25 0.245 20.088 1029.63
  26 0.255 19.664 1091.7
  27 0.265 19.764 1075.31
  28 0.275 20.336 1093.63
  29 0.285 21.06 1089.43
  30 0.295 21.49 1161.63
  31 0.305 21.556 1128.62
  32 0.315 21.62 1130.43
  33 0.325 21.684 1085.78
  34 0.335 21.942 1161.85
  35 0.345 21.822 1174.85
  36 0.355 21.842 1190.2
  37 0.365 20.988 1166.89
  38 0.375 20.214 1163.14
  39 0.385 19.642 1247.96
  40 0.395 20.528 1223.08
  41 0.405 21.248 1237.24
  42 0.415 21.694 1290.53
  43 0.425 21.758 1261.34
  44 0.435 21.772 1233.89
  45 0.445 21.746 1193.49
  46 0.455 21.67 1188.03
  47 0.465 21.312 1204.42
  48 0.475 20.924 1216.58
  49 0.485 20.434 1173.95
  50 0.495 19.902 1173.16
  51 0.505 19.676 1193.06
  52 0.515 20.054 1192.26
  53 0.525 20.782 1230.74
  54 0.535 21.276 1200.43
  55 0.545 21.354 1228.66
  56 0.555 21.7 1181.11
  57 0.565 21.804 1152.3
  58 0.575 21.896 1160.88
  59 0.585 21.746 1133.74
  60 0.595 21.522 1094.83
  61 0.605 20.904 1097.96
  62 0.615 19.992 1133.24
  63 0.625 19.994 1157.2
  64 0.635 20.62 1170.24
  65 0.645 21.232 1192.39
  66 0.655 21.846 1180.65
  67 0.665 21.806 1198.95
  68 0.675 21.814 1126.93
  69 0.685 21.596 1107.63
  70 0.695 21.65 1066.85
  71 0.705 21.314 1140.99
  72 0.715 21.114 1076.54
  73 0.725 20.518 1075.66
  74 0.735 19.682 1102.95
  75 0.745 19.51 1096.54
  76 0.755 20.044 1063.63
  77 0.765 20.978 1006.45
  78 0.775 21.406 1032.81
  79 0.785 21.426 1040.7
  80 0.795 21.712 1025.56
  81 0.805 21.712 1135.74
  82 0.815 21.814 1112.92
  83 0.825 21.848 1065.59
  84 0.835 21.866 1050.61
  85 0.845 21.326 1055.47
  86 0.855 20.582 1061.37
  87 0.865 19.996 1051.67
  88 0.875 20.04 1124.85
  89 0.885 20.9 1111.13
  90 0.895 21.498 1086.06
  91 0.905 21.856 1072.93
  92 0.915 21.83 1105.77
  93 0.925 21.888 1043.62
  94 0.935 21.594 1031.39
  95 0.945 21.574 1009.15
  96 0.955 21.438 1004.39
  97 0.965 21.402 954.889
  98 0.975 20.726 922.962
  99 0.985 19.796 972.839
  100 0.995 19.814 996.81
50000 100 2112
  1 0.005 19.986 1033.98
  2 0.015 20.206 1094.08
  3 0.025 20.92 1031.71
  4 0.035 21.398 1031.25
  5 0.045 21.436 947.816
  6 0.055 21.784 917.226
  7 0.065 21.724 953.072
  8 0.075 21.792 961.881
  9 0.085 21.914 937.245
  10 0.095 21.682 953.593
  11 0.105 21.43 941.169
  12 0.115 20.912 918.026
  13 0.125 20.52 934.197
  14 0.135 20.122 955.54
  15 0.145 20.374 987.297
  16 0.155 21.244 1060.17
  17 0.165 21.744 1080.76
  18 0.175 21.802 1048.64
  19 0.185 21.95 1023.78
  20 0.195 21.722 1018.76
  21 0.205 21.702 1026.51
  22 0.215 21.568 1000.34
  23 0.225 21.42 1052.29
  24 0.235 21 1057.4
  25 0.245 20.462 1109.59
  26 0.255 19.75 1098.74
  27 0.265 19.498 1112.97
  28 0.275 20.152 1179.37
  29 0.285 20.92 1111.61
  30 0.295 21.314 1122.56
  31 0.305 21.37 1110.3
  32 0.315 21.786 1114.61
  33 0.325 21.774 1117.17
  34 0.335 21.794 1104.86
  35 0.345 21.91 1063.82
  36 0.355 21.562 1139.04
  37 0.365 21.124 1158.83
  38 0.375 19.82 1173.07
  39 0.385 20.072 1206.01
  40 0.395 20.444 1202.85
  41 0.405 21.39 1185.92
  42 0.415 21.652 1180.1
  43 0.425 21.906 1160.4
  44 0.435 21.572 1242.19
  45 0.445 21.81 1216.7
  46 0.455 21.496 1182.2
  47 0.465 21.426 1255.53
  48 0.475 20.78 1283.27
  49 0.485 20.004 1285.05
  50 0.495 19.682 1302.52
  51 0.505 19.81 1236.44
  52 0.515 20.464 1244.81
  53 0.525 20.792 1241.7
  54 0.535 21.476 1227.34
  55 0.545 21.462 1239.22
  56 0.555 21.688 1268.5
  57 0.565 21.728 1261.38
  58 0.575 21.792 1196.12
  59 0.585 21.632 1186.1
  60 0.595 21.29 1200.07
  61 0.605 20.504 1151.36
  62 0.615 20.144 1100.06
  63 0.625 20.308 1120.06
  64 0.635 20.872 1148.05
  65 0.645 21.54 1127.57
  66 0.655 21.782 1106.95
  67 0.665 21.784 1158.05
  68 0.675 21.824 1137.53
  69 0.685 21.542 1125.45
  70 0.695 21.462 1134.58
  71 0.705 21.452 1109.23
  72 0.715 21.078 1092.62
  73 0.725 20.296 1021.15
  74 0.735 19.726 1017.62
  75 0.745 19.716 1027.66
  76 0.755 20.21 984.114
  77 0.765 20.996 1003.23
  78 0.775 21.288 995.188
  79 0.785 21.64 1051.85
  80 0.795 21.456 1095.02
  81 0.805 21.796 1085.01
  82 0.815 21.868 1079.98
  83 0.825 21.848 1067.44
  84 0.835 21.694 1104.93
  85 0.845 21.342 1090.38
  86 0.855 20.412 1056.97
  87 0.865 20.19 1044.3
  88 0.875 20.198 1075.34
  89 0.885 20.924 1094.11
  90 0.895 21.344 1023.08
  91 0.905 21.866 1008.19
  92 0.915 21.866 1032.79
  93 0.925 21.916 973.169
  94 0.935 21.672 975.184
  95 0.945 21.584 982.088
  96 0.955 21.602 982.255
  97 0.965 21.378 998.356
  98 0.975 20.9 1030.82
  99 0.985 20.142 1026.86
  100 0.995 19.882 1048.11
55000 100 2112.0000000000005
  1 0.005 19.838 1027.42
  2 0.015 20.126 1053.32
  3 0.025 20.798 1036.9
  4 0.035 21.35 1025.91
  5 0.045 21.546 1024.53
  6 0.055 21.548 1012.21
  7 0.065 21.698 921.473
  8 0.075 21.944 914.081
  9 0.085 21.832 987.44
  10 0.095 21.828 959.602
  11 0.105 21.536 870.461
  12 0.115 21.05 895.125
  13 0.125 20.27 975.44
  14 0.135 20.134 985.572
  15 0.145 20.666 1008.52
  16 0.155 20.996 1054.55
  17 0.165 21.714 1045.32
  18 0.175 21.708 1057.51
  19 0.185 21.922 1035.79
  20 0.195 21.76 1041.86
  21 0.205 21.674 1073.14
  22 0.215 21.428 1099.5
  23 0.225 21.386 1156.71
  24 0.235 20.87 1173.4
  25 0.245 20.272 1157.93
  26 0.255 19.514 1164.14
  27 0.265 19.606 1157.8
  28 0.275 20.244 1122.83
  29 0.285 21.222 1193.78
  30 0.295 21.338 1137.67
  31 0.305 21.592 1067.14
  32 0.315 21.648 1053.62
  33 0.325 21.748 1095.28
  34 0.335 21.932 1076.81
  35 0.345 21.848 1106.01
  36 0.355 21.514 1132.91
  37 0.365 20.928 1114.14
  38 0.375 19.928 1146.92
  39 0.385 19.87 1152.45
  40 0.395 20.616 1179.16
  41 0.405 21.366 1143.42
  42 0.415 21.852 1133.16
  43 0.425 21.786 1157.66
  44 0.435 21.834 1196.39
  45 0.445 21.628 1240.82
  46 0.455 21.42 1303.81
  47 0.465 21.27 1248.68
  48 0.475 20.912 1213.96
  49 0.485 20.154 1195.93
  50 0.495 19.846 1227.01
  51 0.505 19.722 1273.8
  52 0.515 20.284 1311.27
  53 0.525 20.942 1339.45
  54 0.535 21.242 1220.04
  55 0.545 21.674 1268.21
  56 0.555 21.614 1260.39
  57 0.565 21.928 1271.82
  58 0.575 21.796 1234.72
  59 0.585 21.476 1227.52
  60 0.595 21.074 1240.35
  61 0.605 20.45 1204.64
  62 0.615 20.098 1177.53
  63 0.625 20.12 1167.95
  64 0.635 21.1 1137.38
  65 0.645 21.684 1097.91
  66 0.655 21.888 1125
  67 0.665 21.872 1054.26
  68 0.675 21.732 1058.53
  69 0.685 21.64 1085.53
  70 0.695 21.59 1120.73
  71 0.705 21.378 1079.96
  72 0.715 20.918 1081.05
  73 0.725 20.472 1089.24
  74 0.735 19.708 1044.01
  75 0.745 19.488 1044.07
  76 0.755 20.25 1015.3
  77 0.765 21.06 1016.11
  78 0.775 21.348 1056.67
  79 0.785 21.514 1053.34
  80 0.795 21.62 1027.94
  81 0.805 21.746 1074.4
  82 0.815 21.894 1099.33
  83 0.825 21.858 1103.7
  84 0.835 21.786 1031.38
  85 0.845 21.446 1030.09
  86 0.855 20.746 961.285
  87 0.865 20.022 1034.06
  88 0.875 20.052 1011.25
  89 0.885 20.726 1009.36
  90 0.895 21.438 1017.09
  91 0.905 21.748 1024.38
  92 0.915 21.892 1062.82
  93 0.925 21.784 1062.82
  94 0.935 21.79 1081.12
  95 0.945 21.648 968.376
  96 0.955 21.468 943.644
  97 0.965 21.386 940.789
  98 0.975 21.01 962.218
  99 0.985 20.474 985.8
  100 0.995 19.894 972.165
60000 100 2112.0000000000005
  1 0.005 19.9 977.663
  2 0.015 20.162 919.487
  3 0.025 20.93 902.713
  4 0.035 21.324 945.055
  5 0.045 21.558 939.295
  6 0.055 21.51 966.382
  7 0.065 21.732 962.855
  8 0.075 21.868 1045.33
  9 0.085 21.862 1010.62
  10 0.095 21.982 979.608
  11 0.105 21.456 998.949
  12 0.115 20.898 1001.46
  13 0.125 20.16 984.523
  14 0.135 19.878 959.926
  15 0.145 20.826 984.405
  16 0.155 21.18 1005.54
  17 0.165 21.628 1072.39
  18 0.175 21.886 1042.09
  19 0.185 21.804 1054.93
  20 0.195 21.67 1132.37
  21 0.205 21.73 1086.08
  22 0.215 21.43 1150.68
  23 0.225 21.348 1132.2
  24 0.235 20.964 1132.43
  25 0.245 20.06 1080.14
  26 0.255 19.628 1040.33
  27 0.265 19.712 1046.1
  28 0.275 20.544 1085.99
  29 0.285 20.834 1148.48
  30 0.295 21.462 1167.99
  31 0.305 21.552 1092.44
  32 0.315 21.752 1083.98
  33 0.325 21.744 1023.78
  34 0.335 21.858 1043.91
  35 0.345 21.862 1080.59
  36 0.355 21.524 1117.61
  37 0.365 20.708 1127.29
  38 0.375 20.388 1128.76
  39 0.385 20.056 1165.32
  40 0.395 20.402 1191.03
  41 0.405 21.382 1181.04
  42 0.415 21.59 1173.08
  43 0.425 21.872 1183.25
  44 0.435 21.792 1177.24
  45 0.445 21.628 1164.88
  46 0.455 21.526 1194.52
  47 0.465 21.43 1143.63
  48 0.475 20.924 1169.18
  49 0.485 20.242 1263.22
  50 0.495 19.776 1336.07
  51 0.505 19.69 1321.04
  52 0.515 20.24 1302.19
  53 0.525 20.902 1242.12
  54 0.535 21.246 1267.04
  55 0.545 21.528 1272.46
  56 0.555 21.69 1245.81
  57 0.565 21.724 1217.79
  58 0.575 21.818 1238.49
  59 0.585 21.806 1243.63
  60 0.595 21.06 1279.55
  61 0.605 20.594 1280.53
  62 0.615 19.724 1302.91
  63 0.625 20.28 1261.52
  64 0.635 20.954 1234.22
  65 0.645 21.676 1182.31
  66 0.655 21.822 1142.1
  67 0.665 21.786 1151.83
  68 0.675 21.8 1141.03
  69 0.685 21.596 1140.55
  70 0.695 21.416 1145.07
  71 0.705 21.52 1065.56
  72 0.715 20.864 1065.13
  73 0.725 20.206 1057.49
  74 0.735 19.75 1041.63
  75 0.745 19.696 1051.34
  76 0.755 20.454 1004.61
  77 0.765 20.936 1078.93
  78 0.775 21.454 1063.05
  79 0.785 21.466 1065.18
  80 0.795 21.668 1017.43
  81 0.805 21.724 1019.42
  82 0.815 21.854 991.099
  83 0.825 21.938 962.611
  84 0.835 21.772 1036.41
  85 0.845 21.386 1124.61
  86 0.855 20.54 1048.76
  87 0.865 20.36 1034.37
  88 0.875 19.946 1060.83
  89 0.885 21.002 1028.85
  90 0.895 21.29 1080.02
  91 0.905 21.776 996.686
  92 0.915 21.784 1000.92
  93 0.925 21.854 975.066
  94 0.935 21.784 975.676
  95 0.945 21.56 965.215
  96 0.955 21.546 1012.46
  97 0.965 21.306 984.459
  98 0.975 21.088 969.971
  99 0.985 20.306 975.054
  100 0.995 19.884 972.082
65000 100 2112.0000000000005
  1 0.005 19.766 908.005
  2 0.015 20.194 914.95
  3 0.025 21.056 926.16
  4 0.035 21.398 977.967
  5 0.045 21.582 972.558
  6 0.055 21.652 932.076
  7 0.065 21.584 1014.96
  8 0.075 21.86 1079.29
  9 0.085 21.822 1053.09
  10 0.095 21.866 1006.78
  11 0.105 21.4 1014.23
  12 0.115 20.51 1072.42
  13 0.125 19.974 1023.16
  14 0.135 20.532 1008.8
  15 0.145 20.764 1002.06
  16 0.155 21.428 1044.58
  17 0.165 21.554 1006.42
  18 0.175 21.906 989.104
  19 0.185 21.87 1036.52
  20 0.195 21.692 1047.54
  21 0.205 21.57 1022.96
  22 0.215 21.44 1077.94
  23 0.225 21.374 1011.81
  24 0.235 20.948 988.123
  25 0.245 20.264 1036.99
  26 0.255 19.792 1093.21
  27 0.265 19.67 1082
  28 0.275 20.286 1208.36
  29 0.285 20.962 1179.13
  30 0.295 21.49 1189.78
  31 0.305 21.518 1173.4
  32 0.315 21.554 1151.53
  33 0.325 21.858 1185.16
  34 0.335 21.864 1190.24
  35 0.345 21.758 1112.85
  36 0.355 21.634 1076.21
  37 0.365 20.616 1105.87
  38 0.375 20.07 1146.37
  39 0.385 20.062 1193.2
  40 0.395 20.73 1182.6
  41 0.405 21.34 1163.74
  42 0.415 21.712 1174.26
  43 0.425 21.902 1156.83
  44 0.435 21.746 1194.85
  45 0.445 21.672 1207.8
  46 0.455 21.562 1183.33
  47 0.465 21.466 1161.04
  48 0.475 20.838 1200.52
  49 0.485 20.426 1181.53
  50 0.495 20.042 1198.96
  51 0.505 19.528 1208.22
  52 0.515 20.106 1231.23
  53 0.525 20.878 1208.76
  54 0.535 21.274 1273.91
  55 0.545 21.434 1223.53
  56 0.555 21.632 1170.52
  57 0.565 21.754 1168.7
  58 0.575 21.866 1161.56
  59 0.585 21.796 1179.36
  60 0.595 21.452 1286.8
  61 0.605 20.612 1300.24
  62 0.615 19.89 1253.51
  63 0.625 20.084 1285.09
  64 0.635 20.784 1271.49
  65 0.645 21.44 1230.65
  66 0.655 21.784 1198.02
  67 0.665 21.718 1238.63
  68 0.675 21.874 1220.18
  69 0.685 21.608 1163.71
  70 0.695 21.522 1073.91
  71 0.705 21.442 1035.13
  72 0.715 20.87 1111.82
  73 0.725 20.4 1071.4
  74 0.735 19.844 1059.13
  75 0.745 19.648 1048.56
  76 0.755 20.26 1062.31
  77 0.765 20.922 1042.11
  78 0.775 21.276 1070.93
  79 0.785 21.572 1037.65
  80 0.795 21.614 1077.17
  81 0.805 21.768 1080.98
  82 0.815 21.814 1019.73
  83 0.825 21.914 1058.03
  84 0.835 21.83 1047.97
  85 0.845 21.158 1096.78
  86 0.855 20.504 1063.86
  87 0.865 19.804 1073.37
  88 0.875 20.356 994.012
  89 0.885 20.992 1020.64
  90 0.895 21.604 964.006
  91 0.905 21.71 1051.41
  92 0.915 21.922 1007.16
  93 0.925 21.814 990.212
  94 0.935 21.656 976.69
  95 0.945 21.778 943.856
  96 0.955 21.568 927.506
  97 0.965 21.188 960.248
  98 0.975 20.84 930.687
  99 0.985 20.462 918.519
  100 0.995 19.858 928.868
70000 100 2112
  1 0.005 19.776 932.433
  2 0.015 20.508 928.696
  3 0.025 21.176 950.551
  4 0.035 21.474 1006.4
  5 0.045 21.612 978.876
  6 0.055 21.628 926.99
  7 0.065 21.696 932.72
  8 0.075 21.904 976.079
  9 0.085 21.824 1039.81
  10 0.095 21.79 1027.98
  11 0.105 21.378 1018.11
  12 0.115 20.644 1068.09
  13 0.125 20.208 1041.29
  14 0.135 20.368 982.42
  15 0.145 20.748 957.343
  16 0.155 21.324 978.368
  17 0.165 21.628 1036.05
  18 0.175 21.786 1059.36
  19 0.185 21.9 996.195
  20 0.195 21.704 1023.94
  21 0.205 21.69 1050.35
  22 0.215 21.442 1074.94
  23 0.225 21.324 1113.98
  24 0.235 21.092 1102.56
  25 0.245 20.154 1088.27
  26 0.255 19.63 1068.77
  27 0.265 19.75 1120.82
  28 0.275 20.184 1128.75
  29 0.285 21.116 1180.38
  30 0.295 21.494 1174.33
  31 0.305 21.42 1154.1
  32 0.315 21.62 1185.53
  33 0.325 21.876 1159.02
  34 0.335 21.836 1169.88
  35 0.345 21.86 1147.04
  36 0.355 21.568 1122.03
  37 0.365 20.888 1156.44
  38 0.375 20.23 1180.55
  39 0.385 19.714 1142.81
  40 0.395 20.466 1186.16
  41 0.405 21.494 1175.3
  42 0.415 21.678 1149.89
  43 0.425 21.82 1161.18
  44 0.435 21.888 1133.11
  45 0.445 21.606 1212.03
  46 0.455 21.55 1212.81
  47 0.465 21.45 1223.09
  48 0.475 21.01 1252.37
  49 0.485 20.464 1190.12
  50 0.495 19.752 1265.87
  51 0.505 19.53 1267.8
  52 0.515 20.024 1279.55
  53 0.525 20.824 1280.42
  54 0.535 21.338 1289.54
  55 0.545 21.5 1238.44
  56 0.555 21.714 1250.97
  57 0.565 21.768 1238.96
  58 0.575 21.74 1259.13
  59 0.585 21.868 1199.8
  60 0.595 21.308 1170.89
  61 0.605 20.568 1225.46
  62 0.615 20.4 1194.72
  63 0.625 20.078 1229.92
  64 0.635 20.822 1165.74
  65 0.645 21.2 1126.75
  66 0.655 21.784 1159.57
  67 0.665 21.722 1101.64
  68 0.675 21.882 1106.9
  69 0.685 21.648 1179.92
  70 0.695 21.548 1174.34
  71 0.705 21.306 1130.44
  72 0.715 21.094 1103.58
  73 0.725 20.232 1116.98
  74 0.735 19.994 1039.74
  75 0.745 19.776 1069.41
  76 0.755 19.964 1074.19
  77 0.765 20.848 1071.29
  78 0.775 21.312 1062.5
  79 0.785 21.602 1019.64
  80 0.795 21.608 1109.68
  81 0.805 21.684 1094.74
  82 0.815 21.9 1031.22
  83 0.825 21.932 1040.4
  84 0.835 21.586 1066.22
  85 0.845 21.51 1019.99
  86 0.855 20.374 1057.72
  87 0.865 19.802 1048.76
  88 0.875 20.126 1050.38
  89 0.885 21.112 1028.4
  90 0.895 21.526 1037.36
  91 0.905 21.862 982.919
  92 0.915 21.886 964.705
  93 0.925 21.722 970.2
  94 0.935 21.75 907.765
  95 0.945 21.644 934.757
  96 0.955 21.438 961.571
  97 0.965 21.322 925.668
  98 0.975 20.73 915.376
  99 0.985 20.092 947.576
  100 0.995 19.858 917.207
75000 100 2111.9999999999995
  1 0.005 19.804 866.763
  2 0.015 20.514 864.005
  3 0.025 20.948 905.79
  4 0.035 21.408 898.372
  5 0.045 21.612 939.466
  6 0.055 21.586 1023.75
  7 0.065 21.618 958.258
  8 0.075 21.878 950.295
  9 0.085 21.916 962.496
  10 0.095 21.746 963.56
  11 0.105 21.644 1020.3
  12 0.115 20.976 964.183
  13 0.125 20.156 986.645
  14 0.135 20.192 979.973
  15 0.145 20.524 1052.28
  16 0.155 21.054 1117.68
  17 0.165 21.734 1114.73
  18 0.175 21.804 1111.37
  19 0.185 21.804 1068.18
  20 0.195 21.806 993.41
  21 0.205 21.606 989.585
  22 0.215 21.648 1019.72
  23 0.225 21.39 1014.27
  24 0.235 21.004 1069.56
  25 0.245 20.302 1162.81
  26 0.255 19.686 1140.34
  27 0.265 19.594 1139.66
  28 0.275 20.13 1147.79
  29 0.285 21.128 1182.75
  30 0.295 21.266 1165.46
  31 0.305 21.54 1100.48
  32 0.315 21.674 1158.03
  33 0.325 21.784 1176.09
  34 0.335 21.756 1130.1
  35 0.345 21.954 1167.87
  36 0.355 21.444 1168.73
  37 0.365 21.118 1154.72
  38 0.375 20.104 1135.73
  39 0.385 19.964 1101.67
  40 0.395 20.458 1094.02
  41 0.405 21.36 1067.95
  42 0.415 21.644 1118.31
  43 0.425 21.86 1127.76
  44 0.435 21.796 1188.83
  45 0.445 21.686 1179.03
  46 0.455 21.622 1248.13
  47 0.465 21.372 1289.55
  48 0.475 21.01 1358.24
  49 0.485 20.45 1293.98
  50 0.495 19.792 1322.33
  51 0.505 19.624 1334.42
  52 0.515 19.874 1238.61
  53 0.525 20.786 1220.23
  54 0.535 21.362 1165.52
  55 0.545 21.548 1151.96
  56 0.555 21.622 1113.11
  57 0.565 21.782 1161.99
  58 0.575 21.864 1275.39
  59 0.585 21.71 1288.81
  60 0.595 21.256 1252.46
  61 0.605 20.344 1349.88
  62 0.615 20.176 1345.05
  63 0.625 20.198 1318.24
  64 0.635 20.62 1300.37
  65 0.645 21.596 1246.56
  66 0.655 21.89 1178.21
  67 0.665 21.896 1171.34
  68 0.675 21.646 1133.31
  69 0.685 21.512 1096.67
  70 0.695 21.502 1087.16
  71 0.705 21.468 1067.91
  72 0.715 20.732 1092.54
  73 0.725 20.094 1127.88
  74 0.735 19.616 1078.75
  75 0.745 19.706 1063.4
  76 0.755 20.536 1045.53
  77 0.765 21.09 1027.32
  78 0.775 21.532 1054.12
  79 0.785 21.54 1030.7
  80 0.795 21.63 1034.55
  81 0.805 21.792 1003.38
  82 0.815 21.942 1047.23
  83 0.825 21.87 1078.96
  84 0.835 21.706 1099.26
  85 0.845 21.342 1047.24
  86 0.855 20.178 1132.28
  87 0.865 19.66 1079.55
  88 0.875 20.458 1049.06
  89 0.885 21.2 972.009
  90 0.895 21.592 980.93
  91 0.905 21.798 983.28
  92 0.915 21.924 989.873
  93 0.925 21.84 998.845
  94 0.935 21.582 1041.14
  95 0.945 21.722 997.836
  96 0.955 21.42 972.12
  97 0.965 21.296 972.226
  98 0.975 21.064 896.547
  99 0.985 20.212 914.834
  100 0.995 19.784 891.556
80000 100 2112.0000000000005
  1 0.005 19.506 940.543
  2 0.015 20.148 934.038
  3 0.025 20.72 973.93
  4 0.035 21.364 978.516
  5 0.045 21.488 1012.9
  6 0.055 21.634 990.021
  7 0.065 21.634 1069.43
  8 0.075 21.836 1058.1
  9 0.085 21.928 969.01
  10 0.095 21.844 1003.7
  11 0.105 21.68 1048.2
  12 0.115 20.91 1026
  13 0.125 20.106 1050.41
  14 0.135 19.994 1087.71
  15 0.145 20.678 1042.17
  16 0.155 21.044 1046.84
  17 0.165 21.708 1036.58
  18 0.175 21.908 977.19
  19 0.185 21.882 984.209
  20 0.195 21.776 984.272
  21 0.205 21.548 1038.91
  22 0.215 21.594 1004.01
  23 0.225 21.558 1013.71
  24 0.235 21.032 1083.13
  25 0.245 20.414 1113.84
  26 0.255 19.51 1106.89
  27 0.265 19.606 1106.08
  28 0.275 20.28 1055.79
  29 0.285 20.968 1121.56
  30 0.295 21.302 1159.85
  31 0.305 21.518 1141.54
  32 0.315 21.544 1202.34
  33 0.325 21.724 1202.56
  34 0.335 21.88 1208.44
  35 0.345 21.886 1183.16
  36 0.355 21.718 1153.37
  37 0.365 20.918 1099.05
  38 0.375 20.024 1173.48
  39 0.385 19.636 1177.11
  40 0.395 20.632 1166.1
  41 0.405 21.41 1124.18
  42 0.415 21.664 1218.35
  43 0.425 21.916 1212.11
  44 0.435 21.812 1147.97
  45 0.445 21.648 1211.65
  46 0.455 21.56 1195.3
  47 0.465 21.37 1169.87
  48 0.475 21.106 1216.14
  49 0.485 20.268 1287.12
  50 0.495 19.622 1303.71
  51 0.505 19.394 1201.67
  52 0.515 20.228 1290.75
  53 0.525 20.896 1297.99
  54 0.535 21.292 1298.8
  55 0.545 21.616 1241.33
  56 0.555 21.694 1178.87
  57 0.565 21.78 1217.99
  58 0.575 21.794 1214.54
  59 0.585 21.802 1182.1
  60 0.595 21.314 1170.03
  61 0.605 20.178 1244.46
  62 0.615 20.13 1223.22
  63 0.625 20.238 1195.71
  64 0.635 21.05 1185.08
  65 0.645 21.546 1219.7
  66 0.655 21.738 1159.13
  67 0.665 21.79 1193.56
  68 0.675 21.73 1139.63
  69 0.685 21.592 1220.43
  70 0.695 21.426 1186.39
  71 0.705 21.368 1172.19
  72 0.715 20.644 1148.72
  73 0.725 20.118 1134.8
  74 0.735 19.674 1081.29
  75 0.745 19.744 1092.43
  76 0.755 20.506 1069.66
  77 0.765 21.086 1012.23
  78 0.775 21.608 965.571
  79 0.785 21.496 997.389
  80 0.795 21.74 1018.46
  81 0.805 21.738 1072.7
  82 0.815 21.864 1100.54
  83 0.825 21.944 1075.85
  84 0.835 21.656 1067.29
  85 0.845 21.212 1096.01
  86 0.855 20.492 1044.88
  87 0.865 19.722 1037.24
  88 0.875 20.302 1013.41
  89 0.885 20.952 1020.19
  90 0.895 21.702 978.415
  91 0.905 21.914 939.999
  92 0.915 21.918 947.967
  93 0.925 21.762 956.227
  94 0.935 21.852 938.957
  95 0.945 21.626 938.384
  96 0.955 21.508 950.621
  97 0.965 21.576 919.122
  98 0.975 21.208 912.66
  99 0.985 20.518 915.648
  100 0.995 19.866 925.77
85000 100 2112
  1 0.005 19.748 945.268
  2 0.015 20.228 971.11
  3 0.025 21.062 945.296
  4 0.035 21.362 907.081
  5 0.045 21.592 901.645
  6 0.055 21.644 960.193
  7 0.065 21.608 1057.87
  8 0.075 21.874 1013.55
  9 0.085 21.884 1025.79
  10 0.095 21.826 1005.7
  11 0.105 21.516 994.519
  12 0.115 21.162 1014.83
  13 0.125 20.316 1052.85
  14 0.135 20.428 997.358
  15 0.145 20.282 1030.48
  16 0.155 20.878 1026.35
  17 0.165 21.668 1043.23
  18 0.175 21.846 1045.97
  19 0.185 21.912 1101.9
  20 0.195 21.66 1129.13
  21 0.205 21.64 1145.26
  22 0.215 21.474 1091.13
  23 0.225 21.44 1127.33
  24 0.235 20.916 1067.05
  25 0.245 20.37 1094.16
  26 0.255 19.616 1057.27
  27 0.265 19.702 1091.04
  28 0.275 20.2 1115.4
  29 0.285 21.034 1084.41
  30 0.295 21.33 1022.6
  31 0.305 21.66 1085.63
  32 0.315 21.488 1128.43
  33 0.325 21.872 1114.25
  34 0.335 21.78 1172.42
  35 0.345 21.908 1122.85
  36 0.355 21.648 1196.31
  37 0.365 21.12 1195.83
  38 0.375 19.972 1242.03
  39 0.385 19.546 1288.57
  40 0.395 20.45 1325.68
  41 0.405 21.498 1223.06
  42 0.415 21.77 1172.16
  43 0.425 21.846 1174.18
  44 0.435 21.85 1120.46
  45 0.445 21.546 1227.84
  46 0.455 21.494 1226.36
  47 0.465 21.388 1206.15
  48 0.475 20.92 1239.58
  49 0.485 19.974 1278.56
  50 0.495 19.514 1181
  51 0.505 19.6 1183.13
  52 0.515 20.428 1177.94
  53 0.525 21.096 1229.04
  54 0.535 21.502 1195.79
  55 0.545 21.524 1254.29
  56 0.555 21.702 1190.86
  57 0.565 21.724 1205.46
  58 0.575 21.97 1138.82
  59 0.585 21.6 1203.19
  60 0.595 21.408 1144.82
  61 0.605 20.47 1227.93
  62 0.615 19.732 1238.17
  63 0.625 20.252 1273.21
  64 0.635 21.026 1237.03
  65 0.645 21.57 1223.62
  66 0.655 21.738 1214.49
  67 0.665 21.856 1154.24
  68 0.675 21.822 1096.03
  69 0.685 21.6 1068.36
  70 0.695 21.524 1076.64
  71 0.705 21.45 1088.77
  72 0.715 20.836 1126.22
  73 0.725 20.098 1188.5
  74 0.735 19.56 1114.43
  75 0.745 19.754 1115.41
  76 0.755 20.506 1060.29
  77 0.765 21.02 1058.82
  78 0.775 21.5 1029.37
  79 0.785 21.486 1048.84
  80 0.795 21.596 1021.85
  81 0.805 21.746 1044.8
  82 0.815 21.912 1053.64
  83 0.825 21.862 1025
  84 0.835 21.788 1029.84
  85 0.845 21.282 1091.16
  86 0.855 20.274 1064.45
  87 0.865 19.944 1046.33
  88 0.875 20.144 986.427
  89 0.885 21.06 980.945
  90 0.895 21.658 1020.18
  91 0.905 21.852 1056.79
  92 0.915 21.912 1064.59
  93 0.925 21.804 1043.2
  94 0.935 21.67 986.183
  95 0.945 21.562 1013.33
  96 0.955 21.596 934.405
  97 0.965 21.49 873.869
  98 0.975 21.128 881.691
  99 0.985 20.252 913.594
  100 0.995 19.652 944.665
90000 100 2112
  1 0.005 19.654 928.754
  2 0.015 20.288 887.047
  3 0.025 20.958 912.483
  4 0.035 21.484 900.957
  5 0.045 21.478 935.657
  6 0.055 21.556 901.819
  7 0.065 21.81 909.302
  8 0.075 21.814 909.95
  9 0.085 21.834 940.942
  10 0.095 21.93 929.769
  11 0.105 21.728 915.257
  12 0.115 20.964 952.555
  13 0.125 20.662 1027.94
  14 0.135 20.064 1119.37
  15 0.145 20.112 1170.02
  16 0.155 21.068 1151.29
  17 0.165 21.546 1146.44
  18 0.175 21.812 1135.41
  19 0.185 21.808 1141.93
  20 0.195 21.854 1083.63
  21 0.205 21.472 1118.1
  22 0.215 21.52 1121.87
  23 0.225 21.446 1063.91
  24 0.235 20.848 1068.98
  25 0.245 20.092 1083.25
  26 0.255 19.532 1085.13
  27 0.265 19.738 1066.33
  28 0.275 20.4 1074.08
  29 0.285 21.12 1065.87
  30 0.295 21.42 1100.84
  31 0.305 21.64 1082.92
  32 0.315 21.56 1114.64
  33 0.325 21.738 1123.04
  34 0.335 21.974 1086.22
  35 0.345 21.814 1132.92
  36 0.355 21.506 1228.08
  37 0.365 21.002 1207.03
  38 0.375 19.844 1246.51
  39 0.385 19.928 1197.26
  40 0.395 20.448 1197.77
  41 0.405 21.61 1161.25
  42 0.415 21.684 1194.04
  43 0.425 21.908 1202.38
  44 0.435 21.774 1259.06
  45 0.445 21.612 1280.35
  46 0.455 21.634 1182.3
  47 0.465 21.306 1223.2
  48 0.475 20.836 1167.84
  49 0.485 20.468 1213.96
  50 0.495 19.454 1216.57
  51 0.505 19.732 1213.7
  52 0.515 20.374 1204.66
  53 0.525 20.822 1177.69
  54 0.535 21.474 1158.51
  55 0.545 21.416 1231.49
  56 0.555 21.76 1211.21
  57 0.565 21.77 1288.95
  58 0.575 21.77 1206.77
  59 0.585 21.784 1199.68
  60 0.595 21.122 1152.99
  61 0.605 20.386 1213.35
  62 0.615 20.088 1233.18
  63 0.625 20.376 1276.2
  64 0.635 20.844 1314.46
  65 0.645 21.422 1329.15
  66 0.655 21.842 1188.74
  67 0.665 21.762 1175.68
  68 0.675 21.832 1094.77
  69 0.685 21.624 1046.93
  70 0.695 21.5 1055.7
  71 0.705 21.438 1099.55
  72 0.715 20.936 1107.73
  73 0.725 20.118 1088.44
  74 0.735 19.518 1069.64
  75 0.745 19.884 1129.49
  76 0.755 20.414 1105.22
  77 0.765 21.01 1103.37
  78 0.775 21.358 1055.37
  79 0.785 21.494 1051.38
  80 0.795 21.774 1042.37
  81 0.805 21.674 1073.14
  82 0.815 21.838 1043.27
  83 0.825 21.904 1007.25
  84 0.835 21.866 1023.52
  85 0.845 21.242 1037.56
  86 0.855 20.508 1029.06
  87 0.865 19.682 1048.86
  88 0.875 20.186 1033.56
  89 0.885 20.998 1003.28
  90 0.895 21.618 1042.4
  91 0.905 21.89 1039.15
  92 0.915 21.904 1038.49
  93 0.925 21.802 1015.26
  94 0.935 21.728 994.159
  95 0.945 21.686 951.909
  96 0.955 21.462 948.598
  97 0.965 21.308 1022.83
  98 0.975 21.17 926.04
  99 0.985 20.268 975.996
  100 0.995 19.87 945.516
95000 100 2112.0000000000005
  1 0.005 19.798 881.76
  2 0.015 20.354 947.841
  3 0.025 21.188 931.116
  4 0.035 21.506 864.387
  5 0.045 21.582 884.262
  6 0.055 21.652 921.418
  7 0.065 21.602 1012.22
  8 0.075 21.942 960.258
  9 0.085 21.898 959.24
  10 0.095 21.6 1011.78
  11 0.105 21.506 1002.48
  12 0.115 20.83 972.514
  13 0.125 20.316 968.833
  14 0.135 20.216 1026.53
  15 0.145 20.518 1041.35
  16 0.155 21.346 1018.01
  17 0.165 21.592 1078.4
  18 0.175 21.89 1089.09
  19 0.185 21.816 1036.74
  20 0.195 21.798 1034.35
  21 0.205 21.694 1054.63
  22 0.215 21.428 1064.1
  23 0.225 21.3 1084.71
  24 0.235 21 1104.35
  25 0.245 20.4 1104.73
  26 0.255 19.672 1111.06
  27 0.265 19.7 1117.81
  28 0.275 20.28 1082.9
  29 0.285 20.908 1120.42
  30 0.295 21.418 1087.49
  31 0.305 21.568 1173.71
  32 0.315 21.606 1151.53
  33 0.325 21.74 1136.71
  34 0.335 21.856 1159.09
  35 0.345 21.904 1205
  36 0.355 21.514 1305.17
  37 0.365 20.728 1296.58
  38 0.375 19.986 1205.35
  39 0.385 20.008 1224.06
  40 0.395 20.456 1178.53
  41 0.405 21.496 1170.47
  42 0.415 21.806 1161
  43 0.425 21.888 1237.38
  44 0.435 21.746 1183.78
  45 0.445 21.712 1123.06
  46 0.455 21.57 1131.48
  47 0.465 21.366 1160.09
  48 0.475 21.06 1129.84
  49 0.485 20.42 1213.57
  50 0.495 19.724 1240.84
  51 0.505 19.48 1244.08
  52 0.515 20.286 1259.42
  53 0.525 20.72 1216.21
  54 0.535 21.3 1280.95
  55 0.545 21.546 1283.93
  56 0.555 21.58 1242.51
  57 0.565 21.83 1219.55
  58 0.575 21.76 1236.99
  59 0.585 21.712 1210.2
  60 0.595 21.246 1261.61
  61 0.605 20.554 1270.62
  62 0.615 19.974 1236.98
  63 0.625 20.36 1243.66
  64 0.635 20.696 1259.77
  65 0.645 21.516 1212.68
  66 0.655 21.948 1158.3
  67 0.665 21.766 1138.13
  68 0.675 21.752 1100.66
  69 0.685 21.674 1016.56
  70 0.695 21.534 1017.33
  71 0.705 21.444 1019.43
  72 0.715 20.918 1081.4
  73 0.725 20.29 1078.4
  74 0.735 19.912 1125.68
  75 0.745 19.688 1073.15
  76 0.755 20.182 1118.74
  77 0.765 20.846 1101.81
  78 0.775 21.44 1062.18
  79 0.785 21.524 1092.28
  80 0.795 21.578 1116
  81 0.805 21.726 1068.42
  82 0.815 21.838 1074.21
  83 0.825 21.92 1068.63
  84 0.835 21.736 1042.97
  85 0.845 21.49 1054.91
  86 0.855 20.786 991.545
  87 0.865 19.8 1022.83
  88 0.875 20.05 1049.97
  89 0.885 20.72 1107.43
  90 0.895 21.566 1080.83
  91 0.905 21.802 1078.8
  92 0.915 21.878 1040.11
  93 0.925 21.812 1058.01
  94 0.935 21.706 1004.4
  95 0.945 21.592 1031.82
  96 0.955 21.612 952.961
  97 0.965 21.318 906.093
  98 0.975 20.882 921.061
  99 0.985 20.256 915.5
  100 0.995 19.55 918.11
100000 100 2111.9999999999995
  1 0.005 20.258 899.895
  2 0.015 20.404 925.403
  3 0.025 21.138 957.293
  4 0.035 21.378 938.782
  5 0.045 21.484 894.353
  6 0.055 21.884 888.376
  7 0.065 21.61 934.035
  8 0.075 21.82 914.037
  9 0.085 21.892 922.673
  10 0.095 21.832 989.5
  11 0.105 21.414 976.584
  12 0.115 20.48 1015.94
  13 0.125 20.562 988.264
  14 0.135 20.204 1065.91
  15 0.145 20.932 983.149
  16 0.155 20.958 1054.46
  17 0.165 21.64 1039.82
  18 0.175 21.842 1074.58
  19 0.185 21.822 1026.56
  20 0.195 21.724 1107.1
  21 0.205 21.676 1073.57
  22 0.215 21.496 1070.61
  23 0.225 21.216 1112.5
  24 0.235 20.896 1091.72
  25 0.245 20.176 1106.01
  26 0.255 19.662 1129.17
  27 0.265 19.774 1117.98
  28 0.275 20.412 1149.15
  29 0.285 21.164 1135.82
  30 0.295 21.272 1152.2
  31 0.305 21.486 1126.36
  32 0.315 21.792 1087.88
  33 0.325 21.706 1173.23
  34 0.335 21.868 1193.4
  35 0.345 21.842 1214.96
  36 0.355 21.368 1237.34
  37 0.365 20.746 1244.74
  38 0.375 20.048 1243.01
  39 0.385 19.994 1223.31
  40 0.395 20.524 1177.6
  41 0.405 21.672 1179.43
  42 0.415 21.8 1160.78
  43 0.425 21.822 1189.33
  44 0.435 21.772 1239.6
  45 0.445 21.666 1187.87
  46 0.455 21.604 1185.49
  47 0.465 21.324 1122.82
  48 0.475 21.094 1109.5
  49 0.485 20.436 1229.56
  50 0.495 19.692 1260.91
  51 0.505 19.53 1307.27
  52 0.515 20.114 1230.01
  53 0.525 20.902 1236.31
  54 0.535 21.234 1197.9
  55 0.545 21.556 1161.96
  56 0.555 21.668 1196.13
  57 0.565 21.726 1224.98
  58 0.575 21.912 1240.72
  59 0.585 21.746 1129.06
  60 0.595 21.148 1185.22
  61 0.605 20.722 1193.62
  62 0.615 20.164 1222.23
  63 0.625 20.422 1203.24
  64 0.635 20.69 1246.72
  65 0.645 21.214 1240.67
  66 0.655 21.776 1170.53
  67 0.665 21.818 1143.92
  68 0.675 21.858 1148.77
  69 0.685 21.628 1091.42
  70 0.695 21.528 1063.67
  71 0.705 21.46 1119.02
  72 0.715 21.024 1128.67
  73 0.725 20.56 1149.61
  74 0.735 19.868 1077.48
  75 0.745 19.87 1061.31
  76 0.755 19.966 1057.3
  77 0.765 20.67 1075.21
  78 0.775 21.326 1040.73
  79 0.785 21.474 1014.75
  80 0.795 21.66 1031.54
  81 0.805 21.624 1076.52
  82 0.815 21.802 1072.96
  83 0.825 21.92 1142.72
  84 0.835 21.846 1057.47
  85 0.845 21.234 1097.79
  86 0.855 20.576 1110.45
  87 0.865 19.92 1126.46
  88 0.875 19.832 1111.77
  89 0.885 21.054 1040.97
  90 0.895 21.658 1050.71
  91 0.905 21.786 1090.52
  92 0.915 21.99 1049.82
  93 0.925 21.712 1011.12
  94 0.935 21.69 959.529
  95 0.945 21.562 954.316
  96 0.955 21.512 979.355
  97 0.965 21.276 962.506
  98 0.975 20.718 926.001
  99 0.985 20.06 928.212
  100 0.995 19.716 904.86
105000 100 2112.0000000000005
  1 0.005 19.922 893.202
  2 0.015 20.67 891.99
  3 0.025 21.128 937.489
  4 0.035 21.422 929.026
  5 0.045 21.612 915.219
  6 0.055 21.634 972.995
  7 0.065 21.602 892.071
  8 0.075 21.886 915.037
  9 0.085 21.882 948.456
  10 0.095 21.822 957.471
  11 0.105 21.388 954.982
  12 0.115 20.904 951.388
  13 0.125 20.608 999.707
  14 0.135 20.258 1001.61
  15 0.145 20.572 1041.14
  16 0.155 21.056 1080.49
  17 0.165 21.44 1098.28
  18 0.175 21.95 1084.26
  19 0.185 21.76 1121.96
  20 0.195 21.732 1088.74
  21 0.205 21.698 1117.85
  22 0.215 21.534 1099.61
  23 0.225 21.316 1134.94
  24 0.235 20.8 1137.69
  25 0.245 20.364 1142.79
  26 0.255 19.56 1114.59
  27 0.265 19.786 1071.98
  28 0.275 20.284 1094.95
  29 0.285 21.036 1092.14
  30 0.295 21.55 1108.04
  31 0.305 21.456 1062.65
  32 0.315 21.638 1063.31
  33 0.325 21.776 1110.25
  34 0.335 21.828 1175.14
  35 0.345 21.82 1150.55
  36 0.355 21.662 1118.7
  37 0.365 20.75 1123.5
  38 0.375 20.35 1147.33
  39 0.385 19.896 1135.4
  40 0.395 20.454 1185
  41 0.405 21.18 1209.74
  42 0.415 21.748 1228.62
  43 0.425 21.86 1253.79
  44 0.435 21.806 1248.75
  45 0.445 21.682 1278.35
  46 0.455 21.472 1273.17
  47 0.465 21.358 1242.82
  48 0.475 21.13 1213.15
  49 0.485 20.21 1236.78
  50 0.495 19.612 1209.98
  51 0.505 19.71 1150.79
  52 0.515 20.376 1196.38
  53 0.525 20.756 1238.5
  54 0.535 21.412 1174.17
  55 0.545 21.572 1263.54
  56 0.555 21.58 1272.02
  57 0.565 21.768 1192.46
  58 0.575 21.864 1233.29
  59 0.585 21.678 1264.28
  60 0.595 21.44 1135.23
  61 0.605 20.75 1186.41
  62 0.615 20.036 1216.83
  63 0.625 20.348 1173.88
  64 0.635 20.626 1170.8
  65 0.645 21.262 1223.52
  66 0.655 21.756 1155.44
  67 0.665 21.804 1158.18
  68 0.675 21.714 1173.09
  69 0.685 21.788 1196.02
  70 0.695 21.584 1177.97
  71 0.705 21.18 1184.92
  72 0.715 21.116 1130.54
  73 0.725 20.174 1122.43
  74 0.735 19.648 1127.88
  75 0.745 19.568 1088.08
  76 0.755 20.232 1087.01
  77 0.765 21.03 1083.84
  78 0.775 21.436 1086.87
  79 0.785 21.546 1085.23
  80 0.795 21.554 1068.79
  81 0.805 21.896 1047.24
  82 0.815 21.702 1059.68
  83 0.825 21.982 988.092
  84 0.835 21.534 1036.71
  85 0.845 21.316 1003.22
  86 0.855 20.398 1001.6
  87 0.865 19.874 1049.8
  88 0.875 20.24 1059.37
  89 0.885 21.072 1057
  90 0.895 21.676 1034.92
  91 0.905 21.912 988.202
  92 0.915 21.892 992.389
  93 0.925 21.792 997.343
  94 0.935 21.632 1051.65
  95 0.945 21.61 1041.14
  96 0.955 21.462 1046.43
  97 0.965 21.32 1008.41
  98 0.975 20.764 931.281
  99 0.985 19.924 965.039
  100 0.995 19.83 916.772
110000 100 2112
  1 0.005 19.85 949.844
  2 0.015 20.528 935.495
  3 0.025 20.958 939.965
  4 0.035 21.342 929.167
  5 0.045 21.548 937.327
  6 0.055 21.548 938.949
  7 0.065 21.806 909.698
  8 0.075 21.852 921.143
  9 0.085 21.854 925.729
  10 0.095 21.868 958.135
  11 0.105 21.724 996.662
  12 0.115 21.06 1026.26
  13 0.125 20.268 1022.03
  14 0.135 20.214 1025.18
  15 0.145 20.254 1014.78
  16 0.155 21.114 1065.98
  17 0.165 21.486 1065.57
  18 0.175 21.914 1125.7
  19 0.185 21.812 1106.79
  20 0.195 21.736 1086.22
  21 0.205 21.632 1108.99
  22 0.215 21.574 1015.58
  23 0.225 21.416 1056.8
  24 0.235 20.852 1144.79
  25 0.245 20.584 1114.63
  26 0.255 19.494 1123.04
  27 0.265 19.624 1063.28
  28 0.275 20.282 1026.18
  29 0.285 21.034 1049.06
  30 0.295 21.364 1123.68
  31 0.305 21.542 1172.15
  32 0.315 21.616 1142.14
  33 0.325 21.754 1164.61
  34 0.335 21.756 1222.98
  35 0.345 21.816 1198.19
  36 0.355 21.638 1151.69
  37 0.365 21.186 1095.68
  38 0.375 20.12 1109.51
  39 0.385 19.954 1114.32
  40 0.395 20.426 1169.29
  41 0.405 21.16 1271.63
  42 0.415 21.628 1243.01
  43 0.425 21.92 1201.57
  44 0.435 21.74 1248.43
  45 0.445 21.776 1260.96
  46 0.455 21.492 1275.49
  47 0.465 21.238 1232.85
  48 0.475 20.984 1224.01
  49 0.485 20.308 1243.84
  50 0.495 19.772 1292.7
  51 0.505 19.6 1318.23
  52 0.515 20.236 1327.45
  53 0.525 20.888 1280.96
  54 0.535 21.256 1273.13
  55 0.545 21.496 1232.66
  56 0.555 21.702 1176.85
  57 0.565 21.722 1190.56
  58 0.575 21.948 1191.61
  59 0.585 21.712 1122.38
  60 0.595 21.208 1210.9
  61 0.605 20.298 1165.69
  62 0.615 19.854 1165.78
  63 0.625 20.574 1171.39
  64 0.635 20.8 1165.28
  65 0.645 21.58 1185.54
  66 0.655 21.882 1125.43
  67 0.665 21.81 1096.3
  68 0.675 21.782 1054.47
  69 0.685 21.628 1114.4
  70 0.695 21.426 1091.91
  71 0.705 21.362 1081.79
  72 0.715 21.01 1134.47
  73 0.725 20.218 1164.09
  74 0.735 19.812 1205.39
  75 0.745 19.64 1127.83
  76 0.755 20.232 1165.55
  77 0.765 21.016 1123.81
  78 0.775 21.416 1065.07
  79 0.785 21.488 1065.6
  80 0.795 21.666 1071.7
  81 0.805 21.74 1070.52
  82 0.815 21.882 1051.42
  83 0.825 21.926 1050.65
  84 0.835 21.816 1057.49
  85 0.845 21.092 1117.77
  86 0.855 20.62 1061.34
  87 0.865 19.84 1063.17
  88 0.875 20.33 1065.15
  89 0.885 20.796 1057.61
  90 0.895 21.69 1090.02
  91 0.905 21.736 1001.51
  92 0.915 21.926 995.021
  93 0.925 21.806 963.691
  94 0.935 21.772 918.157
  95 0.945 21.544 954.945
  96 0.955 21.55 937.769
  97 0.965 21.3 916.871
  98 0.975 20.894 966.653
  99 0.985 20.31 990.641
  100 0.995 19.75 950.959
115000 100 2112
  1 0.005 19.792 924.713
  2 0.015 20.26 950.467
  3 0.025 20.82 918.162
  4 0.035 21.52 930.852
  5 0.045 21.444 972.975
  6 0.055 21.546 983.065
  7 0.065 21.746 949.146
  8 0.075 21.808 963.474
  9 0.085 21.894 949.264
  10 0.095 21.82 948.176
  11 0.105 21.632 987.244
  12 0.115 21.268 951.915
  13 0.125 20.122 1010.74
  14 0.135 19.984 1033.27
  15 0.145 20.49 986.377
  16 0.155 20.884 1028.13
  17 0.165 21.742 1068.52
  18 0.175 21.996 1128
  19 0.185 21.886 1044.15
  20 0.195 21.712 1106.86
  21 0.205 21.702 1086.68
  22 0.215 21.49 1081.9
  23 0.225 21.44 1092.52
  24 0.235 21.048 1096.57
  25 0.245 20.53 1081.36
  26 0.255 19.664 1143.75
  27 0.265 19.532 1174.77
  28 0.275 20.03 1137.25
  29 0.285 20.966 1194.89
  30 0.295 21.37 1179.78
  31 0.305 21.452 1204.77
  32 0.315 21.636 1192.57
  33 0.325 21.866 1216.98
  34 0.335 21.688 1235.42
  35 0.345 21.95 1160.75
  36 0.355 21.45 1217.06
  37 0.365 20.934 1166.81
  38 0.375 19.926 1141.95
  39 0.385 19.91 1143.91
  40 0.395 20.67 1135.37
  41 0.405 21.448 1149.45
  42 0.415 21.632 1196.54
  43 0.425 21.946 1200.4
  44 0.435 21.736 1173
  45 0.445 21.578 1182.26
  46 0.455 21.642 1143.74
  47 0.465 21.336 1130.48
  48 0.475 21.038 1186.25
  49 0.485 20.04 1251.66
  50 0.495 19.766 1198.89
  51 0.505 19.768 1226.14
  52 0.515 20.23 1191.8
  53 0.525 20.936 1215.22
  54 0.535 21.232 1228.88
  55 0.545 21.514 1277.32
  56 0.555 21.796 1240.8
  57 0.565 21.71 1259.16
  58 0.575 21.814 1218.61
  59 0.585 21.614 1189.95
  60 0.595 21.162 1218.33
  61 0.605 20.692 1206.21
  62 0.615 20.08 1163.62
  63 0.625 20.198 1168.98
  64 0.635 20.84 1250.51
  65 0.645 21.478 1298.75
  66 0.655 21.828 1271.11
  67 0.665 21.892 1192.34
  68 0.675 21.68 1172.91
  69 0.685 21.708 1127.96
  70 0.695 21.476 1138.96
  71 0.705 21.382 1157.59
  72 0.715 20.844 1146.51
  73 0.725 20.228 1146.88
  74 0.735 19.618 1133.12
  75 0.745 19.546 1093.24
  76 0.755 20.484 1043.74
  77 0.765 21.088 1081.48
  78 0.775 21.402 1095.85
  79 0.785 21.506 1085.86
  80 0.795 21.658 1080.45
  81 0.805 21.818 1009.77
  82 0.815 21.854 1008.24
  83 0.825 21.868 1024.59
  84 0.835 21.782 1025.85
  85 0.845 21.03 1142.4
  86 0.855 20.294 1095.69
  87 0.865 19.97 1052.11
  88 0.875 20.128 1016.87
  89 0.885 21.234 982.013
  90 0.895 21.69 975.545
  91 0.905 21.9 987.788
  92 0.915 21.882 1007.96
  93 0.925 21.812 1017.05
  94 0.935 21.708 962.782
  95 0.945 21.578 960.441
  96 0.955 21.556 954.025
  97 0.965 21.29 925.046
  98 0.975 21.022 920.715
  99 0.985 20.628 922.86
  100 0.995 19.77 899.812
120000 100 2112
  1 0.005 19.558 886.674
  2 0.015 20.278 875.527
  3 0.025 20.798 892.094
  4 0.035 21.296 903.29
  5 0.045 21.606 920.617
  6 0.055 21.478 926.428
  7 0.065 21.774 992.16
  8 0.075 21.732 965.471
  9 0.085 21.83 1037.1
  10 0.095 21.908 1000.9
  11 0.105 21.824 1003.53
  12 0.115 21.098 1116.97
  13 0.125 20.486 1117.48
  14 0.135 19.822 1096.4
  15 0.145 20.038 1055.85
  16 0.155 21.116 1089.17
  17 0.165 21.75 1119.51
  18 0.175 21.834 1092.71
  19 0.185 21.852 1055.47
  20 0.195 21.81 1017.44
  21 0.205 21.63 1047.15
  22 0.215 21.484 1039.07
  23 0.225 21.498 1044.2
  24 0.235 21.156 1071.74
  25 0.245 20.328 1104.31
  26 0.255 19.512 1164.35
  27 0.265 19.416 1181.36
  28 0.275 20.306 1191.37
  29 0.285 20.944 1242.92
  30 0.295 21.352 1191.43
  31 0.305 21.53 1204.59
  32 0.315 21.626 1138.57
  33 0.325 21.784 1119.51
  34 0.335 21.894 1169.72
  35 0.345 21.802 1176.6
  36 0.355 21.386 1221.23
  37 0.365 20.74 1149.39
  38 0.375 19.678 1150.04
  39 0.385 20.128 1190.25
  40 0.395 20.784 1195.79
  41 0.405 21.562 1208.97
  42 0.415 21.776 1213.11
  43 0.425 21.94 1146.26
  44 0.435 21.628 1152.06
  45 0.445 21.59 1202.52
  46 0.455 21.6 1235.9
  47 0.465 21.212 1229.25
  48 0.475 20.864 1173.55
  49 0.485 20.006 1188.7
  50 0.495 19.726 1220.86
  51 0.505 19.914 1188.78
  52 0.515 20.428 1186.2
  53 0.525 20.972 1193.63
  54 0.535 21.354 1184.76
  55 0.545 21.672 1235.87
  56 0.555 21.568 1250.63
  57 0.565 21.858 1275.62
  58 0.575 21.772 1253.64
  59 0.585 21.684 1266.92
  60 0.595 21.102 1246.86
  61 0.605 20.292 1255.33
  62 0.615 20.094 1182.65
  63 0.625 20.292 1214.35
  64 0.635 21.124 1165.57
  65 0.645 21.388 1141.73
  66 0.655 22.002 1149.23
  67 0.665 21.702 1162.46
  68 0.675 21.978 1188.58
  69 0.685 21.52 1197.48
  70 0.695 21.506 1132.37
  71 0.705 21.332 1118.32
  72 0.715 20.918 1099.47
  73 0.725 20.192 1130.91
  74 0.735 19.634 1103.34
  75 0.745 19.596 1114.98
  76 0.755 20.432 1101.86
  77 0.765 21.11 1067.24
  78 0.775 21.38 1101.66
  79 0.785 21.61 1088.12
  80 0.795 21.554 1085.98
  81 0.805 21.764 1081.79
  82 0.815 21.85 1090.73
  83 0.825 21.896 1030.75
  84 0.835 21.714 1045.26
  85 0.845 21.402 1051.16
  86 0.855 20.668 1022.01
  87 0.865 19.868 1026.46
  88 0.875 20.066 1047.04
  89 0.885 21.072 1059.41
  90 0.895 21.42 1028.64
  91 0.905 21.806 1033.65
  92 0.915 21.882 961.002
  93 0.925 21.83 980.214
  94 0.935 21.764 923.302
  95 0.945 21.532 932.36
  96 0.955 21.662 884.424
  97 0.965 21.23 913.518
  98 0.975 21.2 911.54
  99 0.985 20.518 894.335
  100 0.995 20.106 886.026
125000 100 2112
  1 0.005 19.944 837.906
  2 0.015 20.32 861.998
  3 0.025 20.708 930.496
  4 0.035 21.396 951.399
  5 0.045 21.536 1009.19
  6 0.055 21.632 944.286
  7 0.065 21.558 950.751
  8 0.075 21.816 980.724
  9 0.085 21.946 995.802
  10 0.095 21.786 1036.47
  11 0.105 21.626 1018.67
  12 0.115 20.744 1064.89
  13 0.125 20.364 1049.36
  14 0.135 20.214 1066.49
  15 0.145 20.244 1088.16
  16 0.155 21.218 1107.45
  17 0.165 21.732 1117.63
  18 0.175 21.88 1136.7
  19 0.185 21.79 1042.74
  20 0.195 21.714 1066.23
  21 0.205 21.602 1052.05
  22 0.215 21.59 1064.38
  23 0.225 21.36 1098.8
  24 0.235 21.014 1073.58
  25 0.245 20.31 1100.08
  26 0.255 19.482 1079.79
  27 0.265 19.53 1064.8
  28 0.275 20.42 1068.44
  29 0.285 21.054 1083.5
  30 0.295 21.46 1132.11
  31 0.305 21.5 1143.92
  32 0.315 21.706 1157.41
  33 0.325 21.724 1169.97
  34 0.335 21.896 1152.92
  35 0.345 21.88 1189.35
  36 0.355 21.334 1236.66
  37 0.365 20.818 1278.88
  38 0.375 19.884 1315.27
  39 0.385 20.01 1312.1
  40 0.395 20.668 1246.91
  41 0.405 21.41 1214.7
  42 0.415 21.918 1233.86
  43 0.425 21.818 1202.76
  44 0.435 21.712 1219.8
  45 0.445 21.75 1200.97
  46 0.455 21.434 1125.13
  47 0.465 21.356 1101.3
  48 0.475 21.048 1133.44
  49 0.485 20.318 1209.31
  50 0.495 19.93 1281
  51 0.505 19.688 1285.2
  52 0.515 20.144 1284.3
  53 0.525 20.718 1248.59
  54 0.535 21.382 1206.6
  55 0.545 21.422 1229.37
  56 0.555 21.736 1172.8
  57 0.565 21.786 1183.79
  58 0.575 21.752 1214.13
  59 0.585 21.776 1196.37
  60 0.595 21.096 1285.96
  61 0.605 20.608 1269.41
  62 0.615 20.124 1222.16
  63 0.625 20.112 1251.6
  64 0.635 20.862 1216.22
  65 0.645 21.53 1160.07
  66 0.655 21.8 1206.37
  67 0.665 21.864 1174.43
  68 0.675 21.704 1139.37
  69 0.685 21.67 1166.61
  70 0.695 21.568 1109.04
  71 0.705 21.35 1123.87
  72 0.715 21.006 1131.97
  73 0.725 20.18 1096.78
  74 0.735 19.626 1090.51
  75 0.745 19.522 1104.09
  76 0.755 20.266 1035.01
  77 0.765 21.198 1051.38
  78 0.775 21.506 999.787
  79 0.785 21.514 1018.05
  80 0.795 21.62 999.228
  81 0.805 21.774 1023.36
  82 0.815 21.832 1012.94
  83 0.825 21.922 1013.16
  84 0.835 21.796 1007.01
  85 0.845 21.58 1030.27
  86 0.855 20.364 1014.72
  87 0.865 20.096 1015.31
  88 0.875 20.036 1042.55
  89 0.885 20.858 1089.83
  90 0.895 21.52 1100.18
  91 0.905 21.796 1051.96
  92 0.915 21.794 996.163
  93 0.925 21.812 1029.91
  94 0.935 21.718 969.475
  95 0.945 21.616 950.95
  96 0.955 21.63 940.584
  97 0.965 21.272 941.248
  98 0.975 20.952 911.361
  99 0.985 20.576 897.853
  100 0.995 19.822 888.46
130000 100 2112
  1 0.005 19.916 930.465
  2 0.015 20.288 959.578
  3 0.025 20.826 915.599
  4 0.035 21.448 944.268
  5 0.045 21.554 910.552
  6 0.055 21.474 1016.25
  7 0.065 21.772 1026.04
  8 0.075 21.864 985.352
  9 0.085 21.822 1036.79
  10 0.095 21.816 1008.01
  11 0.105 21.678 934.991
  12 0.115 20.57 997.79
  13 0.125 20.522 1004.64
  14 0.135 19.896 1066.6
  15 0.145 20.546 1013.38
  16 0.155 21.344 1019.73
  17 0.165 21.76 1001.15
  18 0.175 21.828 1032.31
  19 0.185 21.896 1033.26
  20 0.195 21.714 1091.6
  21 0.205 21.636 1087.33
  22 0.215 21.466 1085.1
  23 0.225 21.546 1061.81
  24 0.235 21.032 1096.27
  25 0.245 20.414 1099.72
  26 0.255 19.39 1160.05
  27 0.265 19.556 1201.5
  28 0.275 20.38 1207.65
  29 0.285 20.936 1241.95
  30 0.295 21.394 1228.51
  31 0.305 21.516 1203.32
  32 0.315 21.644 1149.52
  33 0.325 21.736 1117.16
  34 0.335 21.86 1135.95
  35 0.345 21.82 1103.81
  36 0.355 21.562 1115.49
  37 0.365 20.994 1084.01
  38 0.375 20.356 1131.95
  39 0.385 19.906 1130.34
  40 0.395 20.41 1151.14
  41 0.405 21.252 1142.77
  42 0.415 21.712 1134.36
  43 0.425 21.8 1237.4
  44 0.435 21.79 1173.82
  45 0.445 21.804 1173.94
  46 0.455 21.444 1234.9
  47 0.465 21.328 1286.15
  48 0.475 20.862 1264.99
  49 0.485 20.404 1260.05
  50 0.495 19.718 1319.29
  51 0.505 19.74 1338.61
  52 0.515 19.984 1328.23
  53 0.525 20.896 1300.17
  54 0.535 21.39 1321.82
  55 0.545 21.438 1401.36
  56 0.555 21.684 1309.43
  57 0.565 21.744 1324.28
  58 0.575 21.866 1183.21
  59 0.585 21.626 1190.29
  60 0.595 21.054 1192.97
  61 0.605 20.506 1190.96
  62 0.615 20.046 1161.48
  63 0.625 20.158 1154.6
  64 0.635 21.056 1183.49
  65 0.645 21.632 1130.81
  66 0.655 21.82 1125.89
  67 0.665 21.944 1133.12
  68 0.675 21.702 1169.27
  69 0.685 21.632 1184.49
  70 0.695 21.55 1127.09
  71 0.705 21.284 1100.91
  72 0.715 21.062 1113.09
  73 0.725 20.268 1080.06
  74 0.735 19.408 1047.63
  75 0.745 19.688 1037.77
  76 0.755 20.324 1034.42
  77 0.765 21.214 1000.18
  78 0.775 21.47 1018.78
  79 0.785 21.472 1009.39
  80 0.795 21.642 1056.54
  81 0.805 21.75 1039.2
  82 0.815 21.874 1050.3
  83 0.825 21.858 1026.26
  84 0.835 21.784 999.232
  85 0.845 21.582 1010.61
  86 0.855 20.48 1034.34
  87 0.865 19.956 1041.72
  88 0.875 20.154 1025.85
  89 0.885 20.736 1057.78
  90 0.895 21.448 1102.13
  91 0.905 21.764 1077.91
  92 0.915 21.99 991.602
  93 0.925 21.804 990.574
  94 0.935 21.622 943.701
  95 0.945 21.708 933.468
  96 0.955 21.404 966.731
  97 0.965 21.344 933.25
  98 0.975 20.93 965.698
  99 0.985 20.364 971.011
  100 0.995 19.946 945.556
135000 100 2112
  1 0.005 19.93 949.424
  2 0.015 20.218 899.758
  3 0.025 20.836 938.752
  4 0.035 21.37 966.017
  5 0.045 21.678 963.218
  6 0.055 21.512 982.493
  7 0.065 21.688 949.474
  8 0.075 21.864 974.708
  9 0.085 21.862 1004.79
  10 0.095 21.836 1047.71
  11 0.105 21.636 1034.07
  12 0.115 20.87 1027.5
  13 0.125 20.278 1037.32
  14 0.135 19.862 1068.74
  15 0.145 20.696 1042.84
  16 0.155 21.098 996.814
  17 0.165 21.772 982.785
  18 0.175 21.912 1018.9
  19 0.185 21.87 1041.62
  20 0.195 21.778 1053.61
  21 0.205 21.622 1032.68
  22 0.215 21.642 1079.07
  23 0.225 21.468 1105.85
  24 0.235 20.974 1132.34
  25 0.245 20.57 1158.39
  26 0.255 19.862 1147.38
  27 0.265 19.602 1186.96
  28 0.275 19.978 1178.11
  29 0.285 20.758 1242.4
  30 0.295 21.206 1251.92
  31 0.305 21.6 1203.47
  32 0.315 21.606 1179.09
  33 0.325 21.786 1156.56
  34 0.335 21.862 1119.42
  35 0.345 21.602 1163.5
  36 0.355 21.56 1153.77
  37 0.365 20.936 1117.09
  38 0.375 20.396 1175.04
  39 0.385 20.218 1117.2
  40 0.395 20.292 1200.44
  41 0.405 21.17 1091.48
  42 0.415 21.756 1119.63
  43 0.425 21.774 1183.7
  44 0.435 21.782 1192.92
  45 0.445 21.598 1205.53
  46 0.455 21.622 1177.02
  47 0.465 21.35 1241.58
  48 0.475 20.99 1247.71
  49 0.485 20.498 1307.76
  50 0.495 19.808 1364.66
  51 0.505 19.644 1353.2
  52 0.515 19.968 1409.11
  53 0.525 20.806 1354.51
  54 0.535 21.282 1354.93
  55 0.545 21.466 1323.16
  56 0.555 21.732 1354.94
  57 0.565 21.856 1322.93
  58 0.575 21.66 1302.58
  59 0.585 21.584 1220.93
  60 0.595 20.938 1170.73
  61 0.605 20.368 1157.69
  62 0.615 19.934 1201.49
  63 0.625 20.29 1178.31
  64 0.635 21.128 1111.4
  65 0.645 21.83 1053.49
  66 0.655 21.924 1071.73
  67 0.665 21.846 1141.08
  68 0.675 21.742 1017.7
  69 0.685 21.588 1098.42
  70 0.695 21.556 1053.01
  71 0.705 21.374 1053.34
  72 0.715 20.884 1093.46
  73 0.725 20.156 1065.62
  74 0.735 19.606 1047.17
  75 0.745 19.996 994.978
  76 0.755 20.282 1039.73
  77 0.765 20.924 1032.78
  78 0.775 21.43 1055.67
  79 0.785 21.66 1087.7
  80 0.795 21.524 1045.88
  81 0.805 21.724 1022.11
  82 0.815 21.896 1042.85
  83 0.825 21.726 1043.83
  84 0.835 21.51 1030.36
  85 0.845 21.17 987.199
  86 0.855 20.652 1013.03
  87 0.865 20.36 982.512
  88 0.875 20.448 966.836
  89 0.885 20.912 968.449
  90 0.895 21.33 1012.64
  91 0.905 21.78 1000.62
  92 0.915 21.876 1001.97
  93 0.925 21.818 978.754
  94 0.935 21.688 1025.91
  95 0.945 21.538 1021.1
  96 0.955 21.526 1024.09
  97 0.965 21.254 1013.42
  98 0.975 20.778 1045.07
  99 0.985 20.612 957.376
  100 0.995 19.97 953.003
140000 100 2112
  1 0.005 19.492 931.009
  2 0.015 20.31 923.278
  3 0.025 20.97 948.054
  4 0.035 21.38 952.335
  5 0.045 21.504 991.125
  6 0.055 21.554 958.452
  7 0.065 21.684 1008.98
  8 0.075 21.77 971.815
  9 0.085 21.914 974.41
  10 0.095 21.846 961.61
  11 0.105 21.724 926.337
  12 0.115 21.122 1030.44
  13 0.125 20.364 1049.12
  14 0.135 20.224 1066.14
  15 0.145 20.158 1083.08
  16 0.155 21.08 1022.6
  17 0.165 21.52 1045.97
  18 0.175 21.844 1061.23
  19 0.185 21.864 1091.18
  20 0.195 21.754 1074.72
  21 0.205 21.704 1138.51
  22 0.215 21.514 1140.92
  23 0.225 21.418 1128
  24 0.235 20.908 1187.18
  25 0.245 20.34 1220.33
  26 0.255 19.772 1154.92
  27 0.265 19.692 1128.54
  28 0.275 20.186 1166.19
  29 0.285 20.872 1156.32
  30 0.295 21.41 1087.48
  31 0.305 21.494 1115.76
  32 0.315 21.6 1122.23
  33 0.325 21.726 1173.86
  34 0.335 21.814 1235.65
  35 0.345 21.67 1196.41
  36 0.355 21.4 1206.66
  37 0.365 21.066 1201.71
  38 0.375 20.15 1172.89
  39 0.385 20.106 1139.63
  40 0.395 20.566 1147.93
  41 0.405 21.404 1154.39
  42 0.415 21.652 1209.43
  43 0.425 21.834 1215.72
  44 0.435 21.786 1175.55
  45 0.445 21.578 1272.9
  46 0.455 21.592 1267.58
  47 0.465 21.316 1236.21
  48 0.475 20.978 1257.8
  49 0.485 20.416 1299.21
  50 0.495 19.62 1265.34
  51 0.505 19.544 1332.72
  52 0.515 20.212 1263.96
  53 0.525 21.018 1338.16
  54 0.535 21.266 1268.94
  55 0.545 21.574 1262.38
  56 0.555 21.704 1250.78
  57 0.565 21.654 1267.74
  58 0.575 21.836 1276.04
  59 0.585 21.594 1234.96
  60 0.595 21.094 1230.98
  61 0.605 20.482 1188.98
  62 0.615 19.99 1177.59
  63 0.625 20.268 1100.94
  64 0.635 21.068 1157.06
  65 0.645 21.486 1132.64
  66 0.655 21.992 1069.5
  67 0.665 21.838 1025.42
  68 0.675 21.784 1017
  69 0.685 21.584 1043.29
  70 0.695 21.452 1114.18
  71 0.705 21.364 1131.6
  72 0.715 20.692 1098.4
  73 0.725 20.248 1090.62
  74 0.735 19.906 1045.04
  75 0.745 19.782 1049.47
  76 0.755 20.336 1070.49
  77 0.765 20.988 1073.08
  78 0.775 21.3 1112.41
  79 0.785 21.64 1080.81
  80 0.795 21.61 1072.97
  81 0.805 21.784 1027.58
  82 0.815 21.828 1019.54
  83 0.825 21.522 1034.91
  84 0.835 21.646 1027.23
  85 0.845 20.97 1070.93
  86 0.855 20.582 1052.72
  87 0.865 20.638 985.06
  88 0.875 20.292 1026.02
  89 0.885 21.204 1028.65
  90 0.895 21.274 1007.62
  91 0.905 21.776 968.841
  92 0.915 21.85 1007.31
  93 0.925 21.882 958.656
  94 0.935 21.604 1003.33
  95 0.945 21.78 960.411
  96 0.955 21.54 972.279
  97 0.965 21.244 989.898
  98 0.975 21.092 931.724
  99 0.985 20.534 917.935
  100 0.995 19.99 908.434
145000 100 2112
  1 0.005 19.566 970.809
  2 0.015 20.03 947.683
  3 0.025 20.98 984.247
  4 0.035 21.348 1044.53
  5 0.045 21.374 992.398
  6 0.055 21.708 974.335
  7 0.065 21.688 1031.53
  8 0.075 21.852 1037.21
  9 0.085 21.786 1059.78
  10 0.095 21.79 1015.42
  11 0.105 21.42 1028.57
  12 0.115 21.084 969.379
  13 0.125 20.37 989.22
  14 0.135 20.004 967.845
  15 0.145 20.378 997.269
  16 0.155 21.312 985.249
  17 0.165 21.78 1031.11
  18 0.175 21.876 1084.88
  19 0.185 21.774 1099.19
  20 0.195 21.746 1108.29
  21 0.205 21.712 1103.14
  22 0.215 21.422 1096.53
  23 0.225 21.388 1146.78
  24 0.235 20.858 1103.41
  25 0.245 20.344 1079.81
  26 0.255 20.008 1106.86
  27 0.265 19.674 1083.74
  28 0.275 20.136 1076.82
  29 0.285 21.06 1100.9
  30 0.295 21.198 1133.2
  31 0.305 21.614 1136.29
  32 0.315 21.568 1152.91
  33 0.325 21.796 1184.2
  34 0.335 21.716 1191.09
  35 0.345 21.89 1199.05
  36 0.355 21.428 1210.23
  37 0.365 20.974 1310.37
  38 0.375 20.098 1254.14
  39 0.385 20.154 1274.21
  40 0.395 20.424 1261.02
  41 0.405 21.27 1251.97
  42 0.415 21.826 1228.06
  43 0.425 21.686 1268.66
  44 0.435 21.748 1177.19
  45 0.445 21.588 1185.92
  46 0.455 21.622 1203.59
  47 0.465 21.166 1161.93
  48 0.475 20.728 1181.75
  49 0.485 20.086 1209.98
  50 0.495 19.558 1292.06
  51 0.505 19.684 1302.81
  52 0.515 20.622 1246.2
  53 0.525 21.044 1274.01
  54 0.535 21.342 1238.95
  55 0.545 21.682 1239.36
  56 0.555 21.744 1269.4
  57 0.565 21.812 1255.03
  58 0.575 21.644 1219.25
  59 0.585 21.646 1203.14
  60 0.595 20.774 1240.18
  61 0.605 20.586 1171.03
  62 0.615 20.098 1156.52
  63 0.625 20.282 1187.87
  64 0.635 21.112 1139.35
  65 0.645 21.674 1062.31
  66 0.655 21.858 1063.8
  67 0.665 21.866 1033.58
  68 0.675 21.756 1032.54
  69 0.685 21.742 1101.02
  70 0.695 21.404 1098.16
  71 0.705 21.324 1140.64
  72 0.715 21.014 1144.54
  73 0.725 20.29 1084.31
  74 0.735 19.862 1071.33
  75 0.745 19.902 1049.35
  76 0.755 20.02 1029.88
  77 0.765 21.042 1056.63
  78 0.775 21.288 1059.71
  79 0.785 21.602 1049.68
  80 0.795 21.66 1097.12
  81 0.805 21.664 1122.16
  82 0.815 21.78 1095.39
  83 0.825 21.856 1052.22
  84 0.835 21.64 1056.26
  85 0.845 21.286 1041.07
  86 0.855 20.984 949.066
  87 0.865 20.582 907.076
  88 0.875 20.256 942.391
  89 0.885 20.64 946.36
  90 0.895 21.15 944.881
  91 0.905 21.636 962.754
  92 0.915 21.824 971.51
  93 0.925 21.812 1002.35
  94 0.935 21.81 1035.23
  95 0.945 21.588 1050.17
  96 0.955 21.57 1038.8
  97 0.965 21.516 1011.93
  98 0.975 20.958 1032.14
  99 0.985 20.726 973.478
  100 0.995 19.74 985.196
150000 100 2112
  1 0.005 19.512 931.573
  2 0.015 20.198 930.543
  3 0.025 21.042 974.211
  4 0.035 21.252 1024.08
  5 0.045 21.464 1024.47
  6 0.055 21.612 976.238
  7 0.065 21.642 1026.85
  8 0.075 21.802 1078.21
  9 0.085 21.846 1093.72
  10 0.095 21.85 1047.2
  11 0.105 21.54 1023.57
  12 0.115 21.05 975.955
  13 0.125 20.114 973.997
  14 0.135 19.898 959.037
  15 0.145 20.636 1001.78
  16 0.155 21.234 1065.79
  17 0.165 21.714 1067.27
  18 0.175 21.92 1048.11
  19 0.185 21.876 1036.48
  20 0.195 21.718 1029.15
  21 0.205 21.72 983.324
  22 0.215 21.448 1060.54
  23 0.225 21.37 1071.57
  24 0.235 21.026 1073.15
  25 0.245 20.224 1128.75
  26 0.255 19.756 1164.67
  27 0.265 19.63 1213.96
  28 0.275 20.122 1199.69
  29 0.285 20.936 1177.23
  30 0.295 21.448 1145.44
  31 0.305 21.602 1191.46
  32 0.315 21.578 1175.4
  33 0.325 21.832 1165.41
  34 0.335 21.794 1160.35
  35 0.345 21.58 1176.65
  36 0.355 21.37 1150.92
  37 0.365 20.604 1234.85
  38 0.375 20.052 1199.76
  39 0.385 20.384 1186.03
  40 0.395 20.766 1225.41
  41 0.405 21.466 1155.18
  42 0.415 21.632 1212.12
  43 0.425 21.904 1189.67
  44 0.435 21.674 1187.46
  45 0.445 21.656 1193.09
  46 0.455 21.498 1287.87
  47 0.465 21.262 1234.82
  48 0.475 20.962 1145.58
  49 0.485 20.294 1092.85
  50 0.495 19.54 1139.44
  51 0.505 19.684 1193.65
  52 0.515 20.424 1214.07
  53 0.525 21.116 1242.16
  54 0.535 21.294 1237.92
  55 0.545 21.5 1267.15
  56 0.555 21.706 1232.67
  57 0.565 21.766 1244.11
  58 0.575 21.858 1218
  59 0.585 21.63 1228.15
  60 0.595 21.484 1203.27
  61 0.605 20.492 1278.07
  62 0.615 19.91 1246.75
  63 0.625 20.052 1241.07
  64 0.635 20.882 1228.14
  65 0.645 21.54 1194.71
  66 0.655 21.954 1147.25
  67 0.665 21.872 1080.73
  68 0.675 21.69 1068.69
  69 0.685 21.714 1051.82
  70 0.695 21.478 1060.82
  71 0.705 21.484 1079.39
  72 0.715 21.14 1105.71
  73 0.725 20.524 1127.97
  74 0.735 19.64 1103.81
  75 0.745 19.762 1172
  76 0.755 19.988 1098.43
  77 0.765 20.846 1104.14
  78 0.775 21.268 1081.13
  79 0.785 21.564 1063.55
  80 0.795 21.662 1026.11
  81 0.805 21.696 1011.9
  82 0.815 21.736 1017.3
  83 0.825 21.946 1043.46
  84 0.835 21.536 1098.61
  85 0.845 21.402 1072.12
  86 0.855 20.874 1071.55
  87 0.865 20.134 1050.13
  88 0.875 20.182 1056.94
  89 0.885 20.8 996.75
  90 0.895 21.34 979.535
  91 0.905 21.906 969.495
  92 0.915 21.678 1028.07
  93 0.925 21.934 1016.42
  94 0.935 21.75 977.553
  95 0.945 21.686 1006.58
  96 0.955 21.436 1034.04
  97 0.965 21.394 980.353
  98 0.975 21.29 936.779
  99 0.985 20.63 869.029
  100 0.995 19.676 915.136
155000 100 2112.0000000000005
  1 0.005 19.666 938.028
  2 0.015 20.412 972.858
  3 0.025 21.018 950.16
  4 0.035 21.46 932.626
  5 0.045 21.582 970.591
  6 0.055 21.598 959.115
  7 0.065 21.654 986.857
  8 0.075 21.896 994.733
  9 0.085 21.854 959.398
  10 0.095 21.782 978.943
  11 0.105 21.526 1042
  12 0.115 21.022 1080.51
  13 0.125 20.008 1096.24
  14 0.135 20.012 1052.24
  15 0.145 20.456 1005.8
  16 0.155 21.352 997.232
  17 0.165 21.832 973.485
  18 0.175 21.906 992.623
  19 0.185 21.83 995.407
  20 0.195 21.71 974.714
  21 0.205 21.748 1011.74
  22 0.215 21.338 1087.38
  23 0.225 21.214 1114.89
  24 0.235 20.844 1164.63
  25 0.245 19.83 1177.68
  26 0.255 19.68 1151.22
  27 0.265 19.928 1159.2
  28 0.275 20.526 1113.85
  29 0.285 21.094 1174.88
  30 0.295 21.474 1148.25
  31 0.305 21.616 1205.84
  32 0.315 21.666 1201.65
  33 0.325 21.708 1215.11
  34 0.335 21.868 1158.31
  35 0.345 21.738 1210.56
  36 0.355 21.372 1178.53
  37 0.365 20.542 1257.4
  38 0.375 19.908 1255.23
  39 0.385 20.172 1235.53
  40 0.395 20.804 1194.83
  41 0.405 21.55 1161.45
  42 0.415 21.92 1131.92
  43 0.425 21.81 1093.39
  44 0.435 21.852 1086.31
  45 0.445 21.75 1101.07
  46 0.455 21.472 1184.66
  47 0.465 21.406 1185.86
  48 0.475 21.22 1125.35
  49 0.485 20.406 1225.99
  50 0.495 19.538 1239.82
  51 0.505 19.288 1278.55
  52 0.515 20.214 1251.88
  53 0.525 20.962 1237.43
  54 0.535 21.41 1244.06
  55 0.545 21.462 1231.61
  56 0.555 21.752 1197.24
  57 0.565 21.706 1263.62
  58 0.575 21.812 1232.45
  59 0.585 21.756 1241.95
  60 0.595 21.498 1175.48
  61 0.605 20.772 1165.81
  62 0.615 20.296 1181.62
  63 0.625 19.95 1181.48
  64 0.635 20.58 1133.02
  65 0.645 21.302 1182.17
  66 0.655 21.8 1196.69
  67 0.665 21.852 1116.97
  68 0.675 21.782 1136.23
  69 0.685 21.612 1133.33
  70 0.695 21.668 1152.07
  71 0.705 21.398 1103.42
  72 0.715 21.012 1148.19
  73 0.725 20.618 1180.27
  74 0.735 19.522 1158.05
  75 0.745 19.77 1123.45
  76 0.755 20.118 1082.08
  77 0.765 20.728 1039.91
  78 0.775 21.32 1082.22
  79 0.785 21.566 1092.34
  80 0.795 21.57 1039.44
  81 0.805 21.788 1023.77
  82 0.815 21.772 1066.89
  83 0.825 21.838 1077.27
  84 0.835 21.726 1157.91
  85 0.845 21.134 1186.28
  86 0.855 20.79 1081.28
  87 0.865 19.888 1036.72
  88 0.875 20.274 1054.68
  89 0.885 20.874 1041.77
  90 0.895 21.58 1009.27
  91 0.905 21.792 1007.11
  92 0.915 21.898 1055.48
  93 0.925 21.842 1043.73
  94 0.935 21.63 1045.15
  95 0.945 21.64 966.513
  96 0.955 21.436 995.227
  97 0.965 21.434 973.828
  98 0.975 21.072 967.154
  99 0.985 20.386 921.344
  100 0.995 19.54 910.075
160000 100 2112
  1 0.005 19.462 955.675
  2 0.015 20.512 960.013
  3 0.025 21.244 922.821
  4 0.035 21.51 953.081
  5 0.045 21.44 955.445
  6 0.055 21.636 982.276
  7 0.065 21.826 1009.48
  8 0.075 21.8 990.335
  9 0.085 21.862 933.465
  10 0.095 21.732 920.426
  11 0.105 21.704 967.901
  12 0.115 20.718 1027.39
  13 0.125 20.556 1012.87
  14 0.135 19.828 1045.76
  15 0.145 20.598 1094.96
  16 0.155 21.142 999.752
  17 0.165 21.78 991.967
  18 0.175 21.86 1023.94
  19 0.185 21.892 992.288
  20 0.195 21.852 995.208
  21 0.205 21.584 1064.18
  22 0.215 21.556 1171.97
  23 0.225 21.416 1125.25
  24 0.235 20.894 1128.99
  25 0.245 20.416 1136.19
  26 0.255 19.97 1147.15
  27 0.265 19.666 1150.6
  28 0.275 20.06 1176.8
  29 0.285 20.852 1152.92
  30 0.295 21.294 1169.27
  31 0.305 21.512 1213.68
  32 0.315 21.594 1239.75
  33 0.325 21.698 1243.31
  34 0.335 21.854 1191.96
  35 0.345 21.676 1220.83
  36 0.355 21.524 1184.27
  37 0.365 20.728 1207.12
  38 0.375 19.994 1186.5
  39 0.385 20.058 1109.87
  40 0.395 20.782 1164.62
  41 0.405 21.492 1163.97
  42 0.415 21.71 1152.89
  43 0.425 21.786 1194.43
  44 0.435 21.834 1175.37
  45 0.445 21.638 1147.1
  46 0.455 21.614 1216.27
  47 0.465 21.244 1292.96
  48 0.475 20.942 1245.6
  49 0.485 20.2 1213.08
  50 0.495 19.442 1305.8
  51 0.505 19.586 1264.98
  52 0.515 20.296 1206.62
  53 0.525 21.268 1173.86
  54 0.535 21.378 1201.61
  55 0.545 21.478 1141.75
  56 0.555 21.704 1191.44
  57 0.565 21.738 1192.84
  58 0.575 21.918 1209.35
  59 0.585 21.668 1229.64
  60 0.595 21.544 1172.06
  61 0.605 20.846 1201.94
  62 0.615 19.788 1233.96
  63 0.625 19.81 1208.25
  64 0.635 20.78 1258.43
  65 0.645 21.678 1205.62
  66 0.655 21.764 1147.78
  67 0.665 21.898 1110.13
  68 0.675 21.758 1175.1
  69 0.685 21.738 1183.05
  70 0.695 21.42 1165.07
  71 0.705 21.266 1138.42
  72 0.715 21.102 1131.68
  73 0.725 20.336 1163.4
  74 0.735 19.862 1203.76
  75 0.745 19.64 1209.48
  76 0.755 20.098 1188.74
  77 0.765 20.968 1148.72
  78 0.775 21.318 1073.54
  79 0.785 21.528 1054.04
  80 0.795 21.69 1103.12
  81 0.805 21.72 1089.05
  82 0.815 21.77 1026.32
  83 0.825 21.868 1030.43
  84 0.835 21.694 1070.18
  85 0.845 21.338 1015.94
  86 0.855 20.502 1005.42
  87 0.865 20.168 1005.72
  88 0.875 20.022 1041.68
  89 0.885 20.916 999.052
  90 0.895 21.54 1007.81
  91 0.905 21.92 962.042
  92 0.915 21.876 965.059
  93 0.925 21.836 991.738
  94 0.935 21.658 1018.44
  95 0.945 21.596 968.977
  96 0.955 21.66 918.87
  97 0.965 21.406 913.87
  98 0.975 20.988 984.451
  99 0.985 20.3 965.381
  100 0.995 19.372 988.327
165000 100 2112.0000000000005
  1 0.005 19.776 982.23
  2 0.015 20.444 959.424
  3 0.025 20.972 930.347
  4 0.035 21.4 943.271
  5 0.045 21.47 976.765
  6 0.055 21.554 992.492
  7 0.065 21.73 977.592
  8 0.075 21.896 980.446
  9 0.085 21.822 1001.43
  10 0.095 21.82 1026.61
  11 0.105 21.48 1039.95
  12 0.115 21.058 1062.74
  13 0.125 20.3 1062.97
  14 0.135 19.936 1054.17
  15 0.145 20.254 1011.72
  16 0.155 21.534 958.859
  17 0.165 21.646 1034.89
  18 0.175 21.98 1004.71
  19 0.185 21.778 1060.19
  20 0.195 21.804 1086.51
  21 0.205 21.546 1137.66
  22 0.215 21.492 1124.72
  23 0.225 21.258 1124.53
  24 0.235 20.728 1160.78
  25 0.245 20.434 1153.65
  26 0.255 19.716 1165.02
  27 0.265 19.878 1159.19
  28 0.275 20.314 1185.59
  29 0.285 20.974 1192.55
  30 0.295 21.338 1131.62
  31 0.305 21.68 1111.48
  32 0.315 21.604 1114.94
  33 0.325 21.688 1138.57
  34 0.335 21.874 1192.99
  35 0.345 21.62 1201.19
  36 0.355 21.682 1161.74
  37 0.365 20.854 1165.32
  38 0.375 20.166 1227.09
  39 0.385 19.978 1167.31
  40 0.395 20.812 1125.56
  41 0.405 21.092 1198.82
  42 0.415 21.72 1201.23
  43 0.425 21.8 1177.88
  44 0.435 21.77 1160.23
  45 0.445 21.7 1148.2
  46 0.455 21.594 1184.77
  47 0.465 21.232 1230.24
  48 0.475 21.396 1157.58
  49 0.485 20.242 1207.34
  50 0.495 19.562 1220.17
  51 0.505 19.516 1209.47
  52 0.515 20.156 1244.02
  53 0.525 20.934 1230.15
  54 0.535 21.266 1279.55
  55 0.545 21.538 1268.78
  56 0.555 21.786 1221.54
  57 0.565 21.704 1212.15
  58 0.575 21.804 1250.86
  59 0.585 21.746 1242.61
  60 0.595 21.404 1182.08
  61 0.605 20.724 1256.06
  62 0.615 19.93 1269.58
  63 0.625 20.048 1291.37
  64 0.635 20.656 1312.19
  65 0.645 21.654 1251.69
  66 0.655 21.748 1206.74
  67 0.665 21.81 1176.36
  68 0.675 21.812 1156.48
  69 0.685 21.658 1077.04
  70 0.695 21.502 1052.66
  71 0.705 21.306 1073.18
  72 0.715 21.056 1105.76
  73 0.725 20.448 1127.4
  74 0.735 19.716 1129.31
  75 0.745 19.664 1047.52
  76 0.755 20.268 1048.66
  77 0.765 20.944 1141.25
  78 0.775 21.216 1144.65
  79 0.785 21.594 1166.18
  80 0.795 21.542 1108.58
  81 0.805 21.77 1104.54
  82 0.815 21.812 1085.55
  83 0.825 21.886 999.436
  84 0.835 21.66 978.737
  85 0.845 20.892 1005.87
  86 0.855 20.54 1080.07
  87 0.865 20.352 1028.44
  88 0.875 20.392 1035.02
  89 0.885 20.96 993.977
  90 0.895 21.512 1005.52
  91 0.905 21.746 1020.6
  92 0.915 21.856 995.698
  93 0.925 21.828 974.286
  94 0.935 21.702 1006.98
  95 0.945 21.582 937.743
  96 0.955 21.556 924.189
  97 0.965 21.5 895.492
  98 0.975 21.076 921.442
  99 0.985 20.28 973.339
  100 0.995 19.55 1015.7
170000 100 2111.9999999999995
  1 0.005 19.318 1072.7
  2 0.015 20.436 994.95
  3 0.025 20.986 996.584
  4 0.035 21.506 979.628
  5 0.045 21.44 986.802
  6 0.055 21.616 985.824
  7 0.065 21.76 1041.49
  8 0.075 21.886 1045.67
  9 0.085 21.866 1043.7
  10 0.095 21.86 1035.23
  11 0.105 21.542 1053.53
  12 0.115 20.86 1024.4
  13 0.125 20.188 1011.9
  14 0.135 19.892 1023.17
  15 0.145 20.458 1028.73
  16 0.155 21.502 1004.92
  17 0.165 21.718 1008.94
  18 0.175 21.928 1025.74
  19 0.185 21.804 1098.89
  20 0.195 21.828 1034.51
  21 0.205 21.548 1073.11
  22 0.215 21.62 1065.84
  23 0.225 21.336 1101.77
  24 0.235 20.838 1148.3
  25 0.245 20.53 1118.97
  26 0.255 19.65 1127.2
  27 0.265 19.872 1135.34
  28 0.275 20.018 1149.66
  29 0.285 20.846 1173.63
  30 0.295 21.418 1163.74
  31 0.305 21.46 1154.55
  32 0.315 21.656 1160.45
  33 0.325 21.87 1129.77
  34 0.335 21.742 1143.95
  35 0.345 21.636 1208.88
  36 0.355 21.314 1209.71
  37 0.365 20.518 1174.89
  38 0.375 20.274 1195.07
  39 0.385 20.216 1125.62
  40 0.395 20.824 1149.54
  41 0.405 21.444 1141.32
  42 0.415 21.68 1212.09
  43 0.425 21.888 1242.95
  44 0.435 21.838 1216.05
  45 0.445 21.518 1180.61
  46 0.455 21.728 1210.97
  47 0.465 21.356 1232.35
  48 0.475 21.014 1244.49
  49 0.485 20.392 1223.65
  50 0.495 19.424 1293.56
  51 0.505 19.434 1340.2
  52 0.515 20.384 1243.03
  53 0.525 21.062 1133.96
  54 0.535 21.334 1161.41
  55 0.545 21.5 1135.26
  56 0.555 21.626 1219.82
  57 0.565 21.742 1265.04
  58 0.575 21.776 1190.35
  59 0.585 21.828 1182.39
  60 0.595 21.474 1174.14
  61 0.605 20.96 1126.62
  62 0.615 19.732 1151.46
  63 0.625 20 1152.62
  64 0.635 20.618 1153.01
  65 0.645 21.65 1174.71
  66 0.655 21.732 1263.24
  67 0.665 21.83 1186.11
  68 0.675 21.804 1160.24
  69 0.685 21.528 1199.82
  70 0.695 21.57 1127.15
  71 0.705 21.23 1116.68
  72 0.715 20.872 1163.67
  73 0.725 20.11 1111.81
  74 0.735 19.718 1160.29
  75 0.745 19.896 1145.73
  76 0.755 20.53 1062.52
  77 0.765 20.892 1091.33
  78 0.775 21.354 1068.62
  79 0.785 21.536 1042.09
  80 0.795 21.684 1048.36
  81 0.805 21.77 1071.97
  82 0.815 21.846 1068.55
  83 0.825 21.748 1075.43
  84 0.835 21.774 1046.3
  85 0.845 21.106 1054.98
  86 0.855 20.606 1092.65
  87 0.865 20.074 1129.42
  88 0.875 20.128 1040.11
  89 0.885 21.174 977.62
  90 0.895 21.472 1043.54
  91 0.905 21.792 998.947
  92 0.915 21.876 954.831
  93 0.925 21.912 899.711
  94 0.935 21.698 952.298
  95 0.945 21.506 931.648
  96 0.955 21.674 952.261
  97 0.965 21.418 1017.92
  98 0.975 21.25 991.918
  99 0.985 20.296 1039.55
  100 0.995 19.612 1011.34
175000 100 2111.9999999999995
  1 0.005 19.57 1037.6
  2 0.015 20.266 939.528
  3 0.025 21.154 957.101
  4 0.035 21.282 993.688
  5 0.045 21.538 999.456
  6 0.055 21.602 1034.79
  7 0.065 21.726 984.998
  8 0.075 21.878 996.833
  9 0.085 21.822 1005.48
  10 0.095 21.932 1007.54
  11 0.105 21.57 973.185
  12 0.115 20.91 995.865
  13 0.125 20.024 1036.54
  14 0.135 19.836 1073.43
  15 0.145 20.776 1107.86
  16 0.155 21.204 1078.14
  17 0.165 21.798 1043.56
  18 0.175 21.804 1105.38
  19 0.185 21.864 1069.24
  20 0.195 21.72 1059.35
  21 0.205 21.494 1052.93
  22 0.215 21.614 1039.21
  23 0.225 21.548 1019.55
  24 0.235 20.86 1083.34
  25 0.245 20.39 1087.49
  26 0.255 19.66 1095.28
  27 0.265 19.68 1162.84
  28 0.275 20.28 1154.87
  29 0.285 21.082 1165.63
  30 0.295 21.206 1147.22
  31 0.305 21.596 1090.76
  32 0.315 21.684 1135.42
  33 0.325 21.742 1181.26
  34 0.335 21.894 1175.81
  35 0.345 21.704 1221.73
  36 0.355 21.574 1251.12
  37 0.365 20.616 1245.67
  38 0.375 20.518 1188.51
  39 0.385 19.992 1202.24
  40 0.395 20.666 1206.35
  41 0.405 21.068 1183.47
  42 0.415 21.686 1173.42
  43 0.425 21.81 1226.26
  44 0.435 21.856 1180.3
  45 0.445 21.594 1165.71
  46 0.455 21.532 1263.71
  47 0.465 21.36 1197.82
  48 0.475 21.02 1229.13
  49 0.485 20.14 1258.08
  50 0.495 19.482 1254.31
  51 0.505 19.632 1315.79
  52 0.515 20.252 1242.6
  53 0.525 21.2 1177.52
  54 0.535 21.304 1206.42
  55 0.545 21.504 1202.82
  56 0.555 21.762 1235.58
  57 0.565 21.758 1261.16
  58 0.575 21.846 1218.56
  59 0.585 21.826 1199.23
  60 0.595 21.366 1200.75
  61 0.605 20.394 1186.22
  62 0.615 19.838 1167.86
  63 0.625 19.89 1217.63
  64 0.635 21.22 1157.02
  65 0.645 21.528 1187.86
  66 0.655 21.842 1224.56
  67 0.665 21.78 1208.65
  68 0.675 21.776 1154.1
  69 0.685 21.6 1236.11
  70 0.695 21.548 1172.74
  71 0.705 21.382 1057.46
  72 0.715 20.94 1054.55
  73 0.725 20.408 1055.98
  74 0.735 19.894 1059.24
  75 0.745 19.8 1030.91
  76 0.755 20.038 1136.61
  77 0.765 20.94 1140.27
  78 0.775 21.408 1113.13
  79 0.785 21.448 1053.82
  80 0.795 21.616 1011.19
  81 0.805 21.736 1019.82
  82 0.815 21.838 1039.81
  83 0.825 21.886 985.266
  84 0.835 21.78 990.519
  85 0.845 21.196 997.402
  86 0.855 20.522 974.273
  87 0.865 20.168 1055.86
  88 0.875 20.2 1054.61
  89 0.885 20.9 1019.62
  90 0.895 21.536 1022.12
  91 0.905 21.68 1047.71
  92 0.915 21.966 1015.27
  93 0.925 21.766 1051.24
  94 0.935 21.786 1067.32
  95 0.945 21.678 1045.99
  96 0.955 21.408 1071.71
  97 0.965 21.488 1001.28
  98 0.975 21.254 980.516
  99 0.985 20.276 993.514
  100 0.995 19.572 981.515
180000 100 2111.9999999999995
  1 0.005 19.652 938.785
  2 0.015 20.448 1008.92
  3 0.025 21.196 953.889
  4 0.035 21.328 971.335
  5 0.045 21.598 952.503
  6 0.055 21.632 976.499
  7 0.065 21.738 975.41
  8 0.075 21.858 1030.47
  9 0.085 21.86 1077.19
  10 0.095 21.846 1013.82
  11 0.105 21.57 1045.86
  12 0.115 20.904 1076.62
  13 0.125 20.158 1006.51
  14 0.135 19.746 1011.74
  15 0.145 20.686 974.081
  16 0.155 21.42 988.875
  17 0.165 21.646 1031.11
  18 0.175 21.922 1077.17
  19 0.185 21.862 1074.3
  20 0.195 21.696 1118.67
  21 0.205 21.626 1074.48
  22 0.215 21.65 1129.91
  23 0.225 21.322 1079.47
  24 0.235 20.96 1088.82
  25 0.245 20.504 1091.55
  26 0.255 19.73 1123.29
  27 0.265 19.702 1191.88
  28 0.275 20.126 1178.48
  29 0.285 20.794 1167.56
  30 0.295 21.428 1229.37
  31 0.305 21.554 1190.13
  32 0.315 21.668 1204.08
  33 0.325 21.622 1170.95
  34 0.335 21.856 1106.08
  35 0.345 21.902 1133.55
  36 0.355 21.19 1151.79
  37 0.365 20.696 1170.79
  38 0.375 20.29 1169.25
  39 0.385 20.086 1181.79
  40 0.395 20.472 1175.04
  41 0.405 21.494 1190.1
  42 0.415 21.83 1282.52
  43 0.425 21.804 1248.88
  44 0.435 21.922 1176.38
  45 0.445 21.654 1253.91
  46 0.455 21.376 1228.86
  47 0.465 21.474 1252.32
  48 0.475 20.918 1225.69
  49 0.485 20.324 1165.52
  50 0.495 19.496 1182.67
  51 0.505 19.65 1196.02
  52 0.515 20.392 1221.44
  53 0.525 21.002 1262.59
  54 0.535 21.316 1257.91
  55 0.545 21.46 1281.87
  56 0.555 21.598 1299.22
  57 0.565 21.878 1292.17
  58 0.575 21.752 1266.07
  59 0.585 21.812 1234.17
  60 0.595 21.132 1273.99
  61 0.605 20.53 1303.94
  62 0.615 19.738 1217.74
  63 0.625 20.098 1212.66
  64 0.635 21.14 1147.41
  65 0.645 21.638 1120.77
  66 0.655 21.924 1085.92
  67 0.665 21.698 1149.22
  68 0.675 21.804 1105.78
  69 0.685 21.58 1096.99
  70 0.695 21.592 1068.15
  71 0.705 21.282 1098.04
  72 0.715 21.01 1045.58
  73 0.725 20.464 1076.51
  74 0.735 19.92 1027.6
  75 0.745 19.754 1011.87
  76 0.755 20.008 1028.42
  77 0.765 21.044 1035.16
  78 0.775 21.324 1074.17
  79 0.785 21.492 1141.11
  80 0.795 21.596 1167.88
  81 0.805 21.764 1143.86
  82 0.815 21.684 1098.17
  83 0.825 21.974 1081.48
  84 0.835 21.704 1018.45
  85 0.845 21.388 985.267
  86 0.855 20.66 966.911
  87 0.865 20.204 991.891
  88 0.875 20.408 1018.24
  89 0.885 20.676 1047.75
  90 0.895 21.236 1075.73
  91 0.905 21.722 1007.14
  92 0.915 21.962 968.94
  93 0.925 21.79 1013.66
  94 0.935 21.716 1068.24
  95 0.945 21.652 1025.76
  96 0.955 21.48 1011.51
  97 0.965 21.412 1009.63
  98 0.975 21.044 1019.93
  99 0.985 20.084 1001.53
  100 0.995 19.576 983.813
185000 100 2112
  1 0.005 19.596 969.962
  2 0.015 20.176 973.537
  3 0.025 20.974 981.019
  4 0.035 21.378 1053.02
  5 0.045 21.418 1066.1
  6 0.055 21.612 1086.32
  7 0.065 21.682 1027.24
  8 0.075 21.84 984.55
  9 0.085 21.86 1041.04
  10 0.095 21.798 1066.17
  11 0.105 21.452 1055.96
  12 0.115 21.156 977.197
  13 0.125 19.946 975.736
  14 0.135 20.012 983.853
  15 0.145 20.522 1015.66
  16 0.155 21.396 1027.74
  17 0.165 21.728 1026.93
  18 0.175 21.83 1082.12
  19 0.185 21.918 1072.14
  20 0.195 21.628 1099.29
  21 0.205 21.626 1057.88
  22 0.215 21.548 1044.95
  23 0.225 21.226 1092.8
  24 0.235 20.832 1155.07
  25 0.245 20.13 1119.15
  26 0.255 19.838 1117.03
  27 0.265 19.77 1106.85
  28 0.275 20.244 1136.2
  29 0.285 21.198 1035.58
  30 0.295 21.462 1072.43
  31 0.305 21.512 1087.55
  32 0.315 21.64 1116.39
  33 0.325 21.794 1131.19
  34 0.335 21.82 1142.02
  35 0.345 21.81 1198.07
  36 0.355 21.454 1220.59
  37 0.365 20.718 1216.51
  38 0.375 20.126 1282.54
  39 0.385 19.934 1293.87
  40 0.395 20.666 1304.81
  41 0.405 21.332 1227.26
  42 0.415 21.89 1243.8
  43 0.425 21.826 1284.74
  44 0.435 21.698 1285.16
  45 0.445 21.826 1298.26
  46 0.455 21.358 1345.79
  47 0.465 21.28 1317.12
  48 0.475 21.026 1265.07
  49 0.485 20.01 1201.24
  50 0.495 19.542 1199.19
  51 0.505 19.62 1256.85
  52 0.515 20.398 1192.41
  53 0.525 21.09 1212.9
  54 0.535 21.426 1235.23
  55 0.545 21.562 1228.92
  56 0.555 21.682 1207.91
  57 0.565 21.786 1199.34
  58 0.575 21.896 1164.43
  59 0.585 21.768 1177.69
  60 0.595 21.4 1161.05
  61 0.605 20.496 1196.63
  62 0.615 19.758 1232.76
  63 0.625 20.384 1251.14
  64 0.635 20.546 1179.23
  65 0.645 21.76 1084.82
  66 0.655 21.84 1116.84
  67 0.665 21.864 1070.29
  68 0.675 21.808 1115.47
  69 0.685 21.616 1086.9
  70 0.695 21.666 1075.24
  71 0.705 21.184 1165.5
  72 0.715 21.088 1165.47
  73 0.725 20.388 1086.67
  74 0.735 19.946 1096.86
  75 0.745 19.712 1058.74
  76 0.755 20.104 1023.5
  77 0.765 20.796 1043.96
  78 0.775 21.31 1047.45
  79 0.785 21.504 1081.34
  80 0.795 21.614 1059.67
  81 0.805 21.71 1035.11
  82 0.815 21.804 1039.79
  83 0.825 21.924 1023.2
  84 0.835 21.716 1063.05
  85 0.845 21.602 1015.08
  86 0.855 20.548 978.277
  87 0.865 20.218 1004.31
  88 0.875 20.004 1036.92
  89 0.885 20.96 1054.41
  90 0.895 21.044 1142.14
  91 0.905 21.904 1084.18
  92 0.915 21.842 1114.49
  93 0.925 21.862 1133.89
  94 0.935 21.744 1014.67
  95 0.945 21.616 993.433
  96 0.955 21.54 969.353
  97 0.965 21.468 956.057
  98 0.975 21.202 973.163
  99 0.985 20.466 952.596
  100 0.995 19.756 980.23
190000 100 2112.0000000000005
  1 0.005 19.572 936.288
  2 0.015 20.424 972.905
  3 0.025 21.022 986.82
  4 0.035 21.422 968.95
  5 0.045 21.54 999.163
  6 0.055 21.644 982.931
  7 0.065 21.76 1011.38
  8 0.075 21.828 998.394
  9 0.085 21.924 990.673
  10 0.095 21.752 1001.43
  11 0.105 21.5 1002.74
  12 0.115 20.724 1056.19
  13 0.125 20.128 1052.46
  14 0.135 20.182 1045.74
  15 0.145 20.774 1075.94
  16 0.155 21.144 1131.41
  17 0.165 21.802 1094.98
  18 0.175 21.83 1047.81
  19 0.185 21.888 1025.22
  20 0.195 21.784 1035.07
  21 0.205 21.482 1045.72
  22 0.215 21.516 1010.16
  23 0.225 21.288 1006.13
  24 0.235 20.878 1044.38
  25 0.245 20.186 1122.79
  26 0.255 20.1 1029.97
  27 0.265 19.788 1067.8
  28 0.275 20.27 1132.23
  29 0.285 20.902 1127.4
  30 0.295 21.472 1152.46
  31 0.305 21.326 1172.08
  32 0.315 21.84 1183.85
  33 0.325 21.59 1194.41
  34 0.335 21.89 1134.95
  35 0.345 21.778 1141.25
  36 0.355 21.47 1152.15
  37 0.365 20.792 1149.98
  38 0.375 20.094 1218.47
  39 0.385 20.006 1253.41
  40 0.395 20.436 1278.72
  41 0.405 21.534 1228.21
  42 0.415 21.722 1300.14
  43 0.425 21.982 1327.69
  44 0.435 21.638 1394.97
  45 0.445 21.64 1332.2
  46 0.455 21.494 1278.01
  47 0.465 21.348 1259.13
  48 0.475 20.878 1329.2
  49 0.485 20.176 1322.35
  50 0.495 19.442 1249.63
  51 0.505 19.704 1203.59
  52 0.515 20.33 1216.43
  53 0.525 21.244 1157.13
  54 0.535 21.29 1244.9
  55 0.545 21.778 1226.66
  56 0.555 21.52 1215.84
  57 0.565 21.816 1176.29
  58 0.575 21.824 1157.73
  59 0.585 21.8 1112.9
  60 0.595 21.446 1085.05
  61 0.605 20.576 1104.07
  62 0.615 20.162 1110.61
  63 0.625 19.974 1076.02
  64 0.635 20.718 1127.7
  65 0.645 21.582 1179.43
  66 0.655 21.708 1177.45
  67 0.665 21.864 1138.24
  68 0.675 21.774 1114.36
  69 0.685 21.734 1122.65
  70 0.695 21.618 1115.25
  71 0.705 21.3 1108.6
  72 0.715 21.18 1091.64
  73 0.725 20.498 1116.42
  74 0.735 19.978 1129.26
  75 0.745 19.598 1138.77
  76 0.755 19.958 1152.67
  77 0.765 20.834 1109.2
  78 0.775 21.244 1036.9
  79 0.785 21.496 1008.32
  80 0.795 21.592 1076.84
  81 0.805 21.754 1066.59
  82 0.815 21.728 1068.44
  83 0.825 21.882 1099.82
  84 0.835 21.754 1071.33
  85 0.845 21.3 1102.94
  86 0.855 20.81 1091.47
  87 0.865 20.134 1113.94
  88 0.875 20.006 1159.8
  89 0.885 20.81 1104.27
  90 0.895 21.426 1076.16
  91 0.905 21.802 1018.2
  92 0.915 21.886 1084.19
  93 0.925 21.802 1031.24
  94 0.935 21.708 992.655
  95 0.945 21.67 1012.91
  96 0.955 21.386 1016.44
  97 0.965 21.536 976.997
  98 0.975 21.174 945.466
  99 0.985 20.204 941.098
  100 0.995 19.486 935.613
195000 100 2111.9999999999995
  1 0.005 19.766 963.796
  2 0.015 20.698 960.66
  3 0.025 21.292 903.041
  4 0.035 21.54 894.139
  5 0.045 21.526 956.834
  6 0.055 21.632 949.92
  7 0.065 21.706 905.612
  8 0.075 21.976 930.619
  9 0.085 21.876 944.214
  10 0.095 21.908 938.461
  11 0.105 21.582 949.794
  12 0.115 20.646 1017.07
  13 0.125 20.148 1039.07
  14 0.135 20.044 1052.31
  15 0.145 20.726 1029.39
  16 0.155 21.232 1036.37
  17 0.165 21.766 1039.98
  18 0.175 21.81 1020.45
  19 0.185 21.868 1010.13
  20 0.195 21.668 1069.46
  21 0.205 21.746 1090.84
  22 0.215 21.454 1070.52
  23 0.225 21.252 1123.51
  24 0.235 20.95 1099.05
  25 0.245 20.468 1061.39
  26 0.255 19.792 1078.62
  27 0.265 19.688 1063.49
  28 0.275 20.344 1089.9
  29 0.285 20.836 1150.06
  30 0.295 21.392 1133.48
  31 0.305 21.584 1134.71
  32 0.315 21.518 1157.91
  33 0.325 21.88 1174.28
  34 0.335 21.792 1141.51
  35 0.345 21.888 1158.17
  36 0.355 21.508 1158.4
  37 0.365 21.248 1088.75
  38 0.375 20.196 1194.36
  39 0.385 19.76 1263.72
  40 0.395 20.284 1278.57
  41 0.405 21.188 1275.97
  42 0.415 21.772 1300.52
  43 0.425 21.816 1343.27
  44 0.435 21.798 1379.84
  45 0.445 21.604 1249.77
  46 0.455 21.454 1238.49
  47 0.465 21.47 1212.06
  48 0.475 20.932 1208.48
  49 0.485 20.112 1244.88
  50 0.495 19.346 1286.93
  51 0.505 19.726 1315.8
  52 0.515 20.34 1328.56
  53 0.525 21.162 1315.61
  54 0.535 21.388 1288.6
  55 0.545 21.516 1255.48
  56 0.555 21.75 1158.83
  57 0.565 21.758 1146.09
  58 0.575 21.882 1169.45
  59 0.585 21.828 1132.17
  60 0.595 21.24 1097.15
  61 0.605 20.84 1068.78
  62 0.615 19.964 1036.04
  63 0.625 20.27 1065.81
  64 0.635 20.538 1110.58
  65 0.645 21.576 1139.97
  66 0.655 21.742 1217.08
  67 0.665 21.786 1175.28
  68 0.675 21.946 1132.34
  69 0.685 21.644 1101.49
  70 0.695 21.482 1129.32
  71 0.705 21.468 1139.7
  72 0.715 21.076 1158.14
  73 0.725 20.612 1127.62
  74 0.735 20.13 1175.71
  75 0.745 19.59 1166.16
  76 0.755 19.724 1207.45
  77 0.765 20.766 1159.85
  78 0.775 21.216 1193.33
  79 0.785 21.566 1141.67
  80 0.795 21.648 1158.95
  81 0.805 21.706 1147.02
  82 0.815 21.744 1128.5
  83 0.825 21.874 1140.94
  84 0.835 21.536 1137.97
  85 0.845 21.342 1139.76
  86 0.855 20.476 1089.33
  87 0.865 20.034 1054.07
  88 0.875 20.152 1053.08
  89 0.885 20.944 1052.45
  90 0.895 21.642 1072.28
  91 0.905 21.894 1040.75
  92 0.915 21.81 1010.35
  93 0.925 21.814 1016.91
  94 0.935 21.732 982.702
  95 0.945 21.506 1029.91
  96 0.955 21.52 1023.52
  97 0.965 21.37 1013.38
  98 0.975 20.91 1005.87
  99 0.985 20.004 948.662
  100 0.995 19.334 976.018
200000 100 2112
  1 0.005 19.736 942.084
  2 0.015 20.578 941.511
  3 0.025 21.296 944.152
  4 0.035 21.49 994.945
  5 0.045 21.426 1002.64
  6 0.055 21.67 998.473
  7 0.065 21.722 1025.63
  8 0.075 21.916 952.34
  9 0.085 21.88 980.872
  10 0.095 21.866 913.624
  11 0.105 21.718 895.531
  12 0.115 20.976 943.358
  13 0.125 20.138 965.539
  14 0.135 20.042 970.502
  15 0.145 20.59 1019.53
  16 0.155 21.164 984.11
  17 0.165 21.61 1042.25
  18 0.175 21.852 1082.71
  19 0.185 21.832 1079.49
  20 0.195 21.816 1062.75
  21 0.205 21.68 1047.34
  22 0.215 21.606 1008.65
  23 0.225 21.264 1069.31
  24 0.235 21.138 1125.59
  25 0.245 20.482 1112.09
  26 0.255 19.804 1149.24
  27 0.265 19.436 1250.53
  28 0.275 20.002 1208.14
  29 0.285 20.926 1180.44
  30 0.295 21.242 1160.31
  31 0.305 21.692 1158.81
  32 0.315 21.57 1089.57
  33 0.325 21.772 1125.62
  34 0.335 21.82 1127.91
  35 0.345 21.91 1126.2
  36 0.355 21.632 1105.36
  37 0.365 21.182 1090.23
  38 0.375 20.158 1114.73
  39 0.385 19.724 1225.91
  40 0.395 20.156 1175.12
  41 0.405 21.31 1156.52
  42 0.415 21.88 1197.88
  43 0.425 21.892 1252.48
  44 0.435 21.864 1250.19
  45 0.445 21.556 1279.31
  46 0.455 21.584 1262.56
  47 0.465 21.412 1238.01
  48 0.475 21.228 1310.07
  49 0.485 20.358 1289.56
  50 0.495 19.294 1323.3
  51 0.505 19.474 1337.9
  52 0.515 20.08 1305.84
  53 0.525 20.986 1315.94
  54 0.535 21.482 1255.74
  55 0.545 21.436 1294.88
  56 0.555 21.584 1210.98
  57 0.565 22.006 1185.05
  58 0.575 21.756 1213.62
  59 0.585 21.804 1173.42
  60 0.595 21.424 1184.98
  61 0.605 20.512 1136.73
  62 0.615 20.136 1174.05
  63 0.625 19.83 1192.03
  64 0.635 20.87 1197.54
  65 0.645 21.538 1142.22
  66 0.655 21.786 1209.58
  67 0.665 21.768 1145.78
  68 0.675 21.94 1099.95
  69 0.685 21.614 1073.55
  70 0.695 21.52 1107.6
  71 0.705 21.382 1161.07
  72 0.715 20.898 1169.43
  73 0.725 20.404 1149.16
  74 0.735 19.744 1163.44
  75 0.745 19.634 1148.69
  76 0.755 20.11 1162.64
  77 0.765 20.97 1158.45
  78 0.775 21.43 1129.06
  79 0.785 21.502 1109.49
  80 0.795 21.626 1089.48
  81 0.805 21.81 1113.46
  82 0.815 21.756 1119.12
  83 0.825 21.884 1138.15
  84 0.835 21.532 1135.72
  85 0.845 21.096 1148.5
  86 0.855 20.454 1113.48
  87 0.865 19.842 1113.1
  88 0.875 20.354 1089.82
  89 0.885 21.266 1104.05
  90 0.895 21.674 1083.8
  91 0.905 21.814 1061.75
  92 0.915 21.996 962.484
  93 0.925 21.79 971.851
  94 0.935 21.584 1040.74
  95 0.945 21.574 1034.79
  96 0.955 21.57 956.232
  97 0.965 21.194 1016.21
  98 0.975 21.198 954.713
  99 0.985 20.068 915.559
  100 0.995 19.406 918.284
205000 100 2112
  1 0.005 19.674 959.849
  2 0.015 20.57 959.227
  3 0.025 21.084 964.455
  4 0.035 21.498 1061.6
  5 0.045 21.424 970.784
  6 0.055 21.712 923.455
  7 0.065 21.656 919.416
  8 0.075 21.912 939.813
  9 0.085 21.922 959.616
  10 0.095 21.916 974.206
  11 0.105 21.592 999.759
  12 0.115 21.022 1022.27
  13 0.125 20.17 1017.36
  14 0.135 19.888 1010.99
  15 0.145 20.454 1063.01
  16 0.155 21.224 1070.39
  17 0.165 21.75 1075.21
  18 0.175 21.854 1088.65
  19 0.185 21.87 1034.27
  20 0.195 21.832 1015.7
  21 0.205 21.656 1030.44
  22 0.215 21.574 1012.28
  23 0.225 21.344 1073.93
  24 0.235 21.156 1082.11
  25 0.245 20.344 1124.46
  26 0.255 19.736 1099.18
  27 0.265 19.572 1102.53
  28 0.275 20.064 1105.71
  29 0.285 21.038 1097.3
  30 0.295 21.312 1081.23
  31 0.305 21.574 1159.02
  32 0.315 21.564 1146.43
  33 0.325 21.762 1220.49
  34 0.335 21.778 1270.37
  35 0.345 21.842 1237
  36 0.355 21.554 1259.48
  37 0.365 20.966 1193.77
  38 0.375 20.012 1209.09
  39 0.385 19.774 1207.96
  40 0.395 20.524 1201
  41 0.405 21.362 1161.28
  42 0.415 21.868 1147.17
  43 0.425 21.916 1230.46
  44 0.435 21.83 1140.08
  45 0.445 21.62 1169.69
  46 0.455 21.678 1138.95
  47 0.465 21.382 1182.98
  48 0.475 21.122 1184.09
  49 0.485 20.61 1235.51
  50 0.495 19.494 1320.31
  51 0.505 19.238 1324.27
  52 0.515 20.124 1289.8
  53 0.525 20.928 1339.8
  54 0.535 21.284 1367.86
  55 0.545 21.55 1321.44
  56 0.555 21.598 1307.52
  57 0.565 21.81 1314.78
  58 0.575 21.95 1263.28
  59 0.585 21.67 1237.83
  60 0.595 21.504 1185.81
  61 0.605 20.278 1185.61
  62 0.615 19.666 1133.85
  63 0.625 20.28 1157.55
  64 0.635 20.978 1146.75
  65 0.645 21.526 1085.21
  66 0.655 21.958 1069.38
  67 0.665 21.85 1113.66
  68 0.675 21.794 1118.97
  69 0.685 21.558 1094.75
  70 0.695 21.6 1115.23
  71 0.705 21.328 1140.18
  72 0.715 21.072 1169.92
  73 0.725 20.244 1145.32
  74 0.735 19.642 1106.27
  75 0.745 19.642 1131.07
  76 0.755 20.254 1135.15
  77 0.765 21.074 1144.19
  78 0.775 21.338 1093.06
  79 0.785 21.582 1176.65
  80 0.795 21.454 1174.42
  81 0.805 21.872 1155.21
  82 0.815 21.832 1115.72
  83 0.825 21.76 1147.74
  84 0.835 21.74 1124.48
  85 0.845 20.84 1170.37
  86 0.855 20.594 1074.64
  87 0.865 19.842 1068.41
  88 0.875 20.172 1071.65
  89 0.885 21.398 1039.08
  90 0.895 21.608 994.668
  91 0.905 21.916 996.52
  92 0.915 21.846 1008.46
  93 0.925 21.916 983.319
  94 0.935 21.634 1017.51
  95 0.945 21.544 1043.64
  96 0.955 21.538 985.753
  97 0.965 21.4 955.634
  98 0.975 21.068 934.424
  99 0.985 20.144 950.814
  100 0.995 19.51 923.995
210000 100 2112
  1 0.005 19.65 958.566
  2 0.015 20.52 1003.52
  3 0.025 21.084 976.695
  4 0.035 21.41 967.528
  5 0.045 21.676 1017.52
  6 0.055 21.552 1001.82
  7 0.065 21.76 984.753
  8 0.075 21.828 1004.67
  9 0.085 21.938 984.621
  10 0.095 21.842 1001.09
  11 0.105 21.454 981.49
  12 0.115 21.112 964.269
  13 0.125 20.202 1022.94
  14 0.135 20.018 1038.18
  15 0.145 20.466 1067.93
  16 0.155 21.204 1061.05
  17 0.165 21.782 1062.1
  18 0.175 21.83 1071.22
  19 0.185 21.804 1037.56
  20 0.195 21.772 1048.74
  21 0.205 21.708 1064.78
  22 0.215 21.506 1117.61
  23 0.225 21.356 1112.55
  24 0.235 20.998 1103.15
  25 0.245 20.186 1098.63
  26 0.255 19.506 1117.13
  27 0.265 19.54 1092.83
  28 0.275 20.494 1101.82
  29 0.285 20.916 1113.87
  30 0.295 21.59 1108.07
  31 0.305 21.448 1189.36
  32 0.315 21.654 1172.3
  33 0.325 21.838 1131.31
  34 0.335 21.72 1215.18
  35 0.345 21.968 1153.37
  36 0.355 21.584 1187.38
  37 0.365 20.884 1146.47
  38 0.375 20.166 1127.39
  39 0.385 19.69 1197.83
  40 0.395 20.602 1137.42
  41 0.405 21.25 1185.73
  42 0.415 21.864 1141.95
  43 0.425 21.916 1139.23
  44 0.435 21.774 1170.35
  45 0.445 21.628 1116.84
  46 0.455 21.72 1126.88
  47 0.465 21.468 1187.2
  48 0.475 20.992 1259.84
  49 0.485 20.52 1276.08
  50 0.495 19.6 1316.58
  51 0.505 19.43 1322.02
  52 0.515 19.98 1291.32
  53 0.525 21.004 1313.26
  54 0.535 21.206 1304.03
  55 0.545 21.472 1247.96
  56 0.555 21.688 1172.98
  57 0.565 21.708 1215.39
  58 0.575 21.952 1199.62
  59 0.585 21.774 1235.55
  60 0.595 21.546 1251.04
  61 0.605 20.394 1240.18
  62 0.615 19.894 1210.5
  63 0.625 20.082 1253.75
  64 0.635 20.904 1163.34
  65 0.645 21.448 1175.64
  66 0.655 21.844 1161.58
  67 0.665 21.884 1159.92
  68 0.675 21.736 1145.89
  69 0.685 21.648 1152.86
  70 0.695 21.58 1222.05
  71 0.705 21.332 1134.36
  72 0.715 20.936 1194.18
  73 0.725 20.368 1172.26
  74 0.735 19.804 1138.16
  75 0.745 19.526 1168.24
  76 0.755 20.19 1183.1
  77 0.765 20.938 1258
  78 0.775 21.32 1213.06
  79 0.785 21.57 1124.36
  80 0.795 21.598 1154.6
  81 0.805 21.782 1095.19
  82 0.815 21.94 1113.15
  83 0.825 21.768 1088.85
  84 0.835 21.754 1039.21
  85 0.845 21.258 1030.46
  86 0.855 20.424 1032.81
  87 0.865 19.812 1085.06
  88 0.875 20.084 1004.07
  89 0.885 21.082 1007.72
  90 0.895 21.788 977.864
  91 0.905 21.874 1020.25
  92 0.915 21.944 964.486
  93 0.925 21.832 998.73
  94 0.935 21.616 967.676
  95 0.945 21.662 940.968
  96 0.955 21.46 954.405
  97 0.965 21.498 963.123
  98 0.975 21.056 966.207
  99 0.985 20.25 1015.09
  100 0.995 19.37 1011.65
215000 100 2112
  1 0.005 19.636 950.739
  2 0.015 20.416 972.169
  3 0.025 21.268 1000
  4 0.035 21.238 1037.46
  5 0.045 21.588 1014.97
  6 0.055 21.716 994.492
  7 0.065 21.638 952.711
  8 0.075 21.854 1019.94
  9 0.085 21.984 1011.68
  10 0.095 21.828 1017.79
  11 0.105 21.3 1023.77
  12 0.115 20.86 985.061
  13 0.125 19.966 963.75
  14 0.135 20.132 981.937
  15 0.145 20.664 1078.3
  16 0.155 21.426 987.199
  17 0.165 21.794 1031.47
  18 0.175 21.872 1055.59
  19 0.185 21.856 1079.46
  20 0.195 21.664 1098.28
  21 0.205 21.546 1099.58
  22 0.215 21.634 1057.87
  23 0.225 21.278 1063.79
  24 0.235 20.906 1061.27
  25 0.245 20.33 1070.78
  26 0.255 19.548 1069.93
  27 0.265 19.622 1096.44
  28 0.275 20.6 1143.98
  29 0.285 21.088 1176.46
  30 0.295 21.324 1138.75
  31 0.305 21.48 1152.12
  32 0.315 21.78 1149.96
  33 0.325 21.674 1153.6
  34 0.335 21.908 1090.49
  35 0.345 21.79 1184.65
  36 0.355 21.494 1184.25
  37 0.365 21.03 1140.56
  38 0.375 20.32 1126.72
  39 0.385 19.796 1139.54
  40 0.395 20.328 1156.2
  41 0.405 21.422 1092.22
  42 0.415 21.772 1168.6
  43 0.425 21.806 1209.55
  44 0.435 21.818 1238.37
  45 0.445 21.746 1266.28
  46 0.455 21.482 1253.1
  47 0.465 21.444 1275.5
  48 0.475 21.048 1303.28
  49 0.485 20.18 1360.58
  50 0.495 19.506 1340
  51 0.505 19.522 1337.62
  52 0.515 20.128 1305.21
  53 0.525 21.03 1210.27
  54 0.535 21.4 1190.26
  55 0.545 21.472 1227.76
  56 0.555 21.732 1180.08
  57 0.565 21.838 1195.05
  58 0.575 21.886 1192.36
  59 0.585 21.882 1192.25
  60 0.595 21.738 1143.98
  61 0.605 20.572 1199.99
  62 0.615 20.24 1178.49
  63 0.625 19.788 1175.82
  64 0.635 20.444 1189
  65 0.645 21.458 1117.78
  66 0.655 21.728 1147.76
  67 0.665 21.918 1214.74
  68 0.675 21.802 1168.05
  69 0.685 21.578 1156.54
  70 0.695 21.652 1189.22
  71 0.705 21.594 1116.86
  72 0.715 20.958 1199.89
  73 0.725 20.398 1154.26
  74 0.735 19.798 1227.42
  75 0.745 19.576 1143.36
  76 0.755 20.01 1203.66
  77 0.765 20.818 1181.35
  78 0.775 21.392 1138.17
  79 0.785 21.584 1094.93
  80 0.795 21.472 1091
  81 0.805 21.73 1069.36
  82 0.815 21.808 1122.8
  83 0.825 22.006 1120.77
  84 0.835 21.628 1081.63
  85 0.845 21.146 1094.87
  86 0.855 20.416 1063.15
  87 0.865 20.126 1072.15
  88 0.875 19.978 1074.81
  89 0.885 21.146 1064.43
  90 0.895 21.61 1041.07
  91 0.905 21.89 1016.94
  92 0.915 21.906 970.471
  93 0.925 21.792 1053.82
  94 0.935 21.706 1051.86
  95 0.945 21.538 1041.6
  96 0.955 21.548 1033.11
  97 0.965 21.392 977.336
  98 0.975 21.052 897.647
  99 0.985 20.232 944.417
  100 0.995 19.542 931.088
220000 100 2112
  1 0.005 19.61 943.564
  2 0.015 20.346 926.858
  3 0.025 21.086 947.198
  4 0.035 21.436 997.758
  5 0.045 21.4 995.334
  6 0.055 21.632 952.679
  7 0.065 21.89 955.035
  8 0.075 21.74 990.873
  9 0.085 21.866 1002.26
  10 0.095 21.872 1066.2
  11 0.105 21.574 1114.45
  12 0.115 20.728 1119.39
  13 0.125 20.052 1126
  14 0.135 19.832 1089.89
  15 0.145 20.716 1095.98
  16 0.155 21.424 1076.4
  17 0.165 21.846 1032.27
  18 0.175 21.772 1084.16
  19 0.185 21.904 1021.61
  20 0.195 21.716 1017
  21 0.205 21.562 1003.09
  22 0.215 21.66 1024.09
  23 0.225 21.29 1012.7
  24 0.235 20.768 1073.46
  25 0.245 20.07 1146.42
  26 0.255 19.748 1085.8
  27 0.265 19.664 1115.49
  28 0.275 20.504 1098.27
  29 0.285 21.088 1110.46
  30 0.295 21.39 1154.99
  31 0.305 21.522 1105.48
  32 0.315 21.744 1151.02
  33 0.325 21.724 1127.2
  34 0.335 21.944 1154.59
  35 0.345 21.704 1218.26
  36 0.355 21.552 1202.38
  37 0.365 21.006 1158.05
  38 0.375 19.876 1187.26
  39 0.385 19.994 1170.13
  40 0.395 20.544 1225.33
  41 0.405 21.392 1228.14
  42 0.415 21.806 1222.15
  43 0.425 21.916 1249.44
  44 0.435 21.802 1257.28
  45 0.445 21.6 1222.07
  46 0.455 21.584 1200.73
  47 0.465 21.312 1186.18
  48 0.475 21.146 1254.71
  49 0.485 20.32 1263.6
  50 0.495 19.616 1282.24
  51 0.505 19.362 1292.76
  52 0.515 20.244 1221.51
  53 0.525 20.982 1245.43
  54 0.535 21.408 1229.04
  55 0.545 21.532 1248.58
  56 0.555 21.494 1218.2
  57 0.565 21.858 1171.51
  58 0.575 21.886 1214.89
  59 0.585 21.814 1179.11
  60 0.595 21.594 1188.4
  61 0.605 20.774 1168.11
  62 0.615 19.622 1183.02
  63 0.625 19.812 1181.56
  64 0.635 20.858 1158.47
  65 0.645 21.668 1168.05
  66 0.655 21.746 1215.76
  67 0.665 21.814 1215.81
  68 0.675 21.866 1166.13
  69 0.685 21.534 1233.54
  70 0.695 21.492 1195.11
  71 0.705 21.51 1187.91
  72 0.715 20.954 1157.41
  73 0.725 20.41 1142.73
  74 0.735 19.802 1158.02
  75 0.745 19.462 1187.3
  76 0.755 20.154 1204.84
  77 0.765 21.048 1112.95
  78 0.775 21.368 1072.24
  79 0.785 21.492 1110.12
  80 0.795 21.702 1054.37
  81 0.805 21.668 1053.34
  82 0.815 21.924 1089.17
  83 0.825 21.86 1057.08
  84 0.835 21.736 1043.75
  85 0.845 21.472 1094.74
  86 0.855 20.584 1079.63
  87 0.865 19.994 1001.04
  88 0.875 20.11 967.066
  89 0.885 20.684 966.622
  90 0.895 21.628 982.701
  91 0.905 21.82 1019.61
  92 0.915 21.866 1070.38
  93 0.925 21.884 1040.28
  94 0.935 21.63 1051
  95 0.945 21.65 1069.27
  96 0.955 21.526 1041.76
  97 0.965 21.384 1012.9
  98 0.975 21.19 928.693
  99 0.985 20.276 929.493
  100 0.995 19.562 972.232
225000 100 2112.0000000000005
  1 0.005 19.718 936.791
  2 0.015 20.462 960.971
  3 0.025 21.264 961.719
  4 0.035 21.414 1059.53
  5 0.045 21.564 973.017
  6 0.055 21.576 993.389
  7 0.065 21.812 993.487
  8 0.075 21.82 1037.28
  9 0.085 21.894 1036.37
  10 0.095 21.816 1057.35
  11 0.105 21.572 1029.95
  12 0.115 20.854 995.952
  13 0.125 19.992 1002.89
  14 0.135 20.056 1025.05
  15 0.145 20.688 1060.2
  16 0.155 21.29 1048.15
  17 0.165 21.772 1037.11
  18 0.175 21.9 1058.79
  19 0.185 21.756 1046.49
  20 0.195 21.808 1040.17
  21 0.205 21.528 1068.47
  22 0.215 21.54 1110.58
  23 0.225 21.46 1095.85
  24 0.235 20.736 1082.25
  25 0.245 20.278 1096.42
  26 0.255 19.598 1040.65
  27 0.265 19.658 1080.33
  28 0.275 20.508 1088.28
  29 0.285 21.026 1033.84
  30 0.295 21.498 1063.29
  31 0.305 21.484 1092.94
  32 0.315 21.608 1121.35
  33 0.325 21.836 1153.07
  34 0.335 21.874 1120
  35 0.345 21.844 1081.61
  36 0.355 21.52 1151.19
  37 0.365 20.762 1147.15
  38 0.375 20.426 1159.63
  39 0.385 19.976 1186.66
  40 0.395 20.286 1207.49
  41 0.405 21.318 1188.19
  42 0.415 21.8 1234.11
  43 0.425 21.852 1218.66
  44 0.435 21.79 1225.33
  45 0.445 21.68 1291.9
  46 0.455 21.49 1300.6
  47 0.465 21.436 1296.69
  48 0.475 21.178 1264.01
  49 0.485 20.222 1314.73
  50 0.495 19.63 1308.62
  51 0.505 19.51 1313.12
  52 0.515 20.162 1211.98
  53 0.525 20.892 1228.78
  54 0.535 21.298 1258.25
  55 0.545 21.59 1227.98
  56 0.555 21.614 1242.43
  57 0.565 21.83 1240.71
  58 0.575 21.846 1227.35
  59 0.585 21.874 1224.9
  60 0.595 21.576 1186.8
  61 0.605 20.486 1218.47
  62 0.615 19.978 1203.56
  63 0.625 20.128 1128.01
  64 0.635 20.644 1121.91
  65 0.645 21.462 1157.24
  66 0.655 21.74 1213.87
  67 0.665 21.896 1243.83
  68 0.675 21.642 1237.03
  69 0.685 21.772 1190.14
  70 0.695 21.564 1135.07
  71 0.705 21.42 1104.16
  72 0.715 20.91 1152.56
  73 0.725 20.454 1201.03
  74 0.735 19.858 1117.25
  75 0.745 19.646 1145.49
  76 0.755 19.986 1129.81
  77 0.765 20.998 1101.95
  78 0.775 21.29 1110.17
  79 0.785 21.526 1094.36
  80 0.795 21.604 1050.44
  81 0.805 21.692 1099.69
  82 0.815 21.91 1128.63
  83 0.825 21.898 1083.5
  84 0.835 21.616 1126.09
  85 0.845 21.276 1105.35
  86 0.855 20.39 1046.57
  87 0.865 20.056 1050.3
  88 0.875 20.21 1042.95
  89 0.885 20.982 1016.44
  90 0.895 21.548 1034.81
  91 0.905 21.886 973.173
  92 0.915 21.898 964.844
  93 0.925 21.858 1026.6
  94 0.935 21.642 1024.26
  95 0.945 21.626 1068.4
  96 0.955 21.518 1050.51
  97 0.965 21.324 1029.61
  98 0.975 20.938 1023.52
  99 0.985 20.19 1025.55
  100 0.995 19.476 1045.44
230000 100 2112.0000000000005
  1 0.005 19.682 1023.21
  2 0.015 20.628 1018.09
  3 0.025 21.094 1033.94
  4 0.035 21.322 1002.98
  5 0.045 21.522 970.154
  6 0.055 21.806 996.365
  7 0.065 21.66 1034.5
  8 0.075 21.854 972.338
  9 0.085 22.004 1026.95
  10 0.095 21.78 1026.88
  11 0.105 21.58 1055.8
  12 0.115 20.794 985.171
  13 0.125 20.024 976.706
  14 0.135 19.948 994.984
  15 0.145 20.664 1042.25
  16 0.155 21.36 1053.8
  17 0.165 21.754 1041.39
  18 0.175 21.924 1047.62
  19 0.185 21.878 1068.23
  20 0.195 21.714 1027.68
  21 0.205 21.662 1038.75
  22 0.215 21.552 988.713
  23 0.225 21.416 1003.98
  24 0.235 21.074 1045.93
  25 0.245 20.388 1071.46
  26 0.255 19.732 1097.68
  27 0.265 19.644 1084.18
  28 0.275 20.312 1101.63
  29 0.285 20.782 1097.06
  30 0.295 21.324 1112.52
  31 0.305 21.646 1125.92
  32 0.315 21.468 1172.97
  33 0.325 21.84 1103.5
  34 0.335 21.718 1114.21
  35 0.345 21.968 1047.2
  36 0.355 21.642 1094.89
  37 0.365 21.224 1159.97
  38 0.375 20.45 1161.33
  39 0.385 20.214 1223.43
  40 0.395 19.852 1255.02
  41 0.405 21.03 1173.37
  42 0.415 21.674 1258.82
  43 0.425 21.788 1277.19
  44 0.435 21.876 1265.09
  45 0.445 21.568 1265.28
  46 0.455 21.648 1254.63
  47 0.465 21.356 1303.36
  48 0.475 21.222 1316.6
  49 0.485 20.224 1309.91
  50 0.495 19.664 1298.76
  51 0.505 19.434 1286.96
  52 0.515 20.01 1268.19
  53 0.525 20.984 1210.34
  54 0.535 21.242 1221.86
  55 0.545 21.704 1162.54
  56 0.555 21.624 1193.53
  57 0.565 21.716 1213.47
  58 0.575 21.93 1247.31
  59 0.585 21.782 1306.68
  60 0.595 21.402 1247.89
  61 0.605 20.592 1178.46
  62 0.615 19.984 1246.87
  63 0.625 19.888 1253.75
  64 0.635 20.79 1217.17
  65 0.645 21.67 1236.54
  66 0.655 21.744 1203.12
  67 0.665 21.772 1187.78
  68 0.675 21.858 1191.99
  69 0.685 21.604 1186.17
  70 0.695 21.356 1172.49
  71 0.705 21.282 1175.98
  72 0.715 20.984 1163.68
  73 0.725 20.02 1170.08
  74 0.735 19.738 1157.79
  75 0.745 19.7 1114.22
  76 0.755 20.568 1119.08
  77 0.765 21.028 1107.56
  78 0.775 21.364 1153.22
  79 0.785 21.494 1142.02
  80 0.795 21.672 1134.09
  81 0.805 21.902 1103.27
  82 0.815 21.724 1133.72
  83 0.825 21.912 1113.91
  84 0.835 21.548 1057.63
  85 0.845 20.9 1016.28
  86 0.855 20.302 1007.57
  87 0.865 20.33 1019.03
  88 0.875 20.242 1066.47
  89 0.885 21.134 1040.93
  90 0.895 21.66 994.43
  91 0.905 21.886 973.728
  92 0.915 21.952 974.109
  93 0.925 21.838 947.455
  94 0.935 21.652 960.949
  95 0.945 21.644 1043
  96 0.955 21.44 1046.6
  97 0.965 21.306 1008.98
  98 0.975 20.998 981
  99 0.985 20.132 983.924
  100 0.995 19.612 1066.13
235000 100 2112
  1 0.005 19.386 959.309
  2 0.015 20.278 927.232
  3 0.025 21.094 979.221
  4 0.035 21.438 1056.86
  5 0.045 21.508 1011.3
  6 0.055 21.682 1048.48
  7 0.065 21.64 1084.34
  8 0.075 21.894 1006.49
  9 0.085 21.84 1037.78
  10 0.095 21.902 1004.33
  11 0.105 21.552 976.2
  12 0.115 21.046 967.712
  13 0.125 20.214 946.79
  14 0.135 20.044 1029.37
  15 0.145 20.406 1066.51
  16 0.155 21.138 1122.29
  17 0.165 21.718 1118.88
  18 0.175 21.88 1075.08
  19 0.185 21.934 1063.86
  20 0.195 21.708 1044.56
  21 0.205 21.664 1080.39
  22 0.215 21.514 1103.41
  23 0.225 21.408 1083.84
  24 0.235 21.096 1088.77
  25 0.245 20.376 1086.2
  26 0.255 19.664 1127.68
  27 0.265 19.788 1146.58
  28 0.275 20.23 1159.92
  29 0.285 20.866 1196.41
  30 0.295 21.142 1164.29
  31 0.305 21.668 1194.9
  32 0.315 21.508 1153.98
  33 0.325 21.772 1160.53
  34 0.335 21.838 1116.07
  35 0.345 21.744 1067.67
  36 0.355 21.566 1084.69
  37 0.365 21.122 1065.5
  38 0.375 20.21 1152.45
  39 0.385 19.856 1167.94
  40 0.395 20.47 1167.23
  41 0.405 21.256 1189.75
  42 0.415 21.718 1160.51
  43 0.425 21.848 1227.58
  44 0.435 21.806 1261.69
  45 0.445 21.656 1215.08
  46 0.455 21.724 1204.4
  47 0.465 21.412 1210.26
  48 0.475 21.032 1214.11
  49 0.485 20.764 1271.91
  50 0.495 19.598 1257.67
  51 0.505 19.458 1275.52
  52 0.515 19.89 1276.22
  53 0.525 20.764 1248.69
  54 0.535 21.324 1258.6
  55 0.545 21.556 1242.85
  56 0.555 21.54 1246.13
  57 0.565 21.878 1248.54
  58 0.575 21.82 1262.44
  59 0.585 21.746 1311.53
  60 0.595 21.272 1340.09
  61 0.605 20.776 1275.75
  62 0.615 19.74 1268.63
  63 0.625 19.74 1278.31
  64 0.635 21.184 1243.3
  65 0.645 21.544 1261.6
  66 0.655 21.8 1240.94
  67 0.665 21.814 1274.89
  68 0.675 21.728 1245.04
  69 0.685 21.626 1186.18
  70 0.695 21.44 1135.53
  71 0.705 21.238 1180.09
  72 0.715 20.882 1097.05
  73 0.725 20.108 1092.78
  74 0.735 19.75 1124.23
  75 0.745 19.8 1196.55
  76 0.755 20.544 1094.12
  77 0.765 21.04 1103.13
  78 0.775 21.212 1145.05
  79 0.785 21.768 1116.77
  80 0.795 21.534 1124.3
  81 0.805 21.88 1098.08
  82 0.815 21.824 1087.76
  83 0.825 21.87 1021.88
  84 0.835 21.524 1048.71
  85 0.845 21.246 1031.29
  86 0.855 20.346 1042.73
  87 0.865 19.948 1033.37
  88 0.875 20.356 995.629
  89 0.885 21.008 962.419
  90 0.895 21.736 1009.24
  91 0.905 21.884 1005.02
  92 0.915 21.89 1020.09
  93 0.925 21.784 1067.2
  94 0.935 21.676 1037.82
  95 0.945 21.654 1004.69
  96 0.955 21.548 949.298
  97 0.965 21.49 895.351
  98 0.975 21.18 891.666
  99 0.985 20.44 931.303
  100 0.995 19.582 910.851
240000 100 2111.9999999999995
  1 0.005 19.402 948.217
  2 0.015 20.594 966.975
  3 0.025 21.118 1029.85
  4 0.035 21.384 1033.38
  5 0.045 21.57 1018.96
  6 0.055 21.604 1004.7
  7 0.065 21.784 998.09
  8 0.075 21.734 964.631
  9 0.085 21.924 954.558
  10 0.095 21.922 958.795
  11 0.105 21.63 1011.81
  12 0.115 20.988 1034.36
  13 0.125 20.418 1076.26
  14 0.135 20.028 1056.93
  15 0.145 20.28 1065.87
  16 0.155 21.124 1011.55
  17 0.165 21.622 1021.2
  18 0.175 21.868 1075.82
  19 0.185 21.898 1057.35
  20 0.195 21.628 1094.19
  21 0.205 21.886 1116.19
  22 0.215 21.354 1211.45
  23 0.225 21.458 1201.24
  24 0.235 20.858 1204.61
  25 0.245 20.344 1207.32
  26 0.255 19.446 1161.52
  27 0.265 19.722 1131.49
  28 0.275 20.28 1146.24
  29 0.285 21.066 1181.04
  30 0.295 21.362 1192.16
  31 0.305 21.592 1163.56
  32 0.315 21.64 1183.33
  33 0.325 21.758 1103.62
  34 0.335 21.88 1113.89
  35 0.345 21.732 1179.43
  36 0.355 21.368 1176.09
  37 0.365 20.81 1139.28
  38 0.375 20.118 1108.41
  39 0.385 19.986 1121.94
  40 0.395 20.75 1121.52
  41 0.405 21.43 1168.46
  42 0.415 21.752 1184.98
  43 0.425 21.804 1209.21
  44 0.435 21.924 1143.48
  45 0.445 21.502 1183.9
  46 0.455 21.656 1270.03
  47 0.465 21.352 1256.06
  48 0.475 21.294 1156.83
  49 0.485 20.422 1206.7
  50 0.495 19.722 1244.25
  51 0.505 19.202 1245.68
  52 0.515 20.104 1274.48
  53 0.525 20.988 1263.11
  54 0.535 21.262 1307.41
  55 0.545 21.582 1267.47
  56 0.555 21.654 1324.47
  57 0.565 21.612 1228.2
  58 0.575 21.936 1275.25
  59 0.585 21.874 1184.37
  60 0.595 21.264 1261.79
  61 0.605 20.708 1270.9
  62 0.615 20.114 1170.6
  63 0.625 19.892 1180.35
  64 0.635 20.718 1259.8
  65 0.645 21.532 1208.17
  66 0.655 21.764 1202.95
  67 0.665 21.878 1270.36
  68 0.675 21.76 1225.41
  69 0.685 21.584 1208.93
  70 0.695 21.576 1140.93
  71 0.705 21.266 1161.94
  72 0.715 21.09 1109.95
  73 0.725 20.134 1112.15
  74 0.735 19.678 1076.46
  75 0.745 19.604 1098.44
  76 0.755 20.394 1127.93
  77 0.765 21.046 1091.75
  78 0.775 21.36 1137.29
  79 0.785 21.502 1064.32
  80 0.795 21.672 1050.39
  81 0.805 21.738 1101.79
  82 0.815 21.862 1147.19
  83 0.825 21.856 1160.11
  84 0.835 21.69 1082.24
  85 0.845 20.978 1050.98
  86 0.855 20.316 1065.27
  87 0.865 20.188 1063.57
  88 0.875 20.47 1052.17
  89 0.885 21 1057.33
  90 0.895 21.484 1073.51
  91 0.905 21.896 1002.01
  92 0.915 21.918 996.113
  93 0.925 21.782 977.979
  94 0.935 21.748 941.252
  95 0.945 21.604 911.418
  96 0.955 21.534 951.919
  97 0.965 21.508 949.777
  98 0.975 21.018 941.641
  99 0.985 20.228 923.032
  100 0.995 19.644 947.591
245000 100 2112.0000000000005
  1 0.005 19.494 953.927
  2 0.015 20.118 973.415
  3 0.025 20.99 973.988
  4 0.035 21.542 1011.78
  5 0.045 21.536 1080.82
  6 0.055 21.43 1123.26
  7 0.065 21.742 1063.6
  8 0.075 21.908 1040.13
  9 0.085 21.79 1040.06
  10 0.095 21.832 978.16
  11 0.105 21.57 1031.97
  12 0.115 21.022 1038.33
  13 0.125 19.85 1060.05
  14 0.135 20.012 1065.21
  15 0.145 20.456 1056
  16 0.155 21.466 994.907
  17 0.165 21.934 1036.41
  18 0.175 21.758 1032.86
  19 0.185 21.848 1033.63
  20 0.195 21.822 995.521
  21 0.205 21.606 1067.39
  22 0.215 21.492 1067.54
  23 0.225 21.376 1091.84
  24 0.235 20.824 1111.57
  25 0.245 20.308 1147.58
  26 0.255 19.616 1178.26
  27 0.265 19.518 1197.79
  28 0.275 20.612 1179.41
  29 0.285 20.904 1177.19
  30 0.295 21.394 1211.34
  31 0.305 21.574 1238.68
  32 0.315 21.666 1174.41
  33 0.325 21.824 1183.85
  34 0.335 21.768 1206.26
  35 0.345 21.764 1161.75
  36 0.355 21.482 1153.73
  37 0.365 20.87 1156.81
  38 0.375 19.692 1123.63
  39 0.385 20.122 1082.38
  40 0.395 20.688 1141.85
  41 0.405 21.476 1157.49
  42 0.415 21.85 1139.5
  43 0.425 21.88 1193.62
  44 0.435 21.822 1207.59
  45 0.445 21.576 1280.5
  46 0.455 21.534 1329.86
  47 0.465 21.358 1288.87
  48 0.475 20.868 1303.79
  49 0.485 20.232 1334.59
  50 0.495 19.422 1273.29
  51 0.505 19.728 1266.01
  52 0.515 20.168 1324.03
  53 0.525 21.114 1279.3
  54 0.535 21.492 1201.4
  55 0.545 21.498 1210.3
  56 0.555 21.664 1209.69
  57 0.565 21.832 1172.08
  58 0.575 21.864 1204.12
  59 0.585 21.912 1181.42
  60 0.595 21.382 1179.61
  61 0.605 20.628 1192.39
  62 0.615 19.966 1176.95
  63 0.625 19.984 1187.11
  64 0.635 20.73 1190.98
  65 0.645 21.568 1170.32
  66 0.655 21.82 1169.05
  67 0.665 21.808 1149.42
  68 0.675 21.798 1127.25
  69 0.685 21.666 1176.45
  70 0.695 21.49 1189.53
  71 0.705 21.412 1118.66
  72 0.715 20.976 1131.71
  73 0.725 20.494 1152.54
  74 0.735 19.736 1145.78
  75 0.745 19.56 1215.77
  76 0.755 20.154 1187.15
  77 0.765 20.87 1194.57
  78 0.775 21.298 1120.78
  79 0.785 21.67 1073.84
  80 0.795 21.562 1085.2
  81 0.805 21.648 1046.36
  82 0.815 21.916 1024.78
  83 0.825 21.97 1048.42
  84 0.835 21.736 1051.35
  85 0.845 21.26 1059.84
  86 0.855 20.826 1058.16
  87 0.865 19.832 999.604
  88 0.875 20.266 1078.75
  89 0.885 20.694 1079.93
  90 0.895 21.522 1098.56
  91 0.905 21.794 1082.33
  92 0.915 21.934 954.11
  93 0.925 21.754 962.179
  94 0.935 21.916 946.526
  95 0.945 21.65 959.012
  96 0.955 21.446 993.457
  97 0.965 21.4 1017.03
  98 0.975 21.23 972.293
  99 0.985 20.324 1010.76
  100 0.995 19.8 969.8
250000 100 2112
  1 0.005 19.67 947.479
  2 0.015 20.146 988.001
  3 0.025 21.054 985.422
  4 0.035 21.386 1009.86
  5 0.045 21.492 983.835
  6 0.055 21.672 1015.26
  7 0.065 21.722 1034.15
  8 0.075 21.782 1036.14
  9 0.085 21.908 1040.64
  10 0.095 21.932 1063.08
  11 0.105 21.264 1120.25
  12 0.115 20.734 1047.75
  13 0.125 19.956 1097.53
  14 0.135 20.056 1041.26
  15 0.145 20.798 967.376
  16 0.155 21.566 976.439
  17 0.165 21.712 1020.72
  18 0.175 21.876 994.705
  19 0.185 21.92 1057.44
  20 0.195 21.616 1038.06
  21 0.205 21.704 1088.67
  22 0.215 21.534 1091.41
  23 0.225 21.362 1069.61
  24 0.235 20.938 1088.63
  25 0.245 20.142 1143.2
  26 0.255 19.824 1108.54
  27 0.265 19.486 1134.08
  28 0.275 20.4 1170.32
  29 0.285 20.99 1191.5
  30 0.295 21.46 1165.81
  31 0.305 21.508 1172.74
  32 0.315 21.624 1242.26
  33 0.325 21.718 1235.93
  34 0.335 21.952 1164.96
  35 0.345 21.726 1286.39
  36 0.355 21.256 1247.24
  37 0.365 20.456 1292.42
  38 0.375 19.772 1312.19
  39 0.385 20.192 1244.27
  40 0.395 20.936 1247.92
  41 0.405 21.638 1248.75
  42 0.415 21.876 1187.25
  43 0.425 21.818 1225.87
  44 0.435 21.828 1180.11
  45 0.445 21.564 1171.37
  46 0.455 21.532 1171.94
  47 0.465 21.404 1179.46
  48 0.475 20.964 1193.99
  49 0.485 20.34 1194.56
  50 0.495 19.308 1259.54
  51 0.505 19.786 1313.53
  52 0.515 20.242 1261.53
  53 0.525 21.06 1248.87
  54 0.535 21.416 1215.21
  55 0.545 21.414 1181.02
  56 0.555 21.732 1169.7
  57 0.565 21.868 1211.15
  58 0.575 21.844 1173.18
  59 0.585 21.82 1091.91
  60 0.595 21.47 1109.12
  61 0.605 20.742 1178.45
  62 0.615 20.082 1142.09
  63 0.625 20 1207.31
  64 0.635 20.522 1240.08
  65 0.645 21.58 1154.83
  66 0.655 21.724 1208.87
  67 0.665 21.87 1165.2
  68 0.675 21.842 1148.54
  69 0.685 21.652 1177.08
  70 0.695 21.616 1172.74
  71 0.705 21.45 1143.74
  72 0.715 21.174 1155.42
  73 0.725 20.51 1143.93
  74 0.735 20.012 1159.32
  75 0.745 19.406 1175.23
  76 0.755 19.986 1107.85
  77 0.765 20.722 1202.21
  78 0.775 21.362 1181.59
  79 0.785 21.344 1171.82
  80 0.795 21.63 1164.8
  81 0.805 21.654 1124.8
  82 0.815 21.876 1075.52
  83 0.825 21.954 1036.75
  84 0.835 21.732 1105.68
  85 0.845 21.348 1149.17
  86 0.855 20.67 1040.59
  87 0.865 20.252 1028.3
  88 0.875 19.962 1002.22
  89 0.885 20.72 1012.35
  90 0.895 21.456 1011.68
  91 0.905 21.852 975.971
  92 0.915 21.844 948.934
  93 0.925 21.85 951.572
  94 0.935 21.808 970.789
  95 0.945 21.594 989.12
  96 0.955 21.494 988.112
  97 0.965 21.506 997.415
  98 0.975 21.046 997.615
  99 0.985 20.248 999.002
  100 0.995 19.742 937.947
255000 100 2111.9999999999995
  1 0.005 19.518 930.767
  2 0.015 20.342 944.597
  3 0.025 21.058 932.168
  4 0.035 21.516 911.611
  5 0.045 21.572 915.665
  6 0.055 21.592 971.503
  7 0.065 21.676 1002.8
  8 0.075 21.898 1055.95
  9 0.085 21.818 1072.73
  10 0.095 21.87 1060.87
  11 0.105 21.456 1129.65
  12 0.115 20.722 1150.3
  13 0.125 20.062 1190.09
  14 0.135 19.746 1159.54
  15 0.145 20.992 1039.45
  16 0.155 21.382 995.889
  17 0.165 21.796 976.161
  18 0.175 21.878 965.353
  19 0.185 21.95 942.485
  20 0.195 21.644 999.287
  21 0.205 21.66 1034.33
  22 0.215 21.612 1024.66
  23 0.225 21.342 1069.93
  24 0.235 20.992 1087.05
  25 0.245 20.346 1181.34
  26 0.255 19.746 1170.69
  27 0.265 19.556 1240.33
  28 0.275 20.412 1247.13
  29 0.285 20.824 1193.88
  30 0.295 21.23 1198.72
  31 0.305 21.548 1160.73
  32 0.315 21.652 1182.89
  33 0.325 21.782 1201.64
  34 0.335 21.852 1204.77
  35 0.345 21.77 1206.65
  36 0.355 21.522 1241.2
  37 0.365 20.942 1226.64
  38 0.375 19.756 1249.3
  39 0.385 19.942 1301.79
  40 0.395 20.658 1279.91
  41 0.405 21.502 1307.7
  42 0.415 21.776 1354.11
  43 0.425 21.858 1345.95
  44 0.435 21.756 1282.72
  45 0.445 21.634 1180.26
  46 0.455 21.518 1179.14
  47 0.465 21.37 1179.3
  48 0.475 20.982 1179.51
  49 0.485 20.072 1179.54
  50 0.495 19.616 1221.19
  51 0.505 19.558 1228.27
  52 0.515 20.336 1200.64
  53 0.525 21.094 1178.89
  54 0.535 21.528 1159.59
  55 0.545 21.466 1112.8
  56 0.555 21.614 1183.98
  57 0.565 21.85 1205.44
  58 0.575 21.892 1206.96
  59 0.585 21.946 1118.74
  60 0.595 21.452 1109.61
  61 0.605 20.82 1152.35
  62 0.615 20.17 1185.88
  63 0.625 19.738 1275.72
  64 0.635 20.568 1263.79
  65 0.645 21.396 1232.21
  66 0.655 21.874 1174.57
  67 0.665 21.802 1184.27
  68 0.675 21.814 1141.26
  69 0.685 21.644 1185.75
  70 0.695 21.536 1193.12
  71 0.705 21.324 1185.46
  72 0.715 20.894 1223.88
  73 0.725 20.366 1169.57
  74 0.735 19.652 1115.15
  75 0.745 19.634 1146.61
  76 0.755 20.35 1157.59
  77 0.765 20.924 1138.83
  78 0.775 21.38 1117.05
  79 0.785 21.522 1076.31
  80 0.795 21.67 1098.9
  81 0.805 21.726 1103.19
  82 0.815 21.84 1035.38
  83 0.825 21.738 1128.12
  84 0.835 21.762 1092.19
  85 0.845 21.054 1072.22
  86 0.855 20.702 1056.16
  87 0.865 20.154 1066.3
  88 0.875 20.076 1050.34
  89 0.885 21.012 1096.72
  90 0.895 21.512 1094.43
  91 0.905 21.87 1010.87
  92 0.915 21.83 978.777
  93 0.925 21.862 998.885
  94 0.935 21.718 1016.72
  95 0.945 21.698 978.89
  96 0.955 21.372 958.511
  97 0.965 21.4 970.8
  98 0.975 21.02 918.712
  99 0.985 20.48 936.792
  100 0.995 19.644 930.689
260000 100 2112
  1 0.005 19.586 966.131
  2 0.015 20.204 958.599
  3 0.025 21.1 965.585
  4 0.035 21.434 932.767
  5 0.045 21.636 884.276
  6 0.055 21.524 953.474
  7 0.065 21.754 975.893
  8 0.075 21.768 1053.28
  9 0.085 21.89 1042.96
  10 0.095 21.932 1061.74
  11 0.105 21.66 1040.79
  12 0.115 21.25 1069.41
  13 0.125 20.282 1038.61
  14 0.135 19.974 1015.01
  15 0.145 20.11 998.839
  16 0.155 21.172 1038.75
  17 0.165 21.706 1063.33
  18 0.175 21.836 1093.02
  19 0.185 21.838 1101.47
  20 0.195 21.844 1116.98
  21 0.205 21.632 1073.7
  22 0.215 21.564 1110.35
  23 0.225 21.376 1141.63
  24 0.235 20.99 1163.51
  25 0.245 20.492 1195.44
  26 0.255 19.726 1178.81
  27 0.265 19.53 1166.69
  28 0.275 20.234 1170.93
  29 0.285 20.892 1182.62
  30 0.295 21.23 1172.2
  31 0.305 21.476 1151.77
  32 0.315 21.784 1149.04
  33 0.325 21.694 1239.44
  34 0.335 21.798 1254.87
  35 0.345 21.836 1249.92
  36 0.355 21.462 1232.38
  37 0.365 21.016 1170.1
  38 0.375 19.722 1179.38
  39 0.385 19.75 1218.09
  40 0.395 20.932 1210.64
  41 0.405 21.388 1181.45
  42 0.415 21.832 1201.98
  43 0.425 21.8 1271.32
  44 0.435 21.844 1277.08
  45 0.445 21.484 1312.17
  46 0.455 21.65 1181.35
  47 0.465 21.306 1211.31
  48 0.475 21.092 1209.5
  49 0.485 20.198 1214.34
  50 0.495 19.478 1217.94
  51 0.505 19.542 1248.5
  52 0.515 20.362 1235.68
  53 0.525 21.08 1237.35
  54 0.535 21.25 1234.92
  55 0.545 21.698 1207.67
  56 0.555 21.646 1183.41
  57 0.565 21.706 1204.37
  58 0.575 21.924 1192.55
  59 0.585 21.894 1158.35
  60 0.595 21.368 1149.76
  61 0.605 20.714 1180.6
  62 0.615 19.758 1154.01
  63 0.625 19.966 1156.72
  64 0.635 20.79 1172.38
  65 0.645 21.594 1209.04
  66 0.655 21.816 1195.82
  67 0.665 21.83 1199.77
  68 0.675 21.75 1169.86
  69 0.685 21.634 1185.24
  70 0.695 21.59 1186.79
  71 0.705 21.188 1294.17
  72 0.715 20.846 1189.84
  73 0.725 20.266 1175.36
  74 0.735 19.594 1109.8
  75 0.745 19.766 1127.8
  76 0.755 20.354 1174.53
  77 0.765 21.072 1146.54
  78 0.775 21.332 1166.02
  79 0.785 21.624 1098.88
  80 0.795 21.616 1131.43
  81 0.805 21.792 1097.48
  82 0.815 21.876 1093.66
  83 0.825 21.862 1066.74
  84 0.835 21.778 1088.44
  85 0.845 20.828 1106.56
  86 0.855 20.392 1063.34
  87 0.865 20.076 1067.56
  88 0.875 20.158 1075.83
  89 0.885 21.164 1075.49
  90 0.895 21.776 1033.66
  91 0.905 21.84 1001.33
  92 0.915 21.932 1039.26
  93 0.925 21.746 1058.56
  94 0.935 21.782 962.838
  95 0.945 21.554 929.626
  96 0.955 21.554 929.118
  97 0.965 21.492 924.375
  98 0.975 21.04 899.08
  99 0.985 20.502 940.469
  100 0.995 19.578 908.643
265000 100 2112
  1 0.005 19.436 977.62
  2 0.015 20.686 1010.81
  3 0.025 20.932 997.527
  4 0.035 21.448 930.774
  5 0.045 21.61 933.895
  6 0.055 21.604 951.467
  7 0.065 21.596 952.282
  8 0.075 21.94 927.058
  9 0.085 21.856 901.021
  10 0.095 21.948 884.282
  11 0.105 21.7 964.505
  12 0.115 21.036 1015.28
  13 0.125 20.33 1025.14
  14 0.135 20.1 997.576
  15 0.145 20.174 1030.86
  16 0.155 21.072 1051.05
  17 0.165 21.686 1085.56
  18 0.175 21.902 1016.43
  19 0.185 21.88 1064.56
  20 0.195 21.84 1089.43
  21 0.205 21.664 1055.89
  22 0.215 21.496 1151.13
  23 0.225 21.428 1147.8
  24 0.235 20.912 1239.55
  25 0.245 20.502 1285.37
  26 0.255 19.598 1234.64
  27 0.265 19.526 1208.64
  28 0.275 20.344 1174.35
  29 0.285 20.852 1220.09
  30 0.295 21.248 1239.14
  31 0.305 21.546 1194.33
  32 0.315 21.698 1181.8
  33 0.325 21.718 1167.2
  34 0.335 21.812 1198.14
  35 0.345 21.896 1167.79
  36 0.355 21.508 1204.84
  37 0.365 20.9 1217.92
  38 0.375 19.97 1199.98
  39 0.385 19.946 1193.59
  40 0.395 20.636 1187.15
  41 0.405 21.278 1223.77
  42 0.415 21.762 1184.15
  43 0.425 21.854 1291.42
  44 0.435 21.822 1265.47
  45 0.445 21.648 1232.21
  46 0.455 21.486 1233.66
  47 0.465 21.39 1225.83
  48 0.475 20.8 1275.01
  49 0.485 20.144 1239.15
  50 0.495 19.484 1211.7
  51 0.505 19.52 1252.01
  52 0.515 20.458 1240.37
  53 0.525 21.232 1255.5
  54 0.535 21.37 1258.26
  55 0.545 21.634 1244.81
  56 0.555 21.624 1183.03
  57 0.565 21.726 1214.68
  58 0.575 21.888 1224.37
  59 0.585 21.854 1236.12
  60 0.595 21.394 1241.37
  61 0.605 20.28 1210.57
  62 0.615 19.664 1211.81
  63 0.625 20.496 1187.36
  64 0.635 20.768 1195.69
  65 0.645 21.548 1151.37
  66 0.655 21.922 1186.4
  67 0.665 21.804 1147.06
  68 0.675 21.902 1156.66
  69 0.685 21.702 1186.76
  70 0.695 21.41 1197.12
  71 0.705 21.504 1136.69
  72 0.715 20.9 1129.45
  73 0.725 20.512 1171.18
  74 0.735 19.552 1153.78
  75 0.745 19.638 1113.37
  76 0.755 20.24 1137.27
  77 0.765 20.918 1176.82
  78 0.775 21.304 1159.83
  79 0.785 21.416 1139
  80 0.795 21.848 1124.85
  81 0.805 21.664 1156.22
  82 0.815 21.83 1106.52
  83 0.825 21.852 1054.37
  84 0.835 21.8 1062.55
  85 0.845 21.028 1052.67
  86 0.855 20.538 1010.13
  87 0.865 19.948 998.436
  88 0.875 20.192 973.473
  89 0.885 20.928 1020.15
  90 0.895 21.836 1020.27
  91 0.905 21.798 1023.47
  92 0.915 21.938 1007.06
  93 0.925 21.7 1038.29
  94 0.935 21.834 1017.92
  95 0.945 21.558 990.053
  96 0.955 21.608 959.667
  97 0.965 21.524 982.284
  98 0.975 21.042 996.557
  99 0.985 20.234 1054.05
  100 0.995 19.476 968.434
270000 100 2112
  1 0.005 19.404 961.837
  2 0.015 20.526 964.224
  3 0.025 20.966 934.315
  4 0.035 21.648 897.929
  5 0.045 21.41 926.792
  6 0.055 21.634 975.284
  7 0.065 21.676 951.042
  8 0.075 21.798 995.044
  9 0.085 21.898 986.389
  10 0.095 21.902 973.66
  11 0.105 21.778 951.101
  12 0.115 21.302 1010.83
  13 0.125 20.524 997.476
  14 0.135 19.458 1011.01
  15 0.145 20.434 1050.6
  16 0.155 20.89 1022.15
  17 0.165 21.746 992.349
  18 0.175 21.864 1034.16
  19 0.185 21.956 1041.82
  20 0.195 21.736 1054.9
  21 0.205 21.718 1084.89
  22 0.215 21.556 1109.51
  23 0.225 21.374 1108.78
  24 0.235 21.114 1116.14
  25 0.245 20.574 1167.45
  26 0.255 19.782 1203.74
  27 0.265 19.108 1265.44
  28 0.275 20.17 1224.48
  29 0.285 20.872 1230.82
  30 0.295 21.462 1323.62
  31 0.305 21.334 1257.05
  32 0.315 21.688 1199.04
  33 0.325 21.876 1224.06
  34 0.335 21.846 1278.21
  35 0.345 21.83 1256.29
  36 0.355 21.342 1227.01
  37 0.365 20.598 1222.11
  38 0.375 19.974 1145.43
  39 0.385 19.94 1167.14
  40 0.395 20.84 1219.06
  41 0.405 21.498 1201.98
  42 0.415 21.842 1192.58
  43 0.425 21.796 1189.11
  44 0.435 21.784 1222.47
  45 0.445 21.582 1256.91
  46 0.455 21.674 1182.03
  47 0.465 21.386 1152.46
  48 0.475 20.992 1163.31
  49 0.485 20.064 1209.26
  50 0.495 19.346 1313.01
  51 0.505 19.552 1307.61
  52 0.515 20.6 1335.94
  53 0.525 21.024 1283.45
  54 0.535 21.432 1266.38
  55 0.545 21.498 1195.47
  56 0.555 21.64 1229.98
  57 0.565 21.884 1240.36
  58 0.575 21.756 1289.87
  59 0.585 21.808 1215.61
  60 0.595 21.382 1177.22
  61 0.605 20.526 1214.15
  62 0.615 19.882 1237.32
  63 0.625 19.842 1219.88
  64 0.635 21.058 1214.47
  65 0.645 21.594 1211.33
  66 0.655 21.91 1150.09
  67 0.665 21.842 1160.52
  68 0.675 21.762 1191.34
  69 0.685 21.646 1192.22
  70 0.695 21.574 1188.43
  71 0.705 21.296 1133.51
  72 0.715 21.116 1047.77
  73 0.725 20.352 1079.24
  74 0.735 19.496 1133.1
  75 0.745 19.664 1145.96
  76 0.755 20.32 1164.13
  77 0.765 20.9 1139.33
  78 0.775 21.342 1141.71
  79 0.785 21.462 1113.42
  80 0.795 21.768 1078.36
  81 0.805 21.696 1134.2
  82 0.815 21.882 1106.19
  83 0.825 21.952 1155.46
  84 0.835 21.714 1107.03
  85 0.845 21.236 1103.98
  86 0.855 20.468 1064.84
  87 0.865 19.714 1064.49
  88 0.875 20.154 998.852
  89 0.885 21.086 1010.13
  90 0.895 21.692 979.531
  91 0.905 21.846 1003.7
  92 0.915 21.948 1048.82
  93 0.925 21.868 1044.38
  94 0.935 21.676 992.05
  95 0.945 21.592 1050.7
  96 0.955 21.532 951.556
  97 0.965 21.362 966.88
  98 0.975 21.14 924.485
  99 0.985 20.306 933.769
  100 0.995 19.696 968.299
275000 100 2112
  1 0.005 19.708 942.602
  2 0.015 20.24 901.276
  3 0.025 21.192 891.669
  4 0.035 21.584 922.35
  5 0.045 21.438 959.626
  6 0.055 21.688 935.769
  7 0.065 21.672 969.535
  8 0.075 21.882 973.632
  9 0.085 21.886 1011.8
  10 0.095 21.8 1045.17
  11 0.105 21.79 1036.95
  12 0.115 20.91 996.16
  13 0.125 20.146 948.933
  14 0.135 19.956 927.111
  15 0.145 20.504 937.4
  16 0.155 21.292 974.479
  17 0.165 21.7 1011.18
  18 0.175 21.85 1060.17
  19 0.185 21.844 1003.83
  20 0.195 21.856 1029.73
  21 0.205 21.624 1014.09
  22 0.215 21.522 1048.82
  23 0.225 21.526 1061.62
  24 0.235 21.126 1120.03
  25 0.245 20.464 1186.26
  26 0.255 19.788 1201.69
  27 0.265 19.42 1250.97
  28 0.275 20.148 1209.96
  29 0.285 20.838 1243.17
  30 0.295 21.174 1242.09
  31 0.305 21.602 1190.95
  32 0.315 21.528 1190.55
  33 0.325 21.774 1201.87
  34 0.335 21.912 1181.65
  35 0.345 21.814 1237.4
  36 0.355 21.646 1204.14
  37 0.365 20.796 1210.04
  38 0.375 19.918 1245.19
  39 0.385 19.868 1241.32
  40 0.395 20.71 1306.53
  41 0.405 21.328 1273.33
  42 0.415 21.658 1281.74
  43 0.425 21.994 1208.1
  44 0.435 21.808 1262.41
  45 0.445 21.558 1271.3
  46 0.455 21.486 1280.02
  47 0.465 21.318 1211.17
  48 0.475 21.158 1199.29
  49 0.485 20.076 1194.14
  50 0.495 19.48 1225.5
  51 0.505 19.654 1264.44
  52 0.515 20.282 1300.82
  53 0.525 21.104 1236.14
  54 0.535 21.332 1237.32
  55 0.545 21.626 1181.69
  56 0.555 21.62 1248.65
  57 0.565 21.746 1243.2
  58 0.575 21.918 1193.89
  59 0.585 21.736 1213.91
  60 0.595 21.412 1266.2
  61 0.605 20.356 1290.81
  62 0.615 19.718 1241.95
  63 0.625 20.326 1243.74
  64 0.635 20.878 1242.64
  65 0.645 21.716 1221.72
  66 0.655 21.742 1215.83
  67 0.665 21.898 1182.3
  68 0.675 21.744 1192.75
  69 0.685 21.57 1162.65
  70 0.695 21.646 1106.11
  71 0.705 21.342 1102.22
  72 0.715 21.024 1086.99
  73 0.725 20.274 1059.65
  74 0.735 19.544 1113.66
  75 0.745 19.724 1121.83
  76 0.755 20.118 1145.58
  77 0.765 21.17 1108.49
  78 0.775 21.374 1139.75
  79 0.785 21.444 1108.54
  80 0.795 21.686 1048.61
  81 0.805 21.796 1015.16
  82 0.815 21.862 1108.01
  83 0.825 21.854 1176.76
  84 0.835 21.73 1107.85
  85 0.845 21.102 1054.27
  86 0.855 20.766 1060.72
  87 0.865 19.722 1011.73
  88 0.875 20.202 1045.15
  89 0.885 21 1067
  90 0.895 21.64 1092.15
  91 0.905 21.812 1025.36
  92 0.915 21.856 1003.76
  93 0.925 21.832 1079.59
  94 0.935 21.746 1067.83
  95 0.945 21.582 1055.41
  96 0.955 21.468 1040.3
  97 0.965 21.496 1016.69
  98 0.975 20.896 1021.89
  99 0.985 20.122 957.371
  100 0.995 19.792 993.49
280000 100 2112.000000000001
  1 0.005 19.62 935.937
  2 0.015 20.448 969.538
  3 0.025 20.912 996.172
  4 0.035 21.496 1024.06
  5 0.045 21.586 1016.18
  6 0.055 21.584 1017.52
  7 0.065 21.604 1010.49
  8 0.075 21.838 1024.17
  9 0.085 21.954 984.429
  10 0.095 21.902 1002.44
  11 0.105 21.652 985.885
  12 0.115 20.798 1033.22
  13 0.125 20.028 1028.95
  14 0.135 19.872 1026.87
  15 0.145 20.64 1048.5
  16 0.155 21.284 980.006
  17 0.165 21.866 964.021
  18 0.175 21.944 957.776
  19 0.185 21.814 991.677
  20 0.195 21.87 989.662
  21 0.205 21.568 1008.78
  22 0.215 21.588 997.862
  23 0.225 21.46 1092.5
  24 0.235 21.074 1110.07
  25 0.245 20.354 1143.05
  26 0.255 19.674 1199.83
  27 0.265 19.602 1222
  28 0.275 20.03 1239.26
  29 0.285 20.934 1202.8
  30 0.295 21.5 1121.15
  31 0.305 21.4 1203.55
  32 0.315 21.774 1247.54
  33 0.325 21.678 1210.33
  34 0.335 21.806 1181
  35 0.345 21.864 1277.47
  36 0.355 21.61 1217.61
  37 0.365 20.852 1216.28
  38 0.375 19.96 1214.03
  39 0.385 19.952 1255.38
  40 0.395 20.592 1278.82
  41 0.405 21.294 1333.15
  42 0.415 21.742 1291.28
  43 0.425 21.814 1363.96
  44 0.435 21.854 1312.71
  45 0.445 21.56 1262.05
  46 0.455 21.576 1243.49
  47 0.465 21.44 1197.7
  48 0.475 20.96 1202.88
  49 0.485 20.372 1229.88
  50 0.495 19.632 1229.42
  51 0.505 19.39 1358.62
  52 0.515 20.192 1323.47
  53 0.525 20.982 1314.49
  54 0.535 21.322 1255.11
  55 0.545 21.702 1224.37
  56 0.555 21.624 1233.52
  57 0.565 21.806 1292.57
  58 0.575 21.844 1271.08
  59 0.585 21.764 1239.7
  60 0.595 21.358 1223.08
  61 0.605 20.542 1158.47
  62 0.615 19.82 1197.56
  63 0.625 20.02 1195.38
  64 0.635 20.898 1156.19
  65 0.645 21.626 1158.91
  66 0.655 21.89 1166.55
  67 0.665 21.762 1146.95
  68 0.675 21.848 1154.38
  69 0.685 21.652 1195.18
  70 0.695 21.436 1188.22
  71 0.705 21.506 1065.78
  72 0.715 20.958 1109.92
  73 0.725 20.298 1170.26
  74 0.735 19.662 1117.76
  75 0.745 19.42 1140.45
  76 0.755 20.36 1110.74
  77 0.765 21.104 1091.82
  78 0.775 21.45 1112.27
  79 0.785 21.46 1124.16
  80 0.795 21.606 1082.49
  81 0.805 21.708 1030.31
  82 0.815 21.926 1100.13
  83 0.825 21.88 1071.49
  84 0.835 21.754 1070.39
  85 0.845 21.236 1084.21
  86 0.855 20.676 1018.33
  87 0.865 19.9 1039.77
  88 0.875 19.972 1042.02
  89 0.885 21.004 994.456
  90 0.895 21.682 1025.66
  91 0.905 21.766 1063.36
  92 0.915 21.888 1014.82
  93 0.925 21.798 1018.54
  94 0.935 21.8 982.048
  95 0.945 21.57 966.691
  96 0.955 21.528 971.21
  97 0.965 21.386 995.803
  98 0.975 21.052 996.193
  99 0.985 20.452 994.425
  100 0.995 19.492 957.348
285000 100 2112
  1 0.005 19.87 995.392
  2 0.015 20.392 987.876
  3 0.025 21.046 960.557
  4 0.035 21.444 998.779
  5 0.045 21.61 993.846
  6 0.055 21.584 1026.77
  7 0.065 21.674 1056.82
  8 0.075 21.866 987.192
  9 0.085 21.954 979.598
  10 0.095 21.86 1062.24
  11 0.105 21.544 1051.78
  12 0.115 20.972 1029.66
  13 0.125 19.948 1018.92
  14 0.135 19.968 1038.29
  15 0.145 20.564 1057.94
  16 0.155 21.304 1040.84
  17 0.165 21.852 1026.58
  18 0.175 21.86 989.666
  19 0.185 21.91 991.535
  20 0.195 21.89 982.209
  21 0.205 21.572 1046.83
  22 0.215 21.526 1112.34
  23 0.225 21.37 1128.86
  24 0.235 21.132 1156.68
  25 0.245 20.41 1120.08
  26 0.255 19.51 1112.4
  27 0.265 19.57 1148.11
  28 0.275 20.182 1237.86
  29 0.285 20.952 1189.19
  30 0.295 21.228 1183.78
  31 0.305 21.664 1121.34
  32 0.315 21.57 1197.32
  33 0.325 21.782 1183.67
  34 0.335 21.872 1158.24
  35 0.345 21.832 1185.33
  36 0.355 21.724 1188.72
  37 0.365 21.142 1192.7
  38 0.375 19.788 1201.24
  39 0.385 19.942 1205.96
  40 0.395 20.382 1226.22
  41 0.405 21.306 1241.58
  42 0.415 21.774 1294.2
  43 0.425 21.784 1264.59
  44 0.435 21.856 1287.83
  45 0.445 21.602 1424.3
  46 0.455 21.52 1307.15
  47 0.465 21.408 1257.53
  48 0.475 21.024 1259.31
  49 0.485 20.082 1295.08
  50 0.495 19.318 1322.46
  51 0.505 19.644 1332.68
  52 0.515 20.204 1335.66
  53 0.525 21.28 1314.74
  54 0.535 21.368 1320.55
  55 0.545 21.526 1244.75
  56 0.555 21.696 1222.77
  57 0.565 21.806 1227.36
  58 0.575 21.89 1240.19
  59 0.585 21.72 1244.92
  60 0.595 21.428 1207.7
  61 0.605 20.234 1194.61
  62 0.615 19.85 1214.15
  63 0.625 20.29 1216.11
  64 0.635 20.876 1200.21
  65 0.645 21.688 1217.28
  66 0.655 21.896 1186.37
  67 0.665 21.826 1134.21
  68 0.675 21.81 1068.95
  69 0.685 21.636 1107.24
  70 0.695 21.558 1115.85
  71 0.705 21.392 1119.2
  72 0.715 21.142 1077.05
  73 0.725 20.402 1105.45
  74 0.735 19.618 1058.07
  75 0.745 19.52 1130.7
  76 0.755 20.164 1082.95
  77 0.765 21.004 1093.83
  78 0.775 21.362 1057.38
  79 0.785 21.52 1047.31
  80 0.795 21.562 1036.29
  81 0.805 21.742 1049.31
  82 0.815 21.882 1070.42
  83 0.825 21.876 1049.19
  84 0.835 21.842 1098.58
  85 0.845 21.622 1009.06
  86 0.855 20.474 1055.14
  87 0.865 19.708 1051.26
  88 0.875 19.776 1074.34
  89 0.885 21.138 1053.43
  90 0.895 21.56 1035.03
  91 0.905 21.918 1041.69
  92 0.915 21.888 973.593
  93 0.925 21.816 983.27
  94 0.935 21.756 1018.19
  95 0.945 21.616 980.965
  96 0.955 21.524 996.155
  97 0.965 21.408 1062.03
  98 0.975 21.024 1056.89
  99 0.985 20.158 1058.82
  100 0.995 19.424 994.837
290000 100 2111.9999999999995
  1 0.005 19.55 1036
  2 0.015 20.596 960.789
  3 0.025 21.042 1005.6
  4 0.035 21.436 960.822
  5 0.045 21.532 985.788
  6 0.055 21.588 981.928
  7 0.065 21.73 1039.03
  8 0.075 21.842 1032.04
  9 0.085 21.852 1028.14
  10 0.095 21.862 983.649
  11 0.105 21.652 957.321
  12 0.115 21.188 976.435
  13 0.125 20.06 1013.38
  14 0.135 19.778 1037.58
  15 0.145 20.364 1037.15
  16 0.155 21.476 1062.05
  17 0.165 21.68 1065.86
  18 0.175 21.924 1062.73
  19 0.185 21.784 1040.6
  20 0.195 21.88 1035.05
  21 0.205 21.642 1071.55
  22 0.215 21.514 1105.58
  23 0.225 21.378 1120.25
  24 0.235 21.164 1116.14
  25 0.245 20.5 1078.95
  26 0.255 19.684 1103.04
  27 0.265 19.652 1133.36
  28 0.275 19.936 1184.56
  29 0.285 21.014 1233.47
  30 0.295 21.146 1306.8
  31 0.305 21.556 1239.31
  32 0.315 21.626 1151.71
  33 0.325 21.712 1133.23
  34 0.335 21.958 1174.11
  35 0.345 21.812 1163.8
  36 0.355 21.722 1161.76
  37 0.365 21.132 1189.73
  38 0.375 20.206 1212.35
  39 0.385 19.602 1268.66
  40 0.395 20.262 1166.86
  41 0.405 21.404 1216.53
  42 0.415 21.69 1250.56
  43 0.425 21.956 1281.8
  44 0.435 21.732 1289.76
  45 0.445 21.65 1269.15
  46 0.455 21.64 1285.78
  47 0.465 21.326 1329.49
  48 0.475 21.038 1331.28
  49 0.485 20.362 1364.46
  50 0.495 19.342 1322.68
  51 0.505 19.438 1304.75
  52 0.515 20.128 1316.56
  53 0.525 21.116 1330.75
  54 0.535 21.4 1295.52
  55 0.545 21.576 1281.02
  56 0.555 21.702 1257.41
  57 0.565 21.708 1276.75
  58 0.575 21.938 1249.06
  59 0.585 21.672 1228.97
  60 0.595 21.376 1196.94
  61 0.605 20.386 1247.37
  62 0.615 19.598 1237.9
  63 0.625 20.134 1220.07
  64 0.635 21.122 1192.55
  65 0.645 21.792 1201.64
  66 0.655 21.808 1226.06
  67 0.665 21.826 1211.52
  68 0.675 21.824 1185.46
  69 0.685 21.512 1118.05
  70 0.695 21.46 1115.45
  71 0.705 21.462 1033.33
  72 0.715 20.984 1067.97
  73 0.725 20.286 1061.25
  74 0.735 19.54 1059.55
  75 0.745 19.55 1021.04
  76 0.755 20.29 1053.19
  77 0.765 21.218 1059.26
  78 0.775 21.522 1064.08
  79 0.785 21.412 1104.75
  80 0.795 21.72 1101.64
  81 0.805 21.712 1104.04
  82 0.815 21.866 1060.6
  83 0.825 21.88 987.255
  84 0.835 21.818 983.328
  85 0.845 21.32 1002.98
  86 0.855 20.582 1052.88
  87 0.865 19.884 1090.45
  88 0.875 19.768 1067.3
  89 0.885 21.036 1021.11
  90 0.895 21.78 978.493
  91 0.905 21.812 1041.55
  92 0.915 21.87 1045.1
  93 0.925 21.864 1082.38
  94 0.935 21.834 1051.3
  95 0.945 21.366 1036.9
  96 0.955 21.606 1011.01
  97 0.965 21.408 995.028
  98 0.975 21.104 998.854
  99 0.985 20.33 985.13
  100 0.995 19.486 975.269
295000 100 2112
  1 0.005 19.332 982.684
  2 0.015 20.316 980.43
  3 0.025 20.966 1008.51
  4 0.035 21.486 928.843
  5 0.045 21.488 964.511
  6 0.055 21.778 910.446
  7 0.065 21.566 966.099
  8 0.075 21.88 983.765
  9 0.085 21.846 1001.63
  10 0.095 21.956 1054.48
  11 0.105 21.716 1127.97
  12 0.115 21.156 1111.98
  13 0.125 20.112 1047.2
  14 0.135 19.788 1056.48
  15 0.145 20.284 1077.59
  16 0.155 21.392 1014.32
  17 0.165 21.626 1041.85
  18 0.175 21.892 1057.7
  19 0.185 21.9 1064.27
  20 0.195 21.76 1093.39
  21 0.205 21.744 1074.02
  22 0.215 21.404 1061.75
  23 0.225 21.51 1103.99
  24 0.235 21.194 1109.44
  25 0.245 20.588 1157.87
  26 0.255 19.458 1172.19
  27 0.265 19.386 1157.6
  28 0.275 20.086 1161.51
  29 0.285 20.988 1229.7
  30 0.295 21.282 1246.33
  31 0.305 21.582 1180.84
  32 0.315 21.566 1192.46
  33 0.325 21.842 1165.02
  34 0.335 21.874 1193.87
  35 0.345 21.806 1152.97
  36 0.355 21.674 1185.84
  37 0.365 20.748 1203.29
  38 0.375 20.192 1188.03
  39 0.385 19.61 1181.89
  40 0.395 20.82 1158.06
  41 0.405 21.176 1138.82
  42 0.415 21.856 1229.28
  43 0.425 21.82 1298.05
  44 0.435 21.846 1357.73
  45 0.445 21.588 1373.35
  46 0.455 21.478 1441.88
  47 0.465 21.422 1339.39
  48 0.475 20.69 1408.22
  49 0.485 20.05 1323.51
  50 0.495 19.618 1351.04
  51 0.505 19.544 1349.44
  52 0.515 20.378 1332.52
  53 0.525 21.18 1359.18
  54 0.535 21.418 1319.53
  55 0.545 21.606 1274.02
  56 0.555 21.748 1240.25
  57 0.565 21.68 1244.71
  58 0.575 21.942 1221.03
  59 0.585 21.646 1270.62
  60 0.595 21.202 1176.76
  61 0.605 20.014 1180.26
  62 0.615 19.838 1139.79
  63 0.625 20.294 1152.21
  64 0.635 21.26 1152.49
  65 0.645 21.748 1182.35
  66 0.655 21.86 1200.25
  67 0.665 21.92 1208.66
  68 0.675 21.622 1245.54
  69 0.685 21.556 1142.63
  70 0.695 21.63 1048.56
  71 0.705 21.198 1086.73
  72 0.715 20.994 1126.27
  73 0.725 20.172 1068.57
  74 0.735 19.498 1057.87
  75 0.745 19.524 1037.93
  76 0.755 20.628 991.355
  77 0.765 21.286 994.225
  78 0.775 21.44 1045.99
  79 0.785 21.528 1059.1
  80 0.795 21.616 1065.19
  81 0.805 21.732 1097.56
  82 0.815 21.878 1026.28
  83 0.825 21.882 1032.85
  84 0.835 21.878 1041.57
  85 0.845 21.538 1044.66
  86 0.855 20.782 1038.27
  87 0.865 19.936 1009.19
  88 0.875 19.916 955.085
  89 0.885 20.626 979.174
  90 0.895 21.514 980.344
  91 0.905 21.898 991.189
  92 0.915 21.808 997.936
  93 0.925 21.934 1025.16
  94 0.935 21.73 1047.42
  95 0.945 21.762 1039.65
  96 0.955 21.416 1026.26
  97 0.965 21.52 1026.62
  98 0.975 21.118 1038.81
  99 0.985 20.336 1027.34
  100 0.995 19.688 1001.2
300000 100 2112.0000000000005
  1 0.005 19.474 985.034
  2 0.015 20.286 949.589
  3 0.025 20.978 946.119
  4 0.035 21.626 880.979
  5 0.045 21.346 908.911
  6 0.055 21.652 919.78
  7 0.065 21.704 977.116
  8 0.075 21.758 1020.19
  9 0.085 21.902 1087.79
  10 0.095 22.002 1067.55
  11 0.105 21.464 1097.22
  12 0.115 21.268 1055.61
  13 0.125 20.222 1004.88
  14 0.135 19.69 1050.54
  15 0.145 20.356 1073.87
  16 0.155 21.288 1080.64
  17 0.165 21.676 1046.63
  18 0.175 21.946 976.721
  19 0.185 21.862 1056.78
  20 0.195 21.804 1022.34
  21 0.205 21.61 1058.72
  22 0.215 21.596 1096.93
  23 0.225 21.44 1112.35
  24 0.235 21.064 1122.09
  25 0.245 20.272 1175.49
  26 0.255 19.76 1133.91
  27 0.265 19.488 1123.18
  28 0.275 20.208 1157.21
  29 0.285 21.004 1117.5
  30 0.295 21.344 1127.67
  31 0.305 21.488 1145.27
  32 0.315 21.714 1157.98
  33 0.325 21.666 1178.23
  34 0.335 21.876 1161.7
  35 0.345 21.828 1264.7
  36 0.355 21.632 1296.68
  37 0.365 21.128 1263.47
  38 0.375 20.17 1235.49
  39 0.385 19.666 1223.99
  40 0.395 20.358 1217.41
  41 0.405 21.346 1195.55
  42 0.415 21.72 1250.8
  43 0.425 21.898 1266.82
  44 0.435 21.742 1306.77
  45 0.445 21.688 1288.24
  46 0.455 21.568 1244.8
  47 0.465 21.402 1289.65
  48 0.475 20.648 1370.25
  49 0.485 20.168 1444.12
  50 0.495 19.444 1391.14
  51 0.505 19.478 1398.66
  52 0.515 20.388 1413.5
  53 0.525 21.078 1323.81
  54 0.535 21.488 1290.48
  55 0.545 21.586 1292.87
  56 0.555 21.648 1223.32
  57 0.565 21.952 1173.84
  58 0.575 21.792 1242.66
  59 0.585 21.692 1273.32
  60 0.595 21.234 1224.61
  61 0.605 20.406 1188.66
  62 0.615 19.61 1240.71
  63 0.625 20.43 1227.66
  64 0.635 20.928 1209.41
  65 0.645 21.798 1139.66
  66 0.655 21.848 1205.6
  67 0.665 21.916 1213.63
  68 0.675 21.664 1164.88
  69 0.685 21.694 1119.94
  70 0.695 21.484 1110.86
  71 0.705 21.398 1143.65
  72 0.715 20.878 1152.53
  73 0.725 20.314 1116.56
  74 0.735 19.194 1101.89
  75 0.745 19.644 1146.96
  76 0.755 20.492 1114.95
  77 0.765 21.144 1053.82
  78 0.775 21.496 1047.79
  79 0.785 21.634 1046.65
  80 0.795 21.59 1050.05
  81 0.805 21.792 1043.22
  82 0.815 21.882 1022.42
  83 0.825 21.882 1040.83
  84 0.835 21.884 1069.65
  85 0.845 21.22 1089.83
  86 0.855 20.564 1032.9
  87 0.865 19.874 976.035
  88 0.875 20.176 955.35
  89 0.885 20.904 984.019
  90 0.895 21.446 986.145
  91 0.905 21.962 1014.61
  92 0.915 21.882 992.831
  93 0.925 21.85 988.7
  94 0.935 21.752 975.78
  95 0.945 21.616 1001.73
  96 0.955 21.412 1035.19
  97 0.965 21.674 976.365
  98 0.975 21.014 983.398
  99 0.985 20.444 1060.21
  100 0.995 19.632 1036.57
305000 100 2112.0000000000005
  1 0.005 19.588 942.445
  2 0.015 19.97 889.709
  3 0.025 21.022 913.731
  4 0.035 21.45 966.079
  5 0.045 21.53 1028.07
  6 0.055 21.582 1030.39
  7 0.065 21.572 997.808
  8 0.075 21.844 982.131
  9 0.085 21.874 1019.35
  10 0.095 21.832 1015.94
  11 0.105 21.808 1021.75
  12 0.115 21.236 1046.12
  13 0.125 20.088 1070.56
  14 0.135 19.922 1060.05
  15 0.145 20.316 1092.78
  16 0.155 21.018 1160.22
  17 0.165 21.818 1105.5
  18 0.175 21.846 1090.33
  19 0.185 21.86 1023.13
  20 0.195 21.788 1010.5
  21 0.205 21.754 1041.76
  22 0.215 21.444 1060.64
  23 0.225 21.502 1074.68
  24 0.235 21.35 1080.55
  25 0.245 20.42 1086.52
  26 0.255 19.662 1032.15
  27 0.265 19.314 1072.28
  28 0.275 20.164 1156.93
  29 0.285 20.94 1173.32
  30 0.295 21.266 1181.63
  31 0.305 21.53 1202.67
  32 0.315 21.598 1193.36
  33 0.325 21.74 1114.31
  34 0.335 21.844 1204.98
  35 0.345 21.85 1139.69
  36 0.355 21.606 1175.87
  37 0.365 20.922 1183.47
  38 0.375 20.07 1239.02
  39 0.385 19.948 1277.39
  40 0.395 20.434 1238.02
  41 0.405 21.22 1248.18
  42 0.415 21.83 1227.51
  43 0.425 21.866 1231.54
  44 0.435 21.792 1287.46
  45 0.445 21.614 1315.18
  46 0.455 21.458 1305.78
  47 0.465 21.524 1307.71
  48 0.475 20.986 1342.18
  49 0.485 20.122 1435.23
  50 0.495 19.676 1382.48
  51 0.505 19.532 1344.75
  52 0.515 20.234 1393.59
  53 0.525 20.906 1349.83
  54 0.535 21.456 1374.68
  55 0.545 21.492 1380.06
  56 0.555 21.692 1283.76
  57 0.565 21.798 1239.99
  58 0.575 21.858 1188.26
  59 0.585 21.778 1206.98
  60 0.595 21.278 1250.07
  61 0.605 20.15 1274.02
  62 0.615 19.804 1229.24
  63 0.625 20.17 1198.68
  64 0.635 21.246 1169.08
  65 0.645 21.666 1184.83
  66 0.655 21.808 1285.64
  67 0.665 21.804 1277.56
  68 0.675 21.828 1230.13
  69 0.685 21.466 1239.49
  70 0.695 21.548 1204.27
  71 0.705 21.332 1143.47
  72 0.715 20.846 1143.65
  73 0.725 19.886 1135.2
  74 0.735 19.238 1132.54
  75 0.745 19.762 1131.05
  76 0.755 20.694 1093.93
  77 0.765 21.402 1067.54
  78 0.775 21.418 1068.46
  79 0.785 21.672 1021.63
  80 0.795 21.626 1051.59
  81 0.805 21.894 1092.56
  82 0.815 21.758 1046.94
  83 0.825 21.908 1000.95
  84 0.835 21.752 990.339
  85 0.845 21.366 975.64
  86 0.855 20.306 1023.3
  87 0.865 19.938 986.197
  88 0.875 20.062 960.961
  89 0.885 20.986 970.014
  90 0.895 21.716 979.785
  91 0.905 21.83 945.806
  92 0.915 21.968 979.683
  93 0.925 21.91 1037.49
  94 0.935 21.704 986.061
  95 0.945 21.492 1005.07
  96 0.955 21.612 974.69
  97 0.965 21.568 928.205
  98 0.975 21.212 946.203
  99 0.985 20.5 988.513
  100 0.995 19.718 934.392
310000 100 2112.0000000000005
  1 0.005 19.734 936.333
  2 0.015 19.804 943.523
  3 0.025 20.966 962.046
  4 0.035 21.222 996.849
  5 0.045 21.562 1017.28
  6 0.055 21.574 1070.36
  7 0.065 21.544 1048.02
  8 0.075 21.866 1028.67
  9 0.085 21.9 1045.59
  10 0.095 21.94 1089.57
  11 0.105 21.66 1072.31
  12 0.115 20.862 1152.86
  13 0.125 20.144 1175.41
  14 0.135 19.79 1143.49
  15 0.145 20.508 1079.02
  16 0.155 21.364 1019.71
  17 0.165 21.684 1009.84
  18 0.175 21.976 1031.43
  19 0.185 21.836 1047.59
  20 0.195 21.728 1054.8
  21 0.205 21.63 1033.51
  22 0.215 21.594 1041.38
  23 0.225 21.482 1040.98
  24 0.235 21.148 1097.24
  25 0.245 20.302 1112.49
  26 0.255 19.686 1091.64
  27 0.265 19.266 1083.28
  28 0.275 20.374 1086.04
  29 0.285 20.946 1085.77
  30 0.295 21.51 1092.15
  31 0.305 21.324 1107.72
  32 0.315 21.788 1142.92
  33 0.325 21.768 1174.29
  34 0.335 21.696 1207.73
  35 0.345 21.928 1148.57
  36 0.355 21.698 1170.26
  37 0.365 21.104 1137.52
  38 0.375 20.6 1164.36
  39 0.385 19.884 1264.16
  40 0.395 20 1306.85
  41 0.405 21.046 1363.17
  42 0.415 21.696 1298.66
  43 0.425 21.862 1241.13
  44 0.435 21.808 1262.64
  45 0.445 21.706 1308.04
  46 0.455 21.558 1323.92
  47 0.465 21.234 1343.49
  48 0.475 21.08 1329.37
  49 0.485 20.216 1374.46
  50 0.495 19.764 1300.43
  51 0.505 19.516 1298.68
  52 0.515 20.17 1343.81
  53 0.525 20.912 1309.39
  54 0.535 21.368 1336.87
  55 0.545 21.576 1318.79
  56 0.555 21.594 1353.05
  57 0.565 21.774 1339.31
  58 0.575 21.898 1325.88
  59 0.585 21.648 1281.97
  60 0.595 21.336 1226.4
  61 0.605 20.246 1235.39
  62 0.615 19.702 1210.77
  63 0.625 20.072 1215.95
  64 0.635 21.33 1218.27
  65 0.645 21.638 1280.68
  66 0.655 21.83 1234.24
  67 0.665 21.856 1214.02
  68 0.675 21.756 1232.53
  69 0.685 21.572 1182.58
  70 0.695 21.598 1182.59
  71 0.705 21.25 1147.64
  72 0.715 21.008 1143.4
  73 0.725 19.932 1104.13
  74 0.735 19.46 1094.23
  75 0.745 19.636 1116.61
  76 0.755 20.62 1118.43
  77 0.765 21.194 1123.26
  78 0.775 21.474 1077.62
  79 0.785 21.53 1100.61
  80 0.795 21.712 1091.03
  81 0.805 21.758 1121.69
  82 0.815 21.85 1136.1
  83 0.825 21.8 1109.77
  84 0.835 21.788 1064.1
  85 0.845 21.094 1031.49
  86 0.855 20.302 984.189
  87 0.865 20.064 956.54
  88 0.875 20.124 936.935
  89 0.885 21.158 1024.43
  90 0.895 21.668 993.165
  91 0.905 21.894 976.595
  92 0.915 21.924 934.428
  93 0.925 21.84 927.852
  94 0.935 21.822 895.533
  95 0.945 21.674 869.416
  96 0.955 21.398 909.122
  97 0.965 21.436 932.795
  98 0.975 21.266 848.189
  99 0.985 20.704 886.265
  100 0.995 19.866 900.017
315000 100 2111.9999999999995
  1 0.005 19.654 930.222
  2 0.015 20.144 894.78
  3 0.025 20.958 889.545
  4 0.035 21.274 978.989
  5 0.045 21.42 1010.65
  6 0.055 21.696 968.292
  7 0.065 21.65 998.494
  8 0.075 21.814 1046.19
  9 0.085 21.832 1102.87
  10 0.095 21.93 1069.45
  11 0.105 21.608 1042.1
  12 0.115 21.04 1083.2
  13 0.125 20.216 1093.95
  14 0.135 19.896 1086.02
  15 0.145 20.43 1062.67
  16 0.155 21.158 1038.42
  17 0.165 21.766 1047.01
  18 0.175 21.864 1085.23
  19 0.185 21.85 1115.29
  20 0.195 21.882 1044.23
  21 0.205 21.59 1039.27
  22 0.215 21.536 1109.65
  23 0.225 21.544 1053.21
  24 0.235 21.236 1084.05
  25 0.245 20.614 1082.9
  26 0.255 19.782 1065.03
  27 0.265 19.382 1110.25
  28 0.275 19.856 1103.77
  29 0.285 20.96 1097.13
  30 0.295 21.38 1071.82
  31 0.305 21.486 1093.86
  32 0.315 21.63 1161.84
  33 0.325 21.604 1162.2
  34 0.335 21.842 1217.76
  35 0.345 21.88 1247.78
  36 0.355 21.646 1221.3
  37 0.365 21.118 1294.68
  38 0.375 20.288 1310.07
  39 0.385 19.94 1279.54
  40 0.395 20.254 1289.76
  41 0.405 21.126 1256.15
  42 0.415 21.644 1272.44
  43 0.425 21.816 1260.41
  44 0.435 21.83 1225.42
  45 0.445 21.774 1191.6
  46 0.455 21.45 1240.92
  47 0.465 21.482 1265.43
  48 0.475 20.85 1349.28
  49 0.485 20.384 1306.53
  50 0.495 19.544 1334.2
  51 0.505 19.508 1439.37
  52 0.515 20.248 1389.96
  53 0.525 20.75 1401.58
  54 0.535 21.43 1307.69
  55 0.545 21.598 1315.53
  56 0.555 21.64 1308.52
  57 0.565 21.8 1269.91
  58 0.575 21.832 1285.45
  59 0.585 21.746 1310.15
  60 0.595 21.074 1362.57
  61 0.605 20.254 1270.36
  62 0.615 19.79 1258.78
  63 0.625 20.444 1242.21
  64 0.635 21.006 1236.88
  65 0.645 21.858 1179.88
  66 0.655 21.748 1200.47
  67 0.665 21.806 1201.52
  68 0.675 21.738 1168.06
  69 0.685 21.466 1209.53
  70 0.695 21.612 1166.24
  71 0.705 21.314 1140.84
  72 0.715 20.858 1134.87
  73 0.725 19.644 1170.47
  74 0.735 19.244 1196.37
  75 0.745 19.83 1176.65
  76 0.755 20.886 1137.19
  77 0.765 21.234 1111.35
  78 0.775 21.486 1043.34
  79 0.785 21.68 1011.29
  80 0.795 21.71 1025.37
  81 0.805 21.73 1040.61
  82 0.815 21.912 1127.34
  83 0.825 21.942 1105.06
  84 0.835 21.578 1095.45
  85 0.845 20.956 1075.04
  86 0.855 20.208 1048.15
  87 0.865 20.186 995.219
  88 0.875 20.242 979.346
  89 0.885 21.11 953.574
  90 0.895 21.932 971.016
  91 0.905 21.804 1004.39
  92 0.915 21.86 982.076
  93 0.925 21.86 971.514
  94 0.935 21.748 903.831
  95 0.945 21.598 910.717
  96 0.955 21.494 941.022
  97 0.965 21.482 899.636
  98 0.975 21.1 881.997
  99 0.985 20.584 918.734
  100 0.995 19.89 885.684
320000 100 2111.9999999999995
  1 0.005 19.898 936.661
  2 0.015 20.268 929.994
  3 0.025 21.012 979.461
  4 0.035 21.344 972.227
  5 0.045 21.562 1055.47
  6 0.055 21.634 1044.99
  7 0.065 21.576 1012.72
  8 0.075 21.846 1016.04
  9 0.085 21.884 1052.72
  10 0.095 21.956 1022.26
  11 0.105 21.624 1061.95
  12 0.115 21.178 1074.99
  13 0.125 20.06 1051.56
  14 0.135 20.22 986.47
  15 0.145 20.292 967.304
  16 0.155 21.074 1029.2
  17 0.165 21.652 1042.85
  18 0.175 21.864 1120.44
  19 0.185 21.858 1087.26
  20 0.195 21.838 1056.89
  21 0.205 21.654 1090.32
  22 0.215 21.522 1117.14
  23 0.225 21.424 1103.99
  24 0.235 21.164 1121.26
  25 0.245 20.636 1128.2
  26 0.255 19.602 1102.29
  27 0.265 19.468 1092.56
  28 0.275 20.16 1119.91
  29 0.285 20.82 1189.31
  30 0.295 21.364 1139.58
  31 0.305 21.558 1119.17
  32 0.315 21.58 1116.52
  33 0.325 21.658 1148.56
  34 0.335 21.884 1233.02
  35 0.345 21.792 1290.83
  36 0.355 21.634 1219.8
  37 0.365 20.908 1272.02
  38 0.375 20.162 1289.78
  39 0.385 20.074 1261.82
  40 0.395 20.328 1291.41
  41 0.405 21.314 1316.77
  42 0.415 21.662 1272.73
  43 0.425 21.818 1181.85
  44 0.435 21.896 1209.36
  45 0.445 21.44 1301.32
  46 0.455 21.708 1234.57
  47 0.465 21.284 1227.24
  48 0.475 21.052 1247.88
  49 0.485 20.536 1199.53
  50 0.495 19.602 1225.34
  51 0.505 19.668 1277.21
  52 0.515 20.148 1352.75
  53 0.525 20.758 1314.71
  54 0.535 21.404 1272.51
  55 0.545 21.408 1276.09
  56 0.555 21.682 1320.4
  57 0.565 21.774 1387.31
  58 0.575 21.862 1317.44
  59 0.585 21.75 1312.2
  60 0.595 21.034 1339.83
  61 0.605 20.442 1290.67
  62 0.615 19.816 1209.56
  63 0.625 20.106 1216.19
  64 0.635 21.09 1150.54
  65 0.645 21.748 1191.13
  66 0.655 21.848 1196.13
  67 0.665 21.868 1227.95
  68 0.675 21.726 1233.05
  69 0.685 21.592 1139.08
  70 0.695 21.548 1109.29
  71 0.705 21.408 1125.52
  72 0.715 20.906 1190.45
  73 0.725 19.982 1110.21
  74 0.735 19.534 1177.65
  75 0.745 19.61 1201.01
  76 0.755 20.492 1169.62
  77 0.765 21.108 1154.46
  78 0.775 21.526 1129.57
  79 0.785 21.606 1129.53
  80 0.795 21.588 1081.25
  81 0.805 21.856 1023.82
  82 0.815 21.788 991.183
  83 0.825 21.896 1003.41
  84 0.835 21.56 1015.21
  85 0.845 20.83 1018.3
  86 0.855 20.57 969.908
  87 0.865 20.23 1012.88
  88 0.875 20.37 1068.19
  89 0.885 21.22 1054.4
  90 0.895 21.328 1041.75
  91 0.905 21.92 1013.73
  92 0.915 21.818 984.716
  93 0.925 21.876 1001.04
  94 0.935 21.7 972.75
  95 0.945 21.754 896.458
  96 0.955 21.382 942.004
  97 0.965 21.508 950.193
  98 0.975 20.922 944.96
  99 0.985 20.318 981.901
  100 0.995 19.778 994.728
325000 100 2112
  1 0.005 19.996 968.328
  2 0.015 20.574 943.97
  3 0.025 21.106 962.289
  4 0.035 21.37 987.435
  5 0.045 21.514 1023.87
  6 0.055 21.756 998.039
  7 0.065 21.694 1019.17
  8 0.075 21.912 988.812
  9 0.085 21.884 1014.07
  10 0.095 21.79 990.454
  11 0.105 21.398 1018.89
  12 0.115 21.022 979.126
  13 0.125 20.054 995.349
  14 0.135 20.026 977.847
  15 0.145 20.624 949.151
  16 0.155 21.274 915.967
  17 0.165 21.778 947.501
  18 0.175 21.94 961.31
  19 0.185 21.864 1028.38
  20 0.195 21.732 1117.25
  21 0.205 21.686 1098.58
  22 0.215 21.58 1080.34
  23 0.225 21.544 1078.08
  24 0.235 21.204 1109.76
  25 0.245 20.804 1066.96
  26 0.255 19.882 1024.29
  27 0.265 19.592 1056.35
  28 0.275 19.878 1077.1
  29 0.285 20.702 1138.68
  30 0.295 21.126 1146.61
  31 0.305 21.634 1146.29
  32 0.315 21.452 1187.29
  33 0.325 21.794 1185.67
  34 0.335 21.752 1220.62
  35 0.345 21.79 1299.34
  36 0.355 21.554 1351.99
  37 0.365 21.238 1244.19
  38 0.375 20.472 1299.75
  39 0.385 20.334 1293.34
  40 0.395 20.146 1252.53
  41 0.405 20.998 1299.07
  42 0.415 21.318 1333.22
  43 0.425 21.844 1270.81
  44 0.435 21.82 1259.25
  45 0.445 21.67 1270.96
  46 0.455 21.512 1256.61
  47 0.465 21.382 1261.9
  48 0.475 21.104 1199.85
  49 0.485 20.312 1315.64
  50 0.495 19.688 1315.74
  51 0.505 19.748 1246.79
  52 0.515 20.088 1215.35
  53 0.525 20.886 1196.1
  54 0.535 21.272 1248.01
  55 0.545 21.462 1248.95
  56 0.555 21.672 1218.15
  57 0.565 21.724 1261.07
  58 0.575 21.862 1277.12
  59 0.585 21.81 1330.53
  60 0.595 21.302 1360.4
  61 0.605 20.444 1343.74
  62 0.615 19.84 1383.37
  63 0.625 20.008 1275.28
  64 0.635 21.042 1251.34
  65 0.645 21.562 1163.24
  66 0.655 21.854 1173.11
  67 0.665 21.786 1174.94
  68 0.675 21.758 1115.92
  69 0.685 21.632 1157.89
  70 0.695 21.538 1186.26
  71 0.705 21.21 1226.25
  72 0.715 20.792 1252.02
  73 0.725 20.064 1165.55
  74 0.735 19.318 1207.85
  75 0.745 19.746 1210.95
  76 0.755 20.584 1193.82
  77 0.765 21.152 1155.25
  78 0.775 21.552 1031.01
  79 0.785 21.618 1016.44
  80 0.795 21.664 1060.47
  81 0.805 21.842 1061.05
  82 0.815 21.816 1103.32
  83 0.825 21.824 1154.43
  84 0.835 21.436 1119.99
  85 0.845 20.946 1079.32
  86 0.855 20.418 1035
  87 0.865 20.184 1037.88
  88 0.875 20.538 993.646
  89 0.885 21.07 1036.7
  90 0.895 21.686 1031.78
  91 0.905 21.816 1016.67
  92 0.915 21.876 974.956
  93 0.925 21.748 1003.4
  94 0.935 21.722 989.427
  95 0.945 21.54 1004.07
  96 0.955 21.544 981.038
  97 0.965 21.11 929.314
  98 0.975 20.816 1013.46
  99 0.985 20.132 1020
  100 0.995 19.826 1021.49
330000 100 2111.999999999999
  1 0.005 20.108 953.834
  2 0.015 20.564 951.801
  3 0.025 21.108 1010.37
  4 0.035 21.34 1036.34
  5 0.045 21.576 1031.82
  6 0.055 21.644 1011.12
  7 0.065 21.764 947.073
  8 0.075 21.876 950.224
  9 0.085 21.904 964.257
  10 0.095 21.79 999.504
  11 0.105 21.582 951.118
  12 0.115 20.988 956.286
  13 0.125 20.1 970.56
  14 0.135 20.01 924.494
  15 0.145 20.606 917.649
  16 0.155 21.256 1000.8
  17 0.165 21.672 1001.81
  18 0.175 21.924 1025.42
  19 0.185 21.876 1012.76
  20 0.195 21.82 1065.64
  21 0.205 21.788 1035.31
  22 0.215 21.404 1060.98
  23 0.225 21.504 1076.91
  24 0.235 21.066 1086.16
  25 0.245 20.54 1129.8
  26 0.255 19.83 1168.98
  27 0.265 19.616 1140.48
  28 0.275 20.188 1091.94
  29 0.285 20.698 1166.71
  30 0.295 21.262 1180.06
  31 0.305 21.332 1201.6
  32 0.315 21.746 1155.17
  33 0.325 21.68 1196.17
  34 0.335 21.796 1228.95
  35 0.345 21.87 1189.65
  36 0.355 21.482 1188.41
  37 0.365 20.964 1238.95
  38 0.375 20.4 1287.06
  39 0.385 20.104 1321.93
  40 0.395 20.536 1298.65
  41 0.405 20.942 1222.13
  42 0.415 21.65 1270.28
  43 0.425 21.74 1230.44
  44 0.435 21.738 1253.33
  45 0.445 21.744 1244.63
  46 0.455 21.46 1314.44
  47 0.465 21.416 1269.96
  48 0.475 21.074 1182.78
  49 0.485 20.414 1210.98
  50 0.495 19.812 1332.26
  51 0.505 19.624 1353.75
  52 0.515 20.212 1284.43
  53 0.525 20.754 1285.76
  54 0.535 21.238 1310.97
  55 0.545 21.606 1347.86
  56 0.555 21.494 1328.35
  57 0.565 21.764 1396.25
  58 0.575 21.858 1385.7
  59 0.585 21.534 1328.38
  60 0.595 21.436 1332.31
  61 0.605 20.186 1325.78
  62 0.615 19.746 1297.59
  63 0.625 20.196 1262.86
  64 0.635 21.254 1245.44
  65 0.645 21.61 1184.5
  66 0.655 21.952 1085.06
  67 0.665 21.796 1073.67
  68 0.675 21.82 1080.27
  69 0.685 21.654 1060.41
  70 0.695 21.446 1087.92
  71 0.705 21.518 1044.15
  72 0.715 21.088 1094.52
  73 0.725 20.36 1131.37
  74 0.735 19.324 1115.98
  75 0.745 19.402 1134.1
  76 0.755 20.462 1092.23
  77 0.765 21.064 1076.32
  78 0.775 21.508 1102.49
  79 0.785 21.51 1121.67
  80 0.795 21.62 1172.94
  81 0.805 21.792 1131.42
  82 0.815 21.724 1118.52
  83 0.825 21.872 1120.75
  84 0.835 21.678 1133.61
  85 0.845 20.968 1103.5
  86 0.855 20.52 1051.36
  87 0.865 20.268 1069.41
  88 0.875 20.404 1079.01
  89 0.885 21.2 1034
  90 0.895 21.302 1052.48
  91 0.905 21.79 1012.45
  92 0.915 21.758 1052.16
  93 0.925 21.776 1035.15
  94 0.935 21.624 1051.03
  95 0.945 21.596 1045.9
  96 0.955 21.534 1057.38
  97 0.965 21.048 1013.42
  98 0.975 20.73 992.896
  99 0.985 20.24 976.027
  100 0.995 19.836 953.115
335000 100 2112
  1 0.005 20.106 979.054
  2 0.015 19.97 964.137
  3 0.025 20.946 918.078
  4 0.035 21.352 965.506
  5 0.045 21.456 988.091
  6 0.055 21.544 992.379
  7 0.065 21.816 998.611
  8 0.075 21.806 1012.37
  9 0.085 21.938 975.733
  10 0.095 21.858 969.41
  11 0.105 21.648 991.617
  12 0.115 21.024 1007.32
  13 0.125 20.208 1026.37
  14 0.135 19.698 960.31
  15 0.145 20.472 974.129
  16 0.155 21.348 1009.49
  17 0.165 21.684 1023.51
  18 0.175 21.932 1023.94
  19 0.185 21.87 1021.84
  20 0.195 21.686 1053.68
  21 0.205 21.768 1072.48
  22 0.215 21.396 1059.17
  23 0.225 21.46 1072.13
  24 0.235 21.19 1084.95
  25 0.245 20.556 1077.71
  26 0.255 19.54 1133.99
  27 0.265 19.542 1147.7
  28 0.275 20.228 1189.86
  29 0.285 20.818 1178.13
  30 0.295 21.392 1156.54
  31 0.305 21.462 1148.23
  32 0.315 21.7 1157.49
  33 0.325 21.762 1197.9
  34 0.335 21.794 1145.5
  35 0.345 21.666 1124.54
  36 0.355 21.484 1200.91
  37 0.365 20.742 1226.36
  38 0.375 20.18 1268.51
  39 0.385 20.512 1301.34
  40 0.395 20.544 1366.29
  41 0.405 21.084 1300.87
  42 0.415 21.658 1304.43
  43 0.425 21.728 1311.4
  44 0.435 21.872 1217.13
  45 0.445 21.612 1234.37
  46 0.455 21.452 1311.12
  47 0.465 21.166 1292.04
  48 0.475 20.85 1252.96
  49 0.485 20.232 1255.83
  50 0.495 19.74 1245.56
  51 0.505 20.06 1265.97
  52 0.515 20.22 1300.79
  53 0.525 21.018 1290.87
  54 0.535 21.3 1347.55
  55 0.545 21.46 1422.27
  56 0.555 21.738 1348.72
  57 0.565 21.694 1331.59
  58 0.575 21.84 1248.39
  59 0.585 21.736 1302.31
  60 0.595 21.162 1251.46
  61 0.605 20.258 1233.78
  62 0.615 20.052 1188.89
  63 0.625 20.234 1212.16
  64 0.635 20.952 1251.8
  65 0.645 21.756 1177.13
  66 0.655 21.824 1245.03
  67 0.665 21.81 1229.5
  68 0.675 21.722 1151.61
  69 0.685 21.702 1158.39
  70 0.695 21.676 1131.13
  71 0.705 21.246 1138.06
  72 0.715 21.144 1107.85
  73 0.725 20.354 1119.4
  74 0.735 19.592 1068.28
  75 0.745 19.696 1083.74
  76 0.755 20.324 1024.89
  77 0.765 20.858 1041.41
  78 0.775 21.226 1074.6
  79 0.785 21.72 1093.58
  80 0.795 21.608 1079.97
  81 0.805 21.676 1107.46
  82 0.815 21.84 1068.52
  83 0.825 21.738 1119.27
  84 0.835 21.672 1055.1
  85 0.845 21.11 1115.67
  86 0.855 20.81 1100.98
  87 0.865 20.416 1100.14
  88 0.875 20.452 1103.02
  89 0.885 20.636 1078.57
  90 0.895 21.332 1125.91
  91 0.905 21.67 1075.52
  92 0.915 21.916 1021.61
  93 0.925 21.766 988.921
  94 0.935 21.774 980.812
  95 0.945 21.534 1058.62
  96 0.955 21.438 1029.78
  97 0.965 21.244 1057.78
  98 0.975 20.898 1002.39
  99 0.985 20.526 978.594
  100 0.995 20.078 940.295
340000 100 2112.0000000000005
  1 0.005 19.804 986.266
  2 0.015 20.234 958.103
  3 0.025 20.908 998.766
  4 0.035 21.402 934.557
  5 0.045 21.508 957.061
  6 0.055 21.68 913.727
  7 0.065 21.658 965.55
  8 0.075 21.888 966.327
  9 0.085 21.876 965.282
  10 0.095 21.95 965.078
  11 0.105 21.63 953.526
  12 0.115 20.932 1021.76
  13 0.125 20.092 1004.62
  14 0.135 19.712 997.725
  15 0.145 20.472 990.873
  16 0.155 21.338 992.707
  17 0.165 21.882 1019.64
  18 0.175 21.888 1054.26
  19 0.185 21.882 1026.43
  20 0.195 21.79 1053.58
  21 0.205 21.676 1052.74
  22 0.215 21.494 1089.24
  23 0.225 21.432 1074.06
  24 0.235 21.168 1125.9
  25 0.245 20.374 1134.25
  26 0.255 19.834 1154.82
  27 0.265 19.674 1152.58
  28 0.275 20.102 1184.91
  29 0.285 20.794 1148.6
  30 0.295 21.25 1112.32
  31 0.305 21.564 1133.5
  32 0.315 21.646 1201.1
  33 0.325 21.716 1225.22
  34 0.335 21.766 1281.55
  35 0.345 21.632 1311.49
  36 0.355 21.31 1301.74
  37 0.365 20.75 1249.1
  38 0.375 20.35 1296.55
  39 0.385 20.38 1300.29
  40 0.395 20.812 1229.98
  41 0.405 21.142 1211.43
  42 0.415 21.468 1199.3
  43 0.425 21.844 1217.07
  44 0.435 21.788 1195.4
  45 0.445 21.572 1306.08
  46 0.455 21.562 1255.3
  47 0.465 21.304 1214.81
  48 0.475 20.804 1288.75
  49 0.485 20.248 1290.16
  50 0.495 19.654 1294.42
  51 0.505 19.782 1297.69
  52 0.515 20.462 1322.28
  53 0.525 20.894 1262.87
  54 0.535 21.24 1209.22
  55 0.545 21.676 1246.18
  56 0.555 21.744 1265.38
  57 0.565 21.708 1286.87
  58 0.575 21.808 1268.49
  59 0.585 21.682 1318.7
  60 0.595 21.516 1266.78
  61 0.605 20.414 1266.43
  62 0.615 19.608 1258.81
  63 0.625 19.966 1288.23
  64 0.635 21.13 1243.47
  65 0.645 21.718 1207.98
  66 0.655 21.86 1218.43
  67 0.665 21.846 1233.78
  68 0.675 21.72 1205.43
  69 0.685 21.688 1135.46
  70 0.695 21.348 1133.57
  71 0.705 21.642 1140.43
  72 0.715 20.926 1145.54
  73 0.725 20.196 1104.93
  74 0.735 19.714 1090.2
  75 0.745 19.854 1094.29
  76 0.755 20.318 1092.58
  77 0.765 21.022 1124.45
  78 0.775 21.182 1140.97
  79 0.785 21.532 1087.29
  80 0.795 21.666 1080.18
  81 0.805 21.806 1065.77
  82 0.815 21.742 1127.99
  83 0.825 21.734 1104.45
  84 0.835 21.442 1069.95
  85 0.845 21.286 987.481
  86 0.855 20.878 1038.68
  87 0.865 20.71 1039.31
  88 0.875 20.298 1042.99
  89 0.885 20.998 1055.56
  90 0.895 21.022 1073.92
  91 0.905 21.636 1087.72
  92 0.915 21.756 1083.81
  93 0.925 21.77 1070.28
  94 0.935 21.754 1066.56
  95 0.945 21.572 1043.36
  96 0.955 21.522 993.091
  97 0.965 21.226 1023.8
  98 0.975 20.902 987.386
  99 0.985 20.512 1008.41
  100 0.995 19.936 996.028
