# Chunk-averaged data for fix 3 and group all
# Timestep Number-of-chunks Total-count
# Chunk Coord1 Ncount v_temp
45000 100 2112.0000000000005
  1 0.005 19.936 1073.66
  2 0.015 20.548 1057.17
  3 0.025 21.028 1136.86
  4 0.035 21.494 1101.13
  5 0.045 21.476 1121.43
  6 0.055 21.628 1083.99
  7 0.065 21.772 1046.28
  8 0.075 21.858 1125.92
  9 0.085 21.742 1124.63
  10 0.095 21.662 1165.77
  11 0.105 21.12 1123.56
  12 0.115 20.666 1160.82
  13 0.125 20.196 1117.45
  14 0.135 20.22 1136.13
  15 0.145 20.854 1100.39
  16 0.155 21.58 1119.57
  17 0.165 21.884 1137.87
  18 0.175 21.862 1088.61
  19 0.185 21.798 1100.15
  20 0.195 21.774 1051.61
  21 0.205 21.562 1094.74
  22 0.215 21.538 1156.27
  23 0.225 21.194 1185.42
  24 0.235 20.832 1129.58
  25 0.245 20.058 1119.23
  26 0.255 19.622 1165.6
  27 0.265 19.87 1208.1
  28 0.275 20.532 1181.39
  29 0.285 21.18 1153.15
  30 0.295 21.38 1137.01
  31 0.305 21.572 1135.38
  32 0.315 21.624 1179.99
  33 0.325 21.81 1174.6
  34 0.335 21.872 1165.85
  35 0.345 21.746 1138.42
  36 0.355 21.512 1145.29
  37 0.365 21.134 1237.88
  38 0.375 20.046 1262.06
  39 0.385 19.888 1199.58
  40 0.395 20.57 1256.23
  41 0.405 21.282 1254.48
  42 0.415 21.738 1262.39
  43 0.425 21.936 1186.14
  44 0.435 21.848 1190.35
  45 0.445 21.606 1200.7
  46 0.455 21.632 1227.27
  47 0.465 21.484 1212.75
  48 0.475 21.178 1328.38
  49 0.485 20.644 1322.61
  50 0.495 19.876 1350.28
  51 0.505 19.49 1314.81
  52 0.515 19.958 1323.04
  53 0.525 20.654 1249.14
  54 0.535 21.28 1236.46
  55 0.545 21.506 1269.14
  56 0.555 21.476 1304.74
  57 0.565 21.814 1333.14
  58 0.575 21.712 1264.06
  59 0.585 21.836 1234.23
  60 0.595 21.552 1228.51
  61 0.605 21.016 1233.76
  62 0.615 20.674 1218.42
  63 0.625 20.342 1214.96
  64 0.635 20.274 1271.68
  65 0.645 20.696 1217.13
  66 0.655 21.578 1168.01
  67 0.665 21.832 1247.65
  68 0.675 21.786 1298.21
  69 0.685 21.722 1246.74
  70 0.695 21.7 1302.6
  71 0.705 21.296 1294.82
  72 0.715 21.194 1288.74
  73 0.725 20.412 1345.85
  74 0.735 19.86 1320.01
  75 0.745 19.436 1349.17
  76 0.755 20.21 1263.44
  77 0.765 20.734 1274.45
  78 0.775 21.11 1304.99
  79 0.785 21.582 1282.02
  80 0.795 21.618 1247.23
  81 0.805 21.75 1204.18
  82 0.815 21.798 1227.79
  83 0.825 21.782 1272.41
  84 0.835 21.728 1235.79
  85 0.845 21.086 1193.73
  86 0.855 20.532 1218.32
  87 0.865 19.944 1245.76
  88 0.875 20.038 1236.65
  89 0.885 21.32 1118.76
  90 0.895 21.612 1155.84
  91 0.905 21.798 1110.1
  92 0.915 21.93 1178.51
  93 0.925 21.748 1137.17
  94 0.935 21.602 1158.44
  95 0.945 21.698 1098.1
  96 0.955 21.47 1063.27
  97 0.965 21.192 1084.04
  98 0.975 20.858 1086.85
  99 0.985 20.042 1096.81
  100 0.995 19.858 1065.23
50000 100 2112.0000000000005
  1 0.005 20.09 1088.38
  2 0.015 20.618 1054.13
  3 0.025 21.408 1047
  4 0.035 21.434 1083.22
  5 0.045 21.572 1157.82
  6 0.055 21.688 1150.95
  7 0.065 21.826 1138.22
  8 0.075 21.844 1112.57
  9 0.085 21.768 1086.56
  10 0.095 21.63 1094.13
  11 0.105 20.944 1179.22
  12 0.115 20.508 1233.62
  13 0.125 20.13 1190.84
  14 0.135 20.64 1069.49
  15 0.145 20.816 1024.32
  16 0.155 21.516 1066.76
  17 0.165 21.872 1122.52
  18 0.175 21.836 1150.57
  19 0.185 21.826 1096.77
  20 0.195 21.714 1089.97
  21 0.205 21.6 1131.43
  22 0.215 21.414 1131.04
  23 0.225 21.24 1093.18
  24 0.235 20.694 1089.07
  25 0.245 20.306 1096.16
  26 0.255 19.616 1151.41
  27 0.265 19.832 1185.23
  28 0.275 20.608 1167.59
  29 0.285 21.094 1170.64
  30 0.295 21.544 1203.76
  31 0.305 21.55 1198.17
  32 0.315 21.578 1222.02
  33 0.325 21.772 1155.58
  34 0.335 21.872 1214.93
  35 0.345 21.776 1218.99
  36 0.355 21.518 1242.23
  37 0.365 20.894 1217.17
  38 0.375 20.506 1201.45
  39 0.385 19.708 1234.74
  40 0.395 20.518 1254.02
  41 0.405 21.53 1239.82
  42 0.415 21.424 1319.63
  43 0.425 21.932 1229.6
  44 0.435 21.808 1166.88
  45 0.445 21.838 1127.7
  46 0.455 21.62 1126.1
  47 0.465 21.34 1240.23
  48 0.475 21.3 1234.85
  49 0.485 20.686 1256.51
  50 0.495 20.152 1252.24
  51 0.505 19.624 1299.09
  52 0.515 19.93 1329.38
  53 0.525 20.396 1272.91
  54 0.535 21.106 1280.61
  55 0.545 21.456 1257.71
  56 0.555 21.55 1276.1
  57 0.565 21.662 1196.18
  58 0.575 21.82 1251.28
  59 0.585 21.852 1244.08
  60 0.595 21.52 1256.93
  61 0.605 21.248 1252.73
  62 0.615 20.654 1280.55
  63 0.625 20.308 1359.65
  64 0.635 19.92 1379.65
  65 0.645 20.85 1252.12
  66 0.655 21.618 1336.33
  67 0.665 21.754 1305.58
  68 0.675 21.842 1255.87
  69 0.685 21.64 1260.7
  70 0.695 21.642 1338.57
  71 0.705 21.416 1314.66
  72 0.715 21.078 1278.72
  73 0.725 20.452 1343.43
  74 0.735 20.07 1235.09
  75 0.745 19.74 1202.93
  76 0.755 19.926 1282.42
  77 0.765 20.566 1332.49
  78 0.775 21.214 1299.91
  79 0.785 21.52 1236.6
  80 0.795 21.498 1236.36
  81 0.805 21.844 1222.44
  82 0.815 21.82 1206.79
  83 0.825 21.84 1205.74
  84 0.835 21.788 1219.78
  85 0.845 21.088 1238.3
  86 0.855 20.376 1238.4
  87 0.865 19.866 1191.88
  88 0.875 20.262 1138.24
  89 0.885 21.108 1130.12
  90 0.895 21.66 1184.93
  91 0.905 21.838 1177.61
  92 0.915 21.842 1229.47
  93 0.925 21.842 1192.24
  94 0.935 21.532 1133
  95 0.945 21.574 1079.99
  96 0.955 21.388 1077.72
  97 0.965 21.206 1040.44
  98 0.975 20.598 1026.1
  99 0.985 20.012 1085.68
  100 0.995 19.694 1080.7
55000 100 2112
  1 0.005 19.906 1047.36
  2 0.015 20.786 1035.47
  3 0.025 21.218 1071.07
  4 0.035 21.554 1043.05
  5 0.045 21.506 1016.17
  6 0.055 21.78 1032.28
  7 0.065 21.78 1121.2
  8 0.075 21.804 1125.77
  9 0.085 21.826 1126.83
  10 0.095 21.396 1121.31
  11 0.105 20.992 1115.61
  12 0.115 20.46 1123.27
  13 0.125 20.2 1078.68
  14 0.135 20.662 1088.34
  15 0.145 20.988 1108.07
  16 0.155 21.63 1155.44
  17 0.165 21.766 1234.26
  18 0.175 21.89 1197.53
  19 0.185 21.756 1167.39
  20 0.195 21.618 1165.26
  21 0.205 21.626 1110.91
  22 0.215 21.458 1138.05
  23 0.225 21.27 1118.63
  24 0.235 20.538 1152.85
  25 0.245 20.134 1132.47
  26 0.255 19.584 1112.66
  27 0.265 19.858 1168.93
  28 0.275 20.674 1201.55
  29 0.285 21.346 1156.15
  30 0.295 21.446 1170.27
  31 0.305 21.554 1140.92
  32 0.315 21.738 1155.83
  33 0.325 21.77 1114.32
  34 0.335 21.896 1108.41
  35 0.345 21.712 1186.48
  36 0.355 21.526 1166.54
  37 0.365 21.012 1178.67
  38 0.375 20.248 1213.99
  39 0.385 19.938 1178.71
  40 0.395 20.462 1171.97
  41 0.405 21.316 1229.01
  42 0.415 21.722 1257.74
  43 0.425 21.914 1289.37
  44 0.435 21.774 1314.32
  45 0.445 21.74 1240.26
  46 0.455 21.65 1215.41
  47 0.465 21.458 1176.89
  48 0.475 21.074 1250.09
  49 0.485 20.838 1261.67
  50 0.495 19.814 1224.05
  51 0.505 19.598 1331.93
  52 0.515 19.914 1269.41
  53 0.525 20.446 1326.66
  54 0.535 21.398 1225.67
  55 0.545 21.376 1252.45
  56 0.555 21.638 1208.99
  57 0.565 21.75 1284.58
  58 0.575 21.784 1208.23
  59 0.585 21.834 1262.89
  60 0.595 21.61 1337.84
  61 0.605 21.336 1252.36
  62 0.615 20.41 1298.41
  63 0.625 19.98 1329.34
  64 0.635 20.226 1304.93
  65 0.645 20.95 1364.04
  66 0.655 21.5 1344.33
  67 0.665 21.956 1296.24
  68 0.675 21.714 1326.54
  69 0.685 21.618 1461.48
  70 0.695 21.536 1430.9
  71 0.705 21.46 1370.68
  72 0.715 21.058 1242.62
  73 0.725 20.582 1240.7
  74 0.735 19.93 1321.42
  75 0.745 19.676 1354.44
  76 0.755 19.852 1227.95
  77 0.765 20.93 1194.98
  78 0.775 21.202 1149.51
  79 0.785 21.458 1089.05
  80 0.795 21.64 1149.35
  81 0.805 21.646 1164.23
  82 0.815 22.004 1135.28
  83 0.825 21.606 1190.67
  84 0.835 21.842 1186.98
  85 0.845 21.386 1170.99
  86 0.855 20.75 1169.86
  87 0.865 20.136 1190.1
  88 0.875 20.084 1187.77
  89 0.885 20.604 1237.07
  90 0.895 21.468 1253.15
  91 0.905 21.832 1232.67
  92 0.915 21.926 1201.74
  93 0.925 21.65 1127
  94 0.935 21.82 1124.71
  95 0.945 21.534 1162.35
  96 0.955 21.414 1167.96
  97 0.965 21.282 1194.14
  98 0.975 20.632 1205.06
  99 0.985 19.776 1158.2
  100 0.995 19.638 1050.81
60000 100 2112
  1 0.005 20.118 1035.07
  2 0.015 20.478 1085.81
  3 0.025 21.266 1037.12
  4 0.035 21.388 1062.41
  5 0.045 21.71 1094.93
  6 0.055 21.51 1053.41
  7 0.065 21.846 1054.44
  8 0.075 21.822 1118.94
  9 0.085 21.826 1091.48
  10 0.095 21.788 1053.94
  11 0.105 21.222 1156.55
  12 0.115 20.346 1197.67
  13 0.125 20.216 1209.24
  14 0.135 20.142 1146.3
  15 0.145 20.834 1109.84
  16 0.155 21.586 1107.32
  17 0.165 21.862 1119.18
  18 0.175 21.958 1104.24
  19 0.185 21.718 1068.9
  20 0.195 21.816 1109.02
  21 0.205 21.498 1122.09
  22 0.215 21.422 1089.19
  23 0.225 21.218 1151.12
  24 0.235 20.704 1181.35
  25 0.245 19.994 1125.19
  26 0.255 19.6 1097.04
  27 0.265 20.066 1106.45
  28 0.275 20.506 1117.31
  29 0.285 21.312 1123.19
  30 0.295 21.514 1173.91
  31 0.305 21.486 1195.27
  32 0.315 21.648 1170.63
  33 0.325 21.784 1211.96
  34 0.335 21.876 1176.13
  35 0.345 21.734 1148.58
  36 0.355 21.614 1164.96
  37 0.365 20.814 1212.62
  38 0.375 20.176 1246.44
  39 0.385 19.994 1246.52
  40 0.395 20.46 1225.78
  41 0.405 21.312 1202.08
  42 0.415 21.912 1178.51
  43 0.425 21.842 1245.76
  44 0.435 21.806 1280.79
  45 0.445 21.728 1269.99
  46 0.455 21.658 1286.92
  47 0.465 21.346 1287.28
  48 0.475 21.192 1299.44
  49 0.485 20.624 1345.1
  50 0.495 20.156 1259.88
  51 0.505 19.154 1329.17
  52 0.515 20.064 1300.39
  53 0.525 20.632 1304.18
  54 0.535 21.176 1269.25
  55 0.545 21.508 1273.72
  56 0.555 21.624 1250.56
  57 0.565 21.758 1274.94
  58 0.575 21.714 1315.63
  59 0.585 21.964 1289.51
  60 0.595 21.432 1308.38
  61 0.605 21.09 1328.04
  62 0.615 20.266 1322.67
  63 0.625 19.86 1394.06
  64 0.635 20.294 1416.68
  65 0.645 21.242 1394.02
  66 0.655 21.784 1304.16
  67 0.665 21.852 1260.91
  68 0.675 21.838 1232.54
  69 0.685 21.696 1179.51
  70 0.695 21.496 1202.32
  71 0.705 21.458 1286.93
  72 0.715 21.07 1282
  73 0.725 20.498 1266.21
  74 0.735 19.846 1236.02
  75 0.745 19.618 1237.48
  76 0.755 19.966 1218.72
  77 0.765 20.912 1185.06
  78 0.775 21.274 1190.34
  79 0.785 21.536 1158.95
  80 0.795 21.636 1200.74
  81 0.805 21.738 1174.35
  82 0.815 21.68 1205.08
  83 0.825 21.946 1225.73
  84 0.835 21.768 1207.36
  85 0.845 21.296 1250.7
  86 0.855 20.526 1219.99
  87 0.865 20.026 1245.32
  88 0.875 20.038 1217.55
  89 0.885 20.808 1144.2
  90 0.895 21.646 1135.32
  91 0.905 21.856 1148.59
  92 0.915 21.77 1220.21
  93 0.925 21.908 1186.95
  94 0.935 21.628 1148.71
  95 0.945 21.568 1120.48
  96 0.955 21.386 1191.37
  97 0.965 21.188 1180.88
  98 0.975 20.728 1148.34
  99 0.985 20.032 1098.44
  100 0.995 19.758 1089.35
65000 100 2112
  1 0.005 19.824 1145.95
  2 0.015 20.658 1068.92
  3 0.025 21.192 1095.74
  4 0.035 21.408 1099.74
  5 0.045 21.632 1078.74
  6 0.055 21.698 1081.07
  7 0.065 21.682 1121.64
  8 0.075 21.844 1093.52
  9 0.085 21.918 1177.66
  10 0.095 21.624 1126.07
  11 0.105 21.144 1085.92
  12 0.115 20.688 1038.59
  13 0.125 19.916 1056.88
  14 0.135 20.1 1017.26
  15 0.145 21.052 1000
  16 0.155 21.608 1087.48
  17 0.165 21.944 1104.14
  18 0.175 21.866 1069.1
  19 0.185 21.826 1076.6
  20 0.195 21.834 1111.36
  21 0.205 21.516 1061.58
  22 0.215 21.468 1144.97
  23 0.225 21.374 1151.31
  24 0.235 21.004 1133.39
  25 0.245 19.96 1150.71
  26 0.255 19.518 1179.22
  27 0.265 19.892 1178.66
  28 0.275 20.482 1222.97
  29 0.285 21.054 1227.96
  30 0.295 21.494 1217.77
  31 0.305 21.444 1189.81
  32 0.315 21.718 1202.5
  33 0.325 21.658 1208.05
  34 0.335 21.888 1165.75
  35 0.345 21.922 1178.09
  36 0.355 21.45 1206.39
  37 0.365 20.956 1184.76
  38 0.375 20.122 1247.72
  39 0.385 19.942 1239.76
  40 0.395 20.4 1262.78
  41 0.405 21.366 1201.87
  42 0.415 21.832 1237.02
  43 0.425 21.854 1272.41
  44 0.435 21.866 1298.53
  45 0.445 21.64 1319.7
  46 0.455 21.518 1300.96
  47 0.465 21.406 1260.15
  48 0.475 21.084 1264.63
  49 0.485 20.522 1289.57
  50 0.495 19.714 1258.09
  51 0.505 19.714 1312.74
  52 0.515 19.922 1334.58
  53 0.525 20.832 1351.83
  54 0.535 21.358 1307.45
  55 0.545 21.484 1325.41
  56 0.555 21.58 1251.57
  57 0.565 21.74 1330.93
  58 0.575 21.87 1263.44
  59 0.585 21.776 1254.49
  60 0.595 21.52 1191.95
  61 0.605 20.9 1210.78
  62 0.615 20.326 1269.54
  63 0.625 19.906 1273.62
  64 0.635 20.452 1329.85
  65 0.645 21.452 1258.33
  66 0.655 21.576 1286.5
  67 0.665 21.766 1308.82
  68 0.675 22.002 1190.89
  69 0.685 21.588 1203.87
  70 0.695 21.636 1255.5
  71 0.705 21.33 1262.17
  72 0.715 21.278 1238.97
  73 0.725 20.718 1238.39
  74 0.735 19.876 1210.04
  75 0.745 19.556 1201.87
  76 0.755 19.97 1272.75
  77 0.765 20.552 1314.09
  78 0.775 21.226 1305.4
  79 0.785 21.472 1235.63
  80 0.795 21.606 1198.95
  81 0.805 21.782 1225.43
  82 0.815 21.768 1260.46
  83 0.825 21.836 1232.4
  84 0.835 21.884 1177.2
  85 0.845 21.312 1193.16
  86 0.855 20.5 1212.35
  87 0.865 19.736 1255.17
  88 0.875 20.33 1238.35
  89 0.885 20.836 1243.1
  90 0.895 21.504 1220.39
  91 0.905 21.862 1207.82
  92 0.915 21.878 1224.66
  93 0.925 21.836 1196.98
  94 0.935 21.556 1162.96
  95 0.945 21.572 1155.33
  96 0.955 21.542 1134.13
  97 0.965 21.224 1056.01
  98 0.975 20.72 1065.97
  99 0.985 20.148 1064.03
  100 0.995 19.668 1092.09
70000 100 2111.9999999999995
  1 0.005 19.746 1091.29
  2 0.015 20.514 1042.18
  3 0.025 21.236 1036.71
  4 0.035 21.502 1064.78
  5 0.045 21.594 1038.5
  6 0.055 21.672 1085.77
  7 0.065 21.812 1101.71
  8 0.075 21.736 1091.97
  9 0.085 21.944 1004.42
  10 0.095 21.886 1063.29
  11 0.105 21.258 1112.52
  12 0.115 20.672 1136.9
  13 0.125 20.142 1102.04
  14 0.135 20.15 1107.21
  15 0.145 20.832 1089.45
  16 0.155 21.368 1092.28
  17 0.165 21.714 1199.93
  18 0.175 21.886 1176.6
  19 0.185 21.762 1127.76
  20 0.195 21.758 1111.57
  21 0.205 21.72 1050.44
  22 0.215 21.604 1028.36
  23 0.225 21.346 1091.36
  24 0.235 21.042 1122.9
  25 0.245 20.446 1163.75
  26 0.255 19.708 1229.77
  27 0.265 19.764 1221.86
  28 0.275 20.05 1250.47
  29 0.285 20.914 1174.88
  30 0.295 21.362 1204.34
  31 0.305 21.502 1229.93
  32 0.315 21.602 1180.56
  33 0.325 21.806 1165.42
  34 0.335 21.782 1251.6
  35 0.345 21.884 1225.32
  36 0.355 21.472 1234.76
  37 0.365 21.108 1215.27
  38 0.375 20.17 1195.41
  39 0.385 19.992 1166.21
  40 0.395 20.244 1276.93
  41 0.405 21.47 1217.64
  42 0.415 21.54 1250.9
  43 0.425 21.952 1245.36
  44 0.435 21.804 1261.68
  45 0.445 21.684 1307.96
  46 0.455 21.572 1290.68
  47 0.465 21.21 1333.71
  48 0.475 20.974 1346.55
  49 0.485 20.366 1373.15
  50 0.495 19.982 1368.32
  51 0.505 19.548 1425.98
  52 0.515 20.106 1420.37
  53 0.525 20.892 1335.5
  54 0.535 21.208 1327.82
  55 0.545 21.514 1278.23
  56 0.555 21.592 1256
  57 0.565 21.832 1210.54
  58 0.575 21.89 1214.28
  59 0.585 21.68 1269.85
  60 0.595 21.474 1294.94
  61 0.605 21.016 1313.59
  62 0.615 19.866 1287.6
  63 0.625 19.952 1306.77
  64 0.635 20.678 1385.49
  65 0.645 21.466 1349.03
  66 0.655 21.796 1289.04
  67 0.665 21.834 1253.83
  68 0.675 21.688 1208.03
  69 0.685 21.82 1186.03
  70 0.695 21.434 1216.85
  71 0.705 21.378 1196.68
  72 0.715 21.192 1173.41
  73 0.725 20.61 1203.97
  74 0.735 19.866 1216.09
  75 0.745 19.496 1270.62
  76 0.755 19.844 1301.23
  77 0.765 20.922 1318.02
  78 0.775 21.33 1266.83
  79 0.785 21.464 1233.45
  80 0.795 21.694 1219.74
  81 0.805 21.658 1217.5
  82 0.815 21.86 1238.29
  83 0.825 21.74 1249.98
  84 0.835 21.806 1270.81
  85 0.845 21.152 1217.25
  86 0.855 20.428 1179.01
  87 0.865 19.822 1226.67
  88 0.875 20.078 1146.76
  89 0.885 21.302 1109.61
  90 0.895 21.658 1136
  91 0.905 21.894 1120.25
  92 0.915 21.852 1114.33
  93 0.925 21.832 1080.87
  94 0.935 21.624 1085.58
  95 0.945 21.6 1165.13
  96 0.955 21.566 1124.61
  97 0.965 21.154 1143.94
  98 0.975 20.844 1146.45
  99 0.985 20.218 1121.72
  100 0.995 19.574 1100.1
75000 100 2112.0000000000005
  1 0.005 19.882 1043.91
  2 0.015 20.444 1059.78
  3 0.025 21.144 1035.54
  4 0.035 21.382 1055.74
  5 0.045 21.542 1050.91
  6 0.055 21.65 1018.35
  7 0.065 21.75 1055.03
  8 0.075 21.838 1111.59
  9 0.085 21.89 1151.71
  10 0.095 21.642 1209.69
  11 0.105 21.394 1165.58
  12 0.115 20.614 1082.47
  13 0.125 20.438 1099.24
  14 0.135 20.238 1100.04
  15 0.145 20.558 1145.5
  16 0.155 21.396 1179.85
  17 0.165 21.69 1199.69
  18 0.175 21.826 1153.05
  19 0.185 21.91 1166.48
  20 0.195 21.69 1123.27
  21 0.205 21.572 1117.89
  22 0.215 21.526 1079.74
  23 0.225 21.414 1071.05
  24 0.235 20.864 1090.1
  25 0.245 20.17 1122.86
  26 0.255 19.594 1185.09
  27 0.265 19.906 1185.35
  28 0.275 20.556 1230.13
  29 0.285 20.81 1207.64
  30 0.295 21.516 1173.89
  31 0.305 21.472 1233.52
  32 0.315 21.632 1180.46
  33 0.325 21.808 1203.23
  34 0.335 21.836 1260.51
  35 0.345 21.84 1220.83
  36 0.355 21.594 1207.68
  37 0.365 21 1191.28
  38 0.375 20.496 1171.77
  39 0.385 20.048 1200.3
  40 0.395 20.366 1177.06
  41 0.405 21.122 1249.63
  42 0.415 21.432 1290.43
  43 0.425 21.824 1302.77
  44 0.435 21.856 1312.19
  45 0.445 21.682 1313.56
  46 0.455 21.528 1365.21
  47 0.465 21.37 1306.03
  48 0.475 21.138 1363.95
  49 0.485 20.474 1400.85
  50 0.495 19.832 1358.27
  51 0.505 19.644 1392.01
  52 0.515 19.694 1339.95
  53 0.525 20.816 1293.66
  54 0.535 21.534 1251.54
  55 0.545 21.386 1244.94
  56 0.555 21.658 1257.18
  57 0.565 21.762 1215.32
  58 0.575 21.866 1230.95
  59 0.585 21.722 1225.2
  60 0.595 21.56 1253.79
  61 0.605 20.63 1280.92
  62 0.615 20.264 1254.93
  63 0.625 20.04 1310.56
  64 0.635 20.626 1344.94
  65 0.645 21.318 1320.49
  66 0.655 21.756 1328.26
  67 0.665 21.802 1286.43
  68 0.675 21.72 1321.91
  69 0.685 21.692 1290.49
  70 0.695 21.428 1276.52
  71 0.705 21.338 1250.37
  72 0.715 20.758 1243.37
  73 0.725 20.32 1248.18
  74 0.735 19.628 1294.26
  75 0.745 20.006 1233.23
  76 0.755 20.364 1245.1
  77 0.765 21.064 1197.27
  78 0.775 21.186 1202.64
  79 0.785 21.544 1204.98
  80 0.795 21.694 1168.33
  81 0.805 21.706 1115.38
  82 0.815 21.884 1130.46
  83 0.825 21.796 1128.68
  84 0.835 21.532 1193.91
  85 0.845 21.358 1173.89
  86 0.855 20.314 1244.44
  87 0.865 20.082 1245.6
  88 0.875 20.414 1247.54
  89 0.885 21.17 1228.56
  90 0.895 21.336 1220.7
  91 0.905 21.76 1248.16
  92 0.915 21.932 1197.05
  93 0.925 21.684 1165.59
  94 0.935 21.828 1130.85
  95 0.945 21.542 1069.01
  96 0.955 21.48 1062.48
  97 0.965 21.288 1057.37
  98 0.975 20.804 1050.16
  99 0.985 20.438 1059.82
  100 0.995 19.636 1070.95
80000 100 2111.9999999999995
  1 0.005 20.046 1059.75
  2 0.015 20.756 1021.8
  3 0.025 21.164 1040.06
  4 0.035 21.298 1080.87
  5 0.045 21.658 1038.38
  6 0.055 21.664 1039.98
  7 0.065 21.752 1062.54
  8 0.075 21.874 1118.94
  9 0.085 21.85 1156.46
  10 0.095 21.758 1185.65
  11 0.105 21.05 1204.25
  12 0.115 20.396 1166.22
  13 0.125 20.12 1182.77
  14 0.135 20.25 1125.94
  15 0.145 21.148 1080.74
  16 0.155 21.542 1050.33
  17 0.165 21.894 1017.23
  18 0.175 21.768 1084.6
  19 0.185 21.854 1050.1
  20 0.195 21.686 1107.71
  21 0.205 21.636 1089.73
  22 0.215 21.618 1109.04
  23 0.225 21.192 1130.06
  24 0.235 21.03 1125.44
  25 0.245 20.124 1150
  26 0.255 19.752 1189.1
  27 0.265 19.936 1232.48
  28 0.275 20.324 1243.79
  29 0.285 20.894 1214.63
  30 0.295 21.426 1169.9
  31 0.305 21.548 1142
  32 0.315 21.628 1173
  33 0.325 21.792 1197.17
  34 0.335 21.794 1215.76
  35 0.345 21.774 1205.39
  36 0.355 21.664 1220.22
  37 0.365 21.124 1252.35
  38 0.375 20.244 1256.17
  39 0.385 20.138 1226.83
  40 0.395 20.328 1233.2
  41 0.405 20.958 1314.06
  42 0.415 21.76 1239.76
  43 0.425 21.83 1201.24
  44 0.435 21.74 1255.21
  45 0.445 21.822 1366.62
  46 0.455 21.546 1339.91
  47 0.465 21.392 1342.38
  48 0.475 21.208 1292.94
  49 0.485 20.552 1373.3
  50 0.495 19.974 1321.77
  51 0.505 19.604 1422.92
  52 0.515 19.752 1285.34
  53 0.525 20.858 1227.92
  54 0.535 21.078 1268.11
  55 0.545 21.534 1251.71
  56 0.555 21.594 1300.61
  57 0.565 21.646 1370.77
  58 0.575 21.844 1367.3
  59 0.585 21.852 1391.55
  60 0.595 21.57 1332.17
  61 0.605 20.976 1306.78
  62 0.615 19.848 1378.87
  63 0.625 19.93 1347.47
  64 0.635 20.71 1355.48
  65 0.645 21.296 1367.29
  66 0.655 21.728 1340.26
  67 0.665 21.866 1261.03
  68 0.675 21.684 1244.25
  69 0.685 21.788 1218.99
  70 0.695 21.518 1243.93
  71 0.705 21.138 1357.35
  72 0.715 20.934 1321.77
  73 0.725 20.244 1277.08
  74 0.735 19.916 1211.75
  75 0.745 19.906 1220.62
  76 0.755 20.316 1189.5
  77 0.765 20.766 1187.71
  78 0.775 21.366 1209.95
  79 0.785 21.552 1242.97
  80 0.795 21.516 1214.28
  81 0.805 21.73 1232.44
  82 0.815 21.862 1184.37
  83 0.825 21.798 1248.76
  84 0.835 21.642 1172.32
  85 0.845 21.188 1169.23
  86 0.855 20.7 1135.86
  87 0.865 19.86 1178.43
  88 0.875 20.3 1152.29
  89 0.885 20.854 1153.61
  90 0.895 21.726 1145.02
  91 0.905 21.78 1159.62
  92 0.915 21.836 1118.73
  93 0.925 21.892 1077.35
  94 0.935 21.574 1091.22
  95 0.945 21.668 1112.85
  96 0.955 21.47 1094
  97 0.965 21.14 1076.25
  98 0.975 20.652 1128.44
  99 0.985 19.84 1100.02
  100 0.995 19.882 1094.5
85000 100 2112.0000000000005
  1 0.005 20.106 1054.73
  2 0.015 20.512 1043.74
  3 0.025 21.308 1010.02
  4 0.035 21.472 1014.09
  5 0.045 21.528 1069.42
  6 0.055 21.76 1101.5
  7 0.065 21.676 1148.95
  8 0.075 21.836 1173.31
  9 0.085 21.84 1152.49
  10 0.095 21.588 1161.31
  11 0.105 21.278 1116.88
  12 0.115 20.3 1071.4
  13 0.125 20.216 1072.91
  14 0.135 20.514 1078.31
  15 0.145 21.064 1084.16
  16 0.155 21.398 1034.58
  17 0.165 21.696 1121.19
  18 0.175 21.814 1099.49
  19 0.185 21.91 1030.76
  20 0.195 21.73 1036.61
  21 0.205 21.696 1049.78
  22 0.215 21.486 1083.75
  23 0.225 21.482 1060.03
  24 0.235 20.944 1085.03
  25 0.245 20.322 1128.58
  26 0.255 19.688 1161.62
  27 0.265 19.69 1184.54
  28 0.275 20.452 1174.9
  29 0.285 20.842 1248.29
  30 0.295 21.37 1248.26
  31 0.305 21.344 1245.02
  32 0.315 21.732 1247.27
  33 0.325 21.684 1209.96
  34 0.335 21.996 1225.91
  35 0.345 21.62 1245.16
  36 0.355 21.748 1266.7
  37 0.365 20.92 1298.91
  38 0.375 20.452 1275.46
  39 0.385 19.828 1280.61
  40 0.395 20.528 1359.24
  41 0.405 21.02 1408.49
  42 0.415 21.676 1369.15
  43 0.425 21.828 1342.92
  44 0.435 21.894 1378.15
  45 0.445 21.638 1361.99
  46 0.455 21.446 1330.33
  47 0.465 21.544 1239.84
  48 0.475 20.862 1301.55
  49 0.485 20.614 1291.31
  50 0.495 19.846 1275.82
  51 0.505 19.578 1303.81
  52 0.515 20.242 1294.55
  53 0.525 20.744 1303.54
  54 0.535 21.226 1248.73
  55 0.545 21.444 1309.99
  56 0.555 21.588 1264.85
  57 0.565 21.826 1234.23
  58 0.575 21.906 1285.95
  59 0.585 21.552 1357.51
  60 0.595 21.658 1321.71
  61 0.605 21.136 1238.26
  62 0.615 19.974 1195.08
  63 0.625 20.232 1225.43
  64 0.635 20.716 1307.93
  65 0.645 21.046 1369.99
  66 0.655 21.592 1380.7
  67 0.665 21.678 1372.23
  68 0.675 21.894 1353.54
  69 0.685 21.632 1329.1
  70 0.695 21.67 1276.68
  71 0.705 21.262 1298.76
  72 0.715 20.912 1288.67
  73 0.725 20.5 1246.53
  74 0.735 20.036 1308.88
  75 0.745 19.768 1235.53
  76 0.755 20.14 1221.9
  77 0.765 20.63 1232.27
  78 0.775 21.188 1195
  79 0.785 21.592 1180.07
  80 0.795 21.564 1138.95
  81 0.805 21.674 1185.54
  82 0.815 21.892 1231.93
  83 0.825 21.83 1267.43
  84 0.835 21.702 1187.3
  85 0.845 21.278 1163.08
  86 0.855 20.432 1180
  87 0.865 19.788 1187.72
  88 0.875 20.338 1123.43
  89 0.885 21.07 1071.72
  90 0.895 21.522 1149.88
  91 0.905 21.818 1137.02
  92 0.915 21.86 1117.48
  93 0.925 21.822 1101
  94 0.935 21.632 1077.46
  95 0.945 21.686 1096.25
  96 0.955 21.406 1139.94
  97 0.965 21.164 1120.5
  98 0.975 20.64 1089.27
  99 0.985 20.202 1106.02
  100 0.995 19.58 1097.41
90000 100 2112
  1 0.005 19.944 1076.71
  2 0.015 20.568 1021.28
  3 0.025 21.262 1044.37
  4 0.035 21.31 1059.58
  5 0.045 21.674 1041.91
  6 0.055 21.626 1105.26
  7 0.065 21.804 1058.01
  8 0.075 21.852 1134.73
  9 0.085 21.876 1049.72
  10 0.095 21.56 1046.66
  11 0.105 21.25 1102.33
  12 0.115 20.602 1103.97
  13 0.125 20.314 1071.29
  14 0.135 20.484 1051.07
  15 0.145 20.812 1048.36
  16 0.155 21.448 1088.71
  17 0.165 21.658 1114.73
  18 0.175 21.8 1186.17
  19 0.185 21.794 1155.72
  20 0.195 21.726 1159.68
  21 0.205 21.568 1206.76
  22 0.215 21.476 1177.22
  23 0.225 21.142 1177.1
  24 0.235 20.686 1171.08
  25 0.245 20.1 1154.72
  26 0.255 19.81 1184.34
  27 0.265 20.042 1171.38
  28 0.275 20.414 1260.99
  29 0.285 21.058 1212.5
  30 0.295 21.37 1210.31
  31 0.305 21.628 1199.84
  32 0.315 21.65 1256.38
  33 0.325 21.778 1206.59
  34 0.335 21.798 1223.57
  35 0.345 21.698 1197.6
  36 0.355 21.382 1173.4
  37 0.365 20.832 1222.68
  38 0.375 20.482 1260.97
  39 0.385 20.086 1274.65
  40 0.395 20.362 1288.47
  41 0.405 21.516 1321.5
  42 0.415 21.642 1253.02
  43 0.425 21.904 1215.61
  44 0.435 21.842 1252.76
  45 0.445 21.604 1309.46
  46 0.455 21.602 1316.61
  47 0.465 21.49 1319.02
  48 0.475 21.168 1292.8
  49 0.485 20.576 1323.9
  50 0.495 19.886 1322.7
  51 0.505 19.648 1399.15
  52 0.515 19.984 1340.44
  53 0.525 20.66 1312.23
  54 0.535 21.228 1317.1
  55 0.545 21.5 1284.46
  56 0.555 21.61 1326.99
  57 0.565 21.638 1375.09
  58 0.575 21.834 1296.02
  59 0.585 21.794 1270.71
  60 0.595 21.494 1321.92
  61 0.605 20.764 1269.48
  62 0.615 20.328 1291.75
  63 0.625 20.276 1343.89
  64 0.635 20.688 1351.22
  65 0.645 21.078 1342.52
  66 0.655 21.428 1354.37
  67 0.665 21.782 1341.26
  68 0.675 21.912 1239.06
  69 0.685 21.576 1256.34
  70 0.695 21.508 1248.82
  71 0.705 21.44 1228.71
  72 0.715 20.896 1277.16
  73 0.725 20.642 1161.77
  74 0.735 19.884 1116.76
  75 0.745 19.868 1216.8
  76 0.755 20.074 1210.04
  77 0.765 20.682 1283.12
  78 0.775 21.232 1243.12
  79 0.785 21.562 1215.39
  80 0.795 21.548 1176.49
  81 0.805 21.756 1135.79
  82 0.815 21.788 1141.95
  83 0.825 21.908 1191.99
  84 0.835 21.48 1217.82
  85 0.845 21.408 1160.68
  86 0.855 20.836 1181.6
  87 0.865 20.152 1206.56
  88 0.875 20.06 1184.31
  89 0.885 20.494 1157.32
  90 0.895 21.694 1121.01
  91 0.905 21.808 1119.76
  92 0.915 21.856 1076.2
  93 0.925 21.86 1117.84
  94 0.935 21.61 1140.15
  95 0.945 21.708 1173.91
  96 0.955 21.352 1175.71
  97 0.965 21.426 1152.59
  98 0.975 20.832 1095.28
  99 0.985 19.842 1155.4
  100 0.995 19.616 1110.63
95000 100 2112
  1 0.005 19.966 1037.45
  2 0.015 20.298 1033.41
  3 0.025 20.92 1034.92
  4 0.035 21.418 1085.94
  5 0.045 21.572 1049.71
  6 0.055 21.62 1033.52
  7 0.065 21.78 1028.8
  8 0.075 21.812 1056.9
  9 0.085 21.818 1069.27
  10 0.095 21.71 1078.25
  11 0.105 21.476 1070.49
  12 0.115 20.854 1059.11
  13 0.125 20.312 1081.27
  14 0.135 20.28 1101.07
  15 0.145 20.814 1122.95
  16 0.155 21.304 1108.31
  17 0.165 21.312 1226.08
  18 0.175 21.78 1165.08
  19 0.185 21.834 1233.34
  20 0.195 21.654 1232.26
  21 0.205 21.6 1271.38
  22 0.215 21.446 1243.28
  23 0.225 21.124 1205.2
  24 0.235 20.568 1182.04
  25 0.245 20.16 1147.24
  26 0.255 19.952 1152.5
  27 0.265 20.156 1180.02
  28 0.275 20.664 1185.63
  29 0.285 20.958 1185.65
  30 0.295 21.364 1208.34
  31 0.305 21.452 1236.84
  32 0.315 21.702 1200.19
  33 0.325 21.678 1189.6
  34 0.335 21.878 1209.15
  35 0.345 21.768 1209.68
  36 0.355 21.468 1196.79
  37 0.365 21.066 1200.12
  38 0.375 20.536 1188.89
  39 0.385 20.09 1257.69
  40 0.395 20.212 1268.12
  41 0.405 21.182 1352.01
  42 0.415 21.644 1424.02
  43 0.425 21.778 1364.35
  44 0.435 21.876 1254.65
  45 0.445 21.636 1244.42
  46 0.455 21.558 1184.83
  47 0.465 21.59 1253.64
  48 0.475 20.972 1278.14
  49 0.485 20.358 1323.55
  50 0.495 19.458 1281.42
  51 0.505 19.87 1281.52
  52 0.515 20.17 1270.68
  53 0.525 20.806 1299.53
  54 0.535 21.336 1317.19
  55 0.545 21.386 1271.3
  56 0.555 21.768 1183.9
  57 0.565 21.754 1244.81
  58 0.575 21.738 1287.04
  59 0.585 21.91 1218.19
  60 0.595 21.316 1284.21
  61 0.605 20.792 1321.23
  62 0.615 20.278 1369.45
  63 0.625 20.33 1374.32
  64 0.635 20.61 1380.93
  65 0.645 21.206 1433.22
  66 0.655 21.532 1354.07
  67 0.665 21.774 1380.52
  68 0.675 21.714 1367.61
  69 0.685 21.588 1342.72
  70 0.695 21.48 1391.95
  71 0.705 21.246 1331.27
  72 0.715 20.908 1271.04
  73 0.725 20.432 1218.12
  74 0.735 19.91 1226.63
  75 0.745 19.998 1254.36
  76 0.755 20.138 1294.15
  77 0.765 20.852 1256.69
  78 0.775 21.332 1205.93
  79 0.785 21.384 1235.92
  80 0.795 21.646 1178.8
  81 0.805 21.832 1099.06
  82 0.815 21.826 1099.11
  83 0.825 21.766 1137.02
  84 0.835 21.42 1234.02
  85 0.845 21.232 1162.25
  86 0.855 20.808 1160.89
  87 0.865 20.222 1211.6
  88 0.875 20.266 1160.65
  89 0.885 20.722 1173.39
  90 0.895 21.608 1137.28
  91 0.905 21.806 1147.22
  92 0.915 21.89 1167.01
  93 0.925 21.796 1134.25
  94 0.935 21.604 1150.48
  95 0.945 21.696 1061.61
  96 0.955 21.486 1099.44
  97 0.965 21.456 1089.89
  98 0.975 20.926 1084.27
  99 0.985 20.134 1029.63
  100 0.995 19.872 1028.7
100000 100 2112.0000000000005
  1 0.005 19.862 1031.97
  2 0.015 20.286 1101.82
  3 0.025 21.032 1092.4
  4 0.035 21.404 1077.29
  5 0.045 21.596 1106.35
  6 0.055 21.604 1088.93
  7 0.065 21.748 1103.03
  8 0.075 21.736 1067.72
  9 0.085 21.91 1079.37
  10 0.095 21.764 1128.73
  11 0.105 21.334 1138.56
  12 0.115 20.762 1148.01
  13 0.125 20.368 1165.63
  14 0.135 20.314 1146
  15 0.145 20.676 1139.18
  16 0.155 21.31 1156.82
  17 0.165 21.566 1107.25
  18 0.175 21.74 1188.39
  19 0.185 21.858 1172.54
  20 0.195 21.736 1157.42
  21 0.205 21.58 1163.74
  22 0.215 21.594 1193.07
  23 0.225 21.142 1131.08
  24 0.235 21.022 1124.48
  25 0.245 20.348 1159
  26 0.255 20.014 1210.38
  27 0.265 19.956 1169.12
  28 0.275 20.166 1204.76
  29 0.285 20.838 1171.66
  30 0.295 21.25 1174.32
  31 0.305 21.58 1224.79
  32 0.315 21.582 1213.35
  33 0.325 21.722 1220.65
  34 0.335 21.726 1243.34
  35 0.345 21.79 1248.53
  36 0.355 21.69 1187.33
  37 0.365 20.852 1220.9
  38 0.375 20.198 1262.89
  39 0.385 20.04 1283.18
  40 0.395 20.376 1376.85
  41 0.405 21.308 1319.73
  42 0.415 21.69 1320.27
  43 0.425 21.816 1325.81
  44 0.435 21.844 1280.75
  45 0.445 21.742 1294.36
  46 0.455 21.402 1295.77
  47 0.465 21.524 1325.91
  48 0.475 20.988 1360.61
  49 0.485 20.324 1244.58
  50 0.495 19.556 1229.71
  51 0.505 19.676 1247.12
  52 0.515 20.192 1256.85
  53 0.525 20.966 1198.48
  54 0.535 21.418 1218.85
  55 0.545 21.468 1279.33
  56 0.555 21.664 1281.04
  57 0.565 21.802 1319.12
  58 0.575 21.724 1292.67
  59 0.585 21.74 1308.93
  60 0.595 21.592 1221.85
  61 0.605 20.442 1304.38
  62 0.615 20.402 1339.97
  63 0.625 20.202 1340.43
  64 0.635 20.668 1306.79
  65 0.645 21.252 1340.92
  66 0.655 21.74 1348.46
  67 0.665 21.682 1315.19
  68 0.675 21.722 1260.12
  69 0.685 21.682 1213.75
  70 0.695 21.462 1277.52
  71 0.705 21.32 1284.91
  72 0.715 20.772 1241.44
  73 0.725 20.124 1303.83
  74 0.735 20.044 1308.55
  75 0.745 20.022 1313.83
  76 0.755 20.192 1343.21
  77 0.765 20.962 1326.61
  78 0.775 21.264 1331.63
  79 0.785 21.56 1315.83
  80 0.795 21.654 1346.37
  81 0.805 21.728 1294.27
  82 0.815 21.822 1227.25
  83 0.825 21.676 1170.38
  84 0.835 21.71 1165.64
  85 0.845 21.026 1146.94
  86 0.855 20.652 1145.81
  87 0.865 19.968 1144.96
  88 0.875 20.168 1086.34
  89 0.885 21.168 1082.68
  90 0.895 21.686 1081.6
  91 0.905 21.808 1061.19
  92 0.915 21.87 1051.1
  93 0.925 21.916 1026.58
  94 0.935 21.676 1056.88
  95 0.945 21.51 1042.51
  96 0.955 21.642 1022.8
  97 0.965 21.4 1070.36
  98 0.975 20.854 1053.35
  99 0.985 20.536 1042.8
  100 0.995 19.508 1020.75
105000 100 2112
  1 0.005 19.634 1025.73
  2 0.015 20.404 1052.01
  3 0.025 21.106 1093.44
  4 0.035 21.452 1140.34
  5 0.045 21.58 1140.24
  6 0.055 21.454 1190.3
  7 0.065 21.78 1128.21
  8 0.075 21.864 1101.36
  9 0.085 21.784 1116.32
  10 0.095 21.666 1179.39
  11 0.105 21.394 1122.34
  12 0.115 20.884 1100.11
  13 0.125 20.298 1108.31
  14 0.135 20.394 1085.43
  15 0.145 20.706 1088.98
  16 0.155 21.218 1113.76
  17 0.165 21.598 1103.74
  18 0.175 21.838 1135.6
  19 0.185 21.832 1130.6
  20 0.195 21.716 1162.69
  21 0.205 21.618 1150.11
  22 0.215 21.504 1102.49
  23 0.225 21.252 1152.99
  24 0.235 20.946 1117.88
  25 0.245 20.336 1082.76
  26 0.255 20.156 1117.41
  27 0.265 19.938 1108.71
  28 0.275 20.192 1194.54
  29 0.285 20.832 1184.65
  30 0.295 21.274 1239.92
  31 0.305 21.432 1263.95
  32 0.315 21.668 1275.31
  33 0.325 21.628 1357.83
  34 0.335 21.792 1316.68
  35 0.345 21.774 1266.41
  36 0.355 21.55 1234.39
  37 0.365 21.134 1213.13
  38 0.375 20.304 1237.79
  39 0.385 20.048 1151.97
  40 0.395 20.472 1130.65
  41 0.405 21.012 1154.87
  42 0.415 21.684 1218.75
  43 0.425 21.872 1338.62
  44 0.435 21.798 1346.31
  45 0.445 21.716 1348.92
  46 0.455 21.452 1351.53
  47 0.465 21.524 1345.53
  48 0.475 21.292 1311.41
  49 0.485 20.318 1315.15
  50 0.495 19.642 1362.53
  51 0.505 19.446 1323.35
  52 0.515 20.138 1315.46
  53 0.525 20.734 1345.02
  54 0.535 21.376 1367.21
  55 0.545 21.446 1312.95
  56 0.555 21.644 1276.54
  57 0.565 21.832 1333.09
  58 0.575 21.748 1309.45
  59 0.585 21.856 1249.93
  60 0.595 21.314 1304.99
  61 0.605 20.722 1270.38
  62 0.615 20.068 1272.18
  63 0.625 20.426 1304.07
  64 0.635 20.734 1301.72
  65 0.645 21.16 1347.01
  66 0.655 21.714 1277.87
  67 0.665 21.798 1250.42
  68 0.675 21.76 1326.79
  69 0.685 21.636 1239.7
  70 0.695 21.452 1254.83
  71 0.705 21.312 1249.98
  72 0.715 20.818 1271.45
  73 0.725 20.348 1272.81
  74 0.735 19.942 1307.98
  75 0.745 19.918 1343.89
  76 0.755 20.34 1286.59
  77 0.765 20.804 1321.11
  78 0.775 21.19 1327.53
  79 0.785 21.488 1286.08
  80 0.795 21.7 1286.95
  81 0.805 21.832 1308.66
  82 0.815 21.638 1275.34
  83 0.825 21.764 1219.6
  84 0.835 21.32 1176.8
  85 0.845 20.964 1161.25
  86 0.855 20.284 1122.84
  87 0.865 20.232 1006.71
  88 0.875 20.712 1012.72
  89 0.885 21.1 1094.63
  90 0.895 21.776 1059.76
  91 0.905 21.818 1100.92
  92 0.915 21.864 1056.52
  93 0.925 21.81 1118.46
  94 0.935 21.7 1138.01
  95 0.945 21.546 1094.48
  96 0.955 21.74 1084.6
  97 0.965 21.236 1056.02
  98 0.975 21.004 1042.99
  99 0.985 20.082 978.708
  100 0.995 19.952 985.224
110000 100 2111.9999999999995
  1 0.005 19.722 1102.27
  2 0.015 20.576 1099.82
  3 0.025 21.178 1067.04
  4 0.035 21.526 1101.79
  5 0.045 21.556 1101.04
  6 0.055 21.546 1095.33
  7 0.065 21.868 1089.17
  8 0.075 21.846 1119.48
  9 0.085 21.904 1125.51
  10 0.095 21.654 1104.37
  11 0.105 21.204 1108.61
  12 0.115 20.678 1111.13
  13 0.125 20.076 1116.3
  14 0.135 20.6 1094.26
  15 0.145 20.824 1158.8
  16 0.155 21.3 1151.36
  17 0.165 21.68 1140.32
  18 0.175 21.884 1135.42
  19 0.185 21.766 1119.39
  20 0.195 21.674 1128.75
  21 0.205 21.68 1098.32
  22 0.215 21.55 1109.66
  23 0.225 21.208 1165.98
  24 0.235 20.856 1171.28
  25 0.245 20.316 1209.54
  26 0.255 20.124 1157.63
  27 0.265 19.972 1174.51
  28 0.275 20.342 1180.9
  29 0.285 20.82 1184.77
  30 0.295 21.236 1201.05
  31 0.305 21.44 1214.86
  32 0.315 21.586 1217.92
  33 0.325 21.772 1244.05
  34 0.335 21.778 1204.82
  35 0.345 21.93 1222.23
  36 0.355 21.578 1244.53
  37 0.365 21.166 1238.63
  38 0.375 20.436 1246.87
  39 0.385 19.792 1260.14
  40 0.395 20.33 1205.47
  41 0.405 21.184 1182.01
  42 0.415 21.586 1214.77
  43 0.425 21.846 1270.52
  44 0.435 21.71 1295.15
  45 0.445 21.91 1256.09
  46 0.455 21.554 1304.19
  47 0.465 21.432 1315.02
  48 0.475 21.248 1398.97
  49 0.485 20.744 1329.12
  50 0.495 19.798 1357.36
  51 0.505 19.444 1432.23
  52 0.515 19.716 1421.57
  53 0.525 20.742 1442.65
  54 0.535 21.27 1406.3
  55 0.545 21.416 1374.63
  56 0.555 21.652 1327.32
  57 0.565 21.732 1337.22
  58 0.575 21.844 1268.03
  59 0.585 21.7 1283.56
  60 0.595 21.352 1359.09
  61 0.605 20.884 1288.51
  62 0.615 20.262 1331.42
  63 0.625 20.094 1292.8
  64 0.635 20.676 1274.77
  65 0.645 21.35 1255.39
  66 0.655 21.63 1265.02
  67 0.665 21.768 1269.23
  68 0.675 21.7 1318.43
  69 0.685 21.612 1317.76
  70 0.695 21.556 1263.02
  71 0.705 21.206 1229.54
  72 0.715 20.85 1254.44
  73 0.725 20.318 1291.9
  74 0.735 20.018 1241.63
  75 0.745 20.044 1196.36
  76 0.755 20.154 1229.09
  77 0.765 20.848 1257.68
  78 0.775 21.298 1268.64
  79 0.785 21.472 1290.83
  80 0.795 21.63 1306.82
  81 0.805 21.788 1282.06
  82 0.815 21.758 1226.57
  83 0.825 21.794 1159.82
  84 0.835 21.408 1081.52
  85 0.845 21.18 1076.99
  86 0.855 20.428 1014.18
  87 0.865 20.29 998.387
  88 0.875 20.308 1033.51
  89 0.885 21.108 1080.29
  90 0.895 21.476 1125.08
  91 0.905 21.934 1143.02
  92 0.915 21.832 1171.67
  93 0.925 21.938 1141.78
  94 0.935 21.486 1143.14
  95 0.945 21.656 1105.31
  96 0.955 21.51 1091.82
  97 0.965 21.37 1076.01
  98 0.975 20.754 1087.1
  99 0.985 20.096 1096.73
  100 0.995 19.662 1070.39
115000 100 2112.0000000000005
  1 0.005 19.86 1064.3
  2 0.015 20.656 1105.22
  3 0.025 21.158 1085.27
  4 0.035 21.57 1080.07
  5 0.045 21.572 1121.28
  6 0.055 21.47 1061.74
  7 0.065 21.956 1019.97
  8 0.075 21.772 1100.1
  9 0.085 21.936 1166.31
  10 0.095 21.626 1177.2
  11 0.105 21.31 1144.46
  12 0.115 20.284 1159.59
  13 0.125 20.204 1124
  14 0.135 20.342 1112.89
  15 0.145 20.944 1082.79
  16 0.155 21.458 1078.56
  17 0.165 21.894 1063.4
  18 0.175 21.802 1053.39
  19 0.185 21.834 1121.13
  20 0.195 21.688 1152.18
  21 0.205 21.718 1138.74
  22 0.215 21.342 1193.45
  23 0.225 21.386 1141.06
  24 0.235 20.636 1129.19
  25 0.245 20.33 1115.75
  26 0.255 20.276 1099.1
  27 0.265 19.96 1149.32
  28 0.275 20.338 1196.71
  29 0.285 20.86 1197.02
  30 0.295 21.254 1212.86
  31 0.305 21.39 1245
  32 0.315 21.672 1283.49
  33 0.325 21.772 1286.36
  34 0.335 21.748 1334.57
  35 0.345 21.736 1239.87
  36 0.355 21.588 1201.84
  37 0.365 21.024 1275.59
  38 0.375 20.38 1220.07
  39 0.385 20.218 1215.63
  40 0.395 20.514 1185.06
  41 0.405 21.046 1215.97
  42 0.415 21.572 1219.43
  43 0.425 21.764 1249.17
  44 0.435 21.882 1318.34
  45 0.445 21.622 1379.61
  46 0.455 21.604 1373.02
  47 0.465 21.37 1343.22
  48 0.475 21.274 1359.23
  49 0.485 20.434 1382.99
  50 0.495 19.948 1344.3
  51 0.505 19.576 1335.69
  52 0.515 19.828 1308.58
  53 0.525 20.79 1379.6
  54 0.535 21.21 1344.29
  55 0.545 21.526 1375.86
  56 0.555 21.622 1365.02
  57 0.565 21.582 1365.62
  58 0.575 22.014 1320.2
  59 0.585 21.602 1371.05
  60 0.595 21.526 1331.06
  61 0.605 20.662 1313.45
  62 0.615 20.306 1332.13
  63 0.625 19.942 1320.89
  64 0.635 20.654 1281.09
  65 0.645 21.44 1290.17
  66 0.655 21.656 1265.44
  67 0.665 21.852 1222.7
  68 0.675 21.77 1266.24
  69 0.685 21.602 1347.39
  70 0.695 21.46 1304.23
  71 0.705 21.298 1278.4
  72 0.715 20.858 1264.61
  73 0.725 20.296 1313.53
  74 0.735 20.12 1253.52
  75 0.745 19.96 1281.33
  76 0.755 20.11 1293.65
  77 0.765 20.838 1227.02
  78 0.775 21.316 1240.83
  79 0.785 21.49 1277.76
  80 0.795 21.596 1201.73
  81 0.805 21.702 1183.24
  82 0.815 21.868 1174.95
  83 0.825 21.624 1096.62
  84 0.835 21.688 1055.02
  85 0.845 20.954 1085.05
  86 0.855 21.05 1074.61
  87 0.865 20.422 1115.88
  88 0.875 20.13 1167.04
  89 0.885 20.88 1138.82
  90 0.895 21.336 1102.74
  91 0.905 21.774 1066.45
  92 0.915 21.928 1076.22
  93 0.925 21.842 1078.85
  94 0.935 21.684 1175.34
  95 0.945 21.546 1100.42
  96 0.955 21.528 1104.13
  97 0.965 21.228 1092.62
  98 0.975 20.896 1152.5
  99 0.985 19.852 1125.42
  100 0.995 19.572 1087.09
120000 100 2112
  1 0.005 19.534 1150.71
  2 0.015 20.25 1093.98
  3 0.025 20.946 1084.79
  4 0.035 21.432 1088.25
  5 0.045 21.542 1124.07
  6 0.055 21.632 1143.16
  7 0.065 21.802 1148.14
  8 0.075 21.818 1136.33
  9 0.085 21.828 1139.82
  10 0.095 21.796 1196.33
  11 0.105 21.466 1135.93
  12 0.115 20.562 1135.11
  13 0.125 20.15 1079.9
  14 0.135 20.236 1063.19
  15 0.145 20.788 1074.6
  16 0.155 21.4 1109.53
  17 0.165 21.792 1104.38
  18 0.175 21.648 1141.32
  19 0.185 21.856 1093.17
  20 0.195 21.67 1123.41
  21 0.205 21.674 1132.47
  22 0.215 21.412 1246.74
  23 0.225 21.08 1230.81
  24 0.235 20.708 1209.15
  25 0.245 20.034 1242.32
  26 0.255 20.006 1317.87
  27 0.265 20.348 1280.97
  28 0.275 20.282 1246.4
  29 0.285 20.944 1234.19
  30 0.295 21.342 1289.48
  31 0.305 21.624 1215.64
  32 0.315 21.706 1191.62
  33 0.325 21.68 1204.38
  34 0.335 21.782 1245.55
  35 0.345 21.598 1274.47
  36 0.355 21.168 1274.51
  37 0.365 20.63 1209.96
  38 0.375 20.576 1124.57
  39 0.385 20.564 1141.7
  40 0.395 20.596 1143.25
  41 0.405 21.178 1173.27
  42 0.415 21.72 1169.78
  43 0.425 21.85 1132.69
  44 0.435 21.766 1261.67
  45 0.445 21.722 1288.87
  46 0.455 21.602 1357.1
  47 0.465 21.37 1413.96
  48 0.475 21.044 1372.38
  49 0.485 20.37 1386.44
  50 0.495 19.848 1408.61
  51 0.505 19.48 1406.5
  52 0.515 20.06 1326.54
  53 0.525 20.884 1334.59
  54 0.535 21.28 1361.12
  55 0.545 21.62 1335.23
  56 0.555 21.576 1301.3
  57 0.565 21.76 1330.87
  58 0.575 21.882 1327.29
  59 0.585 21.672 1346.05
  60 0.595 21.464 1419.77
  61 0.605 20.798 1363.52
  62 0.615 20.22 1316.94
  63 0.625 20.148 1313.72
  64 0.635 20.57 1315.4
  65 0.645 21.352 1284.4
  66 0.655 21.632 1266.01
  67 0.665 21.906 1265.54
  68 0.675 21.636 1286.94
  69 0.685 21.688 1319.91
  70 0.695 21.586 1355.08
  71 0.705 21.204 1392.61
  72 0.715 20.93 1299.14
  73 0.725 20.4 1275.08
  74 0.735 20.054 1201.13
  75 0.745 20.034 1164.11
  76 0.755 20.208 1191.9
  77 0.765 20.662 1269.16
  78 0.775 21.174 1224.94
  79 0.785 21.644 1207.3
  80 0.795 21.506 1265.23
  81 0.805 21.726 1200.74
  82 0.815 21.746 1208.49
  83 0.825 21.652 1172.31
  84 0.835 21.598 1131.22
  85 0.845 21.286 1115.12
  86 0.855 20.872 1114.53
  87 0.865 20.576 1092.1
  88 0.875 20.268 1097.46
  89 0.885 20.392 1093.71
  90 0.895 21.602 1082.1
  91 0.905 21.696 1060.98
  92 0.915 21.844 1050.16
  93 0.925 21.832 1027.12
  94 0.935 21.812 1034.04
  95 0.945 21.638 1039.09
  96 0.955 21.52 1075.83
  97 0.965 21.502 1002.75
  98 0.975 20.992 1050.8
  99 0.985 20.404 1087.77
  100 0.995 19.64 1165.83
125000 100 2112.0000000000005
  1 0.005 19.786 989.301
  2 0.015 20.226 1017.88
  3 0.025 21.03 1043.6
  4 0.035 21.374 1045.94
  5 0.045 21.41 1043.37
  6 0.055 21.664 1028.45
  7 0.065 21.794 1180.05
  8 0.075 21.686 1155.81
  9 0.085 21.972 1122.22
  10 0.095 21.74 1140.45
  11 0.105 21.708 1119.65
  12 0.115 21.018 1129.02
  13 0.125 19.898 1120.94
  14 0.135 19.976 1087.72
  15 0.145 20.506 1126.27
  16 0.155 21.298 1070.03
  17 0.165 21.844 1079.73
  18 0.175 21.874 1125.59
  19 0.185 21.836 1157.05
  20 0.195 21.698 1191.55
  21 0.205 21.64 1236.74
  22 0.215 21.424 1287.51
  23 0.225 21.076 1331.45
  24 0.235 20.53 1335.99
  25 0.245 20.112 1280.73
  26 0.255 19.962 1288.49
  27 0.265 20.052 1250.3
  28 0.275 20.626 1202.51
  29 0.285 20.836 1213.08
  30 0.295 21.41 1212.41
  31 0.305 21.618 1220.06
  32 0.315 21.652 1261.22
  33 0.325 21.644 1253.94
  34 0.335 21.832 1208.08
  35 0.345 21.464 1233.37
  36 0.355 21.278 1199.15
  37 0.365 20.606 1188.66
  38 0.375 20.628 1187.89
  39 0.385 20.554 1230.63
  40 0.395 20.694 1303.34
  41 0.405 21.206 1235.04
  42 0.415 21.69 1199.29
  43 0.425 21.774 1341.58
  44 0.435 21.67 1304.15
  45 0.445 21.758 1288.69
  46 0.455 21.486 1271.08
  47 0.465 21.416 1348.4
  48 0.475 20.936 1328.02
  49 0.485 20.424 1296.59
  50 0.495 19.652 1343.79
  51 0.505 19.526 1423.69
  52 0.515 20.336 1463.51
  53 0.525 20.906 1395.82
  54 0.535 21.38 1426.69
  55 0.545 21.384 1408.11
  56 0.555 21.726 1399.01
  57 0.565 21.81 1316.41
  58 0.575 21.708 1312.35
  59 0.585 21.828 1234.27
  60 0.595 21.49 1216.74
  61 0.605 20.528 1181.34
  62 0.615 20.116 1249.16
  63 0.625 20.134 1282.16
  64 0.635 20.79 1317.34
  65 0.645 21.374 1264.04
  66 0.655 21.758 1227.55
  67 0.665 21.786 1299.69
  68 0.675 21.834 1289.51
  69 0.685 21.644 1275.42
  70 0.695 21.564 1263.9
  71 0.705 21.204 1229.15
  72 0.715 21.018 1269.38
  73 0.725 20.272 1307.89
  74 0.735 20.048 1237.18
  75 0.745 20.06 1276.23
  76 0.755 20.422 1200.67
  77 0.765 20.746 1170.01
  78 0.775 21.02 1149.72
  79 0.785 21.562 1188.67
  80 0.795 21.49 1168.97
  81 0.805 21.712 1133.66
  82 0.815 21.81 1154.65
  83 0.825 21.688 1185.24
  84 0.835 21.554 1226.02
  85 0.845 21.28 1178.33
  86 0.855 20.832 1126.42
  87 0.865 20.552 1137.97
  88 0.875 20.494 1109.1
  89 0.885 20.57 1157.09
  90 0.895 21.17 1135.7
  91 0.905 21.77 1140.44
  92 0.915 21.842 1133.71
  93 0.925 21.77 1101.97
  94 0.935 21.78 1087.41
  95 0.945 21.562 1107.36
  96 0.955 21.564 1114.39
  97 0.965 21.418 1080.98
  98 0.975 20.84 1152.56
  99 0.985 20.526 1080.96
  100 0.995 19.814 1057.52
130000 100 2112
  1 0.005 19.862 1031.51
  2 0.015 20.296 1057.1
  3 0.025 20.874 1083.69
  4 0.035 21.384 1048.02
  5 0.045 21.406 1046.26
  6 0.055 21.74 1129.95
  7 0.065 21.638 1196.58
  8 0.075 21.87 1128.76
  9 0.085 21.902 1085.26
  10 0.095 21.728 1124.11
  11 0.105 21.574 1121.03
  12 0.115 20.734 1119.62
  13 0.125 20.162 1136.12
  14 0.135 19.944 1149.72
  15 0.145 20.844 1179.09
  16 0.155 21.308 1177.09
  17 0.165 21.712 1194.13
  18 0.175 21.778 1201.79
  19 0.185 21.834 1107.1
  20 0.195 21.766 1080.43
  21 0.205 21.6 1121.53
  22 0.215 21.566 1167.57
  23 0.225 21.222 1177.87
  24 0.235 20.642 1184.61
  25 0.245 20.31 1184.09
  26 0.255 20.066 1209.74
  27 0.265 20.01 1220.84
  28 0.275 20.492 1271.66
  29 0.285 20.842 1243.6
  30 0.295 21.282 1241.19
  31 0.305 21.548 1258.42
  32 0.315 21.578 1246.01
  33 0.325 21.694 1273.21
  34 0.335 21.788 1245.62
  35 0.345 21.554 1219.46
  36 0.355 21.386 1252.3
  37 0.365 21.052 1229.07
  38 0.375 20.468 1210.26
  39 0.385 20.436 1198.95
  40 0.395 20.558 1168.43
  41 0.405 21.06 1302.59
  42 0.415 21.514 1300.82
  43 0.425 21.718 1259.2
  44 0.435 21.726 1323.75
  45 0.445 21.714 1347.97
  46 0.455 21.584 1275.51
  47 0.465 21.302 1298.82
  48 0.475 20.714 1337.18
  49 0.485 20.356 1415.21
  50 0.495 19.65 1419.93
  51 0.505 19.534 1431.79
  52 0.515 20.464 1329.11
  53 0.525 20.982 1352.86
  54 0.535 21.276 1330.37
  55 0.545 21.552 1348.19
  56 0.555 21.728 1330.59
  57 0.565 21.78 1329.17
  58 0.575 21.764 1373.7
  59 0.585 21.676 1287.74
  60 0.595 21.234 1297.47
  61 0.605 20.502 1308.68
  62 0.615 19.828 1337.78
  63 0.625 20.406 1269.22
  64 0.635 21.084 1310.89
  65 0.645 21.47 1266.12
  66 0.655 21.77 1185.37
  67 0.665 21.922 1170.73
  68 0.675 21.646 1146.21
  69 0.685 21.622 1198.49
  70 0.695 21.67 1213.64
  71 0.705 21.156 1214.9
  72 0.715 20.908 1232.37
  73 0.725 20.188 1253.69
  74 0.735 19.968 1356.58
  75 0.745 19.984 1328.5
  76 0.755 20.322 1222.9
  77 0.765 20.86 1182.97
  78 0.775 21.256 1160.07
  79 0.785 21.628 1091.33
  80 0.795 21.592 1140.65
  81 0.805 21.744 1183.68
  82 0.815 21.808 1183.93
  83 0.825 21.678 1212.66
  84 0.835 21.51 1161.72
  85 0.845 21.012 1204.62
  86 0.855 20.898 1234.75
  87 0.865 20.66 1197.95
  88 0.875 20.66 1131.98
  89 0.885 20.654 1144.61
  90 0.895 21.064 1113.54
  91 0.905 21.728 1131.35
  92 0.915 21.862 1179.67
  93 0.925 21.766 1187.15
  94 0.935 21.714 1054.13
  95 0.945 21.782 1044.11
  96 0.955 21.498 1117.5
  97 0.965 21.19 1106.09
  98 0.975 20.878 1142.15
  99 0.985 20.466 1093.59
  100 0.995 19.868 1073.41
135000 100 2112
  1 0.005 19.826 1121.82
  2 0.015 20.42 1077.63
  3 0.025 21.114 1016.56
  4 0.035 21.324 1079.79
  5 0.045 21.478 1108.24
  6 0.055 21.724 1067.5
  7 0.065 21.748 1055.94
  8 0.075 21.85 1117.39
  9 0.085 21.79 1201.15
  10 0.095 21.874 1108.41
  11 0.105 21.59 1114.58
  12 0.115 20.804 1134.93
  13 0.125 20.154 1161.77
  14 0.135 20.432 1192.78
  15 0.145 20.466 1208.11
  16 0.155 21.11 1179.06
  17 0.165 21.62 1195.86
  18 0.175 21.888 1211.71
  19 0.185 21.746 1110.57
  20 0.195 21.81 1102.79
  21 0.205 21.714 1074.97
  22 0.215 21.536 1146.92
  23 0.225 21.248 1173.52
  24 0.235 20.76 1222.85
  25 0.245 20.466 1181.84
  26 0.255 20.054 1164.24
  27 0.265 20.048 1176.72
  28 0.275 20.306 1200.64
  29 0.285 20.668 1157.38
  30 0.295 21.246 1165.06
  31 0.305 21.43 1118.84
  32 0.315 21.716 1187.5
  33 0.325 21.652 1309.03
  34 0.335 21.818 1275.58
  35 0.345 21.622 1343.14
  36 0.355 21.318 1337.39
  37 0.365 20.96 1242.97
  38 0.375 20.69 1195.71
  39 0.385 20.516 1192.27
  40 0.395 20.312 1234.09
  41 0.405 21.022 1299.1
  42 0.415 21.488 1277.3
  43 0.425 21.716 1338.65
  44 0.435 21.808 1327.93
  45 0.445 21.692 1376.04
  46 0.455 21.64 1345.27
  47 0.465 21.222 1353.93
  48 0.475 20.954 1333.11
  49 0.485 20.476 1365.25
  50 0.495 19.644 1380.68
  51 0.505 19.662 1379.81
  52 0.515 20.148 1398.58
  53 0.525 20.83 1365.33
  54 0.535 21.386 1269.05
  55 0.545 21.464 1295.45
  56 0.555 21.736 1279.58
  57 0.565 21.696 1323.53
  58 0.575 21.904 1253.89
  59 0.585 21.642 1307.15
  60 0.595 21.314 1323.44
  61 0.605 20.39 1341.52
  62 0.615 19.906 1274.51
  63 0.625 20.362 1286.4
  64 0.635 20.92 1268.89
  65 0.645 21.53 1266.81
  66 0.655 21.762 1308.31
  67 0.665 21.804 1264.14
  68 0.675 21.816 1225.8
  69 0.685 21.598 1274.17
  70 0.695 21.486 1294.63
  71 0.705 21.16 1336.58
  72 0.715 20.686 1261.4
  73 0.725 19.968 1261.98
  74 0.735 20.008 1301.8
  75 0.745 19.986 1316.93
  76 0.755 20.46 1230.76
  77 0.765 21.132 1235.75
  78 0.775 21.196 1246.88
  79 0.785 21.6 1222.19
  80 0.795 21.692 1112.29
  81 0.805 21.848 1095.55
  82 0.815 21.686 1170.22
  83 0.825 21.808 1127.44
  84 0.835 21.372 1118.06
  85 0.845 20.918 1130.93
  86 0.855 20.734 1096.11
  87 0.865 20.564 1145.12
  88 0.875 20.636 1120.03
  89 0.885 20.916 1109.12
  90 0.895 21.246 1060.21
  91 0.905 21.832 1091.98
  92 0.915 21.77 1114.67
  93 0.925 21.882 1099.08
  94 0.935 21.628 1091.79
  95 0.945 21.556 1129.24
  96 0.955 21.638 1128.24
  97 0.965 21.156 1134.64
  98 0.975 20.724 1162.33
  99 0.985 20.198 1144.5
  100 0.995 20.134 1136
140000 100 2112.0000000000005
  1 0.005 19.88 1136.07
  2 0.015 20.432 1135.78
  3 0.025 21.006 1123.85
  4 0.035 21.336 1087.92
  5 0.045 21.538 1068.53
  6 0.055 21.634 1060.15
  7 0.065 21.798 1036.54
  8 0.075 21.8 1127.16
  9 0.085 21.888 1063.66
  10 0.095 21.634 1165.53
  11 0.105 21.684 1158.78
  12 0.115 20.666 1157.35
  13 0.125 20.348 1163.8
  14 0.135 20.166 1141.26
  15 0.145 20.454 1190.38
  16 0.155 21.392 1160.28
  17 0.165 21.726 1117.21
  18 0.175 21.728 1212.69
  19 0.185 21.824 1213.87
  20 0.195 21.778 1152.04
  21 0.205 21.674 1207.91
  22 0.215 21.506 1122.09
  23 0.225 21.284 1106.99
  24 0.235 20.846 1177.69
  25 0.245 20.356 1188.42
  26 0.255 20.06 1220
  27 0.265 20.076 1163.16
  28 0.275 20.34 1172.36
  29 0.285 20.768 1238.23
  30 0.295 21.142 1216.74
  31 0.305 21.506 1283.06
  32 0.315 21.592 1206.77
  33 0.325 21.758 1232.81
  34 0.335 21.792 1208.97
  35 0.345 21.726 1282.25
  36 0.355 21.438 1300.37
  37 0.365 20.864 1232.42
  38 0.375 20.718 1297.06
  39 0.385 20.262 1301.5
  40 0.395 20.468 1395.21
  41 0.405 20.9 1319.99
  42 0.415 21.592 1328.36
  43 0.425 21.708 1344.75
  44 0.435 21.806 1326.9
  45 0.445 21.72 1273.93
  46 0.455 21.494 1309.08
  47 0.465 21.352 1348.78
  48 0.475 20.926 1308.53
  49 0.485 20.506 1296.97
  50 0.495 20.112 1334.46
  51 0.505 19.414 1312.46
  52 0.515 20.288 1372.57
  53 0.525 20.63 1266.66
  54 0.535 21.39 1235.17
  55 0.545 21.466 1231.47
  56 0.555 21.682 1273.95
  57 0.565 21.576 1288.74
  58 0.575 21.926 1280.66
  59 0.585 21.81 1285.15
  60 0.595 21.44 1235.56
  61 0.605 20.946 1263.95
  62 0.615 19.998 1300.63
  63 0.625 20.152 1276.32
  64 0.635 20.492 1301.84
  65 0.645 21.326 1309.15
  66 0.655 21.684 1359.42
  67 0.665 21.942 1325.69
  68 0.675 21.67 1299.62
  69 0.685 21.664 1351.27
  70 0.695 21.482 1379.34
  71 0.705 21.194 1332.94
  72 0.715 20.726 1287.1
  73 0.725 20.104 1326.84
  74 0.735 19.572 1276.42
  75 0.745 20.142 1183.71
  76 0.755 20.548 1184.42
  77 0.765 21.046 1165.82
  78 0.775 21.302 1198.69
  79 0.785 21.474 1195.62
  80 0.795 21.732 1260.5
  81 0.805 21.68 1198.21
  82 0.815 21.806 1132.99
  83 0.825 21.812 1189.88
  84 0.835 21.198 1175.26
  85 0.845 20.99 1131.84
  86 0.855 20.354 1157.79
  87 0.865 20.588 1113.98
  88 0.875 20.966 1105.9
  89 0.885 20.966 1144.63
  90 0.895 21.44 1137.74
  91 0.905 21.636 1106.66
  92 0.915 21.818 1115.16
  93 0.925 21.788 1109.63
  94 0.935 21.714 1061.52
  95 0.945 21.592 1074.32
  96 0.955 21.652 1064.9
  97 0.965 21.23 1080.26
  98 0.975 20.644 1095.02
  99 0.985 20.382 1092.94
  100 0.995 19.922 1134.74
145000 100 2111.9999999999995
  1 0.005 19.768 1082.99
  2 0.015 20.548 1011.92
  3 0.025 21.184 1027.75
  4 0.035 21.284 1134.91
  5 0.045 21.626 1127.27
  6 0.055 21.542 1153.63
  7 0.065 21.684 1110.54
  8 0.075 21.93 1200.62
  9 0.085 21.718 1185.66
  10 0.095 21.88 1147.94
  11 0.105 21.096 1192.57
  12 0.115 20.484 1106.99
  13 0.125 20.268 1129.74
  14 0.135 20.57 1112.11
  15 0.145 20.644 1088.82
  16 0.155 21.39 1117.8
  17 0.165 21.832 1100.06
  18 0.175 21.814 1107.32
  19 0.185 21.834 1157.65
  20 0.195 21.63 1181.42
  21 0.205 21.644 1207.6
  22 0.215 21.502 1257.69
  23 0.225 21.164 1214.45
  24 0.235 20.736 1186.84
  25 0.245 20.018 1206.15
  26 0.255 20.056 1344.71
  27 0.265 20.016 1279.42
  28 0.275 20.552 1294.54
  29 0.285 20.848 1285.22
  30 0.295 21.406 1254.04
  31 0.305 21.474 1265.53
  32 0.315 21.702 1220.47
  33 0.325 21.736 1263.3
  34 0.335 21.872 1221.2
  35 0.345 21.664 1213.04
  36 0.355 21.286 1201.02
  37 0.365 20.79 1238.13
  38 0.375 20.496 1244.61
  39 0.385 20.466 1276.46
  40 0.395 20.474 1376.68
  41 0.405 21.132 1316.11
  42 0.415 21.684 1297.36
  43 0.425 21.756 1270.63
  44 0.435 21.77 1260.94
  45 0.445 21.696 1232.76
  46 0.455 21.566 1284.12
  47 0.465 21.29 1285.36
  48 0.475 21.294 1249.81
  49 0.485 20.326 1333.96
  50 0.495 19.806 1330.67
  51 0.505 19.694 1414.03
  52 0.515 20.176 1362.55
  53 0.525 20.624 1289.15
  54 0.535 21.354 1311.53
  55 0.545 21.512 1332.6
  56 0.555 21.6 1369.79
  57 0.565 21.736 1255.87
  58 0.575 21.822 1305.51
  59 0.585 21.804 1255.81
  60 0.595 21.54 1298.34
  61 0.605 20.968 1242.1
  62 0.615 20.102 1323.3
  63 0.625 20.052 1313.19
  64 0.635 20.22 1278.56
  65 0.645 21.512 1234.05
  66 0.655 21.662 1279.12
  67 0.665 21.968 1197.53
  68 0.675 21.728 1240.51
  69 0.685 21.788 1195.23
  70 0.695 21.47 1271.11
  71 0.705 21.488 1272.26
  72 0.715 21.132 1295.65
  73 0.725 20.534 1247.63
  74 0.735 19.78 1344.48
  75 0.745 19.838 1338.67
  76 0.755 20.022 1266.06
  77 0.765 20.714 1310.54
  78 0.775 21.106 1287.45
  79 0.785 21.508 1299.69
  80 0.795 21.636 1339.73
  81 0.805 21.604 1346.51
  82 0.815 21.806 1235.23
  83 0.825 21.842 1237.42
  84 0.835 21.374 1178.17
  85 0.845 20.68 1157.89
  86 0.855 20.362 1178.78
  87 0.865 20.706 1085.1
  88 0.875 20.784 1046.35
  89 0.885 20.948 1036.92
  90 0.895 21.39 1010.11
  91 0.905 21.85 1051.16
  92 0.915 21.79 1033.68
  93 0.925 21.808 1039.93
  94 0.935 21.686 1027.3
  95 0.945 21.712 1048.56
  96 0.955 21.558 1039.61
  97 0.965 21.278 1032.38
  98 0.975 20.834 1133.18
  99 0.985 20.076 1143.66
  100 0.995 19.874 1107.35
150000 100 2112
  1 0.005 19.812 992.607
  2 0.015 20.38 1020.88
  3 0.025 21.026 1070.44
  4 0.035 21.264 1098.25
  5 0.045 21.532 1120.62
  6 0.055 21.59 1124.4
  7 0.065 21.748 1193.56
  8 0.075 21.846 1173.15
  9 0.085 21.816 1169.09
  10 0.095 21.798 1138.28
  11 0.105 21.104 1143.83
  12 0.115 20.856 1121.07
  13 0.125 20.016 1157.44
  14 0.135 20.436 1107.67
  15 0.145 20.608 1141.79
  16 0.155 21.454 1102.92
  17 0.165 21.79 1032.62
  18 0.175 21.858 1050.06
  19 0.185 21.75 1091.03
  20 0.195 21.794 1146.95
  21 0.205 21.56 1154.03
  22 0.215 21.57 1191.8
  23 0.225 21.176 1163.98
  24 0.235 20.62 1246.69
  25 0.245 19.984 1249.07
  26 0.255 20.008 1295.38
  27 0.265 20.164 1252.38
  28 0.275 20.556 1227.94
  29 0.285 20.948 1196.12
  30 0.295 21.292 1242.3
  31 0.305 21.534 1257.68
  32 0.315 21.622 1272.81
  33 0.325 21.852 1251.06
  34 0.335 21.728 1235.61
  35 0.345 21.648 1272.55
  36 0.355 21.208 1288.65
  37 0.365 20.828 1324.74
  38 0.375 20.336 1386.74
  39 0.385 20.392 1266.69
  40 0.395 20.88 1271.49
  41 0.405 21.114 1276.5
  42 0.415 21.628 1221.73
  43 0.425 21.672 1248.23
  44 0.435 21.87 1290.92
  45 0.445 21.738 1241.03
  46 0.455 21.618 1230.2
  47 0.465 21.45 1172.87
  48 0.475 21.002 1223.17
  49 0.485 20.506 1358.35
  50 0.495 20.088 1390.92
  51 0.505 19.666 1320.53
  52 0.515 19.998 1407.81
  53 0.525 20.708 1357.82
  54 0.535 21.126 1369.21
  55 0.545 21.36 1363.38
  56 0.555 21.664 1328.84
  57 0.565 21.776 1339.05
  58 0.575 21.752 1350.16
  59 0.585 21.662 1347.73
  60 0.595 21.682 1310.99
  61 0.605 20.7 1282.38
  62 0.615 20.068 1323.97
  63 0.625 20.194 1295.53
  64 0.635 20.524 1312.94
  65 0.645 21.32 1302.36
  66 0.655 21.792 1282.33
  67 0.665 21.762 1318.83
  68 0.675 21.788 1300.79
  69 0.685 21.746 1206.91
  70 0.695 21.58 1262.05
  71 0.705 21.212 1261.11
  72 0.715 21.02 1255.69
  73 0.725 20.32 1263.58
  74 0.735 20.082 1288.55
  75 0.745 19.952 1364.6
  76 0.755 20.054 1391.69
  77 0.765 20.722 1306.04
  78 0.775 21.28 1321.2
  79 0.785 21.314 1359.56
  80 0.795 21.686 1296.96
  81 0.805 21.732 1249.96
  82 0.815 21.81 1161.89
  83 0.825 21.726 1165.76
  84 0.835 21.486 1104.51
  85 0.845 20.754 1203.49
  86 0.855 20.728 1158.82
  87 0.865 20.67 1115.25
  88 0.875 20.446 1086.31
  89 0.885 21.018 1085.61
  90 0.895 21.25 1083.56
  91 0.905 21.748 1069.29
  92 0.915 21.906 1046.94
  93 0.925 21.768 1050.39
  94 0.935 21.788 1042.19
  95 0.945 21.686 1069.88
  96 0.955 21.33 1130.86
  97 0.965 21.316 1038.38
  98 0.975 20.75 1058.06
  99 0.985 20.558 1036.32
  100 0.995 19.95 966.151
155000 100 2111.9999999999995
  1 0.005 19.992 1088
  2 0.015 20.416 1073.68
  3 0.025 21.016 1051.25
  4 0.035 21.254 1053.84
  5 0.045 21.58 1099.17
  6 0.055 21.55 1112.35
  7 0.065 21.814 1065.49
  8 0.075 21.81 1096.93
  9 0.085 21.844 1081.92
  10 0.095 21.836 1063.97
  11 0.105 21.272 1125.56
  12 0.115 20.784 1121.85
  13 0.125 20.136 1149.99
  14 0.135 20.202 1076.39
  15 0.145 20.756 1096.35
  16 0.155 21.21 1186.64
  17 0.165 21.816 1068.05
  18 0.175 21.922 1092.36
  19 0.185 21.864 1113.35
  20 0.195 21.602 1161.38
  21 0.205 21.62 1140.05
  22 0.215 21.604 1173.28
  23 0.225 21.086 1211.87
  24 0.235 20.926 1117.42
  25 0.245 20.314 1131.68
  26 0.255 19.72 1171.58
  27 0.265 20.026 1182.83
  28 0.275 20.478 1193.16
  29 0.285 20.906 1266.35
  30 0.295 21.106 1247.4
  31 0.305 21.804 1266.37
  32 0.315 21.482 1304.34
  33 0.325 21.726 1346.7
  34 0.335 21.852 1337.97
  35 0.345 21.558 1330.88
  36 0.355 21.3 1234.56
  37 0.365 20.744 1223.66
  38 0.375 20.42 1165.26
  39 0.385 20.656 1164.83
  40 0.395 20.576 1175.32
  41 0.405 21.094 1197.18
  42 0.415 21.616 1249.72
  43 0.425 21.81 1196.58
  44 0.435 21.858 1202.39
  45 0.445 21.64 1257.46
  46 0.455 21.586 1335.68
  47 0.465 21.292 1368.12
  48 0.475 20.948 1342.91
  49 0.485 20.588 1357.83
  50 0.495 20.016 1342.4
  51 0.505 19.442 1384.13
  52 0.515 20.252 1367.91
  53 0.525 20.836 1366.68
  54 0.535 21.22 1381.09
  55 0.545 21.454 1377.02
  56 0.555 21.586 1383.97
  57 0.565 21.768 1386.06
  58 0.575 21.75 1407.47
  59 0.585 21.712 1440.09
  60 0.595 21.35 1444.97
  61 0.605 20.752 1352.54
  62 0.615 20.142 1346.98
  63 0.625 20 1364.94
  64 0.635 20.598 1376.99
  65 0.645 21.508 1293.11
  66 0.655 21.758 1297.26
  67 0.665 21.888 1301.56
  68 0.675 21.748 1245.89
  69 0.685 21.716 1243.56
  70 0.695 21.568 1261.16
  71 0.705 21.406 1239.27
  72 0.715 20.99 1306.11
  73 0.725 20.256 1294.15
  74 0.735 19.914 1233.44
  75 0.745 19.77 1230.8
  76 0.755 20.132 1266.36
  77 0.765 20.898 1156.42
  78 0.775 21.196 1160.4
  79 0.785 21.66 1187.23
  80 0.795 21.526 1239.27
  81 0.805 21.692 1221.71
  82 0.815 21.942 1207.53
  83 0.825 21.652 1173.77
  84 0.835 21.602 1215.32
  85 0.845 21.044 1209.91
  86 0.855 20.592 1222.25
  87 0.865 20.676 1191.71
  88 0.875 20.226 1153.48
  89 0.885 20.794 1093.11
  90 0.895 21.378 1086.89
  91 0.905 21.83 1081.41
  92 0.915 21.826 1092.51
  93 0.925 21.826 1086.34
  94 0.935 21.808 1094.67
  95 0.945 21.53 1182.33
  96 0.955 21.392 1160.36
  97 0.965 21.1 1139.34
  98 0.975 20.924 1073.68
  99 0.985 20.218 1080.71
  100 0.995 20.124 1044.36
160000 100 2111.9999999999995
  1 0.005 19.928 1075.99
  2 0.015 20.346 986.674
  3 0.025 20.964 1030.81
  4 0.035 21.37 1092.1
  5 0.045 21.514 1102.46
  6 0.055 21.558 1098.78
  7 0.065 21.756 1019.27
  8 0.075 21.854 1030.39
  9 0.085 21.85 1048.51
  10 0.095 21.808 1112.55
  11 0.105 21.332 1065.68
  12 0.115 21.258 1062.88
  13 0.125 20.27 1092.24
  14 0.135 20.024 1151.82
  15 0.145 20.638 1181.26
  16 0.155 21.096 1172.22
  17 0.165 21.592 1189.25
  18 0.175 21.924 1193.67
  19 0.185 21.886 1128.85
  20 0.195 21.69 1096.26
  21 0.205 21.636 1112.27
  22 0.215 21.492 1164.55
  23 0.225 21.39 1201.79
  24 0.235 20.764 1220.15
  25 0.245 20.292 1189.05
  26 0.255 19.764 1200.91
  27 0.265 19.732 1239.88
  28 0.275 20.404 1214.21
  29 0.285 21.05 1198.31
  30 0.295 21.218 1229.1
  31 0.305 21.59 1227.69
  32 0.315 21.548 1224.55
  33 0.325 21.85 1166.75
  34 0.335 21.876 1174.91
  35 0.345 21.694 1208.81
  36 0.355 21.538 1152.15
  37 0.365 20.936 1167.94
  38 0.375 20.588 1155.82
  39 0.385 20.4 1130.66
  40 0.395 20.502 1225.54
  41 0.405 20.818 1258.94
  42 0.415 21.478 1338.01
  43 0.425 21.888 1333.7
  44 0.435 21.76 1319.33
  45 0.445 21.586 1330.32
  46 0.455 21.67 1333.14
  47 0.465 21.284 1319.86
  48 0.475 21.052 1353.86
  49 0.485 20.444 1377.58
  50 0.495 19.916 1443.54
  51 0.505 19.748 1408.82
  52 0.515 20.166 1424.3
  53 0.525 20.54 1498.12
  54 0.535 21.236 1435.96
  55 0.545 21.512 1411.73
  56 0.555 21.576 1470.77
  57 0.565 21.724 1435.06
  58 0.575 21.814 1376.35
  59 0.585 21.722 1396.21
  60 0.595 21.25 1423.04
  61 0.605 20.376 1361.73
  62 0.615 19.894 1345.36
  63 0.625 20.252 1284.83
  64 0.635 20.97 1267.91
  65 0.645 21.618 1225.55
  66 0.655 21.802 1241.41
  67 0.665 21.942 1285.52
  68 0.675 21.668 1334.27
  69 0.685 21.652 1332.94
  70 0.695 21.5 1277.54
  71 0.705 21.18 1272.22
  72 0.715 21.012 1221.7
  73 0.725 20.23 1192.31
  74 0.735 19.636 1261.94
  75 0.745 20.134 1304.06
  76 0.755 20.28 1307.83
  77 0.765 20.966 1231.92
  78 0.775 21.22 1178.56
  79 0.785 21.762 1178.52
  80 0.795 21.526 1155.95
  81 0.805 21.764 1148.97
  82 0.815 21.844 1143.78
  83 0.825 21.768 1132.55
  84 0.835 21.722 1159.09
  85 0.845 21.138 1205.47
  86 0.855 20.65 1203.08
  87 0.865 20.162 1169.82
  88 0.875 20.612 1169.58
  89 0.885 20.644 1144.27
  90 0.895 21.314 1125.59
  91 0.905 21.756 1131.91
  92 0.915 21.832 1097.13
  93 0.925 21.892 1112.42
  94 0.935 21.662 1153.98
  95 0.945 21.676 1200.71
  96 0.955 21.372 1179.69
  97 0.965 21.24 1081.73
  98 0.975 20.774 1088.26
  99 0.985 20.508 1082.91
  100 0.995 19.944 1066.82
165000 100 2112.0000000000005
  1 0.005 19.934 1003.23
  2 0.015 20.48 1098.16
  3 0.025 21.112 1036.01
  4 0.035 21.36 1080.41
  5 0.045 21.568 1078.7
  6 0.055 21.65 1068
  7 0.065 21.726 1084.22
  8 0.075 21.888 1106.76
  9 0.085 21.816 1072.51
  10 0.095 21.894 1069.56
  11 0.105 21.588 1035.45
  12 0.115 20.8 1102.25
  13 0.125 20.338 1081.8
  14 0.135 19.838 1081.27
  15 0.145 20.722 1160.63
  16 0.155 21.098 1172.33
  17 0.165 21.78 1197.88
  18 0.175 21.872 1151.14
  19 0.185 21.862 1165.88
  20 0.195 21.828 1146.38
  21 0.205 21.586 1184.82
  22 0.215 21.42 1213.48
  23 0.225 21.382 1204.92
  24 0.235 20.998 1173.77
  25 0.245 20.268 1172.6
  26 0.255 19.828 1191.27
  27 0.265 19.668 1193.11
  28 0.275 20.462 1174.62
  29 0.285 20.798 1217.02
  30 0.295 21.43 1205.44
  31 0.305 21.472 1170.9
  32 0.315 21.672 1163.03
  33 0.325 21.71 1169.52
  34 0.335 21.77 1155.25
  35 0.345 21.794 1143.19
  36 0.355 21.52 1254.59
  37 0.365 21.078 1255.61
  38 0.375 20.578 1265.09
  39 0.385 20.412 1236.73
  40 0.395 20.348 1224.38
  41 0.405 20.804 1234.88
  42 0.415 21.554 1313.88
  43 0.425 21.742 1402.39
  44 0.435 21.762 1411.74
  45 0.445 21.716 1382.38
  46 0.455 21.594 1331.47
  47 0.465 21.422 1367.74
  48 0.475 20.942 1387.53
  49 0.485 20.632 1380.06
  50 0.495 20.146 1273.63
  51 0.505 19.528 1335.94
  52 0.515 19.762 1448.84
  53 0.525 20.772 1465.01
  54 0.535 21.2 1380.06
  55 0.545 21.412 1371.74
  56 0.555 21.636 1325.25
  57 0.565 21.79 1311.07
  58 0.575 21.794 1326.9
  59 0.585 21.842 1315.16
  60 0.595 21.284 1309.85
  61 0.605 20.868 1309.76
  62 0.615 19.778 1317.64
  63 0.625 19.828 1329.65
  64 0.635 21.044 1259.75
  65 0.645 21.43 1368.85
  66 0.655 21.798 1393.28
  67 0.665 21.904 1300.06
  68 0.675 21.678 1383.06
  69 0.685 21.768 1287.09
  70 0.695 21.45 1279.9
  71 0.705 21.328 1275.67
  72 0.715 20.86 1244.38
  73 0.725 20.176 1291.56
  74 0.735 19.484 1212.8
  75 0.745 20 1165.55
  76 0.755 20.4 1159.76
  77 0.765 21.096 1247.62
  78 0.775 21.218 1309.56
  79 0.785 21.496 1241.14
  80 0.795 21.676 1191.91
  81 0.805 21.858 1203.31
  82 0.815 21.79 1191.01
  83 0.825 21.726 1159.1
  84 0.835 21.542 1125.94
  85 0.845 20.732 1155.13
  86 0.855 20.402 1167.13
  87 0.865 20.424 1148.11
  88 0.875 20.716 1164.58
  89 0.885 21.042 1119.44
  90 0.895 21.582 1133.61
  91 0.905 21.664 1174.31
  92 0.915 21.846 1160.62
  93 0.925 21.822 1141.73
  94 0.935 21.75 1166.27
  95 0.945 21.576 1099.69
  96 0.955 21.34 1129.43
  97 0.965 21.23 1109.48
  98 0.975 20.574 1142.25
  99 0.985 20.326 1078.59
  100 0.995 20.096 1046.12
170000 100 2112.0000000000005
  1 0.005 20.112 1115.63
  2 0.015 20.714 1096.77
  3 0.025 21.208 1063.18
  4 0.035 21.532 1043.69
  5 0.045 21.516 1009.58
  6 0.055 21.71 1023.7
  7 0.065 21.902 1047.96
  8 0.075 21.7 1132.8
  9 0.085 21.952 1038.08
  10 0.095 21.85 1072.15
  11 0.105 21.376 1087.1
  12 0.115 20.79 1183.19
  13 0.125 19.908 1215.97
  14 0.135 19.9 1157.52
  15 0.145 20.88 1126.39
  16 0.155 21.498 1143.17
  17 0.165 21.844 1196.74
  18 0.175 21.824 1117.17
  19 0.185 21.888 1121.37
  20 0.195 21.872 1184.89
  21 0.205 21.54 1155.62
  22 0.215 21.456 1179.82
  23 0.225 21.438 1115.28
  24 0.235 20.98 1139.04
  25 0.245 20.36 1156.34
  26 0.255 19.778 1156.25
  27 0.265 19.896 1155.73
  28 0.275 20.418 1169.08
  29 0.285 20.856 1202.54
  30 0.295 21.11 1178.88
  31 0.305 21.666 1229.12
  32 0.315 21.472 1221.39
  33 0.325 21.762 1223.49
  34 0.335 21.82 1223.58
  35 0.345 21.786 1234.45
  36 0.355 21.276 1247.77
  37 0.365 21.312 1236.66
  38 0.375 20.462 1335.68
  39 0.385 20.518 1318.76
  40 0.395 20.308 1333.05
  41 0.405 20.87 1306.04
  42 0.415 21.49 1317.76
  43 0.425 21.676 1296.96
  44 0.435 21.73 1356.19
  45 0.445 21.69 1332.44
  46 0.455 21.64 1320.28
  47 0.465 21.428 1378.4
  48 0.475 20.986 1414.29
  49 0.485 20.546 1341.12
  50 0.495 19.904 1347.34
  51 0.505 19.596 1367.76
  52 0.515 20.08 1350.31
  53 0.525 20.81 1373.22
  54 0.535 21.098 1442.79
  55 0.545 21.45 1358.47
  56 0.555 21.548 1287.85
  57 0.565 21.834 1254.7
  58 0.575 21.836 1284.89
  59 0.585 21.886 1301.53
  60 0.595 21.404 1323.91
  61 0.605 20.814 1292.51
  62 0.615 20.08 1231.38
  63 0.625 19.714 1287.08
  64 0.635 20.862 1264.14
  65 0.645 21.376 1345.46
  66 0.655 21.718 1337.51
  67 0.665 21.97 1173.44
  68 0.675 21.724 1240.11
  69 0.685 21.716 1253.55
  70 0.695 21.51 1334.34
  71 0.705 21.33 1289.87
  72 0.715 21.078 1240.67
  73 0.725 20.084 1304.2
  74 0.735 19.844 1284.24
  75 0.745 19.622 1290.67
  76 0.755 20.376 1260.99
  77 0.765 20.894 1241.56
  78 0.775 21.32 1243.82
  79 0.785 21.488 1238.18
  80 0.795 21.598 1235.18
  81 0.805 21.814 1187.86
  82 0.815 21.848 1212.41
  83 0.825 21.754 1211.3
  84 0.835 21.51 1169.33
  85 0.845 20.928 1074.4
  86 0.855 20.538 1120.72
  87 0.865 20.38 1176.51
  88 0.875 20.428 1172.96
  89 0.885 21.126 1134.14
  90 0.895 21.45 1151.64
  91 0.905 21.712 1143.61
  92 0.915 21.934 1113.59
  93 0.925 21.688 1149.89
  94 0.935 21.656 1194.52
  95 0.945 21.552 1184.45
  96 0.955 21.404 1166.24
  97 0.965 21.07 1139.15
  98 0.975 20.576 1081.06
  99 0.985 20.032 1118.52
  100 0.995 19.79 1103.21
175000 100 2111.9999999999995
  1 0.005 19.958 1013.91
  2 0.015 20.716 1040.5
  3 0.025 21.262 1029.78
  4 0.035 21.426 1075.63
  5 0.045 21.51 1052.39
  6 0.055 21.726 1036.85
  7 0.065 21.73 1010.85
  8 0.075 21.856 1035.13
  9 0.085 21.932 1042.34
  10 0.095 21.772 1113.26
  11 0.105 21.434 1159.79
  12 0.115 20.89 1128.05
  13 0.125 20.29 1105.33
  14 0.135 19.854 1132.39
  15 0.145 20.694 1118.79
  16 0.155 21.304 1118.28
  17 0.165 21.702 1168.56
  18 0.175 21.942 1086.44
  19 0.185 21.77 1163.72
  20 0.195 21.806 1194.11
  21 0.205 21.596 1199.53
  22 0.215 21.506 1240.32
  23 0.225 21.246 1210.88
  24 0.235 21.028 1118.41
  25 0.245 20.378 1149.81
  26 0.255 19.698 1168.93
  27 0.265 19.926 1180.55
  28 0.275 20.41 1131.83
  29 0.285 20.998 1210.14
  30 0.295 21.206 1247.21
  31 0.305 21.402 1207.1
  32 0.315 21.628 1274.11
  33 0.325 21.782 1248.94
  34 0.335 21.884 1140.68
  35 0.345 21.73 1173.76
  36 0.355 21.654 1219.42
  37 0.365 20.982 1276.23
  38 0.375 20.474 1279.28
  39 0.385 20.364 1240.5
  40 0.395 20.412 1187.68
  41 0.405 20.708 1242.11
  42 0.415 21.6 1236.04
  43 0.425 21.758 1250.44
  44 0.435 21.874 1226.75
  45 0.445 21.734 1343.88
  46 0.455 21.534 1459.49
  47 0.465 21.45 1450.28
  48 0.475 21.232 1407.69
  49 0.485 20.452 1370.4
  50 0.495 20.026 1398.91
  51 0.505 19.488 1408.72
  52 0.515 19.984 1406.25
  53 0.525 20.632 1362.09
  54 0.535 21.204 1392.86
  55 0.545 21.384 1376.23
  56 0.555 21.678 1400.12
  57 0.565 21.702 1414.81
  58 0.575 21.772 1385.31
  59 0.585 21.89 1394.05
  60 0.595 21.394 1304.26
  61 0.605 20.554 1277.92
  62 0.615 20.048 1313.49
  63 0.625 19.89 1304.27
  64 0.635 20.776 1291.15
  65 0.645 21.5 1233.82
  66 0.655 21.898 1242.2
  67 0.665 21.832 1243.4
  68 0.675 21.802 1300.24
  69 0.685 21.59 1249.04
  70 0.695 21.596 1244.99
  71 0.705 21.276 1225.97
  72 0.715 20.99 1372.47
  73 0.725 20.13 1371.79
  74 0.735 19.656 1382
  75 0.745 19.614 1317.58
  76 0.755 20.578 1321.53
  77 0.765 20.856 1408.74
  78 0.775 21.28 1358.37
  79 0.785 21.566 1288.81
  80 0.795 21.624 1247.11
  81 0.805 21.886 1198.74
  82 0.815 21.822 1128.7
  83 0.825 21.678 1190.88
  84 0.835 21.618 1213.63
  85 0.845 20.984 1140.02
  86 0.855 20.374 1140.32
  87 0.865 20.076 1118.03
  88 0.875 20.616 1162.37
  89 0.885 21.042 1168.14
  90 0.895 21.604 1143.84
  91 0.905 21.844 1131.15
  92 0.915 21.844 1146.83
  93 0.925 21.858 1133.16
  94 0.935 21.504 1047.72
  95 0.945 21.666 1064.2
  96 0.955 21.476 1085.13
  97 0.965 21.078 1108.88
  98 0.975 20.832 1077.94
  99 0.985 20.124 1061.07
  100 0.995 19.644 1057.87
180000 100 2112
  1 0.005 19.912 1073.55
  2 0.015 20.536 1098.4
  3 0.025 21.012 1073.21
  4 0.035 21.388 1056.99
  5 0.045 21.434 1050.63
  6 0.055 21.728 1003.36
  7 0.065 21.762 1009.18
  8 0.075 21.848 1105.07
  9 0.085 21.926 1065.29
  10 0.095 21.84 1059.28
  11 0.105 21.608 1099.4
  12 0.115 20.93 1036.61
  13 0.125 19.834 1050.57
  14 0.135 19.698 1030.15
  15 0.145 20.716 1081.49
  16 0.155 21.646 1054.17
  17 0.165 21.78 1119.21
  18 0.175 21.858 1059.18
  19 0.185 21.818 1154.39
  20 0.195 21.748 1195.79
  21 0.205 21.642 1188.63
  22 0.215 21.542 1209.27
  23 0.225 21.224 1268.6
  24 0.235 20.874 1231.14
  25 0.245 20.212 1214.13
  26 0.255 19.682 1184.3
  27 0.265 19.846 1186.84
  28 0.275 20.506 1187.44
  29 0.285 20.966 1222.02
  30 0.295 21.362 1172.53
  31 0.305 21.598 1231.47
  32 0.315 21.554 1220.05
  33 0.325 21.764 1161.26
  34 0.335 21.762 1166.55
  35 0.345 21.864 1195.25
  36 0.355 21.432 1247.65
  37 0.365 21.038 1240.14
  38 0.375 20.662 1199.75
  39 0.385 20.212 1148.42
  40 0.395 20.416 1151.89
  41 0.405 21.166 1151.05
  42 0.415 21.308 1250.84
  43 0.425 21.808 1257.54
  44 0.435 21.762 1270.23
  45 0.445 21.82 1356.68
  46 0.455 21.454 1406.46
  47 0.465 21.514 1458.75
  48 0.475 20.996 1489.79
  49 0.485 20.554 1442.42
  50 0.495 19.79 1433.77
  51 0.505 19.666 1476.76
  52 0.515 19.94 1482.77
  53 0.525 20.722 1446.88
  54 0.535 21.184 1456.55
  55 0.545 21.512 1423.27
  56 0.555 21.644 1407.04
  57 0.565 21.702 1363.16
  58 0.575 21.838 1380.81
  59 0.585 21.94 1382.72
  60 0.595 21.226 1428.66
  61 0.605 20.822 1303.41
  62 0.615 19.792 1314.66
  63 0.625 19.878 1360.3
  64 0.635 20.718 1376.4
  65 0.645 21.786 1270.79
  66 0.655 21.74 1287.97
  67 0.665 21.844 1308.3
  68 0.675 21.78 1324.92
  69 0.685 21.562 1315.15
  70 0.695 21.53 1311.05
  71 0.705 21.388 1274.62
  72 0.715 21.004 1230.1
  73 0.725 20.1 1292.38
  74 0.735 19.738 1346.06
  75 0.745 19.764 1324.44
  76 0.755 20.206 1328.62
  77 0.765 21.122 1233.57
  78 0.775 21.31 1259.4
  79 0.785 21.54 1266.38
  80 0.795 21.658 1263.13
  81 0.805 21.71 1224.43
  82 0.815 21.862 1186.99
  83 0.825 21.804 1130.72
  84 0.835 21.538 1118.93
  85 0.845 20.746 1134.62
  86 0.855 20.584 1157.57
  87 0.865 20.136 1173.96
  88 0.875 20.526 1127.26
  89 0.885 21.112 1126.79
  90 0.895 21.618 1129.67
  91 0.905 21.876 1078.16
  92 0.915 21.776 1084.97
  93 0.925 21.804 1064.47
  94 0.935 21.702 1096.88
  95 0.945 21.63 1136.37
  96 0.955 21.518 1149.47
  97 0.965 21.17 1111.11
  98 0.975 20.958 1086.39
  99 0.985 20.078 1087.5
  100 0.995 19.844 1079.36
185000 100 2112.0000000000005
  1 0.005 19.842 1112.59
  2 0.015 20.548 1036.32
  3 0.025 21.174 1014.34
  4 0.035 21.43 997.728
  5 0.045 21.622 1005.73
  6 0.055 21.576 1009.81
  7 0.065 21.798 1000.47
  8 0.075 21.862 978.106
  9 0.085 21.926 1035.14
  10 0.095 21.87 1081.97
  11 0.105 21.632 1055.53
  12 0.115 21.142 1035.32
  13 0.125 19.966 1030.01
  14 0.135 19.956 1060.89
  15 0.145 20.368 1129.3
  16 0.155 21.226 1114.33
  17 0.165 21.88 1063.17
  18 0.175 21.822 1072.94
  19 0.185 21.99 1050.84
  20 0.195 21.7 1139.12
  21 0.205 21.592 1218.49
  22 0.215 21.536 1259.02
  23 0.225 21.432 1186.69
  24 0.235 20.94 1242.23
  25 0.245 20.356 1187.92
  26 0.255 19.736 1193.48
  27 0.265 19.718 1173.33
  28 0.275 20.396 1200.37
  29 0.285 20.848 1255.75
  30 0.295 21.304 1315.78
  31 0.305 21.454 1356.48
  32 0.315 21.596 1296.98
  33 0.325 21.74 1330.92
  34 0.335 21.848 1340.04
  35 0.345 21.676 1204.22
  36 0.355 21.226 1268.81
  37 0.365 20.968 1236.83
  38 0.375 20.366 1240.66
  39 0.385 20.426 1239.9
  40 0.395 20.504 1180.72
  41 0.405 21.258 1184.38
  42 0.415 21.634 1174.89
  43 0.425 21.692 1290.09
  44 0.435 21.78 1363.11
  45 0.445 21.736 1376.68
  46 0.455 21.48 1342.01
  47 0.465 21.28 1434.48
  48 0.475 20.842 1442.46
  49 0.485 20.518 1433.92
  50 0.495 19.678 1440.21
  51 0.505 19.886 1384.11
  52 0.515 20.076 1401.52
  53 0.525 20.8 1479.62
  54 0.535 21.324 1429.19
  55 0.545 21.576 1339.78
  56 0.555 21.656 1282.97
  57 0.565 21.718 1318.29
  58 0.575 21.792 1389.91
  59 0.585 21.926 1405.98
  60 0.595 21.202 1380.87
  61 0.605 20.706 1373.43
  62 0.615 19.87 1395.63
  63 0.625 19.71 1481.86
  64 0.635 21.058 1470.69
  65 0.645 21.584 1400.6
  66 0.655 21.9 1414.14
  67 0.665 21.754 1315.83
  68 0.675 21.726 1294.12
  69 0.685 21.788 1207.16
  70 0.695 21.44 1236.33
  71 0.705 21.312 1246.19
  72 0.715 20.84 1242.86
  73 0.725 20.25 1233.13
  74 0.735 19.944 1276.59
  75 0.745 19.594 1307.62
  76 0.755 20.484 1290.95
  77 0.765 20.818 1279.02
  78 0.775 21.478 1263.33
  79 0.785 21.458 1216.86
  80 0.795 21.666 1168.38
  81 0.805 21.882 1191.28
  82 0.815 21.744 1166.24
  83 0.825 21.746 1132.65
  84 0.835 21.44 1245.62
  85 0.845 21.12 1158.02
  86 0.855 20.592 1126.75
  87 0.865 20.658 1052.07
  88 0.875 20.316 1028.39
  89 0.885 20.906 1056.61
  90 0.895 21.326 1038.26
  91 0.905 21.838 1131.57
  92 0.915 21.74 1232.59
  93 0.925 21.772 1186.41
  94 0.935 21.766 1144.41
  95 0.945 21.582 1122.37
  96 0.955 21.354 1128.43
  97 0.965 21.19 1155.63
  98 0.975 20.724 1088.42
  99 0.985 20.432 1089.66
  100 0.995 19.646 1049.99
190000 100 2112
  1 0.005 19.872 1018.42
  2 0.015 20.336 943.535
  3 0.025 21.152 933.411
  4 0.035 21.462 917.709
  5 0.045 21.532 985.155
  6 0.055 21.602 1024.91
  7 0.065 21.706 1013.69
  8 0.075 21.77 1077.33
  9 0.085 21.92 1089.94
  10 0.095 21.856 1147.38
  11 0.105 21.564 1157.83
  12 0.115 21.078 1156.3
  13 0.125 19.874 1089.08
  14 0.135 19.878 1103.77
  15 0.145 20.658 1051.16
  16 0.155 21.196 1087.33
  17 0.165 21.842 1051.77
  18 0.175 21.954 1082.83
  19 0.185 21.898 1132.06
  20 0.195 21.666 1254.81
  21 0.205 21.652 1279.29
  22 0.215 21.598 1196.09
  23 0.225 21.382 1238.48
  24 0.235 20.892 1198.04
  25 0.245 20.382 1216.42
  26 0.255 19.68 1180.25
  27 0.265 19.788 1166.65
  28 0.275 20.29 1241.4
  29 0.285 20.9 1199.1
  30 0.295 21.346 1245.3
  31 0.305 21.504 1202.3
  32 0.315 21.59 1228.73
  33 0.325 21.804 1336.65
  34 0.335 21.81 1311
  35 0.345 21.694 1304.78
  36 0.355 21.536 1277.02
  37 0.365 20.848 1258.62
  38 0.375 20.26 1308.91
  39 0.385 20.36 1304.29
  40 0.395 20.42 1255.03
  41 0.405 21.228 1369.93
  42 0.415 21.566 1342.72
  43 0.425 21.918 1349.38
  44 0.435 21.64 1363.86
  45 0.445 21.724 1335.11
  46 0.455 21.438 1420.94
  47 0.465 21.382 1421.47
  48 0.475 20.918 1416.86
  49 0.485 20.26 1370.16
  50 0.495 19.882 1392.82
  51 0.505 19.618 1342.58
  52 0.515 20.33 1323.06
  53 0.525 20.834 1383.25
  54 0.535 21.204 1356.44
  55 0.545 21.656 1314.5
  56 0.555 21.48 1322.75
  57 0.565 21.942 1306.19
  58 0.575 21.782 1277.94
  59 0.585 21.874 1266.09
  60 0.595 21.676 1271.71
  61 0.605 21.036 1307.04
  62 0.615 19.802 1376.39
  63 0.625 19.54 1472.31
  64 0.635 20.622 1369.69
  65 0.645 21.58 1380.13
  66 0.655 21.776 1383.55
  67 0.665 21.866 1352.26
  68 0.675 21.746 1376.79
  69 0.685 21.696 1317.89
  70 0.695 21.512 1323.61
  71 0.705 21.258 1305.27
  72 0.715 20.748 1325.48
  73 0.725 20.216 1339.19
  74 0.735 19.864 1361.27
  75 0.745 19.774 1310.45
  76 0.755 20.226 1284.06
  77 0.765 21.018 1246.1
  78 0.775 21.38 1189.52
  79 0.785 21.5 1177.1
  80 0.795 21.648 1237.88
  81 0.805 21.842 1276.22
  82 0.815 21.812 1202.34
  83 0.825 21.83 1140.75
  84 0.835 21.522 1172.79
  85 0.845 21.078 1086.62
  86 0.855 20.302 1102.14
  87 0.865 20.342 1132.74
  88 0.875 20.494 1119.26
  89 0.885 20.996 1132.54
  90 0.895 21.65 1161.96
  91 0.905 21.66 1149.3
  92 0.915 21.856 1132.64
  93 0.925 21.826 1109.16
  94 0.935 21.654 1138.28
  95 0.945 21.7 1109.14
  96 0.955 21.47 1097.4
  97 0.965 21.2 1087
  98 0.975 20.782 1044.93
  99 0.985 20.33 1021.49
  100 0.995 19.942 981.687
195000 100 2112.0000000000005
  1 0.005 20.094 1011.96
  2 0.015 20.534 970.452
  3 0.025 21.078 1014.25
  4 0.035 21.534 1054.19
  5 0.045 21.472 1059.37
  6 0.055 21.574 1047.46
  7 0.065 21.89 1083.51
  8 0.075 21.796 1071.17
  9 0.085 21.9 1012.69
  10 0.095 21.93 1085.14
  11 0.105 21.62 1077.15
  12 0.115 20.9 1043.63
  13 0.125 20.302 1052.75
  14 0.135 19.968 1065.79
  15 0.145 20.514 1071.32
  16 0.155 21.19 1106.84
  17 0.165 21.622 1131.34
  18 0.175 21.854 1190.01
  19 0.185 21.8 1206.62
  20 0.195 21.824 1153.54
  21 0.205 21.648 1152.87
  22 0.215 21.562 1120.22
  23 0.225 21.468 1106.07
  24 0.235 21.046 1107.24
  25 0.245 20.418 1145.57
  26 0.255 19.9 1270.6
  27 0.265 20.008 1247.82
  28 0.275 20.134 1283.86
  29 0.285 20.688 1238.72
  30 0.295 21.206 1253.79
  31 0.305 21.416 1271.71
  32 0.315 21.672 1296.79
  33 0.325 21.626 1350.97
  34 0.335 21.82 1285.4
  35 0.345 21.76 1280.3
  36 0.355 21.484 1236.9
  37 0.365 21.176 1255.13
  38 0.375 20.338 1275.43
  39 0.385 20.27 1326.18
  40 0.395 20.67 1393.93
  41 0.405 20.824 1361.35
  42 0.415 21.416 1404.54
  43 0.425 21.63 1415.94
  44 0.435 21.848 1403.77
  45 0.445 21.696 1365.55
  46 0.455 21.492 1377.75
  47 0.465 21.438 1313.29
  48 0.475 21.036 1290.07
  49 0.485 20.482 1350.03
  50 0.495 19.958 1349.31
  51 0.505 19.706 1360.02
  52 0.515 20.074 1404.99
  53 0.525 20.72 1383.84
  54 0.535 21.162 1381.06
  55 0.545 21.456 1278.09
  56 0.555 21.658 1295.07
  57 0.565 21.818 1347.52
  58 0.575 21.788 1302.27
  59 0.585 21.79 1348.7
  60 0.595 21.456 1348.96
  61 0.605 20.872 1368.64
  62 0.615 19.534 1423.38
  63 0.625 20.068 1400.47
  64 0.635 20.614 1420.2
  65 0.645 21.692 1383.33
  66 0.655 21.764 1274.73
  67 0.665 21.914 1241.99
  68 0.675 21.722 1292.67
  69 0.685 21.542 1296.67
  70 0.695 21.584 1258.33
  71 0.705 21.13 1291.67
  72 0.715 20.7 1330.44
  73 0.725 20.248 1253.5
  74 0.735 19.614 1245.32
  75 0.745 20.01 1288.13
  76 0.755 20.534 1275.87
  77 0.765 21.128 1269.06
  78 0.775 21.302 1325.15
  79 0.785 21.44 1308.34
  80 0.795 21.742 1258.75
  81 0.805 21.718 1188.91
  82 0.815 21.826 1215.68
  83 0.825 21.674 1175.43
  84 0.835 21.414 1162.99
  85 0.845 20.912 1127.88
  86 0.855 20.478 1097.22
  87 0.865 20.272 1157.88
  88 0.875 20.876 1123.57
  89 0.885 21.164 1217.26
  90 0.895 21.32 1201.61
  91 0.905 21.83 1131.44
  92 0.915 21.806 1098.91
  93 0.925 21.658 1146.92
  94 0.935 21.702 1040.48
  95 0.945 21.664 1043.52
  96 0.955 21.432 1052.32
  97 0.965 21.018 1116.71
  98 0.975 20.686 1069.39
  99 0.985 20.256 1014.29
  100 0.995 19.986 1026.1
200000 100 2112
  1 0.005 20.072 1009.73
  2 0.015 20.488 1042.82
  3 0.025 21 1057.43
  4 0.035 21.384 1064.42
  5 0.045 21.43 1062.19
  6 0.055 21.674 1088.81
  7 0.065 21.752 1041.79
  8 0.075 21.792 1075.52
  9 0.085 21.91 1073.47
  10 0.095 21.938 1079.81
  11 0.105 21.598 1066.09
  12 0.115 21.086 1082.06
  13 0.125 20.212 1116
  14 0.135 20.072 1092.14
  15 0.145 20.332 1169.16
  16 0.155 21.054 1134.88
  17 0.165 21.73 1101.47
  18 0.175 21.86 1084.19
  19 0.185 21.886 1177.58
  20 0.195 21.81 1232.4
  21 0.205 21.586 1182.79
  22 0.215 21.724 1199.24
  23 0.225 21.39 1213.27
  24 0.235 20.98 1242.01
  25 0.245 20.516 1243.62
  26 0.255 19.852 1264.79
  27 0.265 20.232 1331.45
  28 0.275 20.216 1322.19
  29 0.285 20.544 1281.08
  30 0.295 21.208 1282.94
  31 0.305 21.272 1356.2
  32 0.315 21.516 1321.63
  33 0.325 21.76 1269.31
  34 0.335 21.682 1235.96
  35 0.345 21.818 1190.64
  36 0.355 21.228 1214.46
  37 0.365 21.272 1182.34
  38 0.375 20.594 1222.43
  39 0.385 20.534 1245.55
  40 0.395 20.364 1284.45
  41 0.405 21.038 1292.34
  42 0.415 21.196 1346.26
  43 0.425 21.654 1384.2
  44 0.435 21.838 1434.76
  45 0.445 21.574 1430.63
  46 0.455 21.658 1401.58
  47 0.465 21.294 1336.62
  48 0.475 20.838 1425.05
  49 0.485 20.488 1379.35
  50 0.495 19.702 1419.58
  51 0.505 19.748 1427.88
  52 0.515 20.214 1427.54
  53 0.525 20.702 1401.15
  54 0.535 21.392 1345.8
  55 0.545 21.494 1331.23
  56 0.555 21.696 1332.04
  57 0.565 21.722 1346.52
  58 0.575 21.846 1287.12
  59 0.585 21.938 1361.23
  60 0.595 21.34 1324.37
  61 0.605 20.402 1309.34
  62 0.615 19.66 1394.79
  63 0.625 19.938 1370.01
  64 0.635 21.182 1316.8
  65 0.645 21.536 1311.66
  66 0.655 21.9 1303.63
  67 0.665 21.95 1299.11
  68 0.675 21.592 1287.29
  69 0.685 21.698 1245.38
  70 0.695 21.55 1243.95
  71 0.705 21.24 1239.48
  72 0.715 20.744 1264.4
  73 0.725 20.168 1254.39
  74 0.735 19.676 1252.55
  75 0.745 19.908 1249.38
  76 0.755 20.548 1257.61
  77 0.765 21.018 1208.72
  78 0.775 21.272 1216.59
  79 0.785 21.416 1219.26
  80 0.795 21.82 1193.45
  81 0.805 21.772 1182.41
  82 0.815 21.75 1254.18
  83 0.825 21.518 1214.77
  84 0.835 21.346 1206.04
  85 0.845 20.536 1162.9
  86 0.855 20.568 1163.68
  87 0.865 20.676 1151.16
  88 0.875 21.018 1157.07
  89 0.885 21.094 1147.5
  90 0.895 21.5 1174.39
  91 0.905 21.624 1096.65
  92 0.915 21.824 1073.02
  93 0.925 21.718 1086.8
  94 0.935 21.778 1039.7
  95 0.945 21.434 1021.17
  96 0.955 21.558 1032.76
  97 0.965 21.216 1076.74
  98 0.975 20.742 1061.49
  99 0.985 20.276 1027.26
  100 0.995 20.094 1009.14
205000 100 2112
  1 0.005 20.144 1026.97
  2 0.015 20.602 1061.2
  3 0.025 20.922 1056.44
  4 0.035 21.278 1120.01
  5 0.045 21.502 1080.96
  6 0.055 21.722 1075.71
  7 0.065 21.58 1141.45
  8 0.075 21.918 1075.16
  9 0.085 21.868 1113.27
  10 0.095 21.834 1124.43
  11 0.105 21.64 1092.22
  12 0.115 21.098 1099.01
  13 0.125 20.192 1090.04
  14 0.135 19.976 1140.66
  15 0.145 20.446 1172.16
  16 0.155 21.048 1124.55
  17 0.165 21.748 1142.83
  18 0.175 21.904 1175.52
  19 0.185 21.856 1145.07
  20 0.195 21.832 1197.97
  21 0.205 21.67 1197.75
  22 0.215 21.46 1161.6
  23 0.225 21.564 1116.57
  24 0.235 20.986 1220.56
  25 0.245 20.416 1227.44
  26 0.255 19.894 1241.42
  27 0.265 19.694 1228.25
  28 0.275 20.39 1168.68
  29 0.285 20.714 1276.51
  30 0.295 21.114 1320.78
  31 0.305 21.468 1301.29
  32 0.315 21.602 1313.8
  33 0.325 21.742 1268.8
  34 0.335 21.74 1287.62
  35 0.345 21.672 1306.23
  36 0.355 21.338 1294.97
  37 0.365 21.022 1308.77
  38 0.375 20.67 1281.99
  39 0.385 20.378 1229.17
  40 0.395 20.514 1303.35
  41 0.405 20.874 1430.81
  42 0.415 21.478 1390.83
  43 0.425 21.866 1285.56
  44 0.435 21.69 1317.89
  45 0.445 21.794 1385.38
  46 0.455 21.582 1348.84
  47 0.465 21.108 1363
  48 0.475 21.118 1347.69
  49 0.485 20.41 1349.97
  50 0.495 20.004 1384.29
  51 0.505 19.734 1418.27
  52 0.515 20.046 1448.27
  53 0.525 20.714 1431.75
  54 0.535 21.216 1355.41
  55 0.545 21.536 1380.85
  56 0.555 21.6 1361.63
  57 0.565 21.748 1370.43
  58 0.575 21.868 1288.64
  59 0.585 21.828 1330.77
  60 0.595 21.36 1348.29
  61 0.605 20.53 1331.72
  62 0.615 19.886 1255.33
  63 0.625 20.128 1245.15
  64 0.635 20.756 1280.39
  65 0.645 21.504 1282.64
  66 0.655 21.944 1284.79
  67 0.665 21.796 1300.68
  68 0.675 21.778 1275.42
  69 0.685 21.466 1242.87
  70 0.695 21.6 1270.89
  71 0.705 21.286 1308.87
  72 0.715 20.752 1294.64
  73 0.725 20.07 1243.51
  74 0.735 19.914 1180.53
  75 0.745 19.9 1207.45
  76 0.755 20.452 1197.69
  77 0.765 21.092 1202.16
  78 0.775 21.148 1273.68
  79 0.785 21.668 1247.47
  80 0.795 21.616 1333.43
  81 0.805 21.826 1296.44
  82 0.815 21.754 1348.15
  83 0.825 21.682 1231.41
  84 0.835 21.482 1164.8
  85 0.845 20.816 1130.21
  86 0.855 20.542 1069.64
  87 0.865 20.406 1100.36
  88 0.875 20.576 1149.04
  89 0.885 21.05 1174.73
  90 0.895 21.492 1168.05
  91 0.905 21.832 1102.94
  92 0.915 21.734 1091.04
  93 0.925 21.898 1077.74
  94 0.935 21.61 1055.7
  95 0.945 21.598 1028.34
  96 0.955 21.59 1010.3
  97 0.965 21.186 1021.75
  98 0.975 20.598 1024.36
  99 0.985 20.29 1011.93
  100 0.995 20.02 1027.6
210000 100 2112
  1 0.005 20.048 993.329
  2 0.015 20.132 993.811
  3 0.025 20.95 1002.2
  4 0.035 21.352 1028
  5 0.045 21.6 1058.47
  6 0.055 21.552 1047.68
  7 0.065 21.71 1103.67
  8 0.075 21.768 1109.29
  9 0.085 21.888 1143.66
  10 0.095 21.854 1124.29
  11 0.105 21.52 1078.05
  12 0.115 21.136 1102.25
  13 0.125 20.108 1062.84
  14 0.135 19.824 1071.84
  15 0.145 20.51 1138.63
  16 0.155 21.404 1109.03
  17 0.165 21.684 1128.83
  18 0.175 21.794 1134
  19 0.185 21.894 1231.88
  20 0.195 21.694 1254.9
  21 0.205 21.628 1214.19
  22 0.215 21.524 1203.21
  23 0.225 21.242 1312.73
  24 0.235 20.696 1282.07
  25 0.245 20.27 1263.7
  26 0.255 19.822 1229.14
  27 0.265 20.06 1238.11
  28 0.275 20.502 1211.03
  29 0.285 21.002 1223.63
  30 0.295 21.21 1242.85
  31 0.305 21.448 1255.99
  32 0.315 21.628 1241.79
  33 0.325 21.782 1258.36
  34 0.335 21.924 1236.52
  35 0.345 21.724 1262.39
  36 0.355 21.298 1203.34
  37 0.365 21.032 1246.6
  38 0.375 20.216 1336.61
  39 0.385 20.424 1348.79
  40 0.395 20.416 1312.74
  41 0.405 21.162 1271.32
  42 0.415 21.53 1335.74
  43 0.425 21.88 1353.62
  44 0.435 21.742 1411.11
  45 0.445 21.634 1450.45
  46 0.455 21.548 1433.47
  47 0.465 21.228 1473.29
  48 0.475 20.834 1430.03
  49 0.485 20.288 1494.1
  50 0.495 19.744 1457.94
  51 0.505 19.786 1386.8
  52 0.515 20.258 1385.38
  53 0.525 20.892 1327.96
  54 0.535 21.314 1334.34
  55 0.545 21.632 1292.39
  56 0.555 21.64 1337.9
  57 0.565 21.69 1312.79
  58 0.575 21.93 1207.22
  59 0.585 21.71 1290.61
  60 0.595 21.346 1312.43
  61 0.605 20.812 1311
  62 0.615 19.654 1307.86
  63 0.625 20.078 1348.01
  64 0.635 20.94 1317.78
  65 0.645 21.65 1302.49
  66 0.655 21.692 1291.34
  67 0.665 21.84 1291.16
  68 0.675 21.846 1194.8
  69 0.685 21.742 1252.54
  70 0.695 21.32 1304.99
  71 0.705 21.47 1262.14
  72 0.715 20.998 1242.73
  73 0.725 20.482 1214.76
  74 0.735 19.728 1215.17
  75 0.745 19.81 1238.16
  76 0.755 20.28 1298.02
  77 0.765 20.74 1318.65
  78 0.775 21.188 1341.27
  79 0.785 21.604 1202.22
  80 0.795 21.604 1210.26
  81 0.805 21.722 1304.46
  82 0.815 21.84 1262.37
  83 0.825 21.716 1204.4
  84 0.835 21.436 1189.25
  85 0.845 20.94 1179.8
  86 0.855 20.35 1211.07
  87 0.865 20.362 1188.8
  88 0.875 20.8 1163.94
  89 0.885 21.092 1211.34
  90 0.895 21.328 1212.45
  91 0.905 21.768 1214.65
  92 0.915 21.808 1152.41
  93 0.925 21.754 1077.93
  94 0.935 21.778 1007.63
  95 0.945 21.612 1019.89
  96 0.955 21.396 1052.5
  97 0.965 21.336 1002.71
  98 0.975 20.992 974.553
  99 0.985 20.44 975.968
  100 0.995 19.994 972.119
215000 100 2112.0000000000005
  1 0.005 19.796 1025.52
  2 0.015 20.244 994.087
  3 0.025 21.202 1013.96
  4 0.035 21.308 1027.6
  5 0.045 21.638 1004.8
  6 0.055 21.488 1062.07
  7 0.065 21.778 1005.25
  8 0.075 21.912 983.02
  9 0.085 21.82 969.718
  10 0.095 21.942 975.727
  11 0.105 21.73 1002.69
  12 0.115 21.092 1035.78
  13 0.125 20.35 1023.97
  14 0.135 19.748 1061.77
  15 0.145 20.39 1083.18
  16 0.155 21.024 1152.45
  17 0.165 21.794 1182.74
  18 0.175 21.84 1225.99
  19 0.185 21.848 1218.17
  20 0.195 21.74 1200.13
  21 0.205 21.584 1205.56
  22 0.215 21.612 1233.3
  23 0.225 21.378 1214.66
  24 0.235 20.892 1270.42
  25 0.245 20.302 1298.28
  26 0.255 19.628 1301.89
  27 0.265 19.804 1277.15
  28 0.275 20.404 1175.35
  29 0.285 20.988 1175.93
  30 0.295 21.322 1179.74
  31 0.305 21.448 1186.68
  32 0.315 21.676 1260.08
  33 0.325 21.748 1240.14
  34 0.335 21.826 1251.88
  35 0.345 21.782 1295.47
  36 0.355 21.422 1356.48
  37 0.365 20.986 1362.77
  38 0.375 20.076 1354.11
  39 0.385 20.234 1374.97
  40 0.395 20.574 1359.77
  41 0.405 21.246 1429.32
  42 0.415 21.562 1345.14
  43 0.425 21.81 1357.96
  44 0.435 21.726 1368.19
  45 0.445 21.664 1372.99
  46 0.455 21.494 1430.91
  47 0.465 21.194 1381.3
  48 0.475 20.82 1422.78
  49 0.485 20.284 1449.79
  50 0.495 19.632 1454.07
  51 0.505 19.746 1415.21
  52 0.515 20.492 1366.09
  53 0.525 20.944 1322.99
  54 0.535 21.36 1328.75
  55 0.545 21.53 1348.63
  56 0.555 21.704 1296.41
  57 0.565 21.716 1269.23
  58 0.575 21.926 1277.22
  59 0.585 21.74 1218.11
  60 0.595 21.468 1247.14
  61 0.605 20.594 1413.35
  62 0.615 19.944 1349.59
  63 0.625 20.044 1405.93
  64 0.635 20.554 1410.35
  65 0.645 21.694 1388.15
  66 0.655 21.85 1461.37
  67 0.665 21.802 1325.69
  68 0.675 21.776 1336.93
  69 0.685 21.64 1276.08
  70 0.695 21.486 1284.58
  71 0.705 21.446 1318.85
  72 0.715 20.904 1275.53
  73 0.725 20.214 1263.42
  74 0.735 19.806 1275.81
  75 0.745 19.914 1210.72
  76 0.755 20.424 1183.74
  77 0.765 20.894 1228.14
  78 0.775 21.192 1335.12
  79 0.785 21.41 1273.48
  80 0.795 21.648 1248.1
  81 0.805 21.9 1222.88
  82 0.815 21.642 1258.91
  83 0.825 21.758 1222.03
  84 0.835 21.548 1184.7
  85 0.845 20.938 1186.59
  86 0.855 20.568 1192.15
  87 0.865 20.528 1156.97
  88 0.875 20.442 1140.59
  89 0.885 20.798 1153.45
  90 0.895 21.55 1070.92
  91 0.905 21.824 1068.79
  92 0.915 21.844 1087.58
  93 0.925 21.844 1106.64
  94 0.935 21.674 1118.33
  95 0.945 21.514 1096.88
  96 0.955 21.498 1076.33
  97 0.965 21.362 1103.45
  98 0.975 20.884 989.198
  99 0.985 20.262 1043.84
  100 0.995 19.958 1000.27
220000 100 2111.9999999999995
  1 0.005 19.85 1064.5
  2 0.015 20.28 1077.07
  3 0.025 21.07 1058.01
  4 0.035 21.416 1008.96
  5 0.045 21.69 975.578
  6 0.055 21.568 983.273
  7 0.065 21.73 990.145
  8 0.075 21.788 1010.52
  9 0.085 21.914 974.53
  10 0.095 21.964 1025.39
  11 0.105 21.6 1053.31
  12 0.115 21.06 1087.35
  13 0.125 20.404 1083.19
  14 0.135 19.966 1088.84
  15 0.145 20.14 1110.47
  16 0.155 21.36 1109.53
  17 0.165 21.6 1139.43
  18 0.175 21.798 1105.74
  19 0.185 21.946 1120.74
  20 0.195 21.78 1197.89
  21 0.205 21.596 1162.07
  22 0.215 21.67 1193.41
  23 0.225 21.394 1216.24
  24 0.235 21.09 1184.72
  25 0.245 20.494 1212.94
  26 0.255 20.198 1203.87
  27 0.265 19.518 1228.62
  28 0.275 20.038 1217.32
  29 0.285 20.95 1265.44
  30 0.295 21.058 1362.14
  31 0.305 21.428 1377.31
  32 0.315 21.522 1335.6
  33 0.325 21.776 1323.09
  34 0.335 21.74 1330.39
  35 0.345 21.742 1292.54
  36 0.355 21.382 1407.77
  37 0.365 20.962 1338.79
  38 0.375 20.256 1334.7
  39 0.385 20.312 1343.31
  40 0.395 20.648 1361.33
  41 0.405 21.092 1429.42
  42 0.415 21.486 1379.56
  43 0.425 21.808 1365.91
  44 0.435 21.832 1398.1
  45 0.445 21.47 1407.1
  46 0.455 21.538 1348.3
  47 0.465 21.4 1303.69
  48 0.475 20.866 1291.14
  49 0.485 20.414 1356.14
  50 0.495 19.77 1403.22
  51 0.505 19.652 1355.49
  52 0.515 20.296 1396.46
  53 0.525 20.998 1422.37
  54 0.535 21.222 1397.95
  55 0.545 21.468 1361.92
  56 0.555 21.636 1334.74
  57 0.565 21.728 1317.09
  58 0.575 21.956 1243.21
  59 0.585 21.758 1294.28
  60 0.595 21.312 1344.03
  61 0.605 20.85 1320.38
  62 0.615 19.928 1386.98
  63 0.625 19.716 1455.99
  64 0.635 20.98 1440.78
  65 0.645 21.472 1408.8
  66 0.655 21.886 1390.08
  67 0.665 21.782 1410.75
  68 0.675 21.694 1427.76
  69 0.685 21.672 1375.86
  70 0.695 21.38 1338.41
  71 0.705 21.17 1345.63
  72 0.715 20.948 1255.5
  73 0.725 20.118 1238.28
  74 0.735 19.722 1307.77
  75 0.745 19.826 1260.78
  76 0.755 20.376 1164.42
  77 0.765 21.222 1173.38
  78 0.775 21.37 1196.69
  79 0.785 21.59 1209.39
  80 0.795 21.588 1218.13
  81 0.805 21.818 1276.07
  82 0.815 21.84 1178.59
  83 0.825 21.674 1175.21
  84 0.835 21.406 1193.93
  85 0.845 20.644 1186.55
  86 0.855 20.674 1162.01
  87 0.865 20.462 1150.88
  88 0.875 20.506 1150.15
  89 0.885 21.074 1111.91
  90 0.895 21.732 1081.26
  91 0.905 21.676 1074.56
  92 0.915 21.838 1006.26
  93 0.925 21.864 970.694
  94 0.935 21.784 1007.92
  95 0.945 21.52 1030.69
  96 0.955 21.482 1083.28
  97 0.965 21.104 1150.29
  98 0.975 20.848 1113.44
  99 0.985 20.504 1052.75
  100 0.995 19.86 1033.89
225000 100 2112
  1 0.005 19.894 1027.95
  2 0.015 20.638 1022.87
  3 0.025 21.154 1047.51
  4 0.035 21.46 1013.88
  5 0.045 21.664 957.009
  6 0.055 21.58 1005.01
  7 0.065 21.726 917.245
  8 0.075 21.828 1015.03
  9 0.085 21.98 977.637
  10 0.095 21.868 927.345
  11 0.105 21.686 984.079
  12 0.115 21.212 1026.96
  13 0.125 20.528 1068.68
  14 0.135 19.866 1057.69
  15 0.145 20.366 1075.69
  16 0.155 20.85 1090.15
  17 0.165 21.672 1102.31
  18 0.175 21.852 1110.02
  19 0.185 21.882 1103.29
  20 0.195 21.794 1128.9
  21 0.205 21.676 1149.84
  22 0.215 21.576 1225.32
  23 0.225 21.474 1180.26
  24 0.235 21.074 1234.53
  25 0.245 20.502 1265.94
  26 0.255 20.076 1292.22
  27 0.265 20.148 1266.85
  28 0.275 20.164 1313.85
  29 0.285 20.46 1376.49
  30 0.295 20.99 1374.4
  31 0.305 21.314 1381.84
  32 0.315 21.676 1354.37
  33 0.325 21.564 1409.97
  34 0.335 21.824 1345.96
  35 0.345 21.504 1300.97
  36 0.355 21.604 1322.24
  37 0.365 20.716 1284.84
  38 0.375 20.396 1299.99
  39 0.385 20.376 1315.74
  40 0.395 20.9 1301.55
  41 0.405 20.894 1316.45
  42 0.415 21.582 1318.59
  43 0.425 21.698 1301.08
  44 0.435 21.81 1345.88
  45 0.445 21.654 1299.51
  46 0.455 21.514 1323.75
  47 0.465 21.508 1305.94
  48 0.475 21.014 1366.43
  49 0.485 20.524 1412.23
  50 0.495 19.836 1367.72
  51 0.505 19.53 1476.42
  52 0.515 20.054 1436.45
  53 0.525 20.912 1476
  54 0.535 21.154 1525.15
  55 0.545 21.454 1438.57
  56 0.555 21.634 1391.4
  57 0.565 21.76 1399.25
  58 0.575 21.786 1417.24
  59 0.585 21.762 1402.74
  60 0.595 21.276 1362.8
  61 0.605 20.442 1276.43
  62 0.615 20.072 1255.96
  63 0.625 19.85 1317.65
  64 0.635 21.08 1330.86
  65 0.645 21.504 1313.7
  66 0.655 21.984 1346.03
  67 0.665 21.758 1314.62
  68 0.675 21.732 1288.37
  69 0.685 21.638 1274.59
  70 0.695 21.38 1279.43
  71 0.705 21.052 1302.91
  72 0.715 20.668 1276.07
  73 0.725 20.176 1308.29
  74 0.735 20.034 1266.55
  75 0.745 20.03 1259.35
  76 0.755 20.536 1232.36
  77 0.765 20.98 1231.98
  78 0.775 21.376 1200.43
  79 0.785 21.434 1214.15
  80 0.795 21.742 1174.36
  81 0.805 21.788 1139.56
  82 0.815 21.872 1177.04
  83 0.825 21.574 1209.09
  84 0.835 21.262 1220.46
  85 0.845 20.828 1199.76
  86 0.855 20.388 1221.41
  87 0.865 20.504 1152.36
  88 0.875 20.882 1190.15
  89 0.885 21.17 1147.78
  90 0.895 21.532 1112.53
  91 0.905 21.712 1121.12
  92 0.915 21.744 1164.77
  93 0.925 21.778 1147.41
  94 0.935 21.678 1139.35
  95 0.945 21.514 1046.28
  96 0.955 21.52 1064.48
  97 0.965 21.2 1081.7
  98 0.975 20.714 1072.81
  99 0.985 20.248 1067.3
  100 0.995 19.754 1056.15
230000 100 2111.999999999999
  1 0.005 19.982 1040.24
  2 0.015 20.598 1033.58
  3 0.025 21.13 1054.44
  4 0.035 21.266 1046.69
  5 0.045 21.668 987.796
  6 0.055 21.642 969.368
  7 0.065 21.694 966.436
  8 0.075 21.872 1016.58
  9 0.085 21.93 1037.61
  10 0.095 21.87 1026.36
  11 0.105 21.78 1048.58
  12 0.115 21.122 1012.48
  13 0.125 20.418 1092.62
  14 0.135 19.98 1067.16
  15 0.145 20.43 1082.5
  16 0.155 20.904 1153.27
  17 0.165 21.536 1103.77
  18 0.175 21.864 1092.02
  19 0.185 21.87 1148.72
  20 0.195 21.862 1123.97
  21 0.205 21.654 1203.59
  22 0.215 21.61 1211.08
  23 0.225 21.424 1242.26
  24 0.235 21.02 1191.47
  25 0.245 20.67 1236.88
  26 0.255 20.188 1217.28
  27 0.265 20.036 1157.72
  28 0.275 20.216 1261.21
  29 0.285 20.386 1315.84
  30 0.295 21.052 1330.05
  31 0.305 21.31 1347.13
  32 0.315 21.464 1339.91
  33 0.325 21.714 1323.36
  34 0.335 21.784 1308.26
  35 0.345 21.644 1361.51
  36 0.355 21.46 1336.86
  37 0.365 20.936 1420.37
  38 0.375 20.642 1330.99
  39 0.385 20.45 1356.9
  40 0.395 20.742 1358.78
  41 0.405 20.984 1276.74
  42 0.415 21.238 1318.83
  43 0.425 21.46 1367.01
  44 0.435 21.932 1369.99
  45 0.445 21.61 1372.51
  46 0.455 21.55 1276.79
  47 0.465 21.358 1325.5
  48 0.475 21.144 1371.33
  49 0.485 20.384 1421.51
  50 0.495 19.53 1476.98
  51 0.505 19.6 1517.53
  52 0.515 20.202 1413.12
  53 0.525 20.838 1390.8
  54 0.535 21.178 1369.62
  55 0.545 21.682 1327.63
  56 0.555 21.558 1410.26
  57 0.565 21.762 1391.57
  58 0.575 21.93 1328.15
  59 0.585 21.706 1376.66
  60 0.595 21.074 1371.69
  61 0.605 20.396 1380.06
  62 0.615 19.608 1338.15
  63 0.625 20.466 1317.64
  64 0.635 21.144 1253.08
  65 0.645 21.564 1274.25
  66 0.655 21.938 1219.47
  67 0.665 21.774 1289.69
  68 0.675 21.82 1294
  69 0.685 21.514 1351.33
  70 0.695 21.47 1303.17
  71 0.705 21.182 1232
  72 0.715 20.674 1208.53
  73 0.725 20.012 1200.49
  74 0.735 19.878 1275.32
  75 0.745 20.158 1252.18
  76 0.755 20.416 1245.73
  77 0.765 21.118 1156.56
  78 0.775 21.37 1229.22
  79 0.785 21.434 1301.68
  80 0.795 21.692 1319.11
  81 0.805 21.788 1279.31
  82 0.815 21.78 1285.58
  83 0.825 21.568 1291.81
  84 0.835 21.294 1250.6
  85 0.845 20.652 1167.28
  86 0.855 20.364 1155.64
  87 0.865 20.738 1165.78
  88 0.875 20.924 1145.33
  89 0.885 21.258 1129.3
  90 0.895 21.46 1097.69
  91 0.905 21.768 1107.31
  92 0.915 21.788 1088.29
  93 0.925 21.598 1097.5
  94 0.935 21.752 1071.48
  95 0.945 21.612 1047.09
  96 0.955 21.45 1083.52
  97 0.965 21.238 1063.07
  98 0.975 20.718 1060.09
  99 0.985 20.2 1037.35
  100 0.995 19.882 1059.83
235000 100 2112
  1 0.005 20.226 1062.37
  2 0.015 20.506 1024.39
  3 0.025 21.258 1055.39
  4 0.035 21.286 1086.53
  5 0.045 21.722 1068.12
  6 0.055 21.532 1084.65
  7 0.065 21.706 1046.77
  8 0.075 21.91 1046.29
  9 0.085 21.878 1064.75
  10 0.095 21.902 1049.75
  11 0.105 21.656 1039.61
  12 0.115 20.81 1054.55
  13 0.125 20.628 1050.44
  14 0.135 19.878 1081.93
  15 0.145 20.728 1040.42
  16 0.155 20.974 1100.29
  17 0.165 21.532 1138.11
  18 0.175 21.858 1149.12
  19 0.185 21.902 1117.93
  20 0.195 21.714 1195.86
  21 0.205 21.74 1197.5
  22 0.215 21.638 1188.23
  23 0.225 21.506 1135.59
  24 0.235 20.94 1155.17
  25 0.245 20.496 1208.07
  26 0.255 20.16 1284.69
  27 0.265 20.198 1263.18
  28 0.275 20.086 1308.24
  29 0.285 20.548 1295.65
  30 0.295 21.038 1277.57
  31 0.305 21.304 1255.41
  32 0.315 21.604 1260.23
  33 0.325 21.65 1329.79
  34 0.335 21.71 1324.31
  35 0.345 21.786 1318.11
  36 0.355 21.332 1326.25
  37 0.365 20.786 1413.43
  38 0.375 20.606 1325.99
  39 0.385 20.39 1394.88
  40 0.395 20.656 1418.76
  41 0.405 21.03 1431.68
  42 0.415 21.504 1406.88
  43 0.425 21.596 1399.08
  44 0.435 21.756 1324.38
  45 0.445 21.702 1254.63
  46 0.455 21.374 1325.79
  47 0.465 21.4 1334.6
  48 0.475 20.968 1290.97
  49 0.485 20.472 1287.64
  50 0.495 19.91 1366.78
  51 0.505 19.582 1309.67
  52 0.515 20.212 1405.38
  53 0.525 20.76 1411.27
  54 0.535 21.188 1392.99
  55 0.545 21.672 1386.12
  56 0.555 21.586 1322.44
  57 0.565 21.678 1321.06
  58 0.575 21.966 1329.88
  59 0.585 21.706 1328.81
  60 0.595 21.332 1361.98
  61 0.605 20.35 1377.58
  62 0.615 20.012 1365.08
  63 0.625 20.126 1366.51
  64 0.635 20.83 1404.56
  65 0.645 21.524 1332.15
  66 0.655 21.932 1287.41
  67 0.665 21.846 1326.35
  68 0.675 21.648 1309.41
  69 0.685 21.542 1272.22
  70 0.695 21.52 1285.08
  71 0.705 21.196 1332.4
  72 0.715 20.526 1376.4
  73 0.725 20.226 1311.37
  74 0.735 19.876 1315.93
  75 0.745 20.252 1282.92
  76 0.755 20.498 1202.3
  77 0.765 21.068 1200.09
  78 0.775 21.202 1269.73
  79 0.785 21.442 1206.76
  80 0.795 21.724 1214.53
  81 0.805 21.77 1195.18
  82 0.815 21.784 1238.01
  83 0.825 21.618 1191.36
  84 0.835 21.296 1180.9
  85 0.845 20.742 1128.93
  86 0.855 20.456 1114.03
  87 0.865 20.616 1135.89
  88 0.875 20.794 1143.27
  89 0.885 21.254 1136.84
  90 0.895 21.418 1088.12
  91 0.905 21.772 1142.53
  92 0.915 21.752 1136.98
  93 0.925 21.67 1096.53
  94 0.935 21.76 1114.41
  95 0.945 21.46 1093.76
  96 0.955 21.66 1007.17
  97 0.965 21.014 1015.81
  98 0.975 20.596 1069.7
  99 0.985 20.286 1090.65
  100 0.995 19.768 1107.13
240000 100 2112.0000000000005
  1 0.005 19.958 1099.2
  2 0.015 20.214 1128.94
  3 0.025 20.762 1071.95
  4 0.035 21.366 1052.52
  5 0.045 21.494 999.102
  6 0.055 21.552 1052.47
  7 0.065 21.628 1024.06
  8 0.075 21.89 1036.23
  9 0.085 21.82 1076.47
  10 0.095 21.946 1030.86
  11 0.105 21.666 999.778
  12 0.115 21.126 1064.61
  13 0.125 20.318 1071.09
  14 0.135 20.102 1104.05
  15 0.145 20.196 1076.9
  16 0.155 21.118 1132.52
  17 0.165 21.682 1155.08
  18 0.175 21.682 1226.7
  19 0.185 21.956 1197.54
  20 0.195 21.63 1255.24
  21 0.205 21.622 1204.82
  22 0.215 21.59 1170.77
  23 0.225 21.334 1191.89
  24 0.235 20.942 1146.02
  25 0.245 20.444 1148.2
  26 0.255 19.99 1239.47
  27 0.265 19.978 1244.23
  28 0.275 20.372 1282.19
  29 0.285 20.868 1291.26
  30 0.295 20.996 1288.2
  31 0.305 21.338 1335.83
  32 0.315 21.686 1255.52
  33 0.325 21.658 1318
  34 0.335 21.844 1324.35
  35 0.345 21.724 1356.05
  36 0.355 21.22 1384.85
  37 0.365 20.512 1434.29
  38 0.375 20.342 1406.75
  39 0.385 20.418 1427.49
  40 0.395 20.838 1395.26
  41 0.405 21.21 1370.45
  42 0.415 21.63 1388.2
  43 0.425 21.766 1331.09
  44 0.435 21.728 1332.67
  45 0.445 21.524 1348.11
  46 0.455 21.596 1306.64
  47 0.465 21.186 1329.32
  48 0.475 20.898 1297.42
  49 0.485 20.008 1388.7
  50 0.495 19.908 1378.36
  51 0.505 19.844 1352.4
  52 0.515 20.372 1347.52
  53 0.525 20.994 1384.26
  54 0.535 21.378 1331.25
  55 0.545 21.462 1399.88
  56 0.555 21.722 1313.85
  57 0.565 21.754 1360.32
  58 0.575 21.916 1300.69
  59 0.585 21.78 1261.29
  60 0.595 21.686 1206.54
  61 0.605 20.428 1285.55
  62 0.615 19.908 1335.13
  63 0.625 20.14 1287.55
  64 0.635 20.694 1369.67
  65 0.645 21.416 1396.5
  66 0.655 21.752 1439.59
  67 0.665 21.906 1445.32
  68 0.675 21.668 1377.75
  69 0.685 21.716 1378.26
  70 0.695 21.404 1350.16
  71 0.705 21.276 1240.69
  72 0.715 20.69 1260.07
  73 0.725 20.142 1288.3
  74 0.735 19.95 1238.47
  75 0.745 19.934 1300.33
  76 0.755 20.552 1287.18
  77 0.765 20.798 1307.47
  78 0.775 21.372 1228.76
  79 0.785 21.566 1257.31
  80 0.795 21.648 1181.07
  81 0.805 21.746 1208.08
  82 0.815 21.778 1175.69
  83 0.825 21.696 1098.36
  84 0.835 21.474 1114.47
  85 0.845 20.83 1077.76
  86 0.855 20.534 1139.29
  87 0.865 20.392 1117.14
  88 0.875 20.932 1086.42
  89 0.885 21.088 1056.01
  90 0.895 21.42 1073.66
  91 0.905 21.666 1025.88
  92 0.915 21.804 1130.19
  93 0.925 21.72 1024.81
  94 0.935 21.798 1056.2
  95 0.945 21.684 1116.16
  96 0.955 21.502 1122.01
  97 0.965 21.218 1091.63
  98 0.975 20.936 1124.54
  99 0.985 20.54 1109.61
  100 0.995 20.098 1082.17
245000 100 2112
  1 0.005 19.962 1045.48
  2 0.015 20.33 1059.88
  3 0.025 20.856 1087.37
  4 0.035 21.224 1029.02
  5 0.045 21.674 1055.74
  6 0.055 21.504 1059.05
  7 0.065 21.782 1014.53
  8 0.075 21.81 1079.11
  9 0.085 21.86 1097.54
  10 0.095 21.944 1001.02
  11 0.105 21.488 1045.43
  12 0.115 20.968 1075.11
  13 0.125 20.248 1063.58
  14 0.135 20.21 1093.35
  15 0.145 20.432 1129.09
  16 0.155 21.392 1145.28
  17 0.165 21.464 1213.46
  18 0.175 21.85 1201.81
  19 0.185 21.672 1231.82
  20 0.195 21.658 1207.75
  21 0.205 21.638 1145.63
  22 0.215 21.55 1142.23
  23 0.225 21.196 1097.39
  24 0.235 20.654 1135.42
  25 0.245 20.3 1151.23
  26 0.255 20.4 1157.03
  27 0.265 20.436 1208.36
  28 0.275 20.528 1211.2
  29 0.285 20.642 1251.65
  30 0.295 21.08 1284.3
  31 0.305 21.378 1332.13
  32 0.315 21.508 1315.65
  33 0.325 21.734 1303.55
  34 0.335 21.614 1291.96
  35 0.345 21.744 1270.28
  36 0.355 21.08 1358.56
  37 0.365 20.732 1353.41
  38 0.375 20.428 1407.26
  39 0.385 20.854 1350.51
  40 0.395 20.616 1441.6
  41 0.405 21.166 1412.89
  42 0.415 21.432 1501.99
  43 0.425 21.86 1415.68
  44 0.435 21.608 1442.72
  45 0.445 21.728 1335.73
  46 0.455 21.51 1334.2
  47 0.465 21.18 1372.18
  48 0.475 20.832 1419.41
  49 0.485 20.334 1352.82
  50 0.495 19.718 1418.02
  51 0.505 19.724 1433.92
  52 0.515 20.402 1405.08
  53 0.525 20.898 1370.99
  54 0.535 21.298 1369.37
  55 0.545 21.596 1302.88
  56 0.555 21.606 1316.34
  57 0.565 21.848 1263.56
  58 0.575 21.8 1275.78
  59 0.585 21.786 1327.54
  60 0.595 21.422 1246.71
  61 0.605 20.45 1320.49
  62 0.615 19.938 1303.02
  63 0.625 20.248 1308.4
  64 0.635 21.026 1314.36
  65 0.645 21.382 1346.72
  66 0.655 21.732 1372.8
  67 0.665 21.77 1445.95
  68 0.675 21.728 1299.57
  69 0.685 21.62 1277
  70 0.695 21.564 1243.66
  71 0.705 21.178 1305.45
  72 0.715 20.682 1300.69
  73 0.725 20.312 1305.72
  74 0.735 20.16 1356.65
  75 0.745 20.124 1309.43
  76 0.755 20.386 1292.64
  77 0.765 20.856 1213.33
  78 0.775 21.292 1187.76
  79 0.785 21.364 1189.67
  80 0.795 21.662 1187.13
  81 0.805 21.798 1166.23
  82 0.815 21.64 1178.2
  83 0.825 21.526 1152
  84 0.835 21.352 1190.69
  85 0.845 21.06 1197.88
  86 0.855 20.914 1167.25
  87 0.865 20.76 1152.99
  88 0.875 20.85 1145.37
  89 0.885 21.066 1145.2
  90 0.895 20.944 1103.73
  91 0.905 21.588 1120.05
  92 0.915 21.544 1092.36
  93 0.925 22.004 1077.97
  94 0.935 21.546 1106.52
  95 0.945 21.78 1068.57
  96 0.955 21.436 1090.74
  97 0.965 21.17 1117.52
  98 0.975 20.832 1076.52
  99 0.985 20.36 1049.58
  100 0.995 20.168 1029.29
250000 100 2112
  1 0.005 19.852 1044.82
  2 0.015 20.568 991.896
  3 0.025 21.092 1008.74
  4 0.035 21.416 1003.36
  5 0.045 21.476 1021.66
  6 0.055 21.578 1056.12
  7 0.065 21.812 1098.99
  8 0.075 21.77 1084.51
  9 0.085 21.966 993.125
  10 0.095 21.834 1033.65
  11 0.105 21.46 1076.08
  12 0.115 20.71 1102.09
  13 0.125 20.432 1139.56
  14 0.135 19.998 1119.21
  15 0.145 20.818 1149.67
  16 0.155 21.334 1151.15
  17 0.165 21.492 1137.58
  18 0.175 21.824 1144.92
  19 0.185 21.718 1142.77
  20 0.195 21.818 1164.99
  21 0.205 21.586 1213.24
  22 0.215 21.572 1194.47
  23 0.225 21.32 1127.13
  24 0.235 20.714 1176.04
  25 0.245 20.498 1108.88
  26 0.255 20.162 1177.94
  27 0.265 20.306 1209.55
  28 0.275 20.362 1220.86
  29 0.285 20.844 1249.45
  30 0.295 20.986 1283.23
  31 0.305 21.254 1292.65
  32 0.315 21.55 1371.58
  33 0.325 21.704 1300.73
  34 0.335 21.852 1334.38
  35 0.345 21.606 1358.95
  36 0.355 21.226 1383.22
  37 0.365 20.568 1418.28
  38 0.375 20.422 1368.53
  39 0.385 20.554 1309.75
  40 0.395 21.086 1249.44
  41 0.405 21.128 1287.79
  42 0.415 21.35 1340.9
  43 0.425 21.608 1326.28
  44 0.435 21.792 1351.09
  45 0.445 21.528 1344.4
  46 0.455 21.576 1437.6
  47 0.465 21.036 1519.43
  48 0.475 20.568 1514.55
  49 0.485 20.164 1505.38
  50 0.495 19.834 1480.59
  51 0.505 19.84 1426.04
  52 0.515 20.49 1412.7
  53 0.525 21.09 1290.92
  54 0.535 21.452 1239.48
  55 0.545 21.516 1229.01
  56 0.555 21.73 1249.7
  57 0.565 21.828 1254.3
  58 0.575 21.926 1289.06
  59 0.585 21.752 1321.61
  60 0.595 21.58 1292.42
  61 0.605 20.434 1305.15
  62 0.615 20.146 1385.29
  63 0.625 20.322 1398.04
  64 0.635 20.688 1402.33
  65 0.645 21.43 1322.76
  66 0.655 21.518 1323.45
  67 0.665 21.75 1297.46
  68 0.675 21.772 1239.68
  69 0.685 21.678 1294.13
  70 0.695 21.53 1342.26
  71 0.705 21.098 1361.42
  72 0.715 20.778 1347.26
  73 0.725 20.356 1330.08
  74 0.735 20.174 1289.8
  75 0.745 20.302 1239.95
  76 0.755 20.42 1213.6
  77 0.765 20.754 1164.9
  78 0.775 21.086 1241.06
  79 0.785 21.414 1212.47
  80 0.795 21.562 1163.53
  81 0.805 21.7 1146.28
  82 0.815 21.676 1203.79
  83 0.825 21.634 1168.21
  84 0.835 21.246 1115.12
  85 0.845 21.128 1156.27
  86 0.855 20.72 1166.14
  87 0.865 20.884 1124.51
  88 0.875 20.788 1131.41
  89 0.885 20.804 1192.85
  90 0.895 21.336 1200.05
  91 0.905 21.402 1245.72
  92 0.915 21.804 1224.4
  93 0.925 21.726 1178.95
  94 0.935 21.678 1178.59
  95 0.945 21.61 1160.93
  96 0.955 21.508 1050.54
  97 0.965 21.14 1065.51
  98 0.975 20.672 1077.86
  99 0.985 20.212 1052.14
  100 0.995 20.192 1036.93
255000 100 2112
  1 0.005 20.35 993.592
  2 0.015 20.552 1041.56
  3 0.025 20.992 1020.71
  4 0.035 21.324 1043.54
  5 0.045 21.512 1061.02
  6 0.055 21.604 1121.2
  7 0.065 21.726 1140.18
  8 0.075 21.844 1129.75
  9 0.085 21.932 1112.41
  10 0.095 21.68 1115.58
  11 0.105 21.612 1087.36
  12 0.115 20.926 1099.03
  13 0.125 20.086 1120.92
  14 0.135 20.156 1096.3
  15 0.145 20.654 1077.58
  16 0.155 21.554 1051.48
  17 0.165 21.572 1069.78
  18 0.175 21.684 1106.45
  19 0.185 21.87 1168.67
  20 0.195 21.65 1178.8
  21 0.205 21.676 1196.44
  22 0.215 21.51 1200.65
  23 0.225 21.354 1180.78
  24 0.235 20.93 1119.16
  25 0.245 20.112 1161.79
  26 0.255 20.162 1206.21
  27 0.265 20.344 1209.74
  28 0.275 20.432 1202.8
  29 0.285 20.92 1222.51
  30 0.295 20.916 1206.95
  31 0.305 21.246 1322
  32 0.315 21.61 1298.84
  33 0.325 21.678 1341.26
  34 0.335 21.674 1313.08
  35 0.345 21.792 1373.1
  36 0.355 21.138 1460.01
  37 0.365 20.858 1373.13
  38 0.375 20.466 1324.62
  39 0.385 20.99 1323.83
  40 0.395 20.488 1340.76
  41 0.405 20.97 1300.37
  42 0.415 21.436 1343.68
  43 0.425 21.638 1389
  44 0.435 21.702 1430.39
  45 0.445 21.6 1430.8
  46 0.455 21.628 1453.43
  47 0.465 21.262 1401.37
  48 0.475 20.928 1430.17
  49 0.485 20.246 1460.78
  50 0.495 20.238 1391.58
  51 0.505 19.806 1355.96
  52 0.515 20.268 1344.91
  53 0.525 20.632 1340.23
  54 0.535 21.192 1377.59
  55 0.545 21.448 1293.73
  56 0.555 21.68 1302.36
  57 0.565 21.81 1305.84
  58 0.575 21.75 1331.05
  59 0.585 21.73 1346.05
  60 0.595 21.3 1300.76
  61 0.605 20.46 1370.2
  62 0.615 20.206 1295.54
  63 0.625 20.172 1304.2
  64 0.635 21.018 1367.38
  65 0.645 21.37 1349.8
  66 0.655 21.642 1395.04
  67 0.665 21.784 1300.79
  68 0.675 21.832 1314.41
  69 0.685 21.418 1318.78
  70 0.695 21.552 1242.44
  71 0.705 21.108 1273.7
  72 0.715 20.716 1232.21
  73 0.725 20.008 1255.3
  74 0.735 20.162 1219.62
  75 0.745 20.316 1258.48
  76 0.755 20.616 1292.11
  77 0.765 20.89 1221.48
  78 0.775 21.246 1191.63
  79 0.785 21.312 1227.85
  80 0.795 21.74 1190.98
  81 0.805 21.766 1188.86
  82 0.815 21.67 1224.81
  83 0.825 21.634 1183.73
  84 0.835 21.316 1180.77
  85 0.845 20.876 1173.5
  86 0.855 20.556 1173.03
  87 0.865 20.658 1189.59
  88 0.875 20.804 1224.1
  89 0.885 21.14 1117.25
  90 0.895 21.286 1140.52
  91 0.905 21.666 1141.52
  92 0.915 21.728 1157.56
  93 0.925 21.764 1145.55
  94 0.935 21.728 1117.11
  95 0.945 21.478 1128.07
  96 0.955 21.552 1078.76
  97 0.965 21.098 1078.43
  98 0.975 20.664 1064.05
  99 0.985 20.132 1014.14
  100 0.995 20.076 1056.3
260000 100 2112
  1 0.005 20.37 1063.51
  2 0.015 20.842 1008.84
  3 0.025 20.97 1031.29
  4 0.035 21.334 1027
  5 0.045 21.428 1019.41
  6 0.055 21.73 1052.43
  7 0.065 21.746 1060.78
  8 0.075 21.836 1093.41
  9 0.085 21.898 1041.79
  10 0.095 21.766 1142.81
  11 0.105 21.464 1101.92
  12 0.115 21.01 1063.92
  13 0.125 20.094 1115.05
  14 0.135 20.312 1106.46
  15 0.145 20.61 1153.39
  16 0.155 21.324 1165.58
  17 0.165 21.55 1194.04
  18 0.175 21.73 1220.37
  19 0.185 21.85 1185.49
  20 0.195 21.784 1177.03
  21 0.205 21.642 1167.93
  22 0.215 21.428 1258.05
  23 0.225 21.254 1219.89
  24 0.235 20.826 1171.32
  25 0.245 20.354 1182.59
  26 0.255 20.408 1220.59
  27 0.265 20.366 1293.91
  28 0.275 20.38 1333.66
  29 0.285 20.626 1322.66
  30 0.295 20.948 1292.57
  31 0.305 21.374 1283.84
  32 0.315 21.616 1271.08
  33 0.325 21.652 1359.37
  34 0.335 21.652 1329.06
  35 0.345 21.61 1333.14
  36 0.355 21.212 1295.22
  37 0.365 20.922 1285.04
  38 0.375 20.874 1308.7
  39 0.385 20.91 1268.86
  40 0.395 20.564 1281.29
  41 0.405 20.922 1284.53
  42 0.415 21.324 1340.71
  43 0.425 21.48 1381.36
  44 0.435 21.7 1392.27
  45 0.445 21.708 1323.64
  46 0.455 21.412 1379.98
  47 0.465 21.326 1365.87
  48 0.475 21.086 1287.35
  49 0.485 20.386 1327.45
  50 0.495 19.942 1392.68
  51 0.505 20.042 1400.63
  52 0.515 20.174 1388.26
  53 0.525 20.752 1323.74
  54 0.535 21.136 1290.16
  55 0.545 21.566 1317.51
  56 0.555 21.44 1309.31
  57 0.565 21.644 1322.84
  58 0.575 21.976 1354.64
  59 0.585 21.68 1331.36
  60 0.595 21.402 1316.52
  61 0.605 20.762 1293.32
  62 0.615 20 1246.38
  63 0.625 19.996 1273.3
  64 0.635 20.698 1336.54
  65 0.645 21.562 1293.21
  66 0.655 21.696 1438.26
  67 0.665 21.794 1345.1
  68 0.675 21.652 1361.38
  69 0.685 21.654 1273.7
  70 0.695 21.462 1183.44
  71 0.705 21.244 1230.44
  72 0.715 20.73 1198.49
  73 0.725 20.026 1171.97
  74 0.735 20.154 1219.89
  75 0.745 20.308 1240.14
  76 0.755 20.53 1293.63
  77 0.765 20.818 1267.21
  78 0.775 21.068 1190.6
  79 0.785 21.596 1195.99
  80 0.795 21.562 1216.29
  81 0.805 21.782 1233.09
  82 0.815 21.746 1225.83
  83 0.825 21.536 1227.61
  84 0.835 21.116 1219.18
  85 0.845 20.794 1189.81
  86 0.855 20.57 1197.91
  87 0.865 20.93 1190.04
  88 0.875 21.052 1192.6
  89 0.885 21.026 1172.11
  90 0.895 21.204 1137.83
  91 0.905 21.63 1190.35
  92 0.915 21.79 1158.01
  93 0.925 21.748 1185.72
  94 0.935 21.686 1151.37
  95 0.945 21.476 1176.34
  96 0.955 21.33 1139.99
  97 0.965 20.98 1052.54
  98 0.975 20.58 1034.19
  99 0.985 20.21 1081.88
  100 0.995 20.138 1137.87
265000 100 2112
  1 0.005 20.456 1020.39
  2 0.015 20.708 1027.45
  3 0.025 20.986 1074.89
  4 0.035 21.336 1086.07
  5 0.045 21.48 1123.09
  6 0.055 21.546 1126.63
  7 0.065 21.792 1127.98
  8 0.075 21.834 1101.92
  9 0.085 21.844 1115.58
  10 0.095 21.728 1057.44
  11 0.105 21.55 991.789
  12 0.115 21.04 1087.12
  13 0.125 20.592 1043.52
  14 0.135 20.164 1062.87
  15 0.145 20.556 1135.75
  16 0.155 21.1 1129.53
  17 0.165 21.436 1150.14
  18 0.175 21.84 1200.83
  19 0.185 21.81 1209.3
  20 0.195 21.672 1244.11
  21 0.205 21.77 1197.78
  22 0.215 21.57 1197.31
  23 0.225 21.322 1198.92
  24 0.235 20.844 1220.69
  25 0.245 20.448 1250.28
  26 0.255 20.412 1237.88
  27 0.265 20.122 1269.22
  28 0.275 20.366 1330.32
  29 0.285 20.586 1230.26
  30 0.295 20.886 1273.66
  31 0.305 21.4 1315.74
  32 0.315 21.49 1259.47
  33 0.325 21.712 1218.76
  34 0.335 21.628 1281.96
  35 0.345 21.566 1391.65
  36 0.355 21.212 1322.9
  37 0.365 21.072 1295.52
  38 0.375 20.768 1254.61
  39 0.385 20.912 1301.66
  40 0.395 20.312 1334.3
  41 0.405 21.014 1341.12
  42 0.415 21.372 1300.26
  43 0.425 21.508 1390.29
  44 0.435 21.806 1386.68
  45 0.445 21.684 1386.28
  46 0.455 21.512 1339.07
  47 0.465 21.134 1467.62
  48 0.475 20.668 1458.33
  49 0.485 20.186 1404.85
  50 0.495 20.024 1373.38
  51 0.505 19.826 1397.76
  52 0.515 20.488 1354.93
  53 0.525 20.732 1306.12
  54 0.535 21.364 1339.54
  55 0.545 21.476 1363.09
  56 0.555 21.722 1394.76
  57 0.565 21.83 1333.35
  58 0.575 21.756 1362.6
  59 0.585 21.59 1290.33
  60 0.595 21.14 1321.63
  61 0.605 20.44 1267.15
  62 0.615 20.106 1289.07
  63 0.625 20.41 1273.03
  64 0.635 21.004 1292.05
  65 0.645 21.464 1258.58
  66 0.655 21.778 1235.77
  67 0.665 21.858 1222.52
  68 0.675 21.67 1222.75
  69 0.685 21.726 1222.55
  70 0.695 21.48 1240.37
  71 0.705 21.254 1290.04
  72 0.715 20.776 1271.68
  73 0.725 19.996 1276.16
  74 0.735 20.168 1278.66
  75 0.745 20.034 1271.08
  76 0.755 20.476 1284.93
  77 0.765 20.916 1175.53
  78 0.775 21.186 1191.68
  79 0.785 21.462 1175.89
  80 0.795 21.728 1131.8
  81 0.805 21.722 1220.6
  82 0.815 21.7 1242.71
  83 0.825 21.72 1257.73
  84 0.835 21.066 1255.38
  85 0.845 20.762 1222.42
  86 0.855 20.728 1184
  87 0.865 20.784 1180.45
  88 0.875 21.056 1190.6
  89 0.885 20.938 1157.13
  90 0.895 21.236 1158.59
  91 0.905 21.614 1150.37
  92 0.915 21.708 1188.65
  93 0.925 21.678 1239.81
  94 0.935 21.704 1123.26
  95 0.945 21.588 1111.93
  96 0.955 21.322 1139.4
  97 0.965 20.966 1092.87
  98 0.975 20.704 1072.1
  99 0.985 20.198 1100.71
  100 0.995 20.174 1004.21
270000 100 2112
  1 0.005 20.164 1070.59
  2 0.015 20.458 1014.96
  3 0.025 20.82 1036.11
  4 0.035 21.16 1112.85
  5 0.045 21.342 1136.54
  6 0.055 21.596 1146.28
  7 0.065 21.788 1093.9
  8 0.075 21.8 1088.82
  9 0.085 21.81 1127.77
  10 0.095 21.778 1159.56
  11 0.105 21.636 1138.48
  12 0.115 20.846 1109.76
  13 0.125 20.528 1068.77
  14 0.135 20.244 1022.93
  15 0.145 20.314 1040.58
  16 0.155 21.246 1120.98
  17 0.165 21.44 1176.4
  18 0.175 21.798 1197.76
  19 0.185 21.912 1149.1
  20 0.195 21.842 1165.29
  21 0.205 21.604 1173.47
  22 0.215 21.384 1248.21
  23 0.225 21.348 1210.84
  24 0.235 20.664 1227.54
  25 0.245 20.2 1310.38
  26 0.255 20.238 1231.85
  27 0.265 20.314 1229.91
  28 0.275 20.518 1258.87
  29 0.285 20.79 1254.56
  30 0.295 20.98 1245.22
  31 0.305 21.326 1265.73
  32 0.315 21.668 1213.69
  33 0.325 21.694 1231.41
  34 0.335 21.778 1271.32
  35 0.345 21.638 1333.75
  36 0.355 21.196 1364.13
  37 0.365 20.646 1356.73
  38 0.375 20.74 1385.26
  39 0.385 20.704 1395.47
  40 0.395 20.58 1421.29
  41 0.405 21.134 1388.12
  42 0.415 21.378 1362.1
  43 0.425 21.686 1367.45
  44 0.435 21.606 1436.84
  45 0.445 21.56 1485.36
  46 0.455 21.534 1365.88
  47 0.465 20.984 1417.16
  48 0.475 20.854 1373.43
  49 0.485 20.042 1365.83
  50 0.495 19.918 1334.36
  51 0.505 20.286 1327.81
  52 0.515 20.412 1297.14
  53 0.525 20.948 1281.67
  54 0.535 21.216 1392.51
  55 0.545 21.572 1376.37
  56 0.555 21.716 1390.57
  57 0.565 21.694 1381.54
  58 0.575 21.894 1352.71
  59 0.585 21.54 1330.85
  60 0.595 21.034 1357.14
  61 0.605 20.328 1380.63
  62 0.615 19.986 1323.56
  63 0.625 20.49 1267.1
  64 0.635 20.954 1357.8
  65 0.645 21.732 1254.84
  66 0.655 21.8 1265.63
  67 0.665 21.72 1266.15
  68 0.675 21.848 1199.28
  69 0.685 21.578 1176.13
  70 0.695 21.732 1193.49
  71 0.705 21.028 1284.66
  72 0.715 20.84 1329.55
  73 0.725 20.02 1276.89
  74 0.735 20.226 1258
  75 0.745 20.114 1192.6
  76 0.755 20.48 1239.87
  77 0.765 20.922 1219.49
  78 0.775 21.21 1218.05
  79 0.785 21.292 1193.39
  80 0.795 21.808 1207.24
  81 0.805 21.552 1230.15
  82 0.815 21.81 1195.16
  83 0.825 21.436 1101.13
  84 0.835 21.31 1177.41
  85 0.845 20.942 1232.27
  86 0.855 21.306 1191.47
  87 0.865 20.954 1165.78
  88 0.875 20.794 1145.57
  89 0.885 20.804 1143.58
  90 0.895 20.998 1127.25
  91 0.905 21.382 1081.13
  92 0.915 21.884 1130.85
  93 0.925 21.698 1170.6
  94 0.935 21.692 1186.99
  95 0.945 21.65 1111.55
  96 0.955 21.634 1035.55
  97 0.965 21.1 1117.93
  98 0.975 20.898 1132.62
  99 0.985 20.18 1076.05
  100 0.995 20.328 1104.33
275000 100 2112.000000000001
  1 0.005 20.536 1018.52
  2 0.015 20.206 1045.26
  3 0.025 20.622 1081.83
  4 0.035 21.046 1054.84
  5 0.045 21.49 1120.06
  6 0.055 21.626 1055.18
  7 0.065 21.69 1073.22
  8 0.075 21.836 1101.3
  9 0.085 21.748 1063.42
  10 0.095 21.84 1058.58
  11 0.105 21.654 1059.15
  12 0.115 21.06 1067.63
  13 0.125 20.534 1082.65
  14 0.135 19.788 1092.44
  15 0.145 20.466 1103.95
  16 0.155 21.168 1189.62
  17 0.165 21.614 1188.26
  18 0.175 21.82 1197.4
  19 0.185 21.802 1244.24
  20 0.195 21.642 1245.96
  21 0.205 21.794 1194.46
  22 0.215 21.414 1275.41
  23 0.225 21.192 1196.3
  24 0.235 20.894 1221.11
  25 0.245 20.232 1203.96
  26 0.255 19.934 1258.7
  27 0.265 20.398 1326.32
  28 0.275 20.316 1345.34
  29 0.285 20.664 1303.97
  30 0.295 21.192 1322.59
  31 0.305 21.402 1225.01
  32 0.315 21.782 1198.69
  33 0.325 21.734 1243.65
  34 0.335 21.442 1302.33
  35 0.345 21.192 1260.2
  36 0.355 21.184 1225.42
  37 0.365 21.098 1277.33
  38 0.375 20.714 1322.66
  39 0.385 20.758 1350.73
  40 0.395 21.034 1377.36
  41 0.405 20.964 1380.18
  42 0.415 21.41 1388.15
  43 0.425 21.568 1396.75
  44 0.435 21.692 1405.07
  45 0.445 21.55 1456.97
  46 0.455 21.332 1459.24
  47 0.465 21.134 1377.53
  48 0.475 20.702 1378.25
  49 0.485 20.296 1364.51
  50 0.495 20.026 1412.22
  51 0.505 20.142 1374.39
  52 0.515 20.484 1446.14
  53 0.525 20.782 1457.61
  54 0.535 21.254 1437.88
  55 0.545 21.636 1341.69
  56 0.555 21.616 1365.18
  57 0.565 21.81 1365.07
  58 0.575 21.798 1311.27
  59 0.585 21.726 1275.01
  60 0.595 21.086 1293.44
  61 0.605 20.628 1223.61
  62 0.615 19.93 1289.1
  63 0.625 20.24 1227.5
  64 0.635 21.042 1293.16
  65 0.645 21.434 1345.83
  66 0.655 21.832 1349.32
  67 0.665 21.854 1271.33
  68 0.675 21.802 1258.39
  69 0.685 21.488 1266.49
  70 0.695 21.578 1216.03
  71 0.705 21.22 1259.87
  72 0.715 20.732 1320.99
  73 0.725 20.232 1328.39
  74 0.735 20.264 1248.19
  75 0.745 20.184 1252.46
  76 0.755 20.47 1204.08
  77 0.765 20.748 1199.9
  78 0.775 21.084 1146.52
  79 0.785 21.472 1162.89
  80 0.795 21.688 1157.42
  81 0.805 21.648 1216.85
  82 0.815 21.69 1233.91
  83 0.825 21.596 1188.71
  84 0.835 21.39 1151.62
  85 0.845 21.26 1142.59
  86 0.855 21.17 1134.21
  87 0.865 20.878 1164.79
  88 0.875 20.734 1173.55
  89 0.885 20.734 1162.08
  90 0.895 21.042 1124.17
  91 0.905 21.384 1097.28
  92 0.915 21.678 1144.69
  93 0.925 21.53 1147.21
  94 0.935 21.906 1125.44
  95 0.945 21.612 1156.86
  96 0.955 21.454 1125.63
  97 0.965 21.23 1075.15
  98 0.975 20.664 1139.45
  99 0.985 20.414 1081.29
  100 0.995 20.498 1067.08
280000 100 2111.9999999999995
  1 0.005 20.116 972.374
  2 0.015 20.43 1013.73
  3 0.025 20.808 1094.21
  4 0.035 21.22 1070.72
  5 0.045 21.464 1054.64
  6 0.055 21.778 1029.36
  7 0.065 21.552 1132.89
  8 0.075 21.794 1075.18
  9 0.085 21.812 1114.7
  10 0.095 21.83 1119.92
  11 0.105 21.52 1099.49
  12 0.115 20.954 1117.75
  13 0.125 20.342 1142.03
  14 0.135 20.108 1134.27
  15 0.145 20.482 1146.5
  16 0.155 21.19 1162.6
  17 0.165 21.722 1128.34
  18 0.175 21.74 1187.34
  19 0.185 21.764 1198.67
  20 0.195 21.72 1185.8
  21 0.205 21.624 1198.58
  22 0.215 21.444 1192.47
  23 0.225 21.262 1195.57
  24 0.235 20.564 1224.76
  25 0.245 20.28 1238.92
  26 0.255 20.268 1239.6
  27 0.265 20.284 1273.32
  28 0.275 20.352 1303.14
  29 0.285 20.962 1280.41
  30 0.295 21.05 1274.05
  31 0.305 21.566 1277.12
  32 0.315 21.594 1292.86
  33 0.325 21.68 1324.42
  34 0.335 21.578 1308.33
  35 0.345 21.536 1269.31
  36 0.355 21.17 1277.92
  37 0.365 20.924 1253.6
  38 0.375 20.634 1193.99
  39 0.385 20.838 1226.69
  40 0.395 20.814 1279.71
  41 0.405 21.08 1308.39
  42 0.415 21.274 1452.71
  43 0.425 21.652 1456.15
  44 0.435 21.666 1419.9
  45 0.445 21.596 1408.88
  46 0.455 21.59 1459.69
  47 0.465 21.066 1445.51
  48 0.475 20.788 1378.59
  49 0.485 20.054 1384.78
  50 0.495 19.992 1447.33
  51 0.505 20.018 1465.14
  52 0.515 20.398 1457.69
  53 0.525 20.744 1474.87
  54 0.535 21.408 1398.98
  55 0.545 21.488 1354.19
  56 0.555 21.808 1289.21
  57 0.565 21.746 1334.53
  58 0.575 21.814 1343.09
  59 0.585 21.67 1354.05
  60 0.595 21.268 1342.38
  61 0.605 20.544 1256.37
  62 0.615 20.15 1263.59
  63 0.625 20.226 1252.16
  64 0.635 20.874 1246.65
  65 0.645 21.43 1328.39
  66 0.655 21.838 1331.33
  67 0.665 21.788 1325.31
  68 0.675 21.784 1295.9
  69 0.685 21.536 1318.02
  70 0.695 21.558 1372.39
  71 0.705 21.222 1340.4
  72 0.715 20.648 1290.3
  73 0.725 20.368 1272.46
  74 0.735 20.166 1270.39
  75 0.745 20.396 1211.69
  76 0.755 20.434 1165.19
  77 0.765 20.596 1222.92
  78 0.775 21.068 1195.01
  79 0.785 21.498 1157.68
  80 0.795 21.786 1111.47
  81 0.805 21.544 1214.95
  82 0.815 21.79 1241.49
  83 0.825 21.472 1188.1
  84 0.835 21.354 1182.38
  85 0.845 21.098 1152.96
  86 0.855 21.288 1157.33
  87 0.865 20.884 1143.45
  88 0.875 20.598 1161.21
  89 0.885 20.656 1175.47
  90 0.895 21.07 1182.39
  91 0.905 21.412 1143.03
  92 0.915 21.792 1152.62
  93 0.925 21.866 1077.42
  94 0.935 21.706 1085.4
  95 0.945 21.56 1118.38
  96 0.955 21.568 1161.36
  97 0.965 21.182 1098.02
  98 0.975 20.734 1094.38
  99 0.985 20.386 1050.62
  100 0.995 20.24 963.001
285000 100 2111.9999999999995
  1 0.005 20.3 947.115
  2 0.015 20.746 964.681
  3 0.025 20.85 975.825
  4 0.035 21.42 1028.8
  5 0.045 21.53 995.209
  6 0.055 21.616 992.787
  7 0.065 21.908 1104.31
  8 0.075 21.688 1170.84
  9 0.085 21.952 1223.46
  10 0.095 21.718 1202.09
  11 0.105 21.448 1178.37
  12 0.115 20.814 1194.73
  13 0.125 20.104 1191.28
  14 0.135 19.952 1217.37
  15 0.145 20.754 1128.48
  16 0.155 21.468 1105.65
  17 0.165 21.748 1144.66
  18 0.175 21.808 1159.41
  19 0.185 21.8 1110.07
  20 0.195 21.82 1147.79
  21 0.205 21.618 1210.82
  22 0.215 21.502 1141.72
  23 0.225 21.232 1176.15
  24 0.235 20.758 1214.62
  25 0.245 20.352 1273.93
  26 0.255 20.178 1252.13
  27 0.265 19.964 1250.92
  28 0.275 20.396 1239.75
  29 0.285 20.834 1257.16
  30 0.295 21.152 1228.17
  31 0.305 21.47 1225.55
  32 0.315 21.654 1255.39
  33 0.325 21.726 1324.02
  34 0.335 21.684 1330.13
  35 0.345 21.41 1340.97
  36 0.355 21.22 1309.59
  37 0.365 21.042 1301.53
  38 0.375 20.634 1251.09
  39 0.385 20.66 1257.46
  40 0.395 20.696 1270.7
  41 0.405 20.882 1303.37
  42 0.415 21.51 1245.58
  43 0.425 21.754 1282.68
  44 0.435 21.756 1327.03
  45 0.445 21.832 1289.67
  46 0.455 21.474 1271.07
  47 0.465 21.414 1386.32
  48 0.475 21.076 1360.53
  49 0.485 20.486 1434.85
  50 0.495 19.892 1453.84
  51 0.505 19.782 1373.67
  52 0.515 20.09 1441.58
  53 0.525 20.568 1415.66
  54 0.535 21.254 1425.43
  55 0.545 21.45 1449.27
  56 0.555 21.574 1360.35
  57 0.565 21.74 1366.55
  58 0.575 21.87 1364.18
  59 0.585 21.78 1404.3
  60 0.595 21.384 1398.66
  61 0.605 20.75 1385.93
  62 0.615 20.23 1374.93
  63 0.625 19.79 1337.91
  64 0.635 20.768 1323.94
  65 0.645 21.298 1321.57
  66 0.655 21.814 1283.61
  67 0.665 21.914 1295.53
  68 0.675 21.646 1352.76
  69 0.685 21.696 1417.99
  70 0.695 21.364 1397.88
  71 0.705 21.24 1333.07
  72 0.715 20.54 1321.18
  73 0.725 20.592 1232.55
  74 0.735 19.992 1267.93
  75 0.745 20.148 1185.21
  76 0.755 20.442 1168.73
  77 0.765 20.908 1231.3
  78 0.775 21.022 1179.24
  79 0.785 21.468 1208.2
  80 0.795 21.698 1236.48
  81 0.805 21.718 1247.62
  82 0.815 21.704 1275.8
  83 0.825 21.352 1289.66
  84 0.835 21.448 1251.52
  85 0.845 21.094 1212.97
  86 0.855 20.922 1201.62
  87 0.865 20.592 1131.09
  88 0.875 20.602 1112.84
  89 0.885 20.888 1186.61
  90 0.895 21.292 1202.44
  91 0.905 21.72 1143.23
  92 0.915 21.778 1136.7
  93 0.925 21.898 1058.91
  94 0.935 21.588 1090.09
  95 0.945 21.608 1075.59
  96 0.955 21.412 1070.03
  97 0.965 21.274 1051.39
  98 0.975 20.59 1073.93
  99 0.985 20.18 1048.71
  100 0.995 19.826 996.438
290000 100 2112
  1 0.005 20.166 1031.1
  2 0.015 20.498 1064.88
  3 0.025 21.302 974.076
  4 0.035 21.446 1010.08
  5 0.045 21.568 1012.97
  6 0.055 21.616 1026.69
  7 0.065 21.73 1062.29
  8 0.075 21.81 1100.67
  9 0.085 21.852 1140.6
  10 0.095 21.784 1145.99
  11 0.105 21.598 1126.74
  12 0.115 21.014 1147.6
  13 0.125 20.584 1101.16
  14 0.135 19.738 1136.96
  15 0.145 20.386 1129.82
  16 0.155 21.298 1142.11
  17 0.165 21.618 1153.76
  18 0.175 21.948 1170.56
  19 0.185 21.734 1199.86
  20 0.195 21.822 1188.85
  21 0.205 21.674 1173.34
  22 0.215 21.386 1246.03
  23 0.225 21.186 1281.52
  24 0.235 20.78 1272.44
  25 0.245 20.404 1276.39
  26 0.255 20.054 1330.99
  27 0.265 20.17 1240.88
  28 0.275 20.52 1199.78
  29 0.285 20.75 1182.85
  30 0.295 21.09 1150.96
  31 0.305 21.502 1139.72
  32 0.315 21.68 1155.12
  33 0.325 21.678 1222.9
  34 0.335 21.722 1297.26
  35 0.345 21.702 1303.52
  36 0.355 21.096 1341.94
  37 0.365 21.41 1309.59
  38 0.375 20.988 1249.83
  39 0.385 20.58 1265.32
  40 0.395 20.484 1328.7
  41 0.405 20.602 1372.05
  42 0.415 21.188 1282.81
  43 0.425 21.69 1258.26
  44 0.435 21.81 1257.69
  45 0.445 21.678 1318.96
  46 0.455 21.668 1400.2
  47 0.465 21.388 1394.82
  48 0.475 20.968 1394.07
  49 0.485 20.682 1346.72
  50 0.495 20.128 1332.56
  51 0.505 19.892 1376.86
  52 0.515 20.042 1357.59
  53 0.525 20.32 1336.6
  54 0.535 21.168 1368.26
  55 0.545 21.384 1431.09
  56 0.555 21.53 1414.15
  57 0.565 21.77 1437.43
  58 0.575 21.79 1423.69
  59 0.585 21.782 1360.32
  60 0.595 21.532 1337.78
  61 0.605 20.738 1385.69
  62 0.615 19.974 1403.21
  63 0.625 20.004 1311.74
  64 0.635 20.602 1376.43
  65 0.645 21.428 1355.53
  66 0.655 21.788 1351.04
  67 0.665 21.762 1367.48
  68 0.675 21.784 1365.3
  69 0.685 21.642 1310.33
  70 0.695 21.254 1336.96
  71 0.705 21.16 1315
  72 0.715 20.416 1326.69
  73 0.725 20.054 1334.8
  74 0.735 19.884 1331.97
  75 0.745 20.508 1323.81
  76 0.755 20.602 1274.23
  77 0.765 20.964 1208.13
  78 0.775 21.222 1242.65
  79 0.785 21.598 1242.74
  80 0.795 21.632 1274.1
  81 0.805 21.706 1255.36
  82 0.815 21.718 1211.51
  83 0.825 21.3 1239.26
  84 0.835 20.984 1143.08
  85 0.845 21.046 1125.69
  86 0.855 20.858 1166.93
  87 0.865 20.718 1106.86
  88 0.875 20.88 1157.82
  89 0.885 21.12 1176.48
  90 0.895 21.45 1157.93
  91 0.905 21.626 1174.86
  92 0.915 21.798 1208.08
  93 0.925 21.67 1130.34
  94 0.935 21.776 1143.62
  95 0.945 21.62 1054.03
  96 0.955 21.402 1100.65
  97 0.965 21.064 1063.07
  98 0.975 20.714 1075.19
  99 0.985 20.242 1081.91
  100 0.995 19.912 1081.94
295000 100 2112
  1 0.005 20.496 1049.26
  2 0.015 20.476 1055.49
  3 0.025 21.074 1116.57
  4 0.035 21.346 1100.3
  5 0.045 21.542 1043.62
  6 0.055 21.71 1079.33
  7 0.065 21.754 1052.99
  8 0.075 21.854 1075.95
  9 0.085 21.824 1099.03
  10 0.095 21.868 1083.94
  11 0.105 21.448 1102.65
  12 0.115 20.986 1139.02
  13 0.125 20.322 1154.05
  14 0.135 20.406 1074.62
  15 0.145 20.498 1115.99
  16 0.155 21.122 1107.72
  17 0.165 21.688 1195.67
  18 0.175 21.714 1251.7
  19 0.185 21.756 1230.17
  20 0.195 21.682 1200.8
  21 0.205 21.608 1251.86
  22 0.215 21.494 1200.97
  23 0.225 21.13 1201.11
  24 0.235 20.78 1260.4
  25 0.245 20.522 1216.64
  26 0.255 20.406 1196.4
  27 0.265 20.394 1213.81
  28 0.275 20.41 1212.2
  29 0.285 20.55 1237.66
  30 0.295 21.058 1250.49
  31 0.305 21.336 1238.23
  32 0.315 21.614 1214.36
  33 0.325 21.64 1209.2
  34 0.335 21.72 1221.91
  35 0.345 21.736 1261.15
  36 0.355 21.21 1321
  37 0.365 21.214 1294.52
  38 0.375 20.906 1274.53
  39 0.385 20.476 1243.69
  40 0.395 20.386 1197.49
  41 0.405 20.72 1245.92
  42 0.415 21.552 1319.43
  43 0.425 21.676 1350.88
  44 0.435 21.67 1375.14
  45 0.445 21.714 1363.74
  46 0.455 21.728 1361.28
  47 0.465 21.344 1393.78
  48 0.475 21.104 1394.84
  49 0.485 20.492 1397.46
  50 0.495 20.074 1317.12
  51 0.505 19.622 1263.8
  52 0.515 19.956 1315.74
  53 0.525 20.696 1359.31
  54 0.535 21.148 1370.55
  55 0.545 21.398 1361.21
  56 0.555 21.684 1364.21
  57 0.565 21.594 1349.94
  58 0.575 21.906 1358.48
  59 0.585 21.628 1410.36
  60 0.595 21.486 1344.56
  61 0.605 20.556 1427.52
  62 0.615 20.066 1540.07
  63 0.625 19.988 1491.25
  64 0.635 20.874 1446.43
  65 0.645 21.488 1385.21
  66 0.655 21.74 1351.87
  67 0.665 21.784 1314.3
  68 0.675 21.65 1297.38
  69 0.685 21.558 1296.4
  70 0.695 21.452 1282.99
  71 0.705 21.032 1259.15
  72 0.715 20.488 1204.4
  73 0.725 20.268 1202.9
  74 0.735 20.296 1301.84
  75 0.745 20.096 1280.55
  76 0.755 20.816 1250.79
  77 0.765 20.728 1264.04
  78 0.775 21.286 1198.34
  79 0.785 21.472 1191.03
  80 0.795 21.732 1208.31
  81 0.805 21.708 1286.19
  82 0.815 21.624 1254.06
  83 0.825 21.57 1291.86
  84 0.835 21.278 1207.08
  85 0.845 20.926 1201.72
  86 0.855 20.62 1211.43
  87 0.865 20.474 1212.93
  88 0.875 20.838 1130.66
  89 0.885 21.086 1137.55
  90 0.895 21.506 1075.46
  91 0.905 21.656 1108.22
  92 0.915 21.99 1103.81
  93 0.925 21.572 1150.52
  94 0.935 21.738 1117.78
  95 0.945 21.708 1145.33
  96 0.955 21.426 1171.49
  97 0.965 20.898 1161.3
  98 0.975 20.596 1104.33
  99 0.985 20.266 1021.44
  100 0.995 19.802 1060.12
300000 100 2111.9999999999995
  1 0.005 20.064 1060.07
  2 0.015 20.464 1059.41
  3 0.025 21.022 1095.51
  4 0.035 21.34 1055.16
  5 0.045 21.546 1038.13
  6 0.055 21.734 1040.65
  7 0.065 21.656 1079.08
  8 0.075 21.864 1047.84
  9 0.085 21.84 1097.83
  10 0.095 21.694 1086.96
  11 0.105 21.636 1071.02
  12 0.115 20.944 1166.84
  13 0.125 20.172 1162.78
  14 0.135 20.298 1145.09
  15 0.145 20.674 1147.37
  16 0.155 21.03 1192.24
  17 0.165 21.548 1183.17
  18 0.175 22.002 1157.77
  19 0.185 21.726 1183.82
  20 0.195 21.816 1209.21
  21 0.205 21.578 1164.33
  22 0.215 21.462 1195.07
  23 0.225 21.382 1168.79
  24 0.235 20.732 1289.72
  25 0.245 20.37 1314.13
  26 0.255 20.186 1254.74
  27 0.265 20.124 1183.84
  28 0.275 20.132 1169.34
  29 0.285 20.846 1183.19
  30 0.295 21.12 1220.36
  31 0.305 21.506 1206.83
  32 0.315 21.574 1232.53
  33 0.325 21.862 1320.62
  34 0.335 21.656 1242.05
  35 0.345 21.684 1233.27
  36 0.355 21.304 1246.67
  37 0.365 21.076 1231.6
  38 0.375 20.614 1234.65
  39 0.385 20.612 1205.6
  40 0.395 20.416 1215.72
  41 0.405 20.862 1240.42
  42 0.415 21.438 1282
  43 0.425 21.794 1289.5
  44 0.435 21.856 1342.6
  45 0.445 21.512 1456.33
  46 0.455 21.734 1423.01
  47 0.465 21.256 1494.81
  48 0.475 21.052 1417.93
  49 0.485 20.11 1421.04
  50 0.495 19.72 1474.53
  51 0.505 19.944 1426.96
  52 0.515 20.14 1371.81
  53 0.525 20.77 1387.18
  54 0.535 21.272 1370.42
  55 0.545 21.556 1364.86
  56 0.555 21.7 1307.38
  57 0.565 21.702 1300.53
  58 0.575 21.836 1327.53
  59 0.585 21.61 1357.7
  60 0.595 21.26 1459.04
  61 0.605 20.504 1479.44
  62 0.615 19.956 1456.38
  63 0.625 20.452 1380.6
  64 0.635 20.78 1393.1
  65 0.645 21.472 1400
  66 0.655 21.75 1417.96
  67 0.665 21.972 1385.18
  68 0.675 21.732 1256.42
  69 0.685 21.628 1205.89
  70 0.695 21.49 1211.62
  71 0.705 21.194 1181.86
  72 0.715 20.866 1184.68
  73 0.725 20.524 1163.5
  74 0.735 19.878 1200.31
  75 0.745 20.268 1219.64
  76 0.755 20.268 1213.64
  77 0.765 20.768 1243.52
  78 0.775 21.08 1277.65
  79 0.785 21.578 1277
  80 0.795 21.55 1286.89
  81 0.805 21.752 1269.19
  82 0.815 21.638 1221.16
  83 0.825 21.632 1231.54
  84 0.835 21.608 1251.13
  85 0.845 20.972 1269.09
  86 0.855 20.814 1176.74
  87 0.865 20.474 1169.78
  88 0.875 20.324 1125.43
  89 0.885 20.972 1144.21
  90 0.895 21.42 1176.56
  91 0.905 21.694 1150.49
  92 0.915 21.84 1126.79
  93 0.925 21.704 1135.13
  94 0.935 21.802 1130.59
  95 0.945 21.554 1164.72
  96 0.955 21.474 1127.81
  97 0.965 21.262 1101.85
  98 0.975 20.796 1060.19
  99 0.985 20.234 1075.42
  100 0.995 19.894 1063.82
305000 100 2112
  1 0.005 19.916 1031.48
  2 0.015 20.494 989.991
  3 0.025 20.932 1037.24
  4 0.035 21.406 1026.32
  5 0.045 21.502 1064.52
  6 0.055 21.626 1049.5
  7 0.065 21.716 1038.83
  8 0.075 21.802 1036.03
  9 0.085 21.884 1084.79
  10 0.095 21.806 1061.59
  11 0.105 21.604 1103.19
  12 0.115 20.794 1111.08
  13 0.125 20.354 1120.72
  14 0.135 20.01 1140.41
  15 0.145 20.672 1114.64
  16 0.155 21.034 1123.19
  17 0.165 21.768 1149.12
  18 0.175 21.866 1123.55
  19 0.185 21.88 1201.93
  20 0.195 21.702 1219.9
  21 0.205 21.628 1189.25
  22 0.215 21.426 1183.56
  23 0.225 21.182 1182.65
  24 0.235 20.88 1205.3
  25 0.245 20.288 1256.41
  26 0.255 19.998 1314.16
  27 0.265 19.946 1301.79
  28 0.275 20.238 1321.65
  29 0.285 20.814 1250.95
  30 0.295 21.402 1250.7
  31 0.305 21.516 1229.44
  32 0.315 21.702 1251.68
  33 0.325 21.666 1251.69
  34 0.335 21.754 1336.38
  35 0.345 21.62 1285.94
  36 0.355 21.24 1319.92
  37 0.365 20.584 1285.23
  38 0.375 20.59 1275.92
  39 0.385 20.41 1347.36
  40 0.395 20.818 1322.65
  41 0.405 21.196 1334.54
  42 0.415 21.504 1385.83
  43 0.425 21.888 1390.24
  44 0.435 21.762 1389.19
  45 0.445 21.574 1441.33
  46 0.455 21.568 1373
  47 0.465 21.304 1348.92
  48 0.475 20.674 1437.84
  49 0.485 20.142 1459.63
  50 0.495 19.762 1439.56
  51 0.505 19.84 1445.76
  52 0.515 20.268 1348.05
  53 0.525 21.1 1300.68
  54 0.535 21.422 1274.56
  55 0.545 21.534 1300.39
  56 0.555 21.726 1352.57
  57 0.565 21.696 1336.29
  58 0.575 21.84 1341.47
  59 0.585 21.82 1325.03
  60 0.595 21.446 1388.34
  61 0.605 20.31 1441.43
  62 0.615 20.242 1348.81
  63 0.625 19.97 1346.58
  64 0.635 20.85 1351.37
  65 0.645 21.47 1274.26
  66 0.655 21.826 1236.57
  67 0.665 21.898 1198.41
  68 0.675 21.656 1229.68
  69 0.685 21.84 1229.56
  70 0.695 21.396 1185.35
  71 0.705 21.45 1223.78
  72 0.715 21.178 1204.91
  73 0.725 20.498 1220.36
  74 0.735 20.11 1246.75
  75 0.745 19.938 1230.23
  76 0.755 19.868 1249.8
  77 0.765 20.75 1238.31
  78 0.775 21.026 1251.97
  79 0.785 21.666 1311.84
  80 0.795 21.492 1289.64
  81 0.805 21.662 1277.21
  82 0.815 21.77 1268.56
  83 0.825 21.686 1272.19
  84 0.835 21.354 1325.11
  85 0.845 21.252 1320.07
  86 0.855 20.892 1334.21
  87 0.865 20.418 1259.44
  88 0.875 20.302 1216.45
  89 0.885 20.804 1159.82
  90 0.895 21.374 1118.37
  91 0.905 21.734 1161.07
  92 0.915 21.792 1131.41
  93 0.925 21.878 1167.79
  94 0.935 21.746 1135.13
  95 0.945 21.544 1114.39
  96 0.955 21.616 1066.75
  97 0.965 21.23 1071.44
  98 0.975 20.788 1088.36
  99 0.985 20.284 1077.35
  100 0.995 19.904 1060.82
310000 100 2112
  1 0.005 19.946 1115.56
  2 0.015 20.51 1116.08
  3 0.025 21.188 1053.12
  4 0.035 21.334 1052.58
  5 0.045 21.44 1113.64
  6 0.055 21.792 1081.2
  7 0.065 21.758 1017.47
  8 0.075 21.796 1043.25
  9 0.085 21.846 1033.08
  10 0.095 21.822 990.825
  11 0.105 21.35 998.427
  12 0.115 21.05 1005
  13 0.125 20.342 1041.58
  14 0.135 20.184 1062.13
  15 0.145 20.27 1115.37
  16 0.155 21.41 1169.73
  17 0.165 21.642 1180.26
  18 0.175 21.924 1174.6
  19 0.185 21.682 1208.53
  20 0.195 21.718 1235.13
  21 0.205 21.486 1295.96
  22 0.215 21.566 1284.13
  23 0.225 21.124 1168.78
  24 0.235 20.616 1187.53
  25 0.245 20.242 1222.76
  26 0.255 20.402 1160.28
  27 0.265 20.138 1139.05
  28 0.275 20.464 1210.16
  29 0.285 20.692 1236.86
  30 0.295 21.268 1254.34
  31 0.305 21.632 1259
  32 0.315 21.572 1271.44
  33 0.325 21.638 1263.38
  34 0.335 21.938 1234.23
  35 0.345 21.614 1224.22
  36 0.355 21.346 1261.35
  37 0.365 20.828 1256.2
  38 0.375 20.788 1264.55
  39 0.385 20.394 1304.5
  40 0.395 20.404 1345.99
  41 0.405 21.094 1348.72
  42 0.415 21.432 1370.24
  43 0.425 21.816 1425.34
  44 0.435 21.776 1388.54
  45 0.445 21.632 1426.03
  46 0.455 21.51 1445.71
  47 0.465 21.428 1428.47
  48 0.475 20.862 1464.57
  49 0.485 20.434 1399.4
  50 0.495 19.88 1366.68
  51 0.505 19.782 1392.53
  52 0.515 20.028 1378.94
  53 0.525 20.926 1365.72
  54 0.535 21.306 1368.94
  55 0.545 21.56 1317.63
  56 0.555 21.608 1327.79
  57 0.565 21.622 1371.22
  58 0.575 21.902 1350.07
  59 0.585 21.664 1336.17
  60 0.595 21.368 1352.41
  61 0.605 20.87 1331.55
  62 0.615 20.416 1316.97
  63 0.625 19.984 1332.36
  64 0.635 20.496 1352.89
  65 0.645 21.346 1385.33
  66 0.655 21.692 1338.25
  67 0.665 21.938 1282.4
  68 0.675 21.636 1293.12
  69 0.685 21.66 1253.11
  70 0.695 21.694 1244.56
  71 0.705 21.338 1229.74
  72 0.715 21.064 1195.65
  73 0.725 20.578 1215.43
  74 0.735 19.94 1251.41
  75 0.745 19.75 1244.36
  76 0.755 20.45 1234.03
  77 0.765 20.508 1298.12
  78 0.775 21.07 1337.16
  79 0.785 21.56 1306.84
  80 0.795 21.508 1371.12
  81 0.805 21.656 1299.08
  82 0.815 21.77 1264.51
  83 0.825 21.62 1263.3
  84 0.835 21.342 1279.35
  85 0.845 21.102 1271.67
  86 0.855 20.864 1261.22
  87 0.865 20.532 1245.53
  88 0.875 20.438 1231.86
  89 0.885 20.838 1222.71
  90 0.895 21.376 1153.75
  91 0.905 21.74 1080.85
  92 0.915 21.858 1075.43
  93 0.925 21.784 1082.31
  94 0.935 21.778 1041.9
  95 0.945 21.544 1097.52
  96 0.955 21.336 1111.58
  97 0.965 21.234 1086.43
  98 0.975 20.576 1169.8
  99 0.985 20.252 1144.92
  100 0.995 20.076 1107.12
315000 100 2112
  1 0.005 20.024 1108.22
  2 0.015 20.642 1104.26
  3 0.025 21.156 1037.78
  4 0.035 21.332 1107.44
  5 0.045 21.54 1102.84
  6 0.055 21.668 1150.03
  7 0.065 21.786 1144.77
  8 0.075 21.754 1036.93
  9 0.085 21.874 1066.83
  10 0.095 21.576 1121.37
  11 0.105 21.254 1142.86
  12 0.115 20.772 1100.52
  13 0.125 20.462 1025.78
  14 0.135 20.178 1057.26
  15 0.145 20.972 1024.9
  16 0.155 21.458 1078.21
  17 0.165 21.544 1162.58
  18 0.175 21.732 1136.69
  19 0.185 21.886 1205.8
  20 0.195 21.754 1266.46
  21 0.205 21.632 1200.75
  22 0.215 21.36 1181.23
  23 0.225 21.38 1162.45
  24 0.235 20.978 1250.24
  25 0.245 20.36 1258.94
  26 0.255 19.936 1335.82
  27 0.265 20.06 1297.07
  28 0.275 20.262 1250.3
  29 0.285 20.744 1273.35
  30 0.295 21.164 1264.93
  31 0.305 21.476 1236.71
  32 0.315 21.728 1227.77
  33 0.325 21.668 1252.03
  34 0.335 21.778 1244.37
  35 0.345 21.75 1260.6
  36 0.355 21.314 1365.25
  37 0.365 21.004 1379.29
  38 0.375 20.722 1363.29
  39 0.385 19.976 1338.24
  40 0.395 20.692 1248.4
  41 0.405 21.03 1296.35
  42 0.415 21.566 1361.59
  43 0.425 21.708 1410.63
  44 0.435 21.774 1417.43
  45 0.445 21.606 1433.99
  46 0.455 21.532 1371.17
  47 0.465 21.252 1379.25
  48 0.475 21.098 1295.47
  49 0.485 20.266 1280.17
  50 0.495 20.058 1329.05
  51 0.505 19.702 1392.75
  52 0.515 20.108 1388.17
  53 0.525 20.834 1299.37
  54 0.535 21.41 1313.11
  55 0.545 21.398 1365.91
  56 0.555 21.594 1349.07
  57 0.565 21.754 1291.99
  58 0.575 21.868 1256.37
  59 0.585 21.768 1323.74
  60 0.595 21.372 1335.52
  61 0.605 20.726 1372.88
  62 0.615 20.256 1360.49
  63 0.625 20.154 1291.62
  64 0.635 20.65 1329.66
  65 0.645 21.296 1377
  66 0.655 21.736 1266.96
  67 0.665 21.854 1313.44
  68 0.675 21.68 1324.75
  69 0.685 21.734 1383.87
  70 0.695 21.434 1362.74
  71 0.705 21.392 1340.95
  72 0.715 20.986 1277.85
  73 0.725 20.476 1281.77
  74 0.735 19.996 1225.18
  75 0.745 20.066 1216.2
  76 0.755 20.046 1227.67
  77 0.765 20.66 1194.63
  78 0.775 21.306 1216.58
  79 0.785 21.402 1258.54
  80 0.795 21.582 1226.43
  81 0.805 21.714 1212.75
  82 0.815 21.774 1237.46
  83 0.825 21.63 1265.04
  84 0.835 21.508 1247.62
  85 0.845 21.198 1145.38
  86 0.855 20.8 1186.03
  87 0.865 20.446 1195.43
  88 0.875 20.226 1226.81
  89 0.885 20.98 1189.73
  90 0.895 21.328 1176.04
  91 0.905 21.668 1189.87
  92 0.915 21.88 1174.04
  93 0.925 21.788 1147.21
  94 0.935 21.64 1056.52
  95 0.945 21.608 1117.75
  96 0.955 21.282 1136.51
  97 0.965 21.144 1146.35
  98 0.975 20.81 1131.67
  99 0.985 20.164 1108.55
  100 0.995 19.934 1125.11
320000 100 2112
  1 0.005 19.924 1107.31
  2 0.015 20.684 1005.5
  3 0.025 20.942 1059
  4 0.035 21.302 1074.9
  5 0.045 21.52 1078.5
  6 0.055 21.674 1142.45
  7 0.065 21.73 1132.66
  8 0.075 21.762 1073.85
  9 0.085 21.918 1024.97
  10 0.095 21.872 1065.69
  11 0.105 21.456 1146.52
  12 0.115 21.174 1087.74
  13 0.125 20.29 1069.59
  14 0.135 20.124 1137.07
  15 0.145 20.654 1154.08
  16 0.155 20.894 1186.97
  17 0.165 21.698 1123
  18 0.175 21.772 1159.22
  19 0.185 21.896 1178.47
  20 0.195 21.798 1203.14
  21 0.205 21.638 1235.06
  22 0.215 21.394 1284.54
  23 0.225 21.384 1208.81
  24 0.235 21.112 1161.91
  25 0.245 20.502 1234.27
  26 0.255 20.468 1182.37
  27 0.265 19.904 1224.61
  28 0.275 20.09 1202.42
  29 0.285 20.544 1289.61
  30 0.295 21.028 1309.96
  31 0.305 21.45 1250.65
  32 0.315 21.62 1320.06
  33 0.325 21.618 1410.91
  34 0.335 21.792 1337.91
  35 0.345 21.556 1355.78
  36 0.355 21.416 1374.07
  37 0.365 21.116 1394.42
  38 0.375 20.548 1357.65
  39 0.385 20.448 1403.9
  40 0.395 20.312 1402.37
  41 0.405 21.11 1305.93
  42 0.415 21.48 1374.92
  43 0.425 21.634 1339.96
  44 0.435 21.884 1293.5
  45 0.445 21.522 1381.47
  46 0.455 21.624 1314.73
  47 0.465 21.244 1318.3
  48 0.475 21.046 1359.56
  49 0.485 20.388 1325.51
  50 0.495 20.034 1293.17
  51 0.505 19.47 1390.8
  52 0.515 20.216 1377.73
  53 0.525 20.824 1368.01
  54 0.535 21.222 1312.09
  55 0.545 21.606 1216.23
  56 0.555 21.704 1313.34
  57 0.565 21.686 1351.28
  58 0.575 21.762 1336.61
  59 0.585 21.702 1356.92
  60 0.595 21.306 1364.53
  61 0.605 20.756 1338.21
  62 0.615 19.99 1379.61
  63 0.625 20.314 1383.2
  64 0.635 20.716 1357.25
  65 0.645 21.398 1306.3
  66 0.655 21.678 1311.37
  67 0.665 21.902 1303.89
  68 0.675 21.756 1307.69
  69 0.685 21.538 1346.2
  70 0.695 21.526 1342.18
  71 0.705 21.204 1274.26
  72 0.715 20.9 1262.67
  73 0.725 20.086 1310.86
  74 0.735 20.024 1278.67
  75 0.745 19.818 1360.96
  76 0.755 20.306 1266.89
  77 0.765 20.904 1238.58
  78 0.775 21.424 1207.26
  79 0.785 21.592 1171.33
  80 0.795 21.638 1121.5
  81 0.805 21.752 1099.7
  82 0.815 21.736 1141.22
  83 0.825 21.532 1188.44
  84 0.835 21.478 1261.93
  85 0.845 20.94 1250.87
  86 0.855 20.58 1274.01
  87 0.865 20.544 1254.16
  88 0.875 20.578 1189.15
  89 0.885 21.15 1168.71
  90 0.895 21.528 1160.25
  91 0.905 21.67 1118.82
  92 0.915 21.83 1097.77
  93 0.925 21.702 1163.04
  94 0.935 21.622 1165.28
  95 0.945 21.578 1154.15
  96 0.955 21.448 1087.78
  97 0.965 21.222 1030.07
  98 0.975 20.678 1060.97
  99 0.985 20.508 1068.83
  100 0.995 19.966 1077.28
325000 100 2112.0000000000005
  1 0.005 19.902 1072.02
  2 0.015 20.394 1042.26
  3 0.025 20.97 1086.19
  4 0.035 21.356 1088.71
  5 0.045 21.506 1090.27
  6 0.055 21.59 1087.76
  7 0.065 21.87 1055.91
  8 0.075 21.728 1095.15
  9 0.085 21.848 1098.28
  10 0.095 21.866 1094.83
  11 0.105 21.77 1114.63
  12 0.115 21.222 1094.31
  13 0.125 20.378 1091.24
  14 0.135 19.846 1140.53
  15 0.145 20.454 1151.36
  16 0.155 21.168 1168.77
  17 0.165 21.402 1199.14
  18 0.175 21.82 1226.72
  19 0.185 21.726 1219.93
  20 0.195 21.824 1226.18
  21 0.205 21.768 1177.03
  22 0.215 21.492 1346.53
  23 0.225 21.29 1283.01
  24 0.235 20.918 1218.6
  25 0.245 20.714 1174.07
  26 0.255 20.006 1178.99
  27 0.265 19.894 1213.85
  28 0.275 20.228 1222.8
  29 0.285 20.564 1248.17
  30 0.295 21.138 1241.03
  31 0.305 21.52 1323.92
  32 0.315 21.542 1371.85
  33 0.325 21.786 1352.99
  34 0.335 21.684 1403.2
  35 0.345 21.632 1405.12
  36 0.355 21.324 1432.88
  37 0.365 20.872 1436.7
  38 0.375 20.168 1421.11
  39 0.385 20.092 1396.84
  40 0.395 20.594 1351.4
  41 0.405 21.492 1314.43
  42 0.415 21.708 1321.46
  43 0.425 21.882 1284.36
  44 0.435 21.752 1289.88
  45 0.445 21.626 1329.82
  46 0.455 21.638 1242.12
  47 0.465 21.306 1277.14
  48 0.475 21.01 1324.69
  49 0.485 20.516 1312.44
  50 0.495 19.932 1282.11
  51 0.505 19.56 1337.47
  52 0.515 20.034 1379
  53 0.525 20.846 1373.55
  54 0.535 21.284 1316.2
  55 0.545 21.594 1360.07
  56 0.555 21.558 1320.42
  57 0.565 21.752 1289.7
  58 0.575 21.89 1299.07
  59 0.585 21.716 1328.7
  60 0.595 21.628 1346.26
  61 0.605 20.76 1353.09
  62 0.615 19.858 1321.08
  63 0.625 20.192 1305.37
  64 0.635 20.48 1334.5
  65 0.645 21.488 1312.2
  66 0.655 21.734 1311.32
  67 0.665 21.752 1338.55
  68 0.675 21.7 1392.9
  69 0.685 21.626 1406.4
  70 0.695 21.376 1389.58
  71 0.705 21.154 1377.6
  72 0.715 20.552 1385.16
  73 0.725 20.206 1289.72
  74 0.735 19.99 1318.75
  75 0.745 20.004 1265.11
  76 0.755 20.476 1287.58
  77 0.765 20.984 1272.83
  78 0.775 21.4 1238.88
  79 0.785 21.454 1262.91
  80 0.795 21.784 1204.85
  81 0.805 21.802 1201
  82 0.815 21.798 1165.79
  83 0.825 21.666 1153.23
  84 0.835 21.4 1224.52
  85 0.845 21.182 1219.04
  86 0.855 20.496 1244.05
  87 0.865 20.14 1179.57
  88 0.875 20.376 1201.07
  89 0.885 21.164 1177.18
  90 0.895 21.656 1085.97
  91 0.905 21.826 1114.55
  92 0.915 21.898 980.485
  93 0.925 21.73 1026.25
  94 0.935 21.778 1049.76
  95 0.945 21.562 1060.32
  96 0.955 21.592 1086.33
  97 0.965 21.226 1130.71
  98 0.975 21.076 1088.21
  99 0.985 20.226 1084.87
  100 0.995 19.846 1064.61
330000 100 2112.0000000000005
  1 0.005 19.758 1078.47
  2 0.015 20.3 1031.05
  3 0.025 21.112 1068.11
  4 0.035 21.404 1069.27
  5 0.045 21.552 1044.32
  6 0.055 21.542 1092.71
  7 0.065 21.726 1170.61
  8 0.075 21.836 1090.17
  9 0.085 21.92 1118.43
  10 0.095 21.804 1085.36
  11 0.105 21.562 1088.2
  12 0.115 21.292 1084.85
  13 0.125 20.302 1128.8
  14 0.135 19.936 1147.37
  15 0.145 20.526 1144.72
  16 0.155 20.812 1189.79
  17 0.165 21.762 1141.82
  18 0.175 21.886 1153.04
  19 0.185 21.854 1212.5
  20 0.195 21.724 1227.77
  21 0.205 21.662 1262.73
  22 0.215 21.54 1287.68
  23 0.225 21.322 1281.31
  24 0.235 21.052 1274.61
  25 0.245 20.414 1259.82
  26 0.255 19.888 1253.63
  27 0.265 19.696 1273.21
  28 0.275 20.234 1330.56
  29 0.285 20.736 1357.26
  30 0.295 21.238 1340.33
  31 0.305 21.556 1379.21
  32 0.315 21.63 1373.18
  33 0.325 21.648 1338.49
  34 0.335 21.848 1296.83
  35 0.345 21.774 1254.17
  36 0.355 21.268 1279.16
  37 0.365 20.782 1352.33
  38 0.375 20.266 1314.14
  39 0.385 20.324 1263.77
  40 0.395 20.46 1320.9
  41 0.405 21.42 1272
  42 0.415 21.684 1306.49
  43 0.425 21.822 1310.39
  44 0.435 21.754 1338.21
  45 0.445 21.584 1357.04
  46 0.455 21.674 1349.73
  47 0.465 21.148 1390.48
  48 0.475 20.776 1416.29
  49 0.485 20.158 1386.03
  50 0.495 19.61 1335.3
  51 0.505 19.688 1370.42
  52 0.515 20.498 1280.75
  53 0.525 21.056 1245.68
  54 0.535 21.412 1257.61
  55 0.545 21.456 1289.26
  56 0.555 21.79 1296.27
  57 0.565 21.792 1311.91
  58 0.575 21.794 1346.18
  59 0.585 21.686 1301.6
  60 0.595 21.362 1342.76
  61 0.605 20.664 1376.42
  62 0.615 19.868 1381.56
  63 0.625 20.442 1366.32
  64 0.635 20.656 1353.04
  65 0.645 21.522 1305.28
  66 0.655 21.724 1350.79
  67 0.665 21.852 1325.51
  68 0.675 21.744 1379.54
  69 0.685 21.602 1341.75
  70 0.695 21.672 1303.18
  71 0.705 21.29 1296.2
  72 0.715 20.918 1309.01
  73 0.725 20.13 1361.21
  74 0.735 19.662 1290.88
  75 0.745 19.768 1304.17
  76 0.755 20.288 1319.72
  77 0.765 20.994 1237.91
  78 0.775 21.38 1244.04
  79 0.785 21.508 1241.6
  80 0.795 21.714 1264.44
  81 0.805 21.7 1266.8
  82 0.815 21.886 1184.38
  83 0.825 21.81 1149.01
  84 0.835 21.484 1130.97
  85 0.845 21.368 1060.77
  86 0.855 20.502 1083.98
  87 0.865 20.466 1071.2
  88 0.875 20.242 1131.82
  89 0.885 20.804 1121.38
  90 0.895 21.478 1114.2
  91 0.905 21.778 1131.78
  92 0.915 21.888 1146.44
  93 0.925 21.766 1118.79
  94 0.935 21.774 1127.83
  95 0.945 21.612 1112
  96 0.955 21.578 1149.23
  97 0.965 21.208 1144.53
  98 0.975 20.996 1089.15
  99 0.985 20.26 1076.76
  100 0.995 19.89 1119.9
335000 100 2112
  1 0.005 19.82 1169.24
  2 0.015 20.276 1148.51
  3 0.025 20.9 1174.16
  4 0.035 21.378 1133.07
  5 0.045 21.546 1157.98
  6 0.055 21.63 1121.04
  7 0.065 21.768 1116.69
  8 0.075 21.74 1092.04
  9 0.085 21.914 1091.07
  10 0.095 21.758 1129.31
  11 0.105 21.326 1143.08
  12 0.115 21.19 1068.12
  13 0.125 20.18 1039.9
  14 0.135 19.794 1109.02
  15 0.145 20.654 1099.67
  16 0.155 21.314 1070.72
  17 0.165 21.836 1067.8
  18 0.175 21.922 1129.46
  19 0.185 21.706 1222.1
  20 0.195 21.826 1183.72
  21 0.205 21.674 1175.48
  22 0.215 21.514 1209.91
  23 0.225 21.334 1218.86
  24 0.235 20.766 1281.31
  25 0.245 20.318 1267.29
  26 0.255 19.886 1284.08
  27 0.265 19.654 1299.38
  28 0.275 20.402 1322.63
  29 0.285 20.898 1304.62
  30 0.295 21.198 1336.3
  31 0.305 21.736 1289.3
  32 0.315 21.594 1331.32
  33 0.325 21.716 1304.26
  34 0.335 21.786 1254.9
  35 0.345 21.662 1271.16
  36 0.355 21.288 1304.31
  37 0.365 20.676 1322.79
  38 0.375 20.288 1303.48
  39 0.385 20.528 1203.31
  40 0.395 20.54 1290.65
  41 0.405 21.376 1283.61
  42 0.415 21.65 1369.23
  43 0.425 21.734 1364.28
  44 0.435 21.806 1437.57
  45 0.445 21.628 1495.2
  46 0.455 21.388 1454.64
  47 0.465 21.182 1441.77
  48 0.475 20.676 1456.77
  49 0.485 19.974 1449.93
  50 0.495 19.866 1359.7
  51 0.505 19.924 1320.31
  52 0.515 20.412 1328.29
  53 0.525 21.154 1305.65
  54 0.535 21.314 1307.38
  55 0.545 21.722 1285.18
  56 0.555 21.648 1374.04
  57 0.565 21.82 1348.47
  58 0.575 21.734 1331.22
  59 0.585 21.754 1305.75
  60 0.595 21.48 1300.98
  61 0.605 20.584 1322.68
  62 0.615 19.888 1357.2
  63 0.625 20.006 1297.16
  64 0.635 20.85 1259.91
  65 0.645 21.568 1207.99
  66 0.655 21.834 1200.33
  67 0.665 21.91 1219.24
  68 0.675 21.772 1192.29
  69 0.685 21.736 1118.37
  70 0.695 21.63 1110.25
  71 0.705 21.384 1142.82
  72 0.715 21.234 1198.83
  73 0.725 20.662 1272.63
  74 0.735 20.006 1350.48
  75 0.745 19.708 1373.15
  76 0.755 19.844 1381.17
  77 0.765 20.474 1370.76
  78 0.775 21.23 1310.6
  79 0.785 21.618 1312.02
  80 0.795 21.452 1332.85
  81 0.805 21.816 1266.99
  82 0.815 21.748 1303
  83 0.825 21.81 1290.64
  84 0.835 21.534 1237.67
  85 0.845 21.388 1175
  86 0.855 20.898 1133.34
  87 0.865 20.176 1072.08
  88 0.875 20.05 1115.57
  89 0.885 20.898 1081.47
  90 0.895 21.352 1124.59
  91 0.905 21.802 1148.31
  92 0.915 21.818 1151.26
  93 0.925 21.81 1090.95
  94 0.935 21.758 1078.37
  95 0.945 21.682 1062.93
  96 0.955 21.418 1102.11
  97 0.965 21.368 1118.89
  98 0.975 20.904 1209.75
  99 0.985 20.208 1217.8
  100 0.995 19.994 1180.78
340000 100 2112
  1 0.005 19.89 1181.57
  2 0.015 20.382 1153.43
  3 0.025 20.9 1101.13
  4 0.035 21.326 1055.36
  5 0.045 21.524 1126.75
  6 0.055 21.592 1151.65
  7 0.065 21.692 1090.24
  8 0.075 21.766 1092.2
  9 0.085 21.976 1122.7
  10 0.095 21.788 1107.21
  11 0.105 21.408 1108.89
  12 0.115 20.81 1135.12
  13 0.125 19.982 1089.29
  14 0.135 20.134 1019.42
  15 0.145 20.778 1013.19
  16 0.155 21.36 1077.3
  17 0.165 21.766 1154.03
  18 0.175 21.84 1165.38
  19 0.185 21.71 1163.12
  20 0.195 21.85 1164.88
  21 0.205 21.65 1156.36
  22 0.215 21.416 1190.55
  23 0.225 21.034 1175.68
  24 0.235 20.834 1146.9
  25 0.245 20.512 1155.61
  26 0.255 20.056 1251.36
  27 0.265 19.96 1232.92
  28 0.275 20.32 1206.87
  29 0.285 20.794 1262.89
  30 0.295 21.256 1275.98
  31 0.305 21.492 1318.88
  32 0.315 21.714 1295.91
  33 0.325 21.748 1344.88
  34 0.335 21.822 1347.27
  35 0.345 21.528 1278.76
  36 0.355 21.518 1320.29
  37 0.365 20.786 1319.58
  38 0.375 20.536 1317.29
  39 0.385 20.26 1383.8
  40 0.395 20.41 1405.15
  41 0.405 21.384 1405.57
  42 0.415 21.526 1463.25
  43 0.425 21.78 1467.78
  44 0.435 21.738 1499.03
  45 0.445 21.688 1419.81
  46 0.455 21.51 1420.52
  47 0.465 21.122 1441.33
  48 0.475 20.834 1408.02
  49 0.485 20.094 1348.73
  50 0.495 19.712 1348.55
  51 0.505 19.872 1323.43
  52 0.515 20.444 1307.81
  53 0.525 21.016 1292.5
  54 0.535 21.402 1299.45
  55 0.545 21.548 1302.3
  56 0.555 21.63 1263.3
  57 0.565 21.808 1241.28
  58 0.575 21.808 1238.13
  59 0.585 21.764 1321.48
  60 0.595 21.454 1322.81
  61 0.605 20.806 1313.46
  62 0.615 20.018 1424.05
  63 0.625 19.74 1451.87
  64 0.635 20.834 1330.05
  65 0.645 21.552 1316.68
  66 0.655 21.672 1298.08
  67 0.665 21.958 1235.84
  68 0.675 21.68 1230.75
  69 0.685 21.702 1258.15
  70 0.695 21.592 1294.6
  71 0.705 21.264 1337.76
  72 0.715 20.962 1301.66
  73 0.725 20.624 1286.77
  74 0.735 20.01 1255.9
  75 0.745 19.768 1262.64
  76 0.755 20.208 1220.19
  77 0.765 20.72 1187.6
  78 0.775 21.116 1216.62
  79 0.785 21.582 1226.64
  80 0.795 21.488 1243.72
  81 0.805 21.784 1169.32
  82 0.815 21.792 1167.96
  83 0.825 21.698 1211.12
  84 0.835 21.72 1181.83
  85 0.845 21.162 1172.61
  86 0.855 20.758 1203.78
  87 0.865 20.428 1200.47
  88 0.875 20.42 1206.26
  89 0.885 20.618 1200.06
  90 0.895 21.366 1182.34
  91 0.905 21.764 1208.18
  92 0.915 21.708 1152.72
  93 0.925 21.994 1106.08
  94 0.935 21.652 1117.46
  95 0.945 21.718 1102.37
  96 0.955 21.392 1125.71
  97 0.965 21.326 1176.22
  98 0.975 20.93 1207.53
  99 0.985 20.338 1195.99
  100 0.995 19.882 1168.92
