# Chunk-averaged data for fix 3 and group all
# Timestep Number-of-chunks Total-count
# Chunk Coord1 Ncount v_temp
45000 100 2112.0000000000005
  1 0.005 19.83 821.541
  2 0.015 20.284 815.645
  3 0.025 21.156 794.559
  4 0.035 21.424 927.932
  5 0.045 21.384 981.481
  6 0.055 21.616 963.603
  7 0.065 21.79 917.515
  8 0.075 21.87 888.884
  9 0.085 21.918 920.335
  10 0.095 21.874 941.699
  11 0.105 21.592 896.645
  12 0.115 20.902 929.685
  13 0.125 20.048 892.005
  14 0.135 19.588 980.508
  15 0.145 20.498 923.57
  16 0.155 21.658 940.641
  17 0.165 21.794 978.736
  18 0.175 21.986 946.795
  19 0.185 21.808 928.919
  20 0.195 21.854 933.645
  21 0.205 21.5 952.973
  22 0.215 21.552 962.373
  23 0.225 21.5 973.613
  24 0.235 20.82 1042.43
  25 0.245 20.4 1046.23
  26 0.255 19.48 1019.84
  27 0.265 19.556 968.132
  28 0.275 20.412 1020.09
  29 0.285 20.994 1058.04
  30 0.295 21.472 1035.46
  31 0.305 21.42 1044.66
  32 0.315 21.664 1058.22
  33 0.325 21.71 1031.7
  34 0.335 21.89 1049.33
  35 0.345 21.9 1036.29
  36 0.355 21.778 1094.84
  37 0.365 20.602 1058.88
  38 0.375 20 1133.67
  39 0.385 19.66 1210.8
  40 0.395 20.66 1143
  41 0.405 21.518 1151.6
  42 0.415 21.812 1171.74
  43 0.425 21.91 1122.29
  44 0.435 21.708 1107.22
  45 0.445 21.67 1120.9
  46 0.455 21.45 1079.47
  47 0.465 21.47 1126.42
  48 0.475 20.846 1158.92
  49 0.485 20.242 1122.86
  50 0.495 19.452 1218.16
  51 0.505 19.48 1194.9
  52 0.515 20.522 1131.67
  53 0.525 21.146 1073.52
  54 0.535 21.356 1132.03
  55 0.545 21.488 1156.37
  56 0.555 21.754 1114.31
  57 0.565 21.734 1091.47
  58 0.575 21.872 1084.61
  59 0.585 21.818 1096.65
  60 0.595 21.656 1134.5
  61 0.605 20.504 1114
  62 0.615 19.952 1068.18
  63 0.625 19.764 982.218
  64 0.635 20.726 993.033
  65 0.645 21.652 943.009
  66 0.655 21.888 1013.98
  67 0.665 21.898 977.518
  68 0.675 21.86 985.999
  69 0.685 21.59 999.418
  70 0.695 21.638 999.465
  71 0.705 21.402 1013.09
  72 0.715 21.324 1038.28
  73 0.725 20.58 1041.64
  74 0.735 19.708 1014.48
  75 0.745 19.352 1093.55
  76 0.755 19.982 1077.57
  77 0.765 20.784 1104.21
  78 0.775 21.288 1076.62
  79 0.785 21.486 1033.28
  80 0.795 21.588 1015.82
  81 0.805 21.756 921.205
  82 0.815 21.89 1017.09
  83 0.825 21.844 1024.65
  84 0.835 21.8 956.928
  85 0.845 21.344 979.128
  86 0.855 20.65 934.339
  87 0.865 19.742 961.073
  88 0.875 19.996 974.893
  89 0.885 20.792 962.972
  90 0.895 21.742 976.711
  91 0.905 21.93 938.576
  92 0.915 21.906 912.707
  93 0.925 21.97 906.314
  94 0.935 21.512 906.164
  95 0.945 21.684 871.828
  96 0.955 21.512 861.56
  97 0.965 21.5 867.956
  98 0.975 20.962 853.487
  99 0.985 20.224 853.736
  100 0.995 19.53 855.345
50000 100 2112
  1 0.005 19.578 843.728
  2 0.015 20.326 833.743
  3 0.025 20.962 908.997
  4 0.035 21.418 872.743
  5 0.045 21.534 929.685
  6 0.055 21.55 893.274
  7 0.065 21.778 908.401
  8 0.075 21.734 980.727
  9 0.085 21.962 959.333
  10 0.095 21.738 1005.47
  11 0.105 21.464 938.569
  12 0.115 21.112 918.037
  13 0.125 19.498 934.689
  14 0.135 19.938 937.966
  15 0.145 20.59 924.601
  16 0.155 21.726 907.538
  17 0.165 21.874 928.472
  18 0.175 21.83 913.44
  19 0.185 21.918 951.631
  20 0.195 21.758 941.564
  21 0.205 21.582 934.086
  22 0.215 21.552 1001.33
  23 0.225 21.244 1045.56
  24 0.235 20.7 1107.6
  25 0.245 19.708 1099.68
  26 0.255 19.732 1071.36
  27 0.265 19.828 1052.9
  28 0.275 20.596 1024.19
  29 0.285 21.214 1040.14
  30 0.295 21.416 1057.82
  31 0.305 21.572 1058.93
  32 0.315 21.662 995.783
  33 0.325 21.89 1009.48
  34 0.335 21.804 1065.98
  35 0.345 21.89 1015.63
  36 0.355 21.54 1101.77
  37 0.365 20.766 1111.16
  38 0.375 19.94 1030.51
  39 0.385 19.63 1100.26
  40 0.395 20.792 1106.54
  41 0.405 21.582 1106.51
  42 0.415 21.854 1057.06
  43 0.425 21.894 1119.61
  44 0.435 21.846 1085.13
  45 0.445 21.694 1128.3
  46 0.455 21.456 1116.28
  47 0.465 21.448 1159.23
  48 0.475 21.06 1167.63
  49 0.485 20.34 1176.05
  50 0.495 19.556 1233.56
  51 0.505 19.544 1221.72
  52 0.515 20.086 1187.81
  53 0.525 20.92 1156.64
  54 0.535 21.412 1167.04
  55 0.545 21.434 1131.66
  56 0.555 21.772 1089.01
  57 0.565 21.764 1128.36
  58 0.575 21.72 1069.79
  59 0.585 21.922 1051.75
  60 0.595 21.58 1034.57
  61 0.605 20.608 1011.99
  62 0.615 19.94 971.924
  63 0.625 19.726 977.427
  64 0.635 20.79 1017.17
  65 0.645 21.608 988.213
  66 0.655 21.872 1006.35
  67 0.665 21.928 955.636
  68 0.675 21.834 1001.96
  69 0.685 21.674 1039.21
  70 0.695 21.49 1017.3
  71 0.705 21.462 986.714
  72 0.715 21.264 1023.87
  73 0.725 20.448 1016.55
  74 0.735 19.728 1022.79
  75 0.745 19.606 1058.43
  76 0.755 19.988 1084.96
  77 0.765 20.812 1069.63
  78 0.775 21.298 1087.49
  79 0.785 21.39 1099.56
  80 0.795 21.692 1081.58
  81 0.805 21.614 1023.83
  82 0.815 21.896 1014.52
  83 0.825 21.904 1005.49
  84 0.835 21.706 965.063
  85 0.845 21.38 1005.88
  86 0.855 20.552 1009.99
  87 0.865 19.872 985.483
  88 0.875 19.952 995.417
  89 0.885 20.92 964.798
  90 0.895 21.664 883.923
  91 0.905 21.93 877.408
  92 0.915 21.908 880.797
  93 0.925 21.84 842.031
  94 0.935 21.72 901.621
  95 0.945 21.588 890.713
  96 0.955 21.52 862.299
  97 0.965 21.426 875.552
  98 0.975 21.152 845.058
  99 0.985 20.288 827.67
  100 0.995 19.78 845.293
55000 100 2112
  1 0.005 19.672 858.532
  2 0.015 20.404 874.918
  3 0.025 21.116 842.387
  4 0.035 21.494 887.856
  5 0.045 21.44 894.63
  6 0.055 21.664 870.474
  7 0.065 21.788 933.206
  8 0.075 21.83 931.171
  9 0.085 21.89 915.857
  10 0.095 21.756 951.993
  11 0.105 21.744 956.739
  12 0.115 20.728 947.202
  13 0.125 19.888 944.103
  14 0.135 20.148 944.043
  15 0.145 20.488 933.797
  16 0.155 21.366 971.363
  17 0.165 21.874 961.132
  18 0.175 21.9 978.852
  19 0.185 21.934 960.412
  20 0.195 21.698 957.507
  21 0.205 21.644 942.318
  22 0.215 21.602 921.422
  23 0.225 21.436 941.323
  24 0.235 20.94 986.253
  25 0.245 20.442 994.598
  26 0.255 19.812 996.066
  27 0.265 19.78 1028.15
  28 0.275 20.074 1009.29
  29 0.285 20.778 1009.12
  30 0.295 21.33 1024.27
  31 0.305 21.53 1118.14
  32 0.315 21.57 1129.86
  33 0.325 21.674 1082.06
  34 0.335 21.904 991.701
  35 0.345 21.908 1014.12
  36 0.355 21.774 1088.91
  37 0.365 21.068 1102.82
  38 0.375 20.072 1140.02
  39 0.385 19.266 1204.22
  40 0.395 20.472 1155.41
  41 0.405 21.45 1089.64
  42 0.415 21.888 1086.14
  43 0.425 21.884 1072.15
  44 0.435 21.816 1109.21
  45 0.445 21.614 1110.56
  46 0.455 21.556 1125.45
  47 0.465 21.252 1149.33
  48 0.475 20.894 1131.73
  49 0.485 20.082 1143.02
  50 0.495 19.544 1158.41
  51 0.505 19.662 1189.67
  52 0.515 20.436 1186.14
  53 0.525 21.046 1128.9
  54 0.535 21.336 1145.69
  55 0.545 21.544 1096.49
  56 0.555 21.726 1067.8
  57 0.565 21.826 1093.3
  58 0.575 21.886 1116.17
  59 0.585 21.726 1091.57
  60 0.595 21.386 1055.11
  61 0.605 20.304 1077.81
  62 0.615 19.9 1086.97
  63 0.625 20.248 1112.94
  64 0.635 20.89 1087.95
  65 0.645 21.538 1061.53
  66 0.655 21.874 1022.79
  67 0.665 21.914 1023.97
  68 0.675 21.822 1020.09
  69 0.685 21.566 1035.16
  70 0.695 21.678 996.075
  71 0.705 21.446 996.767
  72 0.715 21.184 965.972
  73 0.725 20.494 956.54
  74 0.735 19.732 1001.67
  75 0.745 19.65 1088.05
  76 0.755 19.922 1076.27
  77 0.765 20.798 1103.14
  78 0.775 21.272 1116.75
  79 0.785 21.488 1049.43
  80 0.795 21.594 1000.77
  81 0.805 21.754 996.398
  82 0.815 21.818 1053.34
  83 0.825 21.902 1007.62
  84 0.835 21.816 1008.54
  85 0.845 21.406 976.591
  86 0.855 20.434 953.687
  87 0.865 19.378 965.993
  88 0.875 20.232 949.876
  89 0.885 21.052 911.052
  90 0.895 21.796 906.403
  91 0.905 21.904 898.836
  92 0.915 21.938 883.505
  93 0.925 21.828 866.033
  94 0.935 21.644 858.749
  95 0.945 21.692 864.307
  96 0.955 21.518 856.138
  97 0.965 21.36 926.606
  98 0.975 20.904 896.319
  99 0.985 20.22 871.46
  100 0.995 19.638 842.563
60000 100 2112
  1 0.005 19.746 957.937
  2 0.015 20.346 880.409
  3 0.025 21.082 856.536
  4 0.035 21.478 882.798
  5 0.045 21.5 895.998
  6 0.055 21.654 885.318
  7 0.065 21.74 943.972
  8 0.075 21.786 951.961
  9 0.085 21.908 964.055
  10 0.095 21.772 937.846
  11 0.105 21.552 926.528
  12 0.115 20.828 926.356
  13 0.125 20.022 922.619
  14 0.135 19.716 980.227
  15 0.145 20.794 955.924
  16 0.155 21.486 911.423
  17 0.165 21.832 893.75
  18 0.175 21.938 896.74
  19 0.185 21.842 912.314
  20 0.195 21.83 919.686
  21 0.205 21.578 935.565
  22 0.215 21.504 972.334
  23 0.225 21.426 945.523
  24 0.235 20.948 927.558
  25 0.245 20.166 899.151
  26 0.255 19.458 925.098
  27 0.265 19.896 977.698
  28 0.275 20.432 1003.87
  29 0.285 20.864 1039.42
  30 0.295 21.43 986.408
  31 0.305 21.49 1066.19
  32 0.315 21.63 1047.38
  33 0.325 21.746 1050.33
  34 0.335 21.898 1091.87
  35 0.345 21.888 1051.71
  36 0.355 21.622 1049.73
  37 0.365 21.044 1075.53
  38 0.375 20.03 1142.2
  39 0.385 19.606 1169.56
  40 0.395 20.512 1138.48
  41 0.405 21.554 1112.9
  42 0.415 21.68 1121.87
  43 0.425 21.886 1111.02
  44 0.435 21.784 1095.5
  45 0.445 21.684 1092.81
  46 0.455 21.614 1118.26
  47 0.465 21.432 1115.62
  48 0.475 21.094 1136.09
  49 0.485 20.294 1201.11
  50 0.495 19.742 1186.41
  51 0.505 19.342 1156.48
  52 0.515 20.118 1171.46
  53 0.525 20.954 1138.51
  54 0.535 21.3 1169.32
  55 0.545 21.484 1167.39
  56 0.555 21.636 1124.26
  57 0.565 21.768 1062.75
  58 0.575 21.858 1097.81
  59 0.585 21.752 1127.11
  60 0.595 21.488 1051.56
  61 0.605 20.726 1045.68
  62 0.615 20.036 1021.03
  63 0.625 20.066 1060.38
  64 0.635 20.574 1068.88
  65 0.645 21.612 1042.33
  66 0.655 21.722 1038.47
  67 0.665 21.888 1057.48
  68 0.675 21.822 1058.54
  69 0.685 21.664 1051.33
  70 0.695 21.448 1006.84
  71 0.705 21.502 1018.47
  72 0.715 21.104 1042.55
  73 0.725 20.31 1041.55
  74 0.735 19.544 1113.76
  75 0.745 19.324 1104.25
  76 0.755 20.418 1105.56
  77 0.765 20.908 1041.7
  78 0.775 21.346 983.706
  79 0.785 21.626 950.314
  80 0.795 21.614 997.182
  81 0.805 21.754 1008.82
  82 0.815 21.832 998.859
  83 0.825 21.898 951.176
  84 0.835 21.69 982.42
  85 0.845 21.338 983.339
  86 0.855 20.56 943.269
  87 0.865 19.658 949.259
  88 0.875 20.096 921.123
  89 0.885 21.118 914.962
  90 0.895 21.614 923.308
  91 0.905 21.922 910.511
  92 0.915 21.912 921.764
  93 0.925 21.94 893.882
  94 0.935 21.65 925.345
  95 0.945 21.558 925.895
  96 0.955 21.608 946.048
  97 0.965 21.342 953.054
  98 0.975 20.902 945.233
  99 0.985 20.2 941.324
  100 0.995 19.67 956.863
65000 100 2112
  1 0.005 19.852 894.041
  2 0.015 20.32 837.746
  3 0.025 21.152 885.196
  4 0.035 21.532 901.176
  5 0.045 21.494 895.551
  6 0.055 21.712 881.186
  7 0.065 21.692 873.78
  8 0.075 21.774 902.446
  9 0.085 21.972 838.222
  10 0.095 21.898 933.419
  11 0.105 21.368 922.392
  12 0.115 20.474 906.911
  13 0.125 19.938 905.123
  14 0.135 20.006 856.714
  15 0.145 20.97 900.333
  16 0.155 21.56 928.258
  17 0.165 21.744 873.634
  18 0.175 21.946 954.596
  19 0.185 21.848 954.206
  20 0.195 21.624 977.267
  21 0.205 21.63 990.138
  22 0.215 21.516 1024.63
  23 0.225 21.306 1008.95
  24 0.235 20.876 1008.29
  25 0.245 19.874 995.291
  26 0.255 19.622 1002.76
  27 0.265 19.77 1011.63
  28 0.275 20.728 994.849
  29 0.285 21.146 1063.15
  30 0.295 21.354 982.169
  31 0.305 21.536 1023.86
  32 0.315 21.644 1086.28
  33 0.325 21.822 1041.15
  34 0.335 21.842 1078.12
  35 0.345 21.96 1038.43
  36 0.355 21.526 1052.97
  37 0.365 20.79 1082.1
  38 0.375 19.638 1092.66
  39 0.385 20.052 1104.16
  40 0.395 20.706 1080.51
  41 0.405 21.462 1074.67
  42 0.415 21.784 1095.26
  43 0.425 21.958 1090.54
  44 0.435 21.68 1133.76
  45 0.445 21.79 1093.8
  46 0.455 21.498 1117.75
  47 0.465 21.438 1094.21
  48 0.475 21.132 1143.64
  49 0.485 20.354 1142.97
  50 0.495 19.422 1175.45
  51 0.505 19.696 1200.67
  52 0.515 19.966 1198.53
  53 0.525 20.986 1102.42
  54 0.535 21.414 1098.34
  55 0.545 21.49 1078.98
  56 0.555 21.636 1107.37
  57 0.565 21.886 1087.02
  58 0.575 21.712 1162.88
  59 0.585 21.882 1115.17
  60 0.595 21.376 1147.46
  61 0.605 20.956 1128.52
  62 0.615 20.242 1056.45
  63 0.625 19.592 1128.1
  64 0.635 20.66 1126.25
  65 0.645 21.38 1114.39
  66 0.655 21.848 1103.92
  67 0.665 21.912 1039.84
  68 0.675 21.754 1013.15
  69 0.685 21.644 1026.45
  70 0.695 21.63 1044.7
  71 0.705 21.31 1052.82
  72 0.715 21.128 1042.79
  73 0.725 20.388 1042.75
  74 0.735 19.698 1058.87
  75 0.745 19.74 1051.2
  76 0.755 20.156 1064.09
  77 0.765 20.916 1024.95
  78 0.775 21.17 1038.24
  79 0.785 21.512 1009.65
  80 0.795 21.542 961.957
  81 0.805 21.836 960.43
  82 0.815 21.774 952.203
  83 0.825 21.942 908.247
  84 0.835 21.776 915.781
  85 0.845 21.396 953.765
  86 0.855 20.852 940.901
  87 0.865 19.906 965.301
  88 0.875 20.048 961.623
  89 0.885 20.59 932.912
  90 0.895 21.534 902.776
  91 0.905 21.866 944.131
  92 0.915 21.932 920.26
  93 0.925 21.914 917.232
  94 0.935 21.702 902.913
  95 0.945 21.568 985.231
  96 0.955 21.538 958.819
  97 0.965 21.344 997.264
  98 0.975 20.88 956.366
  99 0.985 20.036 956.126
  100 0.995 19.612 922.856
70000 100 2112
  1 0.005 19.828 796.572
  2 0.015 20.606 804.781
  3 0.025 21.362 838.088
  4 0.035 21.544 826.217
  5 0.045 21.54 823.75
  6 0.055 21.732 850.681
  7 0.065 21.674 864.572
  8 0.075 21.9 875.782
  9 0.085 21.94 837.231
  10 0.095 21.824 869.09
  11 0.105 21.634 872.642
  12 0.115 20.88 903.027
  13 0.125 20.062 910.603
  14 0.135 19.7 980.101
  15 0.145 20.77 952.989
  16 0.155 21.288 971.992
  17 0.165 21.85 955.434
  18 0.175 21.854 977.697
  19 0.185 21.924 1007.49
  20 0.195 21.666 993.435
  21 0.205 21.7 1023.77
  22 0.215 21.454 1015.94
  23 0.225 21.262 1072.17
  24 0.235 20.988 1073.41
  25 0.245 19.808 1038.95
  26 0.255 19.512 1047.99
  27 0.265 19.912 1049.31
  28 0.275 20.626 1007.83
  29 0.285 21.068 996.18
  30 0.295 21.31 947.821
  31 0.305 21.592 981.94
  32 0.315 21.72 993.924
  33 0.325 21.746 992.424
  34 0.335 21.866 1026.02
  35 0.345 21.898 1033.17
  36 0.355 21.59 1010.75
  37 0.365 20.986 1010.3
  38 0.375 19.91 1076.6
  39 0.385 19.778 1071.1
  40 0.395 20.732 1148.16
  41 0.405 21.212 1186.96
  42 0.415 21.798 1122.91
  43 0.425 21.95 1189
  44 0.435 21.632 1253.57
  45 0.445 21.678 1079.16
  46 0.455 21.664 1045.78
  47 0.465 21.498 1073.34
  48 0.475 21.104 1086.15
  49 0.485 20.152 1064
  50 0.495 19.658 1066.99
  51 0.505 19.42 1048.18
  52 0.515 20.25 1084.51
  53 0.525 20.982 1085.35
  54 0.535 21.336 1144.4
  55 0.545 21.55 1155.49
  56 0.555 21.566 1180.53
  57 0.565 21.82 1126.85
  58 0.575 21.816 1162.95
  59 0.585 21.85 1215.98
  60 0.595 21.506 1152.58
  61 0.605 20.372 1160.82
  62 0.615 20.108 1104.24
  63 0.625 19.994 1102.94
  64 0.635 20.802 1137.17
  65 0.645 21.436 1119.17
  66 0.655 21.836 1120.4
  67 0.665 21.958 1091.53
  68 0.675 21.832 1090.37
  69 0.685 21.678 1052.21
  70 0.695 21.57 1041.55
  71 0.705 21.386 1016.24
  72 0.715 21.134 1026.46
  73 0.725 20.534 1037.79
  74 0.735 19.672 1007.74
  75 0.745 19.636 1016.16
  76 0.755 20.212 992.273
  77 0.765 20.8 968.618
  78 0.775 21.29 1019.05
  79 0.785 21.258 1023.03
  80 0.795 21.758 994.83
  81 0.805 21.722 988.745
  82 0.815 21.832 989.14
  83 0.825 21.862 960.158
  84 0.835 21.814 899.002
  85 0.845 21.536 889.428
  86 0.855 20.654 922.171
  87 0.865 20.212 902.937
  88 0.875 20.06 956.893
  89 0.885 20.468 985.093
  90 0.895 21.42 1025.26
  91 0.905 21.762 1014.27
  92 0.915 21.914 983.485
  93 0.925 21.866 945.441
  94 0.935 21.648 942.068
  95 0.945 21.556 970.66
  96 0.955 21.564 978.826
  97 0.965 21.332 1013.9
  98 0.975 20.862 960.252
  99 0.985 19.772 930.953
  100 0.995 19.4 840.055
75000 100 2112
  1 0.005 19.478 845.18
  2 0.015 20.614 836.204
  3 0.025 21.008 896.883
  4 0.035 21.342 915.122
  5 0.045 21.626 888.725
  6 0.055 21.634 860.523
  7 0.065 21.668 878.502
  8 0.075 21.848 894.499
  9 0.085 21.944 902.309
  10 0.095 21.826 856.357
  11 0.105 21.744 874.117
  12 0.115 20.99 924.501
  13 0.125 19.984 947.477
  14 0.135 19.71 945.503
  15 0.145 20.604 993.327
  16 0.155 21.198 1039.56
  17 0.165 21.9 948.432
  18 0.175 21.866 977.638
  19 0.185 21.976 943.452
  20 0.195 21.604 1002.66
  21 0.205 21.64 934.704
  22 0.215 21.488 942.721
  23 0.225 21.462 944.787
  24 0.235 20.942 954.164
  25 0.245 20.046 972.868
  26 0.255 19.576 940.593
  27 0.265 19.662 987.107
  28 0.275 20.708 959.609
  29 0.285 20.932 976.202
  30 0.295 21.418 972.072
  31 0.305 21.476 1051.51
  32 0.315 21.646 1088.36
  33 0.325 21.75 1098.88
  34 0.335 21.858 1145.47
  35 0.345 21.828 1128.25
  36 0.355 21.764 1102.79
  37 0.365 20.868 1082.92
  38 0.375 20.16 1131.67
  39 0.385 19.574 1096.56
  40 0.395 20.542 1115.87
  41 0.405 21.348 1124.72
  42 0.415 21.944 1083.22
  43 0.425 21.806 1108.81
  44 0.435 21.84 1182.27
  45 0.445 21.566 1195.79
  46 0.455 21.518 1130.52
  47 0.465 21.406 1107.42
  48 0.475 21.162 1123.38
  49 0.485 20.33 1132.49
  50 0.495 19.642 1196.11
  51 0.505 19.384 1146.82
  52 0.515 20.1 1116.33
  53 0.525 21 1154.63
  54 0.535 21.416 1175.23
  55 0.545 21.442 1108.72
  56 0.555 21.708 1190.74
  57 0.565 21.75 1132.99
  58 0.575 21.878 1079.75
  59 0.585 21.892 1092.01
  60 0.595 21.396 1100.46
  61 0.605 20.708 1106.13
  62 0.615 19.784 1082.68
  63 0.625 19.932 996.61
  64 0.635 20.876 1006.92
  65 0.645 21.588 1010.13
  66 0.655 21.736 1039.5
  67 0.665 21.906 1019.87
  68 0.675 21.8 1063.99
  69 0.685 21.642 1093.12
  70 0.695 21.596 1065.74
  71 0.705 21.292 1035.82
  72 0.715 21.21 962.641
  73 0.725 20.374 967.957
  74 0.735 19.626 1027.36
  75 0.745 19.518 989.28
  76 0.755 20.33 970.705
  77 0.765 20.988 963.285
  78 0.775 21.286 1010.88
  79 0.785 21.31 1047.24
  80 0.795 21.702 1019.72
  81 0.805 21.814 1043.15
  82 0.815 21.768 1051.15
  83 0.825 21.796 981.607
  84 0.835 21.79 1024.18
  85 0.845 21.216 984.819
  86 0.855 20.144 1017.14
  87 0.865 19.874 1006.3
  88 0.875 20.416 990.623
  89 0.885 21.09 957.303
  90 0.895 21.674 942.365
  91 0.905 21.854 979.893
  92 0.915 21.922 935.054
  93 0.925 21.81 938.724
  94 0.935 21.76 946.354
  95 0.945 21.504 929.474
  96 0.955 21.54 906.627
  97 0.965 21.484 945.111
  98 0.975 21.104 889.453
  99 0.985 20.222 907.741
  100 0.995 19.582 865.608
80000 100 2111.9999999999995
  1 0.005 19.794 866.173
  2 0.015 20.504 885.763
  3 0.025 21.212 879.942
  4 0.035 21.476 875.328
  5 0.045 21.514 899.975
  6 0.055 21.612 849.87
  7 0.065 21.75 893.857
  8 0.075 21.912 940.86
  9 0.085 21.856 970.332
  10 0.095 21.838 926.009
  11 0.105 21.556 895.666
  12 0.115 20.782 924.626
  13 0.125 19.878 936.034
  14 0.135 20.146 936.974
  15 0.145 20.578 909.342
  16 0.155 21.378 910.985
  17 0.165 21.876 926.672
  18 0.175 21.868 994.525
  19 0.185 21.79 984.02
  20 0.195 21.75 1019.11
  21 0.205 21.708 998.35
  22 0.215 21.506 1010.98
  23 0.225 21.382 992.568
  24 0.235 20.804 966.513
  25 0.245 20.144 983.28
  26 0.255 19.818 1023.77
  27 0.265 20.23 947.999
  28 0.275 20.452 1015.75
  29 0.285 20.776 1071.49
  30 0.295 21.292 1027.58
  31 0.305 21.338 1053.7
  32 0.315 21.65 1088.47
  33 0.325 21.728 1063.47
  34 0.335 21.824 1142.84
  35 0.345 21.864 1055.67
  36 0.355 21.536 1011.25
  37 0.365 20.84 1019.31
  38 0.375 20.374 1080.32
  39 0.385 19.768 1096.44
  40 0.395 20.368 1082.65
  41 0.405 21.358 1077.8
  42 0.415 21.864 1069.27
  43 0.425 21.772 1106.02
  44 0.435 21.814 1143.58
  45 0.445 21.702 1134.1
  46 0.455 21.404 1156.89
  47 0.465 21.63 1142.61
  48 0.475 20.9 1139.56
  49 0.485 20.282 1116.02
  50 0.495 19.474 1073.77
  51 0.505 19.608 1120.36
  52 0.515 20.292 1139.01
  53 0.525 20.84 1161.46
  54 0.535 21.49 1175.42
  55 0.545 21.442 1187.48
  56 0.555 21.656 1170.73
  57 0.565 21.808 1169.01
  58 0.575 21.806 1155.08
  59 0.585 21.822 1092.37
  60 0.595 21.35 1073.21
  61 0.605 20.358 1058.54
  62 0.615 20.064 1043.64
  63 0.625 20.06 998.975
  64 0.635 20.9 957.448
  65 0.645 21.62 964.833
  66 0.655 21.882 1058.72
  67 0.665 21.788 1055.06
  68 0.675 21.806 997.994
  69 0.685 21.666 1038.95
  70 0.695 21.572 1056.26
  71 0.705 21.36 1027.96
  72 0.715 21.138 1033.71
  73 0.725 20.392 1082.82
  74 0.735 19.692 1065.54
  75 0.745 19.574 1068.56
  76 0.755 20.296 1076.32
  77 0.765 20.81 1035.85
  78 0.775 21.332 1022.51
  79 0.785 21.374 994.908
  80 0.795 21.666 979.466
  81 0.805 21.798 940.75
  82 0.815 21.838 993.387
  83 0.825 21.866 962.943
  84 0.835 21.812 980.516
  85 0.845 21.32 1000.92
  86 0.855 20.598 970.794
  87 0.865 19.768 982.737
  88 0.875 20.312 913.921
  89 0.885 20.904 973.094
  90 0.895 21.43 982.947
  91 0.905 21.82 1057.93
  92 0.915 21.938 1016.45
  93 0.925 21.808 963.945
  94 0.935 21.572 914.899
  95 0.945 21.688 876.525
  96 0.955 21.536 865.91
  97 0.965 21.288 886.203
  98 0.975 21.14 881.05
  99 0.985 19.978 954.157
  100 0.995 19.45 906.041
85000 100 2112
  1 0.005 19.78 926.591
  2 0.015 20.456 894.693
  3 0.025 20.954 913.322
  4 0.035 21.358 912.315
  5 0.045 21.56 957.623
  6 0.055 21.566 933.727
  7 0.065 21.744 932.024
  8 0.075 21.828 961.333
  9 0.085 21.928 907.468
  10 0.095 21.878 911.426
  11 0.105 21.57 869.801
  12 0.115 20.73 849.587
  13 0.125 20.476 843.726
  14 0.135 20.014 894.356
  15 0.145 20.49 987.488
  16 0.155 21.142 1009.19
  17 0.165 21.74 1004.16
  18 0.175 21.852 1001.63
  19 0.185 21.836 981.19
  20 0.195 21.858 937.169
  21 0.205 21.572 978.621
  22 0.215 21.538 990.321
  23 0.225 21.452 971.221
  24 0.235 20.764 1006.24
  25 0.245 20.348 993.751
  26 0.255 19.642 965.963
  27 0.265 19.774 981.898
  28 0.275 20.358 899.554
  29 0.285 21.018 966.018
  30 0.295 21.324 1076.65
  31 0.305 21.412 1114.95
  32 0.315 21.67 1074.15
  33 0.325 21.796 1125.09
  34 0.335 21.796 1072.93
  35 0.345 21.796 1062.04
  36 0.355 21.444 1082.53
  37 0.365 20.618 1087.34
  38 0.375 20.046 1064.34
  39 0.385 20.116 1117.92
  40 0.395 20.764 1088.59
  41 0.405 21.268 1121.14
  42 0.415 21.854 1139.02
  43 0.425 21.896 1135.77
  44 0.435 21.87 1088.43
  45 0.445 21.602 1125.13
  46 0.455 21.442 1127.61
  47 0.465 21.38 1176.02
  48 0.475 21.028 1131.26
  49 0.485 20.152 1117.39
  50 0.495 19.268 1165.44
  51 0.505 19.656 1074.13
  52 0.515 20.406 1089.71
  53 0.525 21.264 999.553
  54 0.535 21.256 1051.54
  55 0.545 21.428 1083.29
  56 0.555 21.816 1089.27
  57 0.565 21.822 1121.69
  58 0.575 21.81 1143.52
  59 0.585 21.628 1084.69
  60 0.595 21.264 1071.26
  61 0.605 20.918 1074.61
  62 0.615 19.904 1119.28
  63 0.625 19.978 1132.04
  64 0.635 20.856 1108.03
  65 0.645 21.538 1123.09
  66 0.655 21.818 1118.43
  67 0.665 21.886 1049.82
  68 0.675 21.784 1069.87
  69 0.685 21.524 1080.83
  70 0.695 21.522 1097.22
  71 0.705 21.488 1007.33
  72 0.715 20.972 1030.06
  73 0.725 20.258 1036.07
  74 0.735 19.45 1038.2
  75 0.745 19.822 1068.32
  76 0.755 20.426 1014.95
  77 0.765 21.046 956.808
  78 0.775 21.198 998.932
  79 0.785 21.524 907.576
  80 0.795 21.624 891.776
  81 0.805 21.814 974.301
  82 0.815 21.852 978.994
  83 0.825 21.804 929.599
  84 0.835 21.838 941.804
  85 0.845 21.6 932.501
  86 0.855 20.538 950.207
  87 0.865 19.916 985.841
  88 0.875 20.102 944.528
  89 0.885 20.952 944.437
  90 0.895 21.346 985.8
  91 0.905 21.726 989.665
  92 0.915 21.898 983.632
  93 0.925 21.886 952.663
  94 0.935 21.712 940.162
  95 0.945 21.602 947.016
  96 0.955 21.506 944.127
  97 0.965 21.378 978.174
  98 0.975 21.014 940.73
  99 0.985 20.23 925.763
  100 0.995 19.632 933.32
90000 100 2112.0000000000005
  1 0.005 19.624 965.693
  2 0.015 20.224 926.9
  3 0.025 20.874 899.193
  4 0.035 21.19 969.506
  5 0.045 21.504 911.482
  6 0.055 21.594 954.941
  7 0.065 21.682 937.718
  8 0.075 21.852 922.48
  9 0.085 21.854 874.668
  10 0.095 21.874 886.399
  11 0.105 21.518 962.023
  12 0.115 20.86 972.727
  13 0.125 20.202 982.257
  14 0.135 19.846 930.716
  15 0.145 20.538 920.096
  16 0.155 21.288 885.62
  17 0.165 21.862 917.998
  18 0.175 21.938 907.959
  19 0.185 21.778 910.243
  20 0.195 21.894 919.917
  21 0.205 21.532 932.398
  22 0.215 21.52 968.154
  23 0.225 21.492 977.748
  24 0.235 20.836 961.146
  25 0.245 20.156 1023.67
  26 0.255 19.428 1004.05
  27 0.265 19.998 1004.05
  28 0.275 20.498 1025.49
  29 0.285 21.114 1067.4
  30 0.295 21.158 1058.82
  31 0.305 21.47 1097.37
  32 0.315 21.672 1110.21
  33 0.325 21.754 1107.41
  34 0.335 21.826 1121.11
  35 0.345 21.808 1156.43
  36 0.355 21.398 1092.49
  37 0.365 20.718 1064.62
  38 0.375 20.044 1075.33
  39 0.385 20.05 1091.15
  40 0.395 20.718 1096.8
  41 0.405 21.326 1061.39
  42 0.415 21.85 1094.67
  43 0.425 21.782 1109.24
  44 0.435 21.898 1111.71
  45 0.445 21.604 1133.7
  46 0.455 21.588 1204.79
  47 0.465 21.234 1126.08
  48 0.475 21.096 1121.68
  49 0.485 20.06 1163.42
  50 0.495 19.286 1184.42
  51 0.505 19.856 1081.35
  52 0.515 20.556 1109.24
  53 0.525 20.858 1225.61
  54 0.535 21.458 1175.7
  55 0.545 21.442 1222.77
  56 0.555 21.668 1149.67
  57 0.565 21.732 1137.38
  58 0.575 21.918 1085.87
  59 0.585 21.83 1021.19
  60 0.595 21.392 967.595
  61 0.605 20.768 986.142
  62 0.615 19.828 1103.81
  63 0.625 19.816 1120.46
  64 0.635 20.876 1170.21
  65 0.645 21.56 1070.97
  66 0.655 21.86 1018.7
  67 0.665 21.93 1052.8
  68 0.675 21.71 1044.87
  69 0.685 21.652 1096.31
  70 0.695 21.488 1107.96
  71 0.705 21.41 1076.54
  72 0.715 20.856 1049.69
  73 0.725 20.228 1038.73
  74 0.735 19.66 951.393
  75 0.745 19.828 942.474
  76 0.755 20.598 948.963
  77 0.765 20.96 952.272
  78 0.775 21.24 1023.02
  79 0.785 21.376 1053.68
  80 0.795 21.56 1030.96
  81 0.805 21.856 954.445
  82 0.815 21.844 1012.79
  83 0.825 21.872 934.009
  84 0.835 21.692 914.803
  85 0.845 21.134 977.967
  86 0.855 20.364 943.891
  87 0.865 20.242 946.366
  88 0.875 20.322 962.781
  89 0.885 20.904 919.754
  90 0.895 21.406 924.221
  91 0.905 21.93 948.997
  92 0.915 21.802 962.741
  93 0.925 21.996 939.04
  94 0.935 21.764 885.777
  95 0.945 21.514 899.677
  96 0.955 21.518 874.579
  97 0.965 21.594 845.32
  98 0.975 21.326 897.071
  99 0.985 20.22 913.816
  100 0.995 19.876 951.034
95000 100 2112.0000000000005
  1 0.005 19.554 947.355
  2 0.015 20.474 931.562
  3 0.025 21.166 918.64
  4 0.035 21.414 880.508
  5 0.045 21.512 866.859
  6 0.055 21.71 872.758
  7 0.065 21.72 893.974
  8 0.075 21.92 930.744
  9 0.085 21.882 944.618
  10 0.095 21.776 948.254
  11 0.105 21.232 970.993
  12 0.115 20.412 956.753
  13 0.125 20.058 919.586
  14 0.135 20.294 920.215
  15 0.145 20.978 882.47
  16 0.155 21.43 916.901
  17 0.165 21.862 900.851
  18 0.175 21.918 927.833
  19 0.185 21.836 919.466
  20 0.195 21.722 930.029
  21 0.205 21.64 970.906
  22 0.215 21.514 979.014
  23 0.225 21.266 992.249
  24 0.235 20.876 1014.87
  25 0.245 20.014 1013.04
  26 0.255 19.628 981.499
  27 0.265 19.822 1026.86
  28 0.275 20.558 1102
  29 0.285 21.138 1007.98
  30 0.295 21.376 1020.76
  31 0.305 21.402 1061.22
  32 0.315 21.58 1105.41
  33 0.325 21.908 1123.98
  34 0.335 21.842 1088.67
  35 0.345 21.752 1059.05
  36 0.355 21.54 1055.53
  37 0.365 20.446 1078.25
  38 0.375 20.12 1069.22
  39 0.385 20.166 1075.73
  40 0.395 20.72 1061.8
  41 0.405 21.33 1074.3
  42 0.415 21.86 1065.17
  43 0.425 21.88 1059.64
  44 0.435 21.72 1134.59
  45 0.445 21.678 1157.91
  46 0.455 21.586 1166.69
  47 0.465 21.294 1228.58
  48 0.475 20.972 1212.23
  49 0.485 20.15 1205.16
  50 0.495 19.48 1163.96
  51 0.505 19.45 1218.14
  52 0.515 20.478 1170.32
  53 0.525 21.026 1164.83
  54 0.535 21.46 1158.82
  55 0.545 21.44 1155.01
  56 0.555 21.71 1101.19
  57 0.565 21.768 1107.26
  58 0.575 21.95 1078.56
  59 0.585 21.612 1049.99
  60 0.595 21.43 1032.98
  61 0.605 20.628 1034.15
  62 0.615 20.106 1051.61
  63 0.625 20.086 1121.91
  64 0.635 20.816 1103.25
  65 0.645 21.476 1057.34
  66 0.655 21.808 999.059
  67 0.665 21.904 1001.97
  68 0.675 21.766 1054.33
  69 0.685 21.78 1027.5
  70 0.695 21.526 1109.3
  71 0.705 21.396 1043.75
  72 0.715 21.264 1033.87
  73 0.725 20.478 1056.54
  74 0.735 20.01 1076.98
  75 0.745 19.6 1097.21
  76 0.755 20.25 1060.76
  77 0.765 20.586 1051.07
  78 0.775 21.142 1026.62
  79 0.785 21.366 1042.67
  80 0.795 21.57 1039.86
  81 0.805 21.756 993.797
  82 0.815 21.824 934.776
  83 0.825 21.784 938.604
  84 0.835 21.856 942.988
  85 0.845 21.13 925.813
  86 0.855 20.712 955.619
  87 0.865 20.346 925.082
  88 0.875 20.4 911.989
  89 0.885 20.452 939.609
  90 0.895 21.292 881.699
  91 0.905 21.854 874.656
  92 0.915 21.882 877.283
  93 0.925 21.788 918.879
  94 0.935 21.758 958.382
  95 0.945 21.654 977.286
  96 0.955 21.446 950.149
  97 0.965 21.434 905.452
  98 0.975 20.978 912.759
  99 0.985 20.172 932.608
  100 0.995 19.472 964.378
100000 100 2112
  1 0.005 19.87 903.269
  2 0.015 20.524 870.66
  3 0.025 21.166 846.909
  4 0.035 21.21 888.663
  5 0.045 21.638 906.359
  6 0.055 21.624 964.041
  7 0.065 21.606 949.131
  8 0.075 21.938 904.953
  9 0.085 21.87 928.538
  10 0.095 21.83 932.521
  11 0.105 21.46 925.385
  12 0.115 20.736 940.287
  13 0.125 19.982 953.328
  14 0.135 19.834 957.105
  15 0.145 20.894 905.65
  16 0.155 21.486 922.219
  17 0.165 21.848 931.526
  18 0.175 21.876 950.022
  19 0.185 21.804 985.801
  20 0.195 21.702 954.314
  21 0.205 21.57 1007.99
  22 0.215 21.546 941.067
  23 0.225 21.444 942.658
  24 0.235 20.73 955.168
  25 0.245 20.216 977.258
  26 0.255 19.568 936.632
  27 0.265 19.842 1035.96
  28 0.275 20.52 1044.95
  29 0.285 20.98 1059.91
  30 0.295 21.446 1058.07
  31 0.305 21.376 1078.52
  32 0.315 21.736 1001.72
  33 0.325 21.8 1051.82
  34 0.335 21.87 1032.99
  35 0.345 21.736 1063.51
  36 0.355 21.494 1093.2
  37 0.365 20.598 1103.94
  38 0.375 20.336 1084.69
  39 0.385 19.93 1060.85
  40 0.395 20.794 1080.25
  41 0.405 21.344 1105.04
  42 0.415 21.654 1091.88
  43 0.425 21.874 1078.7
  44 0.435 21.804 1140.14
  45 0.445 21.606 1179.07
  46 0.455 21.532 1131.65
  47 0.465 21.296 1165.41
  48 0.475 21.018 1205.66
  49 0.485 20.14 1214.29
  50 0.495 19.568 1236.32
  51 0.505 19.688 1191.47
  52 0.515 20.364 1209.78
  53 0.525 20.946 1204.79
  54 0.535 21.276 1165.48
  55 0.545 21.648 1174.4
  56 0.555 21.582 1162.35
  57 0.565 21.826 1071.34
  58 0.575 21.874 1072.2
  59 0.585 21.74 1062.55
  60 0.595 21.344 1137.7
  61 0.605 20.678 1053.52
  62 0.615 20.218 1073.47
  63 0.625 20.134 1050.83
  64 0.635 20.752 1001.07
  65 0.645 21.38 1006.43
  66 0.655 21.676 1019.05
  67 0.665 21.908 1051.29
  68 0.675 21.882 1081.67
  69 0.685 21.56 1061.21
  70 0.695 21.638 1053.53
  71 0.705 21.442 1064.18
  72 0.715 21.07 1046.82
  73 0.725 20.424 1039.05
  74 0.735 19.766 1064.77
  75 0.745 19.6 1058.98
  76 0.755 20.038 1050.74
  77 0.765 21.062 1006.84
  78 0.775 21.204 993.988
  79 0.785 21.366 1027.42
  80 0.795 21.544 967.838
  81 0.805 21.886 929.1
  82 0.815 21.786 912.799
  83 0.825 21.94 937.678
  84 0.835 21.606 995.102
  85 0.845 21.208 999.6
  86 0.855 20.406 1095.44
  87 0.865 20.422 1048.57
  88 0.875 20.196 1012.32
  89 0.885 20.794 940.434
  90 0.895 21.502 869.602
  91 0.905 21.826 875.687
  92 0.915 21.9 888.569
  93 0.925 21.856 876.632
  94 0.935 21.738 923.418
  95 0.945 21.518 959.515
  96 0.955 21.576 916.385
  97 0.965 21.488 894.846
  98 0.975 21.016 934.284
  99 0.985 20.11 917.059
  100 0.995 19.33 940.207
105000 100 2112.0000000000005
  1 0.005 19.892 837.302
  2 0.015 20.454 848.333
  3 0.025 21.222 843.103
  4 0.035 21.38 879.865
  5 0.045 21.72 915.692
  6 0.055 21.442 956.001
  7 0.065 21.822 927.114
  8 0.075 21.836 949.846
  9 0.085 21.902 963.822
  10 0.095 21.852 924.385
  11 0.105 21.484 935.773
  12 0.115 20.718 977.729
  13 0.125 20.028 931.775
  14 0.135 19.938 906.133
  15 0.145 20.7 901.847
  16 0.155 21.518 900.533
  17 0.165 21.804 930.145
  18 0.175 21.864 981.136
  19 0.185 21.89 985.939
  20 0.195 21.688 1028.5
  21 0.205 21.552 1006.84
  22 0.215 21.586 984.187
  23 0.225 21.388 996.759
  24 0.235 20.88 1006.3
  25 0.245 20.134 976.773
  26 0.255 19.614 987.434
  27 0.265 19.914 965.028
  28 0.275 20.45 969.913
  29 0.285 21.048 1042.96
  30 0.295 21.166 1022.52
  31 0.305 21.584 1029.95
  32 0.315 21.706 1030.38
  33 0.325 21.702 1076.48
  34 0.335 21.874 1081.82
  35 0.345 21.754 1055.61
  36 0.355 21.63 1031.46
  37 0.365 20.884 1021.96
  38 0.375 20.234 1075.47
  39 0.385 20.228 1072.04
  40 0.395 20.438 1124.04
  41 0.405 21.176 1150.13
  42 0.415 21.584 1193.73
  43 0.425 21.848 1192.61
  44 0.435 21.794 1146.61
  45 0.445 21.7 1193.84
  46 0.455 21.602 1168.8
  47 0.465 21.302 1150.4
  48 0.475 21.088 1177.53
  49 0.485 20.258 1164.33
  50 0.495 19.824 1188.34
  51 0.505 19.664 1227.81
  52 0.515 20.046 1215.94
  53 0.525 20.74 1184.9
  54 0.535 21.214 1205.64
  55 0.545 21.658 1123.2
  56 0.555 21.616 1070.22
  57 0.565 21.836 1074.18
  58 0.575 21.808 1089.34
  59 0.585 21.862 1049.78
  60 0.595 21.474 988.997
  61 0.605 20.606 1030.75
  62 0.615 19.834 1045.11
  63 0.625 20.036 1085.15
  64 0.635 20.696 1102.83
  65 0.645 21.576 1081.6
  66 0.655 21.84 1049.84
  67 0.665 21.898 1092.34
  68 0.675 21.81 1045.61
  69 0.685 21.592 1040.93
  70 0.695 21.558 1003.25
  71 0.705 21.42 983.347
  72 0.715 21.024 1032.14
  73 0.725 20.334 999.267
  74 0.735 19.682 988.789
  75 0.745 19.588 1021.18
  76 0.755 20.41 1042.37
  77 0.765 20.87 1071.89
  78 0.775 21.25 1037.5
  79 0.785 21.478 982.328
  80 0.795 21.582 964.649
  81 0.805 21.822 983.181
  82 0.815 21.888 933.261
  83 0.825 21.856 979.056
  84 0.835 21.656 953.455
  85 0.845 21.084 994.566
  86 0.855 20.312 1016.28
  87 0.865 20.072 1020.08
  88 0.875 20.57 1017.83
  89 0.885 21.058 991.736
  90 0.895 21.372 967.628
  91 0.905 21.842 889.271
  92 0.915 21.908 851.658
  93 0.925 21.784 915.315
  94 0.935 21.694 953.619
  95 0.945 21.598 923.672
  96 0.955 21.488 950.818
  97 0.965 21.362 951.119
  98 0.975 20.746 933.385
  99 0.985 20.172 890.018
  100 0.995 19.618 900.206
110000 100 2112.0000000000005
  1 0.005 19.988 894.017
  2 0.015 20.374 927.932
  3 0.025 21.066 910.729
  4 0.035 21.308 929.94
  5 0.045 21.606 923.163
  6 0.055 21.628 944.044
  7 0.065 21.734 915.047
  8 0.075 21.83 955.613
  9 0.085 21.852 940.143
  10 0.095 21.832 927.32
  11 0.105 21.304 1005.55
  12 0.115 20.82 906.287
  13 0.125 20.02 883.312
  14 0.135 20.246 875.624
  15 0.145 20.598 910.768
  16 0.155 21.412 938.902
  17 0.165 21.822 945.437
  18 0.175 21.924 962.931
  19 0.185 21.858 1011.6
  20 0.195 21.776 1011.36
  21 0.205 21.56 992.383
  22 0.215 21.576 966.379
  23 0.225 21.472 1018.72
  24 0.235 20.93 1030.38
  25 0.245 20.126 1015.6
  26 0.255 19.706 992.118
  27 0.265 19.984 1021.67
  28 0.275 20.496 979.897
  29 0.285 20.816 984.342
  30 0.295 21.3 1026.93
  31 0.305 21.354 1009.29
  32 0.315 21.766 1031.06
  33 0.325 21.688 1092.14
  34 0.335 21.796 1098.88
  35 0.345 21.912 1074.16
  36 0.355 21.524 1044.69
  37 0.365 21.02 1037.68
  38 0.375 20.086 1022.56
  39 0.385 20.062 1039.83
  40 0.395 20.41 1085.82
  41 0.405 21.208 1106.52
  42 0.415 21.664 1100.04
  43 0.425 21.872 1147.45
  44 0.435 21.76 1210.37
  45 0.445 21.702 1195.17
  46 0.455 21.512 1207.47
  47 0.465 21.366 1209.99
  48 0.475 20.88 1169.99
  49 0.485 20.088 1232.12
  50 0.495 19.414 1235.68
  51 0.505 19.828 1236.74
  52 0.515 20.364 1180.46
  53 0.525 20.88 1172.15
  54 0.535 21.406 1113.97
  55 0.545 21.558 1132.12
  56 0.555 21.644 1066.17
  57 0.565 21.812 1064.21
  58 0.575 21.964 1058.89
  59 0.585 21.554 1121.67
  60 0.595 21.132 1106.26
  61 0.605 20.48 1141.43
  62 0.615 19.894 1119.21
  63 0.625 20.384 1063.74
  64 0.635 21.048 1027.48
  65 0.645 21.542 1010.33
  66 0.655 21.87 1031.93
  67 0.665 21.886 1044.69
  68 0.675 21.776 1066.33
  69 0.685 21.588 1031.8
  70 0.695 21.54 1016.52
  71 0.705 21.484 976.512
  72 0.715 21.09 950.238
  73 0.725 20.46 988.197
  74 0.735 19.546 954.542
  75 0.745 19.636 998.813
  76 0.755 20.456 1007.72
  77 0.765 20.86 1044.16
  78 0.775 21.272 1004.52
  79 0.785 21.384 1013.82
  80 0.795 21.518 1030.92
  81 0.805 21.776 998.339
  82 0.815 21.892 1018.46
  83 0.825 21.86 971.172
  84 0.835 21.798 969.095
  85 0.845 21.32 942.626
  86 0.855 20.356 953.278
  87 0.865 19.964 951.787
  88 0.875 20.274 933.056
  89 0.885 21.044 926.578
  90 0.895 21.346 927.465
  91 0.905 21.884 945.654
  92 0.915 21.958 928.793
  93 0.925 21.832 913.79
  94 0.935 21.776 913.084
  95 0.945 21.382 964.382
  96 0.955 21.576 958.453
  97 0.965 21.492 922.101
  98 0.975 20.826 931.069
  99 0.985 20.346 932.577
  100 0.995 19.394 891.6
115000 100 2112.0000000000005
  1 0.005 19.844 878.265
  2 0.015 20.482 831.368
  3 0.025 21.01 852.812
  4 0.035 21.348 819.405
  5 0.045 21.518 827.187
  6 0.055 21.562 834.549
  7 0.065 21.804 929.714
  8 0.075 21.674 975.733
  9 0.085 21.93 949.996
  10 0.095 21.796 944.026
  11 0.105 21.68 953.777
  12 0.115 20.886 952.468
  13 0.125 20.22 916.686
  14 0.135 20.106 939.307
  15 0.145 20.456 945.927
  16 0.155 21.198 962.042
  17 0.165 21.752 979.126
  18 0.175 21.742 1010.72
  19 0.185 21.886 1004.65
  20 0.195 21.774 982.934
  21 0.205 21.598 973.429
  22 0.215 21.562 976.848
  23 0.225 21.32 987.579
  24 0.235 20.974 1018.85
  25 0.245 19.922 1012.87
  26 0.255 19.42 980.989
  27 0.265 19.822 1016.79
  28 0.275 20.686 988.044
  29 0.285 21.064 962.015
  30 0.295 21.362 956.138
  31 0.305 21.558 985.393
  32 0.315 21.558 1007.75
  33 0.325 21.738 1031.45
  34 0.335 21.966 1049.69
  35 0.345 21.756 1054.42
  36 0.355 21.496 1034.72
  37 0.365 20.928 1053.97
  38 0.375 20.058 1094.3
  39 0.385 20.06 1115.59
  40 0.395 20.5 1120.73
  41 0.405 21.444 1138.98
  42 0.415 21.68 1185.57
  43 0.425 21.796 1175.79
  44 0.435 21.774 1247.56
  45 0.445 21.674 1218.56
  46 0.455 21.534 1225.59
  47 0.465 21.224 1208.39
  48 0.475 20.758 1196.14
  49 0.485 20.012 1224.46
  50 0.495 19.526 1175.89
  51 0.505 19.864 1177.57
  52 0.515 20.374 1130.49
  53 0.525 21.134 1099.66
  54 0.535 21.478 1124.35
  55 0.545 21.494 1127.99
  56 0.555 21.684 1096.51
  57 0.565 21.818 1044.61
  58 0.575 21.864 1032.21
  59 0.585 21.804 1058.68
  60 0.595 21.26 1007.21
  61 0.605 20.554 1065.75
  62 0.615 19.854 1055.42
  63 0.625 20.336 1034.5
  64 0.635 20.82 1047.75
  65 0.645 21.572 1068.36
  66 0.655 21.72 1102.53
  67 0.665 21.802 1102.9
  68 0.675 21.86 1072.36
  69 0.685 21.67 1065.58
  70 0.695 21.594 1094.01
  71 0.705 21.32 1144.15
  72 0.715 20.972 1072.12
  73 0.725 20.236 1034.84
  74 0.735 19.652 1008.41
  75 0.745 19.698 1038.24
  76 0.755 20.342 1031.51
  77 0.765 21.028 1027.99
  78 0.775 21.224 1081.99
  79 0.785 21.56 1035.89
  80 0.795 21.554 1027.66
  81 0.805 21.776 986.605
  82 0.815 21.86 956.04
  83 0.825 21.884 944.625
  84 0.835 21.708 976.2
  85 0.845 21.102 944.308
  86 0.855 21.066 917.949
  87 0.865 19.842 944.926
  88 0.875 20.072 928.976
  89 0.885 20.77 948.764
  90 0.895 21.616 878.31
  91 0.905 21.846 909.578
  92 0.915 21.902 894.403
  93 0.925 21.858 995.246
  94 0.935 21.654 1001.76
  95 0.945 21.67 990.355
  96 0.955 21.526 1023.27
  97 0.965 21.434 977.907
  98 0.975 20.744 912.253
  99 0.985 20.282 857.609
  100 0.995 19.808 824.303
120000 100 2112
  1 0.005 19.962 977.341
  2 0.015 20.558 940.872
  3 0.025 20.81 915.872
  4 0.035 21.218 894.511
  5 0.045 21.436 879.05
  6 0.055 21.582 860.68
  7 0.065 21.742 772.265
  8 0.075 21.902 826.53
  9 0.085 21.816 865.096
  10 0.095 21.794 910.332
  11 0.105 21.474 923.575
  12 0.115 20.824 957.482
  13 0.125 19.908 993.464
  14 0.135 20.106 1008.82
  15 0.145 20.634 1024.56
  16 0.155 21.436 1018.99
  17 0.165 21.846 983.226
  18 0.175 21.846 976.027
  19 0.185 21.828 972.51
  20 0.195 21.746 947.103
  21 0.205 21.664 991.898
  22 0.215 21.376 972.225
  23 0.225 21.394 998.103
  24 0.235 20.896 974.191
  25 0.245 19.716 1008.85
  26 0.255 19.552 1010.46
  27 0.265 19.868 981.026
  28 0.275 20.72 941.482
  29 0.285 21.232 1003.97
  30 0.295 21.27 1051.63
  31 0.305 21.582 969.261
  32 0.315 21.684 982
  33 0.325 21.8 1018.92
  34 0.335 21.852 1056.21
  35 0.345 21.804 1067.39
  36 0.355 21.346 1105.64
  37 0.365 20.912 1077.99
  38 0.375 20.264 1076.52
  39 0.385 19.828 1120.46
  40 0.395 20.718 1119.28
  41 0.405 21.252 1161.33
  42 0.415 21.802 1086.45
  43 0.425 21.852 1173.56
  44 0.435 21.82 1105.9
  45 0.445 21.598 1103.58
  46 0.455 21.534 1160.36
  47 0.465 21.412 1179.07
  48 0.475 20.894 1167.62
  49 0.485 19.978 1227.78
  50 0.495 19.656 1245.37
  51 0.505 19.842 1157.91
  52 0.515 20.528 1169.96
  53 0.525 20.934 1158.45
  54 0.535 21.194 1176.4
  55 0.545 21.558 1106.37
  56 0.555 21.66 1124.33
  57 0.565 21.75 1118.72
  58 0.575 21.89 1100.1
  59 0.585 21.62 1061.47
  60 0.595 21.472 1084.33
  61 0.605 20.726 1090.8
  62 0.615 20.224 1138.7
  63 0.625 20.184 1125.39
  64 0.635 20.524 1091.18
  65 0.645 21.332 1049.53
  66 0.655 21.82 1007.16
  67 0.665 21.896 1001.12
  68 0.675 21.764 1035.39
  69 0.685 21.664 1056.09
  70 0.695 21.512 1050.21
  71 0.705 21.504 1066.76
  72 0.715 21.062 1059.85
  73 0.725 20.694 998.67
  74 0.735 19.594 1047.34
  75 0.745 19.338 1097.96
  76 0.755 20.322 1050.56
  77 0.765 20.842 1068.65
  78 0.775 21.286 997.834
  79 0.785 21.486 1049.5
  80 0.795 21.626 999.292
  81 0.805 21.666 985.594
  82 0.815 21.876 995.95
  83 0.825 21.882 952.534
  84 0.835 21.778 940.046
  85 0.845 21.448 861.112
  86 0.855 20.786 878.888
  87 0.865 19.942 903.964
  88 0.875 20.044 931.488
  89 0.885 20.922 943.514
  90 0.895 21.23 961.761
  91 0.905 21.894 937.96
  92 0.915 21.912 963.461
  93 0.925 21.864 916.334
  94 0.935 21.734 918.518
  95 0.945 21.568 932.001
  96 0.955 21.568 947.134
  97 0.965 21.316 972.213
  98 0.975 20.984 933.071
  99 0.985 20.166 946.937
  100 0.995 19.828 947.609
125000 100 2112
  1 0.005 20.144 945.702
  2 0.015 20.73 878.859
  3 0.025 21.122 896.147
  4 0.035 21.236 860.502
  5 0.045 21.626 830.219
  6 0.055 21.566 868.568
  7 0.065 21.792 837.094
  8 0.075 21.89 898.347
  9 0.085 21.866 873.757
  10 0.095 21.592 877.303
  11 0.105 21.354 923.401
  12 0.115 20.652 930.399
  13 0.125 20.314 957.731
  14 0.135 20.216 990.041
  15 0.145 20.776 978.039
  16 0.155 21.334 962.275
  17 0.165 21.802 934.376
  18 0.175 21.906 973.473
  19 0.185 21.784 1001.07
  20 0.195 21.77 1031.88
  21 0.205 21.554 1021.71
  22 0.215 21.648 1066.39
  23 0.225 21.286 1038.14
  24 0.235 20.92 1046.74
  25 0.245 20.056 1016.56
  26 0.255 19.524 994.306
  27 0.265 19.908 978.313
  28 0.275 20.492 943.352
  29 0.285 21.094 930.103
  30 0.295 21.3 953.223
  31 0.305 21.632 964.918
  32 0.315 21.53 998.975
  33 0.325 21.826 1000.09
  34 0.335 21.82 1047.64
  35 0.345 21.9 1010.44
  36 0.355 21.426 1044.4
  37 0.365 21.156 1094.6
  38 0.375 20.306 1078.49
  39 0.385 19.98 1076.98
  40 0.395 20.256 1049.47
  41 0.405 21.162 1128.36
  42 0.415 21.72 1058.8
  43 0.425 21.83 1205.89
  44 0.435 21.856 1150.49
  45 0.445 21.696 1167.82
  46 0.455 21.586 1143.24
  47 0.465 21.252 1144.45
  48 0.475 21.12 1163.71
  49 0.485 20.138 1240.81
  50 0.495 19.796 1170.08
  51 0.505 19.376 1223.63
  52 0.515 20.242 1169.95
  53 0.525 21.032 1160.69
  54 0.535 21.394 1065.9
  55 0.545 21.484 1182.43
  56 0.555 21.632 1188.19
  57 0.565 21.682 1160.3
  58 0.575 21.874 1149.37
  59 0.585 21.612 1107.53
  60 0.595 21.192 1127.4
  61 0.605 20.506 1170.05
  62 0.615 20.074 1193.84
  63 0.625 20.194 1131.33
  64 0.635 20.942 1116.08
  65 0.645 21.604 1038.02
  66 0.655 21.852 1049.74
  67 0.665 21.824 1035.73
  68 0.675 21.86 1054.7
  69 0.685 21.566 1051.38
  70 0.695 21.62 1020.12
  71 0.705 21.446 1038.89
  72 0.715 21.258 1019.51
  73 0.725 20.346 1051.95
  74 0.735 19.576 1034.79
  75 0.745 19.944 1028.11
  76 0.755 20.264 1020.91
  77 0.765 20.696 998.137
  78 0.775 21.166 1008.52
  79 0.785 21.584 985.664
  80 0.795 21.464 1029.3
  81 0.805 21.808 1016.17
  82 0.815 21.74 1013.56
  83 0.825 21.89 963.75
  84 0.835 21.61 955.626
  85 0.845 21.18 977.416
  86 0.855 20.822 947.971
  87 0.865 20.208 939.05
  88 0.875 20.244 903.675
  89 0.885 20.524 931.078
  90 0.895 21.548 949.559
  91 0.905 21.858 948.382
  92 0.915 21.89 909.405
  93 0.925 21.78 930.266
  94 0.935 21.786 911.679
  95 0.945 21.5 946.731
  96 0.955 21.584 892.548
  97 0.965 21.268 918.2
  98 0.975 20.768 946.956
  99 0.985 19.774 965.08
  100 0.995 19.67 976.574
130000 100 2112
  1 0.005 20.262 843.527
  2 0.015 20.782 818.899
  3 0.025 21.138 826.867
  4 0.035 21.4 806.427
  5 0.045 21.526 798.394
  6 0.055 21.684 850.738
  7 0.065 21.696 934.264
  8 0.075 21.894 959.415
  9 0.085 21.838 941.542
  10 0.095 21.658 945.83
  11 0.105 21.55 943.193
  12 0.115 20.628 963.727
  13 0.125 20.254 964.417
  14 0.135 19.954 958.341
  15 0.145 20.712 955.864
  16 0.155 21.448 905.37
  17 0.165 21.846 905.964
  18 0.175 21.862 914.276
  19 0.185 21.87 904.39
  20 0.195 21.82 956.379
  21 0.205 21.554 1030.45
  22 0.215 21.512 1033.99
  23 0.225 21.462 1014.47
  24 0.235 20.834 1057.11
  25 0.245 20.046 1037.05
  26 0.255 19.454 1015.63
  27 0.265 19.82 1022.9
  28 0.275 20.672 966.937
  29 0.285 20.94 1038.92
  30 0.295 21.362 962.144
  31 0.305 21.64 976.472
  32 0.315 21.612 1017.34
  33 0.325 21.648 1047.2
  34 0.335 21.97 999.093
  35 0.345 21.802 963.576
  36 0.355 21.492 1011.94
  37 0.365 21.19 1030.4
  38 0.375 20.084 1063.2
  39 0.385 20.292 1026.95
  40 0.395 20.198 1069.31
  41 0.405 21.112 1092.41
  42 0.415 21.758 1134.89
  43 0.425 21.856 1114.53
  44 0.435 21.922 1099.6
  45 0.445 21.518 1157.49
  46 0.455 21.722 1189.71
  47 0.465 21.462 1150.02
  48 0.475 21.242 1141.63
  49 0.485 20.596 1174.48
  50 0.495 19.678 1164.17
  51 0.505 19.832 1174.2
  52 0.515 20.206 1215.18
  53 0.525 20.474 1212.08
  54 0.535 20.994 1212.63
  55 0.545 21.472 1266.99
  56 0.555 21.476 1271.92
  57 0.565 21.782 1261.63
  58 0.575 21.744 1203.82
  59 0.585 21.698 1150.49
  60 0.595 21.358 1094.03
  61 0.605 20.822 1076.89
  62 0.615 20.424 1065.96
  63 0.625 20.102 1084.03
  64 0.635 20.604 1052.25
  65 0.645 21.172 1014.64
  66 0.655 21.766 988.096
  67 0.665 21.916 1014.46
  68 0.675 21.782 1076.58
  69 0.685 21.71 1049.02
  70 0.695 21.482 1002.74
  71 0.705 21.424 1035.63
  72 0.715 21.072 1086.93
  73 0.725 20.494 1033.08
  74 0.735 19.318 1049.49
  75 0.745 19.606 1086.95
  76 0.755 20.238 1093.55
  77 0.765 20.924 1062.12
  78 0.775 21.322 1062.27
  79 0.785 21.542 1035.19
  80 0.795 21.674 1017.93
  81 0.805 21.744 989.078
  82 0.815 21.788 960.73
  83 0.825 21.862 968.841
  84 0.835 21.494 961.341
  85 0.845 20.718 958.873
  86 0.855 20.724 926.792
  87 0.865 20.364 929.465
  88 0.875 20.392 925.773
  89 0.885 21 936.369
  90 0.895 21.508 979.083
  91 0.905 21.92 974.869
  92 0.915 21.838 962.504
  93 0.925 21.84 993.21
  94 0.935 21.662 955.756
  95 0.945 21.528 978.219
  96 0.955 21.548 929.756
  97 0.965 21.196 923.741
  98 0.975 20.722 949.506
  99 0.985 19.85 944.865
  100 0.995 19.6 894.468
135000 100 2112
  1 0.005 20.072 857.274
  2 0.015 20.614 886.951
  3 0.025 21.168 865.494
  4 0.035 21.358 884.843
  5 0.045 21.59 910.951
  6 0.055 21.628 892.176
  7 0.065 21.73 954.314
  8 0.075 21.86 924.342
  9 0.085 21.948 917.478
  10 0.095 21.798 955.043
  11 0.105 21.484 929.656
  12 0.115 20.776 947.886
  13 0.125 20.046 976.296
  14 0.135 19.878 966.659
  15 0.145 20.516 947.12
  16 0.155 21.626 918.615
  17 0.165 21.862 924.962
  18 0.175 21.894 1010.4
  19 0.185 21.794 1043.19
  20 0.195 21.768 1035.94
  21 0.205 21.606 1021.89
  22 0.215 21.458 1002.67
  23 0.225 21.332 1007.48
  24 0.235 20.838 998.836
  25 0.245 20.32 944.682
  26 0.255 19.538 958.591
  27 0.265 19.668 967.675
  28 0.275 20.574 968.874
  29 0.285 21.124 1006.34
  30 0.295 21.296 1000.44
  31 0.305 21.61 938.882
  32 0.315 21.636 962.071
  33 0.325 21.732 1020.23
  34 0.335 21.898 1028.45
  35 0.345 21.788 1042.23
  36 0.355 21.588 1058.6
  37 0.365 21.118 1068.87
  38 0.375 20.322 1108.04
  39 0.385 20.078 1113.71
  40 0.395 20.094 1077.5
  41 0.405 21.172 1092.36
  42 0.415 21.724 1055.65
  43 0.425 21.904 1083.71
  44 0.435 21.916 1052.59
  45 0.445 21.626 1073.89
  46 0.455 21.586 1081.91
  47 0.465 21.47 1065.46
  48 0.475 21.204 1118.09
  49 0.485 20.462 1071.12
  50 0.495 19.776 1118.52
  51 0.505 19.41 1165.37
  52 0.515 20.076 1215.64
  53 0.525 20.776 1219.08
  54 0.535 21.174 1288.9
  55 0.545 21.476 1204.09
  56 0.555 21.57 1168.03
  57 0.565 21.762 1127.36
  58 0.575 21.748 1072.75
  59 0.585 21.872 1085.02
  60 0.595 21.348 1114.03
  61 0.605 20.894 1166.21
  62 0.615 19.776 1124.53
  63 0.625 20.212 1144.91
  64 0.635 20.6 1180.44
  65 0.645 21.48 1123.38
  66 0.655 21.83 1086.72
  67 0.665 21.924 1025.52
  68 0.675 21.742 1065.29
  69 0.685 21.652 1054.92
  70 0.695 21.64 1076.13
  71 0.705 21.39 994.26
  72 0.715 21.01 1035.23
  73 0.725 20.27 1087.72
  74 0.735 19.666 1129.1
  75 0.745 19.57 1073.6
  76 0.755 20.22 1014.24
  77 0.765 21.042 1024.28
  78 0.775 21.332 1037.36
  79 0.785 21.6 1019.89
  80 0.795 21.522 1052
  81 0.805 21.714 1029.42
  82 0.815 21.898 1034.63
  83 0.825 21.828 1037.96
  84 0.835 21.652 1015.84
  85 0.845 21.238 971.849
  86 0.855 20.418 960.365
  87 0.865 20.19 924.453
  88 0.875 20.066 941.308
  89 0.885 20.918 944.388
  90 0.895 21.676 911.164
  91 0.905 21.836 938.558
  92 0.915 21.884 946.358
  93 0.925 21.864 933.6
  94 0.935 21.736 949.269
  95 0.945 21.576 960.436
  96 0.955 21.388 954.451
  97 0.965 21.368 879.435
  98 0.975 20.902 932.699
  99 0.985 20.058 877.664
  100 0.995 19.338 880.029
140000 100 2111.9999999999995
  1 0.005 19.642 944.933
  2 0.015 20.17 907.272
  3 0.025 21.244 865.652
  4 0.035 21.29 904.036
  5 0.045 21.612 940.936
  6 0.055 21.616 894.661
  7 0.065 21.768 897.905
  8 0.075 21.786 966.153
  9 0.085 21.878 996.624
  10 0.095 21.646 1003.35
  11 0.105 21.43 955.854
  12 0.115 20.786 929.836
  13 0.125 20.268 914.338
  14 0.135 20.06 917.003
  15 0.145 20.346 931.921
  16 0.155 21.598 912.831
  17 0.165 21.886 878.772
  18 0.175 21.912 925.01
  19 0.185 21.898 976.002
  20 0.195 21.61 1016.79
  21 0.205 21.63 1021.67
  22 0.215 21.546 955.248
  23 0.225 21.358 980.531
  24 0.235 20.996 975.488
  25 0.245 20.154 998.073
  26 0.255 19.372 1051.48
  27 0.265 19.818 1036.04
  28 0.275 20.5 1021.57
  29 0.285 21.058 1012.81
  30 0.295 21.372 1031.47
  31 0.305 21.502 1011.17
  32 0.315 21.706 1003.64
  33 0.325 21.742 1045.14
  34 0.335 21.894 1086.59
  35 0.345 21.798 1075.38
  36 0.355 21.498 1057.54
  37 0.365 20.9 1027.17
  38 0.375 20.374 1023.52
  39 0.385 19.54 1011.89
  40 0.395 20.708 1004.56
  41 0.405 21.336 1060.06
  42 0.415 21.77 1103.03
  43 0.425 21.926 1076.86
  44 0.435 21.726 1109.54
  45 0.445 21.68 1177.07
  46 0.455 21.526 1165.38
  47 0.465 21.486 1077.43
  48 0.475 21.058 1089.1
  49 0.485 20.466 1065.42
  50 0.495 19.42 1117.09
  51 0.505 19.522 1139.54
  52 0.515 20.178 1058.85
  53 0.525 21.016 1094.93
  54 0.535 21.238 1182.35
  55 0.545 21.658 1153.08
  56 0.555 21.542 1161.38
  57 0.565 21.752 1207.96
  58 0.575 21.832 1139.21
  59 0.585 21.738 1175.28
  60 0.595 21.25 1183.88
  61 0.605 20.864 1128.74
  62 0.615 20.01 1159.26
  63 0.625 20.088 1142.54
  64 0.635 20.708 1138.92
  65 0.645 21.434 1072.39
  66 0.655 21.884 1086.04
  67 0.665 21.842 1057.13
  68 0.675 21.82 1038.25
  69 0.685 21.694 1054.31
  70 0.695 21.438 1045.1
  71 0.705 21.462 1014.48
  72 0.715 21.108 1039.8
  73 0.725 20.506 1066.95
  74 0.735 19.678 1087.52
  75 0.745 19.496 1103.89
  76 0.755 20.038 1095.87
  77 0.765 21 1048.08
  78 0.775 21.248 994.609
  79 0.785 21.606 1012.37
  80 0.795 21.58 1005
  81 0.805 21.748 1025.77
  82 0.815 21.896 1044.62
  83 0.825 21.806 998.366
  84 0.835 21.894 926.614
  85 0.845 21.322 945.422
  86 0.855 20.684 969.239
  87 0.865 19.85 1017.63
  88 0.875 19.998 954.74
  89 0.885 20.726 961.942
  90 0.895 21.632 916.806
  91 0.905 21.926 950.178
  92 0.915 21.942 954.002
  93 0.925 21.898 925.993
  94 0.935 21.67 936.285
  95 0.945 21.528 911.428
  96 0.955 21.72 929.139
  97 0.965 21.348 913.098
  98 0.975 21.062 973.666
  99 0.985 20.122 900.312
  100 0.995 19.692 915.243
145000 100 2112
  1 0.005 19.828 849.371
  2 0.015 20.194 882.249
  3 0.025 20.914 914.556
  4 0.035 21.372 933.668
  5 0.045 21.456 930.677
  6 0.055 21.716 935.261
  7 0.065 21.656 960.271
  8 0.075 21.792 929.155
  9 0.085 21.908 975.113
  10 0.095 21.678 1002.72
  11 0.105 21.484 1011.77
  12 0.115 20.86 1005.42
  13 0.125 20.152 940.582
  14 0.135 20.12 978.436
  15 0.145 20.396 1013.02
  16 0.155 21.502 988.613
  17 0.165 21.81 959.149
  18 0.175 21.878 973.086
  19 0.185 21.948 933.964
  20 0.195 21.578 981.129
  21 0.205 21.554 958.321
  22 0.215 21.55 918.85
  23 0.225 21.388 959.979
  24 0.235 20.87 1030.66
  25 0.245 19.832 1021.27
  26 0.255 19.336 1023.84
  27 0.265 19.814 986.302
  28 0.275 20.654 955.602
  29 0.285 21.37 989.011
  30 0.295 21.33 1007.85
  31 0.305 21.59 1006.08
  32 0.315 21.62 1000.02
  33 0.325 21.864 1014.86
  34 0.335 21.884 1045.3
  35 0.345 21.92 1045.05
  36 0.355 21.406 1100.97
  37 0.365 20.608 1147.04
  38 0.375 19.856 1165.75
  39 0.385 19.916 1148.35
  40 0.395 20.82 1126.3
  41 0.405 21.51 1062.1
  42 0.415 21.83 1099.02
  43 0.425 21.964 1067.76
  44 0.435 21.696 1109.07
  45 0.445 21.668 1167.85
  46 0.455 21.524 1165.29
  47 0.465 21.37 1093.05
  48 0.475 21.08 1060.48
  49 0.485 20.344 1064.81
  50 0.495 19.602 987.668
  51 0.505 19.556 1065.17
  52 0.515 20.216 1116.47
  53 0.525 20.982 1131.63
  54 0.535 21.348 1093.61
  55 0.545 21.468 1150.59
  56 0.555 21.706 1096.16
  57 0.565 21.732 1087.26
  58 0.575 21.906 1109.68
  59 0.585 21.8 1159.68
  60 0.595 21.522 1057.18
  61 0.605 20.684 1092.18
  62 0.615 20.238 1111.61
  63 0.625 19.874 1067.95
  64 0.635 20.598 1041.54
  65 0.645 21.432 1054.8
  66 0.655 21.766 1039.94
  67 0.665 21.85 1048.25
  68 0.675 21.858 1019.75
  69 0.685 21.626 1070.64
  70 0.695 21.634 1045.3
  71 0.705 21.438 1091.13
  72 0.715 21.278 1098.39
  73 0.725 20.326 1091.28
  74 0.735 20.082 1039.12
  75 0.745 19.2 1050.82
  76 0.755 20.102 1011.82
  77 0.765 20.834 1044.76
  78 0.775 21.252 1049.11
  79 0.785 21.522 1024.76
  80 0.795 21.532 1016.57
  81 0.805 21.766 1052.55
  82 0.815 21.762 1072.98
  83 0.825 21.962 1041.7
  84 0.835 21.816 1021.52
  85 0.845 21.274 1030.76
  86 0.855 20.612 1038.96
  87 0.865 19.98 1046.88
  88 0.875 20.022 1054.72
  89 0.885 20.774 1018.07
  90 0.895 21.546 1021.14
  91 0.905 21.936 991.233
  92 0.915 21.872 971.35
  93 0.925 21.946 942.781
  94 0.935 21.628 886.947
  95 0.945 21.686 886.577
  96 0.955 21.484 923.128
  97 0.965 21.512 881.136
  98 0.975 21.18 812.422
  99 0.985 20.298 821.519
  100 0.995 19.57 859.733
150000 100 2112.0000000000005
  1 0.005 19.744 875.215
  2 0.015 20.61 882.78
  3 0.025 21.142 922.784
  4 0.035 21.472 907.439
  5 0.045 21.568 894.313
  6 0.055 21.708 917.786
  7 0.065 21.686 922.998
  8 0.075 21.802 952.129
  9 0.085 21.93 873.51
  10 0.095 21.62 935.118
  11 0.105 21.506 928.44
  12 0.115 20.53 885.119
  13 0.125 20.31 918.456
  14 0.135 19.878 956.965
  15 0.145 20.748 928.975
  16 0.155 21.536 990.794
  17 0.165 21.878 955.729
  18 0.175 21.852 966.605
  19 0.185 21.926 975.323
  20 0.195 21.622 994.644
  21 0.205 21.67 1032.48
  22 0.215 21.352 1027.79
  23 0.225 21.476 994.727
  24 0.235 20.586 1114.88
  25 0.245 19.918 1122.24
  26 0.255 19.298 1068.41
  27 0.265 19.884 1059.99
  28 0.275 20.734 1038.79
  29 0.285 21.308 1050.49
  30 0.295 21.388 1056.53
  31 0.305 21.558 1009.19
  32 0.315 21.756 1031.32
  33 0.325 21.812 994.123
  34 0.335 21.902 1056.46
  35 0.345 21.894 1044.85
  36 0.355 21.292 1053.91
  37 0.365 20.73 1042.79
  38 0.375 19.898 1057.46
  39 0.385 20.024 1031.57
  40 0.395 20.676 1042.42
  41 0.405 21.554 1029.97
  42 0.415 21.868 1081.8
  43 0.425 21.92 1070.76
  44 0.435 21.756 1062.73
  45 0.445 21.728 1101.76
  46 0.455 21.476 1110.02
  47 0.465 21.47 1133.13
  48 0.475 21.18 1057.38
  49 0.485 20.422 1056.41
  50 0.495 19.702 1054.39
  51 0.505 19.306 1153.75
  52 0.515 20.068 1144.71
  53 0.525 20.916 1123.4
  54 0.535 21.444 1084.56
  55 0.545 21.414 1068.72
  56 0.555 21.702 1102.15
  57 0.565 21.834 1111.38
  58 0.575 21.732 1106.75
  59 0.585 21.872 1095.85
  60 0.595 21.638 1074.25
  61 0.605 20.978 1084.81
  62 0.615 20.074 1113.71
  63 0.625 20.138 1034.22
  64 0.635 20.282 1049.69
  65 0.645 21.232 1080.32
  66 0.655 21.776 1122
  67 0.665 21.852 1127.1
  68 0.675 21.78 1161.91
  69 0.685 21.78 1112.19
  70 0.695 21.608 1088.53
  71 0.705 21.53 1052.57
  72 0.715 21.104 1069.23
  73 0.725 20.84 1038.4
  74 0.735 19.746 1011.39
  75 0.745 19.524 1036.87
  76 0.755 19.932 1048.94
  77 0.765 20.668 1022.51
  78 0.775 21.154 986.674
  79 0.785 21.654 963.507
  80 0.795 21.492 987.107
  81 0.805 21.626 1035.55
  82 0.815 21.824 1031.84
  83 0.825 21.918 998.416
  84 0.835 21.814 1042.61
  85 0.845 21.348 1085.95
  86 0.855 20.778 1120.15
  87 0.865 20.042 1107
  88 0.875 19.64 1071.01
  89 0.885 20.798 1034.06
  90 0.895 21.604 998.716
  91 0.905 21.904 989.556
  92 0.915 21.926 933.213
  93 0.925 21.772 941.521
  94 0.935 21.772 886.84
  95 0.945 21.664 893.882
  96 0.955 21.402 926.195
  97 0.965 21.378 957.351
  98 0.975 21.012 885.836
  99 0.985 19.952 910.579
  100 0.995 19.456 905.49
155000 100 2112.0000000000005
  1 0.005 20.08 903.117
  2 0.015 20.722 869.51
  3 0.025 21.062 867.422
  4 0.035 21.348 959.029
  5 0.045 21.546 946.385
  6 0.055 21.644 956.053
  7 0.065 21.718 937.339
  8 0.075 21.842 968.807
  9 0.085 21.87 944.331
  10 0.095 21.54 988.269
  11 0.105 21.226 1007.75
  12 0.115 20.468 1025.62
  13 0.125 20.116 1013.79
  14 0.135 20.33 958.297
  15 0.145 20.89 919.606
  16 0.155 21.628 961.868
  17 0.165 21.848 969.521
  18 0.175 21.868 1011.72
  19 0.185 21.82 1038.58
  20 0.195 21.56 999.769
  21 0.205 21.544 985.681
  22 0.215 21.46 1022.75
  23 0.225 21.188 1053.42
  24 0.235 20.686 1039.09
  25 0.245 19.59 988.071
  26 0.255 19.532 1018.18
  27 0.265 19.902 1012.31
  28 0.275 21.03 1001
  29 0.285 21.402 998.806
  30 0.295 21.464 991.697
  31 0.305 21.542 981.587
  32 0.315 21.736 972.91
  33 0.325 21.788 990.852
  34 0.335 22.004 992.588
  35 0.345 21.746 1005.83
  36 0.355 21.718 996.797
  37 0.365 21.204 939.007
  38 0.375 19.936 982.471
  39 0.385 19.706 1039.77
  40 0.395 20.534 1013.39
  41 0.405 21.3 1024.87
  42 0.415 21.78 1115.89
  43 0.425 21.892 1061.39
  44 0.435 21.832 1065.28
  45 0.445 21.584 1071.82
  46 0.455 21.69 1156.59
  47 0.465 21.398 1185.68
  48 0.475 21.246 1158.07
  49 0.485 20.532 1164.53
  50 0.495 19.94 1092.83
  51 0.505 19.378 1098.72
  52 0.515 20.14 1135.1
  53 0.525 20.698 1175.21
  54 0.535 21.172 1239.6
  55 0.545 21.31 1189.74
  56 0.555 21.768 1140.14
  57 0.565 21.618 1143.07
  58 0.575 21.898 1095.11
  59 0.585 21.748 1103.32
  60 0.595 21.57 1093.35
  61 0.605 21.008 1098.02
  62 0.615 20.488 1116.57
  63 0.625 19.914 1116.41
  64 0.635 20.352 1040.73
  65 0.645 21.234 1128.45
  66 0.655 21.568 1139.19
  67 0.665 21.938 1077.39
  68 0.675 21.746 1124.12
  69 0.685 21.818 1068.15
  70 0.695 21.466 1104.48
  71 0.705 21.45 1110.51
  72 0.715 21.128 1099.73
  73 0.725 20.634 1081.24
  74 0.735 19.846 1077.76
  75 0.745 19.404 1075.12
  76 0.755 19.862 1015.08
  77 0.765 20.872 1013.22
  78 0.775 21.342 940.828
  79 0.785 21.552 899.489
  80 0.795 21.514 912.537
  81 0.805 21.75 981.121
  82 0.815 21.802 1030.23
  83 0.825 21.866 981.154
  84 0.835 21.852 1019.59
  85 0.845 21.486 1007.75
  86 0.855 20.662 1017.66
  87 0.865 19.936 1000.64
  88 0.875 19.84 1020.02
  89 0.885 20.744 995.285
  90 0.895 21.724 956.288
  91 0.905 21.72 1008.91
  92 0.915 21.94 1023.27
  93 0.925 21.82 956.302
  94 0.935 21.65 946.392
  95 0.945 21.582 933.576
  96 0.955 21.554 880.161
  97 0.965 21.306 915.744
  98 0.975 20.782 896.939
  99 0.985 19.802 874.714
  100 0.995 19.714 871.95
160000 100 2112
  1 0.005 20.004 897.101
  2 0.015 20.632 911.394
  3 0.025 20.934 948.413
  4 0.035 21.352 959.998
  5 0.045 21.534 992.37
  6 0.055 21.62 960.936
  7 0.065 21.822 971.935
  8 0.075 21.802 951.41
  9 0.085 21.84 949.358
  10 0.095 21.844 946.986
  11 0.105 21.236 982.817
  12 0.115 20.768 982.045
  13 0.125 20.212 941.802
  14 0.135 19.968 946.293
  15 0.145 20.684 987.764
  16 0.155 21.616 980.224
  17 0.165 21.838 994.897
  18 0.175 21.768 998.411
  19 0.185 21.792 1037.36
  20 0.195 21.734 1016.68
  21 0.205 21.58 1038.34
  22 0.215 21.476 1018.74
  23 0.225 21.308 1018.61
  24 0.235 20.51 1038.55
  25 0.245 19.916 1008.23
  26 0.255 19.538 1019.89
  27 0.265 19.814 1022.31
  28 0.275 20.684 1025.19
  29 0.285 21.308 1036.62
  30 0.295 21.55 940.94
  31 0.305 21.53 929.691
  32 0.315 21.758 904.31
  33 0.325 21.726 956.96
  34 0.335 21.94 987.958
  35 0.345 21.912 980.516
  36 0.355 21.592 998.342
  37 0.365 20.864 1019.55
  38 0.375 20.432 987.193
  39 0.385 19.872 993.787
  40 0.395 20.504 1011.36
  41 0.405 21.098 1126.01
  42 0.415 21.782 1079.64
  43 0.425 21.812 1063.11
  44 0.435 21.892 1058.94
  45 0.445 21.65 1103.05
  46 0.455 21.676 1163.78
  47 0.465 21.452 1145.67
  48 0.475 21.124 1167.96
  49 0.485 20.616 1145.77
  50 0.495 19.92 1146.13
  51 0.505 19.782 1121.63
  52 0.515 20.124 1090.17
  53 0.525 20.464 1091.78
  54 0.535 21.15 1086.18
  55 0.545 21.294 1084.31
  56 0.555 21.582 1100.42
  57 0.565 21.7 1152.94
  58 0.575 21.76 1143.09
  59 0.585 21.774 1198.83
  60 0.595 21.454 1155.07
  61 0.605 20.968 1105.63
  62 0.615 20.388 1112.56
  63 0.625 20.112 1124.22
  64 0.635 20.174 1178.92
  65 0.645 21.326 1190.03
  66 0.655 21.698 1222.95
  67 0.665 21.86 1205.3
  68 0.675 21.852 1158.28
  69 0.685 21.582 1098.57
  70 0.695 21.52 1036.74
  71 0.705 21.398 1065.03
  72 0.715 21.222 1043.38
  73 0.725 20.286 1052.13
  74 0.735 19.622 1055.51
  75 0.745 19.434 994.914
  76 0.755 20.086 1000.61
  77 0.765 21.116 974.016
  78 0.775 21.322 988.614
  79 0.785 21.62 986.499
  80 0.795 21.572 974.491
  81 0.805 21.754 935.276
  82 0.815 21.93 956.555
  83 0.825 21.792 1051.19
  84 0.835 21.666 1060.98
  85 0.845 21.216 1003.71
  86 0.855 20.646 965.893
  87 0.865 20.016 959.521
  88 0.875 20.156 955.897
  89 0.885 21.028 971.025
  90 0.895 21.554 970.601
  91 0.905 21.742 987.052
  92 0.915 21.918 922.31
  93 0.925 21.786 926.876
  94 0.935 21.738 917.178
  95 0.945 21.538 922.993
  96 0.955 21.572 922.388
  97 0.965 21.322 913.916
  98 0.975 20.73 897.349
  99 0.985 20.062 893.919
  100 0.995 19.756 978.742
165000 100 2112
  1 0.005 20.002 881.541
  2 0.015 20.522 900.027
  3 0.025 20.782 913.872
  4 0.035 21.256 918.962
  5 0.045 21.542 967.614
  6 0.055 21.658 944.554
  7 0.065 21.752 982.692
  8 0.075 21.806 945.411
  9 0.085 21.95 979.15
  10 0.095 21.868 981.432
  11 0.105 21.41 993.31
  12 0.115 20.764 1009.39
  13 0.125 20.064 948.371
  14 0.135 20.024 954.1
  15 0.145 20.49 968.805
  16 0.155 21.434 918.697
  17 0.165 21.936 902.615
  18 0.175 21.906 890.967
  19 0.185 21.876 904.438
  20 0.195 21.834 880.073
  21 0.205 21.516 959.552
  22 0.215 21.61 997.023
  23 0.225 21.33 1030.5
  24 0.235 21.1 1087
  25 0.245 20.162 1062.75
  26 0.255 19.636 1085.78
  27 0.265 19.58 1026.79
  28 0.275 20.29 996.115
  29 0.285 21.028 1051
  30 0.295 21.306 1043.35
  31 0.305 21.66 1009.43
  32 0.315 21.576 1046.99
  33 0.325 21.71 971.828
  34 0.335 21.94 958.646
  35 0.345 21.868 944.547
  36 0.355 21.734 949.944
  37 0.365 21.172 976.458
  38 0.375 20.49 978.415
  39 0.385 19.714 939.744
  40 0.395 20.196 955.028
  41 0.405 21.162 944.516
  42 0.415 21.646 1042.96
  43 0.425 21.908 1129.16
  44 0.435 21.658 1229.75
  45 0.445 21.772 1262.79
  46 0.455 21.508 1313.13
  47 0.465 21.356 1314.13
  48 0.475 20.88 1282.33
  49 0.485 20.112 1172.79
  50 0.495 19.508 1205.31
  51 0.505 19.756 1155.79
  52 0.515 20.392 1189.16
  53 0.525 20.898 1216.75
  54 0.535 21.27 1157.96
  55 0.545 21.584 1104.45
  56 0.555 21.72 1157.51
  57 0.565 21.754 1205.96
  58 0.575 21.866 1182.72
  59 0.585 21.604 1209.08
  60 0.595 21.118 1201.5
  61 0.605 20.618 1140.33
  62 0.615 19.866 1146.57
  63 0.625 20.286 1120.02
  64 0.635 20.778 1126.69
  65 0.645 21.792 1072.61
  66 0.655 21.86 1054.85
  67 0.665 21.864 1083.62
  68 0.675 21.804 1084.26
  69 0.685 21.56 1050.29
  70 0.695 21.566 1060.01
  71 0.705 21.428 996.867
  72 0.715 21.208 1015.5
  73 0.725 20.388 1028.36
  74 0.735 19.4 1044.5
  75 0.745 19.468 1022.36
  76 0.755 20.158 1037.9
  77 0.765 21.102 990.449
  78 0.775 21.426 958.343
  79 0.785 21.422 1004.47
  80 0.795 21.794 952.244
  81 0.805 21.748 963.726
  82 0.815 21.82 962.755
  83 0.825 21.89 970.199
  84 0.835 21.774 1003.58
  85 0.845 21.36 1012.98
  86 0.855 20.648 1003.68
  87 0.865 20.112 956.817
  88 0.875 19.808 944.249
  89 0.885 20.902 970.036
  90 0.895 21.536 953.924
  91 0.905 21.904 934.324
  92 0.915 21.864 963.729
  93 0.925 21.88 942.847
  94 0.935 21.56 972.373
  95 0.945 21.646 947.656
  96 0.955 21.628 895.873
  97 0.965 21.3 891.494
  98 0.975 20.854 934.69
  99 0.985 20.104 877.203
  100 0.995 19.908 892.682
170000 100 2112
  1 0.005 19.954 915.391
  2 0.015 20.284 940.657
  3 0.025 20.708 959.559
  4 0.035 21.262 958.883
  5 0.045 21.544 944.395
  6 0.055 21.594 964.541
  7 0.065 21.716 966.783
  8 0.075 21.804 905.289
  9 0.085 21.928 897.712
  10 0.095 21.814 849.963
  11 0.105 21.376 926.936
  12 0.115 20.896 938.27
  13 0.125 20.336 876.212
  14 0.135 19.714 923.811
  15 0.145 20.412 939.403
  16 0.155 21.538 946.754
  17 0.165 21.924 922.906
  18 0.175 21.952 934.709
  19 0.185 21.894 876.712
  20 0.195 21.738 884.309
  21 0.205 21.624 972.468
  22 0.215 21.44 989.454
  23 0.225 21.442 1007.8
  24 0.235 21.052 990.513
  25 0.245 20.412 967.194
  26 0.255 19.25 1031.25
  27 0.265 19.608 1035.28
  28 0.275 20.342 1043.7
  29 0.285 21.024 1081.95
  30 0.295 21.438 1011.23
  31 0.305 21.544 1013.32
  32 0.315 21.588 998.082
  33 0.325 21.83 1038.51
  34 0.335 21.858 996.146
  35 0.345 21.89 959.472
  36 0.355 21.52 1028.15
  37 0.365 20.924 1000.05
  38 0.375 20.606 1049.35
  39 0.385 19.8 1022.07
  40 0.395 20.49 996.774
  41 0.405 21.136 1039.18
  42 0.415 21.612 1062.75
  43 0.425 21.872 1113.15
  44 0.435 21.876 1147.51
  45 0.445 21.538 1181.05
  46 0.455 21.816 1203.72
  47 0.465 21.296 1232.82
  48 0.475 21.178 1214.76
  49 0.485 20.316 1239.67
  50 0.495 19.624 1191.01
  51 0.505 19.776 1263.98
  52 0.515 19.908 1269.72
  53 0.525 20.878 1206.51
  54 0.535 21.182 1235.07
  55 0.545 21.468 1206.95
  56 0.555 21.614 1191.31
  57 0.565 21.794 1174.53
  58 0.575 21.908 1203.53
  59 0.585 21.642 1250.22
  60 0.595 21.464 1181.27
  61 0.605 20.328 1137.54
  62 0.615 19.768 1098.64
  63 0.625 20.21 1089.16
  64 0.635 20.81 1145.89
  65 0.645 21.736 1179.66
  66 0.655 21.886 1123.63
  67 0.665 21.786 1151.66
  68 0.675 21.822 1119.69
  69 0.685 21.558 1123.65
  70 0.695 21.538 1064.77
  71 0.705 21.328 1045.61
  72 0.715 21.08 998.94
  73 0.725 19.962 955.888
  74 0.735 19.49 1012.11
  75 0.745 19.736 1035.78
  76 0.755 20.428 1044.34
  77 0.765 21.088 1044.31
  78 0.775 21.472 1029.16
  79 0.785 21.458 1003.21
  80 0.795 21.726 953.203
  81 0.805 21.754 923.368
  82 0.815 21.956 911.015
  83 0.825 21.894 977.404
  84 0.835 21.676 973.726
  85 0.845 21.458 960.436
  86 0.855 20.556 976.928
  87 0.865 20.206 954.263
  88 0.875 19.9 964.962
  89 0.885 20.688 999.284
  90 0.895 21.616 986.083
  91 0.905 21.862 1014.7
  92 0.915 21.914 1005.75
  93 0.925 21.748 950.131
  94 0.935 21.712 910.818
  95 0.945 21.688 854.693
  96 0.955 21.604 843.398
  97 0.965 21.378 861.983
  98 0.975 20.964 845.149
  99 0.985 20.188 873.769
  100 0.995 20.06 891.936
175000 100 2111.9999999999995
  1 0.005 19.754 921.249
  2 0.015 20.59 862.654
  3 0.025 21.1 922.12
  4 0.035 21.416 889.43
  5 0.045 21.668 876.238
  6 0.055 21.582 877.94
  7 0.065 21.838 885.889
  8 0.075 21.742 907.837
  9 0.085 21.932 906.367
  10 0.095 21.872 866.109
  11 0.105 21.564 881.353
  12 0.115 20.922 904.756
  13 0.125 19.922 878.832
  14 0.135 19.834 875.652
  15 0.145 20.71 898.199
  16 0.155 21.332 883.807
  17 0.165 21.886 902.501
  18 0.175 21.91 921.552
  19 0.185 21.898 951.74
  20 0.195 21.79 917.237
  21 0.205 21.614 954.364
  22 0.215 21.562 965.518
  23 0.225 21.434 1051.58
  24 0.235 20.98 1052.16
  25 0.245 20.322 999.508
  26 0.255 19.318 1034.5
  27 0.265 19.572 1049.1
  28 0.275 20.362 1067.81
  29 0.285 21.056 1005.66
  30 0.295 21.416 985.8
  31 0.305 21.628 1006.32
  32 0.315 21.578 1054.68
  33 0.325 21.71 1066.81
  34 0.335 21.896 1103.37
  35 0.345 21.836 1095.71
  36 0.355 21.556 1103.89
  37 0.365 20.956 1136.39
  38 0.375 20.096 1065.76
  39 0.385 19.758 1092.51
  40 0.395 20.706 1036.82
  41 0.405 21.132 1071.49
  42 0.415 21.91 1122.28
  43 0.425 21.796 1153.65
  44 0.435 21.914 1154.13
  45 0.445 21.612 1127.75
  46 0.455 21.568 1153.09
  47 0.465 21.476 1159.52
  48 0.475 21.006 1191.83
  49 0.485 20.278 1195.18
  50 0.495 19.634 1174.93
  51 0.505 19.54 1242.63
  52 0.515 20.18 1187.62
  53 0.525 20.994 1184.18
  54 0.535 21.218 1187.96
  55 0.545 21.574 1178.94
  56 0.555 21.618 1180.21
  57 0.565 21.702 1184.25
  58 0.575 21.9 1168.55
  59 0.585 21.83 1082.36
  60 0.595 21.44 1115.07
  61 0.605 20.62 1166.62
  62 0.615 20.046 1156
  63 0.625 19.848 1200.75
  64 0.635 20.828 1139.24
  65 0.645 21.466 1188.95
  66 0.655 21.872 1191.42
  67 0.665 21.876 1154.54
  68 0.675 21.762 1062.31
  69 0.685 21.684 1057.15
  70 0.695 21.432 1070.68
  71 0.705 21.53 1022.22
  72 0.715 21.026 1064.83
  73 0.725 20.366 1091.09
  74 0.735 19.46 1053.96
  75 0.745 19.47 1006.85
  76 0.755 20.424 977.202
  77 0.765 20.99 1010.71
  78 0.775 21.322 975.708
  79 0.785 21.63 965.832
  80 0.795 21.552 991.548
  81 0.805 21.786 1008.11
  82 0.815 21.862 1019.71
  83 0.825 21.812 1079.14
  84 0.835 21.654 1007.62
  85 0.845 21.346 988.797
  86 0.855 20.442 970.366
  87 0.865 20.028 954.364
  88 0.875 20.24 949.837
  89 0.885 20.86 1002.8
  90 0.895 21.496 984.239
  91 0.905 21.948 936.14
  92 0.915 21.898 930.361
  93 0.925 21.804 930.942
  94 0.935 21.688 921.989
  95 0.945 21.6 920.64
  96 0.955 21.484 913.103
  97 0.965 21.386 916.976
  98 0.975 20.852 890.153
  99 0.985 19.99 886.393
  100 0.995 19.68 884.519
180000 100 2112.0000000000005
  1 0.005 19.944 883.391
  2 0.015 20.52 922.236
  3 0.025 21.14 924.522
  4 0.035 21.358 894.806
  5 0.045 21.508 855.909
  6 0.055 21.646 829.938
  7 0.065 21.778 863.347
  8 0.075 21.852 881.152
  9 0.085 21.948 887.064
  10 0.095 21.832 910.234
  11 0.105 21.34 937.99
  12 0.115 20.592 902.009
  13 0.125 19.894 856.767
  14 0.135 20.202 805.634
  15 0.145 20.798 860.686
  16 0.155 21.4 913.945
  17 0.165 21.936 900.583
  18 0.175 21.878 933.608
  19 0.185 22.008 979.159
  20 0.195 21.688 1002.96
  21 0.205 21.532 1006.8
  22 0.215 21.618 973.944
  23 0.225 21.41 949.211
  24 0.235 21.11 958.168
  25 0.245 20.196 1055.94
  26 0.255 19.448 1038.44
  27 0.265 19.622 1029.29
  28 0.275 20.448 1093.12
  29 0.285 20.952 1106.05
  30 0.295 21.292 1111.44
  31 0.305 21.522 1079.97
  32 0.315 21.714 1030.03
  33 0.325 21.792 1057.89
  34 0.335 21.804 1052.9
  35 0.345 21.858 1056.82
  36 0.355 21.828 1047.75
  37 0.365 20.976 1117.62
  38 0.375 20.56 1126.68
  39 0.385 19.39 1165.34
  40 0.395 20.298 1185.78
  41 0.405 21.426 1156.61
  42 0.415 21.602 1111.55
  43 0.425 21.878 1132.51
  44 0.435 21.832 1219.52
  45 0.445 21.7 1162.39
  46 0.455 21.5 1165.18
  47 0.465 21.52 1139.35
  48 0.475 21.064 1126.45
  49 0.485 20.352 1140.3
  50 0.495 19.734 1081.81
  51 0.505 19.736 1143.76
  52 0.515 20.012 1159.03
  53 0.525 20.788 1169.37
  54 0.535 21.298 1164.5
  55 0.545 21.468 1180.75
  56 0.555 21.56 1146.34
  57 0.565 21.762 1190.21
  58 0.575 21.876 1211.8
  59 0.585 21.868 1170.22
  60 0.595 21.214 1173.66
  61 0.605 20.69 1207.67
  62 0.615 19.784 1170.85
  63 0.625 19.826 1180.53
  64 0.635 20.9 1141.15
  65 0.645 21.72 1080.64
  66 0.655 21.902 1083.67
  67 0.665 21.852 1031.48
  68 0.675 21.844 1062.6
  69 0.685 21.652 1041.86
  70 0.695 21.434 1070.54
  71 0.705 21.55 1059.89
  72 0.715 21.214 1067.41
  73 0.725 20.142 1092.55
  74 0.735 19.32 1086.84
  75 0.745 19.668 1028.87
  76 0.755 20.24 1074.56
  77 0.765 20.99 1059.44
  78 0.775 21.454 1043.11
  79 0.785 21.56 1016.12
  80 0.795 21.576 973.144
  81 0.805 21.718 1020.28
  82 0.815 21.922 1001.65
  83 0.825 21.802 1055.37
  84 0.835 21.698 1000.01
  85 0.845 21.404 911.932
  86 0.855 20.54 881.62
  87 0.865 20.032 872.079
  88 0.875 19.966 901.663
  89 0.885 20.816 929.619
  90 0.895 21.714 933.701
  91 0.905 21.944 929.827
  92 0.915 21.828 964.117
  93 0.925 21.894 941.183
  94 0.935 21.624 957.942
  95 0.945 21.76 916.431
  96 0.955 21.376 950.417
  97 0.965 21.324 934.554
  98 0.975 20.942 944.156
  99 0.985 19.98 928.294
  100 0.995 19.576 906.536
185000 100 2112
  1 0.005 19.938 872.62
  2 0.015 20.618 879.128
  3 0.025 21.284 900.227
  4 0.035 21.24 891.07
  5 0.045 21.534 874.406
  6 0.055 21.686 855.153
  7 0.065 21.754 869.428
  8 0.075 21.864 920.759
  9 0.085 21.866 905.154
  10 0.095 21.866 871.322
  11 0.105 21.534 917.005
  12 0.115 21.264 859.172
  13 0.125 20.07 906.518
  14 0.135 19.786 936.218
  15 0.145 20.284 908.612
  16 0.155 21.438 905.174
  17 0.165 21.768 979.413
  18 0.175 21.906 940.024
  19 0.185 21.96 970.589
  20 0.195 21.694 951.319
  21 0.205 21.634 936.506
  22 0.215 21.47 902.357
  23 0.225 21.564 903.239
  24 0.235 21.178 934.86
  25 0.245 20.448 1005.56
  26 0.255 19.528 1016.38
  27 0.265 19.59 1034.87
  28 0.275 20.084 1052.64
  29 0.285 20.982 1074.27
  30 0.295 21.296 1079.58
  31 0.305 21.498 1039.37
  32 0.315 21.612 1072.51
  33 0.325 21.714 1082.87
  34 0.335 22.014 1042.48
  35 0.345 21.72 1097.69
  36 0.355 21.652 1088.82
  37 0.365 21.362 1036.45
  38 0.375 20.536 1110.54
  39 0.385 19.644 1189.27
  40 0.395 20.224 1206.31
  41 0.405 21.162 1156
  42 0.415 21.528 1226.93
  43 0.425 21.866 1222.46
  44 0.435 21.776 1226.48
  45 0.445 21.628 1224.11
  46 0.455 21.65 1206.1
  47 0.465 21.434 1184.78
  48 0.475 21.196 1154.77
  49 0.485 20.214 1247.27
  50 0.495 19.658 1202.28
  51 0.505 19.766 1169.34
  52 0.515 20.092 1166.54
  53 0.525 20.776 1157.11
  54 0.535 21.308 1130.32
  55 0.545 21.414 1151.05
  56 0.555 21.702 1113.62
  57 0.565 21.73 1081.28
  58 0.575 21.874 1158.03
  59 0.585 21.84 1191.49
  60 0.595 21.192 1221.91
  61 0.605 20.754 1230.85
  62 0.615 19.816 1167.75
  63 0.625 19.994 1159.86
  64 0.635 20.928 1090.4
  65 0.645 21.49 1103.28
  66 0.655 21.802 1116.32
  67 0.665 21.954 1106.13
  68 0.675 21.696 1121.47
  69 0.685 21.726 1080.44
  70 0.695 21.378 1097.62
  71 0.705 21.372 1122.4
  72 0.715 20.854 1118.34
  73 0.725 20.028 1099.75
  74 0.735 19.466 1045.83
  75 0.745 19.546 1044.2
  76 0.755 20.708 1045.51
  77 0.765 21.042 1033.02
  78 0.775 21.4 1014.31
  79 0.785 21.604 985.747
  80 0.795 21.712 996.073
  81 0.805 21.776 991.22
  82 0.815 21.842 1009.29
  83 0.825 21.924 940.645
  84 0.835 21.39 1013.14
  85 0.845 21.074 999.277
  86 0.855 20.358 945.235
  87 0.865 19.954 947.408
  88 0.875 20.424 946.899
  89 0.885 21.252 952.954
  90 0.895 21.684 926.094
  91 0.905 21.884 891.725
  92 0.915 21.844 860.482
  93 0.925 21.796 872.721
  94 0.935 21.854 841.5
  95 0.945 21.506 889.741
  96 0.955 21.486 922.146
  97 0.965 21.314 887.391
  98 0.975 20.944 874.667
  99 0.985 19.904 856.494
  100 0.995 19.61 890.393
190000 100 2112.0000000000005
  1 0.005 19.964 857.888
  2 0.015 20.762 867.33
  3 0.025 21.086 864.014
  4 0.035 21.358 809.423
  5 0.045 21.72 805.237
  6 0.055 21.468 822.783
  7 0.065 21.784 849.533
  8 0.075 21.914 894.948
  9 0.085 21.89 916.626
  10 0.095 21.844 902.491
  11 0.105 21.722 915.06
  12 0.115 20.968 918.817
  13 0.125 20.45 921.998
  14 0.135 19.742 922.671
  15 0.145 20.412 917.961
  16 0.155 21.064 950.804
  17 0.165 21.802 1005
  18 0.175 21.894 984.525
  19 0.185 21.97 973.998
  20 0.195 21.696 961.977
  21 0.205 21.78 936.147
  22 0.215 21.558 940.603
  23 0.225 21.296 1009.95
  24 0.235 21.296 1027.83
  25 0.245 20.614 1063.26
  26 0.255 19.766 1104.37
  27 0.265 19.378 1039.28
  28 0.275 20.098 1017.01
  29 0.285 20.828 960.455
  30 0.295 21.32 1029.6
  31 0.305 21.506 1028.02
  32 0.315 21.514 1021.64
  33 0.325 21.788 1060.49
  34 0.335 21.762 1109.93
  35 0.345 21.872 1093.31
  36 0.355 21.746 1055.99
  37 0.365 21.276 1067.06
  38 0.375 20.458 1112.27
  39 0.385 19.796 1119.19
  40 0.395 20.08 1129.75
  41 0.405 21.01 1154.3
  42 0.415 21.706 1205.85
  43 0.425 21.882 1175.87
  44 0.435 21.762 1202.27
  45 0.445 21.706 1210.21
  46 0.455 21.412 1283.9
  47 0.465 21.376 1286.3
  48 0.475 20.782 1275.59
  49 0.485 20.252 1175.94
  50 0.495 19.312 1195.24
  51 0.505 19.768 1123.66
  52 0.515 20.514 1159.73
  53 0.525 21.006 1107.41
  54 0.535 21.292 1138.55
  55 0.545 21.54 1117.03
  56 0.555 21.764 1112.88
  57 0.565 21.748 1101.86
  58 0.575 21.872 1071.97
  59 0.585 21.66 1101.35
  60 0.595 21.32 1097.76
  61 0.605 20.328 1112.48
  62 0.615 20.118 1099.36
  63 0.625 20.238 1154.3
  64 0.635 20.744 1232.8
  65 0.645 21.61 1230.09
  66 0.655 21.864 1241.74
  67 0.665 21.808 1254.13
  68 0.675 21.75 1225.08
  69 0.685 21.636 1216.32
  70 0.695 21.372 1143.14
  71 0.705 21.364 1119.24
  72 0.715 20.808 1040.61
  73 0.725 20.046 1005.18
  74 0.735 19.364 1051.53
  75 0.745 19.71 1001.24
  76 0.755 20.712 941.134
  77 0.765 21.252 946.563
  78 0.775 21.444 943.413
  79 0.785 21.512 1028.9
  80 0.795 21.688 1003.77
  81 0.805 21.748 1009.9
  82 0.815 21.92 951.062
  83 0.825 21.896 957.771
  84 0.835 21.56 975.062
  85 0.845 21.04 969.961
  86 0.855 20.518 966.112
  87 0.865 19.968 911.096
  88 0.875 20.226 934.049
  89 0.885 21.112 906.883
  90 0.895 21.686 922.93
  91 0.905 21.924 929.918
  92 0.915 21.904 877.891
  93 0.925 21.756 879.228
  94 0.935 21.702 852.718
  95 0.945 21.704 926.554
  96 0.955 21.496 927.852
  97 0.965 21.28 931.715
  98 0.975 20.764 925.857
  99 0.985 19.98 894.735
  100 0.995 19.522 900.543
195000 100 2112
  1 0.005 19.798 849.826
  2 0.015 20.416 841.729
  3 0.025 20.716 898.135
  4 0.035 21.402 867.504
  5 0.045 21.582 841.814
  6 0.055 21.598 811.909
  7 0.065 21.656 848.351
  8 0.075 21.864 845.407
  9 0.085 21.842 918.385
  10 0.095 21.956 908.951
  11 0.105 21.744 904.154
  12 0.115 21.126 942.418
  13 0.125 20.284 938.704
  14 0.135 19.48 950.604
  15 0.145 20.55 897.135
  16 0.155 21.058 942.193
  17 0.165 21.814 955.311
  18 0.175 21.94 1027.7
  19 0.185 21.86 984.479
  20 0.195 21.858 942.594
  21 0.205 21.63 909.746
  22 0.215 21.492 963.784
  23 0.225 21.458 966.566
  24 0.235 21.13 1014.31
  25 0.245 20.462 1037.33
  26 0.255 19.538 1019.28
  27 0.265 19.568 1067.42
  28 0.275 20.12 1070.8
  29 0.285 20.886 1107.43
  30 0.295 21.41 1167.97
  31 0.305 21.424 1130.68
  32 0.315 21.622 1136.63
  33 0.325 21.806 1096.36
  34 0.335 21.856 1052.06
  35 0.345 21.896 1038.76
  36 0.355 21.784 1112.02
  37 0.365 20.858 1103.53
  38 0.375 20.054 1169.97
  39 0.385 19.604 1255.32
  40 0.395 20.566 1176.21
  41 0.405 21.31 1173.8
  42 0.415 21.806 1145.63
  43 0.425 21.88 1139.98
  44 0.435 21.862 1141.24
  45 0.445 21.666 1152.7
  46 0.455 21.362 1203.35
  47 0.465 21.498 1157.3
  48 0.475 20.804 1257.21
  49 0.485 20.184 1226.82
  50 0.495 19.41 1203.84
  51 0.505 19.496 1149.79
  52 0.515 20.506 1138.98
  53 0.525 21.084 1082.62
  54 0.535 21.54 1062.29
  55 0.545 21.432 1120.88
  56 0.555 21.7 1049.73
  57 0.565 21.766 1113.46
  58 0.575 21.858 1123.19
  59 0.585 21.84 1151.82
  60 0.595 21.31 1167.93
  61 0.605 20.238 1167.33
  62 0.615 20.044 1172.54
  63 0.625 20.044 1209.39
  64 0.635 20.998 1132.23
  65 0.645 21.514 1141.45
  66 0.655 21.972 1154.95
  67 0.665 21.848 1133.19
  68 0.675 21.636 1132.09
  69 0.685 21.722 1099.79
  70 0.695 21.446 1076.48
  71 0.705 21.33 1074.75
  72 0.715 20.904 1042.95
  73 0.725 20.116 1059.47
  74 0.735 19.484 1022.3
  75 0.745 19.582 1081.49
  76 0.755 20.46 1031.7
  77 0.765 21.21 976.327
  78 0.775 21.49 941.794
  79 0.785 21.504 933.076
  80 0.795 21.706 978.859
  81 0.805 21.716 958.257
  82 0.815 21.966 964.375
  83 0.825 21.786 989.685
  84 0.835 21.774 943.288
  85 0.845 21.382 896.493
  86 0.855 20.776 899.527
  87 0.865 19.812 940.787
  88 0.875 20.078 961.464
  89 0.885 20.752 1000.45
  90 0.895 21.558 961.573
  91 0.905 21.972 962.344
  92 0.915 21.906 966.711
  93 0.925 21.83 955.715
  94 0.935 21.72 924.568
  95 0.945 21.648 910.058
  96 0.955 21.482 952.715
  97 0.965 21.43 894.253
  98 0.975 21.184 877.679
  99 0.985 20.288 862.317
  100 0.995 19.67 869.927
200000 100 2112.0000000000005
  1 0.005 19.78 865.709
  2 0.015 20.484 884.871
  3 0.025 20.772 900.429
  4 0.035 21.364 935.59
  5 0.045 21.338 915.919
  6 0.055 21.688 914.888
  7 0.065 21.692 917.343
  8 0.075 21.842 1022.53
  9 0.085 21.828 996.984
  10 0.095 21.982 929.289
  11 0.105 21.59 932.549
  12 0.115 20.9 926.041
  13 0.125 20.196 936.028
  14 0.135 19.818 933.131
  15 0.145 20.478 855.748
  16 0.155 21.3 903.829
  17 0.165 21.82 897.58
  18 0.175 21.88 936.358
  19 0.185 21.904 916.576
  20 0.195 21.862 922.874
  21 0.205 21.542 934.802
  22 0.215 21.59 927.753
  23 0.225 21.416 934.387
  24 0.235 21.25 979.599
  25 0.245 20.316 1056.31
  26 0.255 19.562 1066.5
  27 0.265 19.528 1088.51
  28 0.275 20.08 1115.86
  29 0.285 20.94 1111.48
  30 0.295 21.23 1130.78
  31 0.305 21.622 1071.39
  32 0.315 21.636 1101.97
  33 0.325 21.714 1099.77
  34 0.335 21.984 1086.15
  35 0.345 21.75 1084.56
  36 0.355 21.476 1107.01
  37 0.365 20.81 1166.39
  38 0.375 19.946 1195.45
  39 0.385 20.194 1138.79
  40 0.395 20.384 1119.64
  41 0.405 21.48 1129.28
  42 0.415 21.764 1124.35
  43 0.425 21.906 1191.11
  44 0.435 21.796 1211.81
  45 0.445 21.556 1174.96
  46 0.455 21.532 1136.45
  47 0.465 21.326 1191.21
  48 0.475 20.864 1189.75
  49 0.485 20.192 1183.91
  50 0.495 19.624 1164.62
  51 0.505 19.676 1162.94
  52 0.515 20.408 1150
  53 0.525 21.016 1180.9
  54 0.535 21.228 1183.43
  55 0.545 21.66 1135.8
  56 0.555 21.692 1161.13
  57 0.565 21.758 1224.7
  58 0.575 21.838 1155.8
  59 0.585 21.722 1160.44
  60 0.595 21.236 1185.55
  61 0.605 20.196 1240.87
  62 0.615 19.702 1210.72
  63 0.625 20.2 1120.34
  64 0.635 21.22 1111.87
  65 0.645 21.738 1112.47
  66 0.655 21.922 1073.3
  67 0.665 21.832 1067.4
  68 0.675 21.758 1071.92
  69 0.685 21.648 1058.61
  70 0.695 21.492 1002.51
  71 0.705 21.402 995.985
  72 0.715 21.004 982.542
  73 0.725 20.208 951.756
  74 0.735 19.484 1006.25
  75 0.745 19.792 942.844
  76 0.755 20.324 989.303
  77 0.765 21.1 963.048
  78 0.775 21.258 964.608
  79 0.785 21.77 931.287
  80 0.795 21.436 1007.5
  81 0.805 21.796 949.078
  82 0.815 21.84 994.256
  83 0.825 21.904 962.649
  84 0.835 21.852 989.011
  85 0.845 21.49 963.007
  86 0.855 20.73 913.758
  87 0.865 20.072 934.057
  88 0.875 19.848 929.611
  89 0.885 20.852 880.798
  90 0.895 21.35 954.007
  91 0.905 21.818 936.828
  92 0.915 21.936 913.935
  93 0.925 21.788 980.115
  94 0.935 21.772 972.321
  95 0.945 21.566 944.029
  96 0.955 21.468 951.84
  97 0.965 21.404 940.168
  98 0.975 21.28 882.096
  99 0.985 20.322 883.285
  100 0.995 19.664 870.626
205000 100 2112
  1 0.005 19.548 907.745
  2 0.015 20.518 891.155
  3 0.025 21.202 909.458
  4 0.035 21.38 890.107
  5 0.045 21.602 914.938
  6 0.055 21.586 929.735
  7 0.065 21.76 930.392
  8 0.075 21.822 915.286
  9 0.085 21.952 899.417
  10 0.095 21.95 908.652
  11 0.105 21.272 940.955
  12 0.115 20.688 929.554
  13 0.125 20.066 964.45
  14 0.135 19.722 977.528
  15 0.145 20.756 988.238
  16 0.155 21.666 958.145
  17 0.165 21.83 997.813
  18 0.175 21.952 956.215
  19 0.185 21.824 976.634
  20 0.195 21.78 954.287
  21 0.205 21.602 976.112
  22 0.215 21.348 988.156
  23 0.225 21.596 973.402
  24 0.235 20.89 994.271
  25 0.245 20.046 1025.36
  26 0.255 19.622 994.455
  27 0.265 19.69 1003.94
  28 0.275 20.228 1077.46
  29 0.285 21.332 1026.18
  30 0.295 21.412 1034.21
  31 0.305 21.508 1012.1
  32 0.315 21.596 1068.54
  33 0.325 21.816 1086.89
  34 0.335 21.882 1054.08
  35 0.345 21.77 1071.05
  36 0.355 21.548 1089.36
  37 0.365 21.266 1135.47
  38 0.375 20.05 1094.9
  39 0.385 19.916 1045.75
  40 0.395 20.386 1097.08
  41 0.405 21.22 1148.92
  42 0.415 21.77 1149.64
  43 0.425 21.874 1142.33
  44 0.435 21.794 1130.1
  45 0.445 21.574 1164.64
  46 0.455 21.528 1198.79
  47 0.465 21.392 1225.61
  48 0.475 21.056 1164.24
  49 0.485 20.042 1216.58
  50 0.495 19.44 1172.27
  51 0.505 19.686 1257.85
  52 0.515 20.154 1177.6
  53 0.525 21.162 1171.3
  54 0.535 21.378 1198.74
  55 0.545 21.528 1239.27
  56 0.555 21.688 1226.8
  57 0.565 21.83 1161.78
  58 0.575 21.864 1162.67
  59 0.585 21.706 1222.66
  60 0.595 21.218 1212.43
  61 0.605 20.574 1093.05
  62 0.615 19.856 1089.75
  63 0.625 20.242 1084.38
  64 0.635 20.828 1125.35
  65 0.645 21.628 1087.74
  66 0.655 21.88 1059.89
  67 0.665 21.93 1038.47
  68 0.675 21.692 1024.95
  69 0.685 21.682 1040.84
  70 0.695 21.548 991.124
  71 0.705 21.38 995.694
  72 0.715 21.186 971.335
  73 0.725 20.556 982.175
  74 0.735 19.688 1019
  75 0.745 19.468 1028.34
  76 0.755 20.356 987.223
  77 0.765 20.728 993.269
  78 0.775 21.338 1001.78
  79 0.785 21.452 1013.18
  80 0.795 21.548 978.983
  81 0.805 21.82 970.921
  82 0.815 21.762 993.695
  83 0.825 21.932 988.922
  84 0.835 21.786 1005.31
  85 0.845 21.446 980.968
  86 0.855 20.776 911.979
  87 0.865 20.24 925.671
  88 0.875 20.14 922.586
  89 0.885 20.388 996.348
  90 0.895 21.368 964.334
  91 0.905 21.84 952.252
  92 0.915 21.892 973.099
  93 0.925 21.928 924.827
  94 0.935 21.716 893.108
  95 0.945 21.652 888.429
  96 0.955 21.44 906.515
  97 0.965 21.45 963.06
  98 0.975 21.03 937.988
  99 0.985 19.982 959.444
  100 0.995 19.568 925.288
210000 100 2112
  1 0.005 19.836 832.611
  2 0.015 20.502 899.109
  3 0.025 20.994 893.295
  4 0.035 21.474 851.971
  5 0.045 21.484 917.63
  6 0.055 21.61 920.241
  7 0.065 21.758 906.386
  8 0.075 21.848 921.166
  9 0.085 21.948 893.977
  10 0.095 21.82 932.542
  11 0.105 21.606 930.563
  12 0.115 21.028 966.545
  13 0.125 19.796 980.224
  14 0.135 19.864 960.093
  15 0.145 20.602 974.365
  16 0.155 21.46 944.359
  17 0.165 21.806 870.656
  18 0.175 21.892 926.453
  19 0.185 21.82 951.435
  20 0.195 21.798 959.998
  21 0.205 21.66 968.185
  22 0.215 21.504 944.36
  23 0.225 21.372 1020.62
  24 0.235 20.966 979.612
  25 0.245 20.148 1059.48
  26 0.255 19.308 1010.38
  27 0.265 19.816 1030.56
  28 0.275 20.582 1014.25
  29 0.285 21.112 987.257
  30 0.295 21.28 1069.53
  31 0.305 21.528 1095.28
  32 0.315 21.626 1081.83
  33 0.325 21.778 1078.77
  34 0.335 21.87 1144.55
  35 0.345 21.902 1157.15
  36 0.355 21.478 1180.08
  37 0.365 20.884 1180.29
  38 0.375 20.07 1155.79
  39 0.385 19.814 1123.73
  40 0.395 20.5 1101.57
  41 0.405 21.484 1123.5
  42 0.415 21.772 1096.19
  43 0.425 21.888 1108.53
  44 0.435 21.778 1166.93
  45 0.445 21.744 1168.11
  46 0.455 21.49 1213.28
  47 0.465 21.372 1224.13
  48 0.475 21.078 1171.04
  49 0.485 20.35 1138.15
  50 0.495 19.856 1104.15
  51 0.505 19.6 1191.46
  52 0.515 20.076 1301.46
  53 0.525 20.744 1253.39
  54 0.535 21.236 1301.14
  55 0.545 21.574 1318.17
  56 0.555 21.548 1255.21
  57 0.565 21.86 1142.17
  58 0.575 21.892 1116.12
  59 0.585 21.776 1057.45
  60 0.595 21.424 1109.57
  61 0.605 20.388 1087.24
  62 0.615 19.418 1148.17
  63 0.625 20.396 1091.28
  64 0.635 20.938 1109.76
  65 0.645 21.578 1082.61
  66 0.655 21.98 1020.23
  67 0.665 21.952 1017.24
  68 0.675 21.632 1042.04
  69 0.685 21.646 1027.05
  70 0.695 21.586 962.245
  71 0.705 21.382 1003.27
  72 0.715 21.068 978.046
  73 0.725 20.324 995.332
  74 0.735 19.438 1008.52
  75 0.745 19.694 1010.07
  76 0.755 20.324 999.591
  77 0.765 21.126 1010.93
  78 0.775 21.196 1006.78
  79 0.785 21.514 991.469
  80 0.795 21.604 964.324
  81 0.805 21.83 1000.14
  82 0.815 21.814 1023.22
  83 0.825 21.924 1008.5
  84 0.835 21.834 940.265
  85 0.845 21.46 959.449
  86 0.855 20.372 1044.12
  87 0.865 19.978 967.04
  88 0.875 20.156 919.348
  89 0.885 20.722 929.478
  90 0.895 21.604 973.958
  91 0.905 21.82 970.65
  92 0.915 21.908 941.856
  93 0.925 21.89 978.41
  94 0.935 21.59 964.242
  95 0.945 21.748 928
  96 0.955 21.438 928.65
  97 0.965 21.43 916.76
  98 0.975 20.922 909.246
  99 0.985 20.32 884.631
  100 0.995 19.37 858.578
215000 100 2112
  1 0.005 20 804.166
  2 0.015 20.654 771.438
  3 0.025 21.138 806.539
  4 0.035 21.286 842.031
  5 0.045 21.56 840.164
  6 0.055 21.598 866.813
  7 0.065 21.834 888.662
  8 0.075 21.764 915.951
  9 0.085 21.944 901.248
  10 0.095 21.954 943.111
  11 0.105 21.592 913.79
  12 0.115 21.202 939.964
  13 0.125 19.982 992.677
  14 0.135 19.988 952.127
  15 0.145 20.28 955.642
  16 0.155 21.312 951.255
  17 0.165 21.726 950.912
  18 0.175 21.896 944.87
  19 0.185 21.936 947.656
  20 0.195 21.78 962.302
  21 0.205 21.586 959.479
  22 0.215 21.614 963.508
  23 0.225 21.518 934.755
  24 0.235 21.212 986.243
  25 0.245 20.544 944.457
  26 0.255 19.924 983.839
  27 0.265 19.794 952.218
  28 0.275 20.126 1004.63
  29 0.285 20.592 1065.25
  30 0.295 21.05 1100.45
  31 0.305 21.274 1175.32
  32 0.315 21.774 1155.71
  33 0.325 21.586 1177.99
  34 0.335 21.866 1216.69
  35 0.345 21.84 1161.63
  36 0.355 21.654 1169.13
  37 0.365 20.872 1197.2
  38 0.375 20.33 1172.28
  39 0.385 19.928 1214.78
  40 0.395 20.192 1225.93
  41 0.405 21.238 1277.19
  42 0.415 21.912 1204.44
  43 0.425 21.718 1168.79
  44 0.435 21.776 1252.19
  45 0.445 21.546 1183.13
  46 0.455 21.512 1162.41
  47 0.465 21.364 1165.61
  48 0.475 20.99 1097.12
  49 0.485 19.978 1148.14
  50 0.495 19.336 1136.63
  51 0.505 19.932 1162.02
  52 0.515 20.43 1159.36
  53 0.525 21.05 1129.51
  54 0.535 21.548 1124.42
  55 0.545 21.324 1172.11
  56 0.555 21.74 1155.52
  57 0.565 21.774 1111.34
  58 0.575 21.914 1088.89
  59 0.585 21.79 1094.82
  60 0.595 21.252 1099.62
  61 0.605 20.692 1091.58
  62 0.615 19.866 1120.24
  63 0.625 19.876 1121.07
  64 0.635 20.914 1125.21
  65 0.645 21.68 1085.14
  66 0.655 21.828 1112.41
  67 0.665 21.876 1085.85
  68 0.675 21.832 1070.26
  69 0.685 21.604 1118.55
  70 0.695 21.548 1093.92
  71 0.705 21.258 1093.8
  72 0.715 21.034 1060.34
  73 0.725 20.216 1054.52
  74 0.735 19.468 1047.4
  75 0.745 19.622 1036.99
  76 0.755 20.516 996.703
  77 0.765 21.006 1014.81
  78 0.775 21.344 971.425
  79 0.785 21.538 1003.46
  80 0.795 21.69 971.819
  81 0.805 21.748 969.049
  82 0.815 21.898 970.785
  83 0.825 21.736 927.605
  84 0.835 21.738 939.852
  85 0.845 20.932 944.628
  86 0.855 20.454 935.362
  87 0.865 20.222 917.467
  88 0.875 20.216 941.182
  89 0.885 21.084 934.818
  90 0.895 21.536 960.03
  91 0.905 21.932 952.849
  92 0.915 21.858 925.601
  93 0.925 21.784 942.261
  94 0.935 21.752 966.167
  95 0.945 21.574 1006.68
  96 0.955 21.448 1010.97
  97 0.965 21.16 961.411
  98 0.975 21.038 887.107
  99 0.985 19.922 837.194
  100 0.995 19.734 857.14
220000 100 2112
  1 0.005 19.866 796.019
  2 0.015 20.844 745.619
  3 0.025 21.114 802.883
  4 0.035 21.408 802.838
  5 0.045 21.49 830.606
  6 0.055 21.598 895.933
  7 0.065 21.72 910.505
  8 0.075 21.852 913.198
  9 0.085 21.914 915.857
  10 0.095 21.932 945.798
  11 0.105 21.556 995.877
  12 0.115 20.962 964.169
  13 0.125 20.312 931.767
  14 0.135 19.942 903.385
  15 0.145 20.292 924.444
  16 0.155 21.324 901.793
  17 0.165 21.626 921.877
  18 0.175 21.976 917.196
  19 0.185 21.914 900.488
  20 0.195 21.798 988.03
  21 0.205 21.674 1023.95
  22 0.215 21.544 988.407
  23 0.225 21.422 982.903
  24 0.235 21.34 976.997
  25 0.245 20.644 1016.42
  26 0.255 19.612 1023.69
  27 0.265 19.512 1018.75
  28 0.275 20.118 1057.41
  29 0.285 20.878 1077.46
  30 0.295 21.056 1013.72
  31 0.305 21.518 1076.92
  32 0.315 21.568 1066.12
  33 0.325 21.738 1089.75
  34 0.335 21.742 1098.27
  35 0.345 21.938 1107.14
  36 0.355 21.526 1162.82
  37 0.365 21.142 1162.56
  38 0.375 20.446 1188.47
  39 0.385 19.928 1255.96
  40 0.395 20.178 1205.33
  41 0.405 21.078 1163.87
  42 0.415 21.71 1244.13
  43 0.425 21.852 1224.43
  44 0.435 21.778 1223
  45 0.445 21.716 1204.43
  46 0.455 21.512 1174.87
  47 0.465 21.334 1156.3
  48 0.475 20.948 1189.24
  49 0.485 20.182 1168.1
  50 0.495 19.486 1149.48
  51 0.505 19.624 1210.74
  52 0.515 20.314 1176.11
  53 0.525 21.014 1157.8
  54 0.535 21.36 1099.42
  55 0.545 21.634 1163.12
  56 0.555 21.614 1152.11
  57 0.565 21.81 1164.48
  58 0.575 21.722 1191.91
  59 0.585 21.788 1158.65
  60 0.595 21.296 1133.08
  61 0.605 20.28 1125.72
  62 0.615 19.728 1058.33
  63 0.625 20.264 1094.25
  64 0.635 21.024 1065.71
  65 0.645 21.77 1067.19
  66 0.655 21.89 1077.81
  67 0.665 21.86 1098.04
  68 0.675 21.728 1121.42
  69 0.685 21.592 1123.61
  70 0.695 21.402 1155.85
  71 0.705 21.428 1154.96
  72 0.715 20.66 1166.27
  73 0.725 20.122 1086.06
  74 0.735 19.494 1044.51
  75 0.745 19.686 1044.13
  76 0.755 20.688 990.226
  77 0.765 21.146 1022.2
  78 0.775 21.538 993.812
  79 0.785 21.398 1018.81
  80 0.795 21.66 969.129
  81 0.805 21.848 919.966
  82 0.815 21.9 929.937
  83 0.825 21.894 1013.09
  84 0.835 21.456 991.912
  85 0.845 21.29 998.162
  86 0.855 20.618 984.156
  87 0.865 20.026 998.303
  88 0.875 20.218 950.076
  89 0.885 20.806 927.991
  90 0.895 21.684 911.764
  91 0.905 21.916 917.021
  92 0.915 21.84 978.123
  93 0.925 21.846 941.723
  94 0.935 21.626 919.707
  95 0.945 21.634 928.863
  96 0.955 21.586 884.197
  97 0.965 21.194 891.096
  98 0.975 20.826 894.114
  99 0.985 20.146 843.281
  100 0.995 19.552 823.269
225000 100 2112
  1 0.005 19.922 839.498
  2 0.015 20.392 826.041
  3 0.025 20.844 851.118
  4 0.035 21.162 873.315
  5 0.045 21.532 833.91
  6 0.055 21.592 850.197
  7 0.065 21.792 881.79
  8 0.075 21.676 896.652
  9 0.085 21.964 919.142
  10 0.095 21.958 886.614
  11 0.105 21.748 917.966
  12 0.115 20.952 942.514
  13 0.125 20.428 937.443
  14 0.135 19.678 902.101
  15 0.145 20.084 920.484
  16 0.155 21.336 907.742
  17 0.165 21.804 947.71
  18 0.175 21.892 978.329
  19 0.185 21.882 949.787
  20 0.195 21.736 971.116
  21 0.205 21.752 954.663
  22 0.215 21.476 985.113
  23 0.225 21.442 961.288
  24 0.235 21.252 967.019
  25 0.245 20.332 1007.58
  26 0.255 19.47 985.539
  27 0.265 19.792 995.118
  28 0.275 20.386 1063.03
  29 0.285 20.816 1038.86
  30 0.295 21.18 987.154
  31 0.305 21.434 1007.42
  32 0.315 21.678 1065.89
  33 0.325 21.722 1056.06
  34 0.335 21.828 1066.4
  35 0.345 21.836 1160.24
  36 0.355 21.526 1204.23
  37 0.365 20.988 1202.72
  38 0.375 19.894 1246.33
  39 0.385 20.27 1302.44
  40 0.395 20.324 1285.22
  41 0.405 21.296 1236.6
  42 0.415 21.732 1168.43
  43 0.425 21.844 1159.08
  44 0.435 21.76 1167.89
  45 0.445 21.714 1185.73
  46 0.455 21.508 1189.74
  47 0.465 21.344 1174.33
  48 0.475 21.01 1138.86
  49 0.485 20.132 1210.26
  50 0.495 19.272 1234.38
  51 0.505 19.66 1201.73
  52 0.515 20.482 1239.12
  53 0.525 20.976 1290.81
  54 0.535 21.414 1256.46
  55 0.545 21.434 1229.71
  56 0.555 21.748 1151.07
  57 0.565 21.83 1144.21
  58 0.575 21.876 1101.38
  59 0.585 21.714 1065.01
  60 0.595 21.152 1081.96
  61 0.605 20.568 1050.73
  62 0.615 19.852 1069.98
  63 0.625 19.998 1093.44
  64 0.635 21.1 1044.53
  65 0.645 21.704 1098.2
  66 0.655 21.874 1084.54
  67 0.665 21.812 1134.34
  68 0.675 21.796 1106.16
  69 0.685 21.644 1075.27
  70 0.695 21.36 1070.42
  71 0.705 21.398 1126.87
  72 0.715 21.012 1068.03
  73 0.725 20.06 1069.09
  74 0.735 19.37 1057.45
  75 0.745 19.832 1040.77
  76 0.755 20.514 1044.98
  77 0.765 21.168 1002.18
  78 0.775 21.212 1007.24
  79 0.785 21.634 1003.11
  80 0.795 21.65 1031.2
  81 0.805 21.782 1011.47
  82 0.815 21.852 1014.89
  83 0.825 21.904 1026.18
  84 0.835 21.576 1022.05
  85 0.845 20.898 1031.18
  86 0.855 20.268 1009.29
  87 0.865 20.192 962.871
  88 0.875 20.382 968.114
  89 0.885 21.192 917.607
  90 0.895 21.742 917.244
  91 0.905 21.738 916.37
  92 0.915 21.924 930.148
  93 0.925 21.804 924.423
  94 0.935 21.744 894.262
  95 0.945 21.742 849.928
  96 0.955 21.424 873.049
  97 0.965 21.3 906.165
  98 0.975 21.056 875.853
  99 0.985 20.446 847.945
  100 0.995 19.806 821.041
230000 100 2112
  1 0.005 19.584 831.687
  2 0.015 20.558 883.151
  3 0.025 21.078 875.308
  4 0.035 21.452 854.567
  5 0.045 21.41 901.883
  6 0.055 21.67 901.926
  7 0.065 21.706 895.729
  8 0.075 21.84 895.715
  9 0.085 21.948 888.042
  10 0.095 21.806 882.295
  11 0.105 21.696 913.078
  12 0.115 21.026 923.384
  13 0.125 20.092 960.604
  14 0.135 19.702 937.661
  15 0.145 20.378 922.392
  16 0.155 21.496 912.086
  17 0.165 21.82 953.09
  18 0.175 21.898 926.492
  19 0.185 21.918 919.885
  20 0.195 21.802 965.008
  21 0.205 21.566 961.992
  22 0.215 21.562 951.872
  23 0.225 21.568 992.116
  24 0.235 21.11 978.325
  25 0.245 20.462 1005.66
  26 0.255 19.474 1060.35
  27 0.265 19.472 1035.09
  28 0.275 20.318 1045.93
  29 0.285 20.774 1062.94
  30 0.295 21.416 1077.71
  31 0.305 21.552 1124.69
  32 0.315 21.55 1069.06
  33 0.325 21.716 1123.54
  34 0.335 21.9 1071.47
  35 0.345 21.864 1108.02
  36 0.355 21.46 1134.95
  37 0.365 21.06 1170.84
  38 0.375 19.998 1161.1
  39 0.385 19.944 1195.22
  40 0.395 20.392 1271.76
  41 0.405 21.38 1237.75
  42 0.415 21.768 1201.58
  43 0.425 21.882 1218.6
  44 0.435 21.682 1198.5
  45 0.445 21.71 1245.03
  46 0.455 21.472 1236.52
  47 0.465 21.358 1149.23
  48 0.475 20.736 1199.2
  49 0.485 20 1240.84
  50 0.495 19.53 1283.09
  51 0.505 19.546 1242.06
  52 0.515 20.628 1267.73
  53 0.525 21.06 1223.07
  54 0.535 21.342 1171.1
  55 0.545 21.572 1129.42
  56 0.555 21.814 1124.67
  57 0.565 21.772 1110.36
  58 0.575 21.912 1116.86
  59 0.585 21.7 1059.05
  60 0.595 21.228 1105.01
  61 0.605 20.516 1113.27
  62 0.615 19.692 1069.85
  63 0.625 20.096 1031.05
  64 0.635 21.232 1039
  65 0.645 21.566 1086.49
  66 0.655 21.956 1048.49
  67 0.665 21.856 1091.1
  68 0.675 21.75 1105.95
  69 0.685 21.576 1130.72
  70 0.695 21.618 1077.88
  71 0.705 21.446 988.436
  72 0.715 21.074 1033.77
  73 0.725 20.518 1028.83
  74 0.735 19.484 1037.17
  75 0.745 19.74 1014.98
  76 0.755 20.376 1013.35
  77 0.765 20.956 1042.72
  78 0.775 21.162 1076.22
  79 0.785 21.37 1056.72
  80 0.795 21.638 988.84
  81 0.805 21.686 989.363
  82 0.815 21.912 1003.71
  83 0.825 21.88 996.896
  84 0.835 21.674 1007.92
  85 0.845 21.244 1009.62
  86 0.855 20.636 986.383
  87 0.865 19.938 943.153
  88 0.875 20.068 928.583
  89 0.885 21.04 893.547
  90 0.895 21.476 909.685
  91 0.905 21.876 897.555
  92 0.915 21.904 893.466
  93 0.925 21.92 859.076
  94 0.935 21.656 863.905
  95 0.945 21.612 904.533
  96 0.955 21.454 927.604
  97 0.965 21.494 916.48
  98 0.975 21.036 952.229
  99 0.985 20.226 864.932
  100 0.995 19.516 889.681
235000 100 2112
  1 0.005 19.428 896.833
  2 0.015 20.496 778.721
  3 0.025 21.156 858.117
  4 0.035 21.454 856.15
  5 0.045 21.42 872.588
  6 0.055 21.616 913.38
  7 0.065 21.634 877.719
  8 0.075 21.932 924.044
  9 0.085 21.896 978.977
  10 0.095 21.908 910.334
  11 0.105 21.468 957.11
  12 0.115 21.164 934.329
  13 0.125 19.86 972.707
  14 0.135 20.06 930.21
  15 0.145 20.348 930.857
  16 0.155 21.462 915.231
  17 0.165 21.704 854.649
  18 0.175 21.902 920.863
  19 0.185 21.922 889.091
  20 0.195 21.688 911.469
  21 0.205 21.78 973.973
  22 0.215 21.408 1033.69
  23 0.225 21.456 1063.27
  24 0.235 21.172 1046.95
  25 0.245 20.242 1017.26
  26 0.255 19.632 1005.75
  27 0.265 19.4 1022.76
  28 0.275 20.526 999.385
  29 0.285 21.048 1044.21
  30 0.295 21.224 1096.31
  31 0.305 21.508 1116.53
  32 0.315 21.674 1118.32
  33 0.325 21.622 1175.94
  34 0.335 21.916 1174.69
  35 0.345 21.816 1110.37
  36 0.355 21.56 1109.85
  37 0.365 21.01 1139.25
  38 0.375 20.068 1165.58
  39 0.385 19.712 1195.43
  40 0.395 20.498 1178.76
  41 0.405 21.412 1151.78
  42 0.415 21.788 1174.81
  43 0.425 21.796 1193.64
  44 0.435 21.844 1212.98
  45 0.445 21.574 1225.83
  46 0.455 21.336 1268.9
  47 0.465 21.348 1288.96
  48 0.475 20.828 1198.82
  49 0.485 19.874 1258.14
  50 0.495 19.408 1250.57
  51 0.505 19.734 1213.12
  52 0.515 20.516 1170.44
  53 0.525 21.328 1157.23
  54 0.535 21.418 1194.84
  55 0.545 21.58 1142.41
  56 0.555 21.702 1108.42
  57 0.565 21.83 1125.16
  58 0.575 21.868 1124.55
  59 0.585 21.732 1121.69
  60 0.595 21.304 1083.98
  61 0.605 20.36 1072.21
  62 0.615 20.028 1039.04
  63 0.625 20.208 1048.57
  64 0.635 20.846 1036.21
  65 0.645 21.59 986.359
  66 0.655 21.912 982.281
  67 0.665 21.912 998.447
  68 0.675 21.76 1086.42
  69 0.685 21.69 1028.18
  70 0.695 21.534 1057.54
  71 0.705 21.304 1052.27
  72 0.715 21.244 1034.3
  73 0.725 20.22 1073.67
  74 0.735 19.666 1058.5
  75 0.745 19.52 1057.18
  76 0.755 20.356 1046.39
  77 0.765 20.932 1022.39
  78 0.775 21.28 1025.28
  79 0.785 21.616 1070.58
  80 0.795 21.464 1100.82
  81 0.805 21.804 1020.25
  82 0.815 21.874 997.314
  83 0.825 21.862 990.239
  84 0.835 21.772 1021.12
  85 0.845 21.224 998.387
  86 0.855 20.48 968.552
  87 0.865 20.162 943.37
  88 0.875 19.99 936.591
  89 0.885 20.77 931.739
  90 0.895 21.668 905.53
  91 0.905 21.952 913.065
  92 0.915 21.908 939.592
  93 0.925 21.776 891.841
  94 0.935 21.878 863.744
  95 0.945 21.54 891.675
  96 0.955 21.484 923.132
  97 0.965 21.422 902.223
  98 0.975 21.306 903.213
  99 0.985 20.178 930.063
  100 0.995 19.498 927.275
240000 100 2112
  1 0.005 19.582 946.085
  2 0.015 20.456 930.038
  3 0.025 21.268 865.386
  4 0.035 21.596 874.679
  5 0.045 21.438 873.923
  6 0.055 21.64 906.807
  7 0.065 21.588 870.913
  8 0.075 21.968 903.498
  9 0.085 21.902 936.384
  10 0.095 21.848 930.132
  11 0.105 21.358 935.766
  12 0.115 20.9 986.92
  13 0.125 20.296 987.721
  14 0.135 19.958 972.862
  15 0.145 20.52 940.836
  16 0.155 21.388 945.824
  17 0.165 21.694 923.315
  18 0.175 21.916 921.173
  19 0.185 21.888 911.507
  20 0.195 21.84 944.177
  21 0.205 21.51 910.623
  22 0.215 21.458 1026.99
  23 0.225 21.566 961.301
  24 0.235 20.932 953.609
  25 0.245 20.348 986.421
  26 0.255 19.692 987.492
  27 0.265 19.496 1028.96
  28 0.275 20.492 1043.52
  29 0.285 20.896 1071.62
  30 0.295 21.286 1103.73
  31 0.305 21.516 1131.09
  32 0.315 21.694 1161.21
  33 0.325 21.662 1212.21
  34 0.335 21.808 1143.79
  35 0.345 21.884 1114.34
  36 0.355 21.546 1053.36
  37 0.365 21.1 1080.08
  38 0.375 19.99 1057.1
  39 0.385 19.812 1096.21
  40 0.395 20.534 1106.5
  41 0.405 21.306 1201.13
  42 0.415 21.73 1250.28
  43 0.425 21.95 1244.11
  44 0.435 21.838 1202.34
  45 0.445 21.678 1191.28
  46 0.455 21.45 1265.32
  47 0.465 21.194 1231.96
  48 0.475 21.196 1222.92
  49 0.485 20.052 1214.8
  50 0.495 19.662 1255.05
  51 0.505 19.624 1146.33
  52 0.515 20.232 1217.25
  53 0.525 20.932 1135.64
  54 0.535 21.46 1159.53
  55 0.545 21.576 1191.91
  56 0.555 21.47 1121.93
  57 0.565 21.922 1090.27
  58 0.575 21.89 1093.21
  59 0.585 21.77 1140.76
  60 0.595 21.434 1083.5
  61 0.605 20.316 1107.35
  62 0.615 19.896 1089
  63 0.625 20.152 1046.56
  64 0.635 20.972 1047.54
  65 0.645 21.578 1066.34
  66 0.655 21.828 1093.51
  67 0.665 21.838 1080.25
  68 0.675 21.788 1065
  69 0.685 21.6 1098.22
  70 0.695 21.544 1079.02
  71 0.705 21.334 1101.41
  72 0.715 21.168 1057.67
  73 0.725 20.23 1014.29
  74 0.735 19.608 1043.17
  75 0.745 19.646 1036.07
  76 0.755 20.33 1012.68
  77 0.765 21.004 971.617
  78 0.775 21.276 972.849
  79 0.785 21.58 981.626
  80 0.795 21.626 1015.84
  81 0.805 21.634 1022.7
  82 0.815 21.928 972.827
  83 0.825 21.87 940.517
  84 0.835 21.778 939.261
  85 0.845 21.366 1002.43
  86 0.855 20.536 949.537
  87 0.865 19.924 953.574
  88 0.875 20.082 964.474
  89 0.885 20.762 956.276
  90 0.895 21.746 993.869
  91 0.905 21.82 957.819
  92 0.915 21.812 948.161
  93 0.925 21.89 932.372
  94 0.935 21.72 918.655
  95 0.945 21.492 961.176
  96 0.955 21.55 940.441
  97 0.965 21.392 912.247
  98 0.975 21.076 867.045
  99 0.985 20.304 866.621
  100 0.995 19.372 931.236
245000 100 2112
  1 0.005 19.688 946.937
  2 0.015 20.474 905.699
  3 0.025 21.09 954.721
  4 0.035 21.438 931.159
  5 0.045 21.522 896.424
  6 0.055 21.76 944.07
  7 0.065 21.63 901.795
  8 0.075 21.874 893.145
  9 0.085 21.958 939.917
  10 0.095 21.778 899.656
  11 0.105 21.394 970.015
  12 0.115 20.832 974.468
  13 0.125 20.118 973.165
  14 0.135 20.22 917.04
  15 0.145 20.578 915.749
  16 0.155 21.364 922.405
  17 0.165 21.746 944.975
  18 0.175 21.866 951.986
  19 0.185 21.882 924.26
  20 0.195 21.768 958.406
  21 0.205 21.65 986.057
  22 0.215 21.566 1009.95
  23 0.225 21.42 979.561
  24 0.235 21.092 999.463
  25 0.245 20.316 1034.97
  26 0.255 19.938 952.818
  27 0.265 19.888 1016.96
  28 0.275 20.424 995.926
  29 0.285 20.666 1043.06
  30 0.295 21.116 1078.01
  31 0.305 21.396 1132.99
  32 0.315 21.506 1114.65
  33 0.325 21.714 1106.84
  34 0.335 21.826 1076.12
  35 0.345 21.88 1096.33
  36 0.355 21.572 1154.89
  37 0.365 20.934 1131.49
  38 0.375 20.344 1117.56
  39 0.385 19.72 1151
  40 0.395 20.448 1116.28
  41 0.405 21.222 1143.5
  42 0.415 21.796 1182.42
  43 0.425 21.872 1202.71
  44 0.435 21.762 1211.24
  45 0.445 21.674 1155.61
  46 0.455 21.492 1146.81
  47 0.465 21.376 1172.58
  48 0.475 20.908 1173.87
  49 0.485 20.012 1239.42
  50 0.495 19.384 1165.77
  51 0.505 19.814 1175.28
  52 0.515 20.256 1214.92
  53 0.525 21.146 1148.41
  54 0.535 21.346 1203.78
  55 0.545 21.608 1153.2
  56 0.555 21.692 1157.5
  57 0.565 21.75 1095.2
  58 0.575 21.828 1078.25
  59 0.585 21.79 1102.17
  60 0.595 21.106 1125.84
  61 0.605 20.514 1132.42
  62 0.615 20.12 1121.07
  63 0.625 20.386 1088.8
  64 0.635 20.81 1101.54
  65 0.645 21.442 1074.81
  66 0.655 21.858 1064.01
  67 0.665 21.888 1102.07
  68 0.675 21.682 1128.9
  69 0.685 21.684 1108.73
  70 0.695 21.492 1091.35
  71 0.705 21.378 1046.67
  72 0.715 20.9 1026.52
  73 0.725 20.206 1007.18
  74 0.735 19.612 1024.6
  75 0.745 19.878 983.451
  76 0.755 20.342 978.646
  77 0.765 21.11 932.354
  78 0.775 21.274 936.817
  79 0.785 21.45 944.096
  80 0.795 21.61 1004.65
  81 0.805 21.82 1001.83
  82 0.815 21.756 1003.2
  83 0.825 21.914 954.81
  84 0.835 21.666 940.789
  85 0.845 21.456 951.515
  86 0.855 20.424 983.661
  87 0.865 19.996 978.261
  88 0.875 20.042 1000.85
  89 0.885 20.91 1004.61
  90 0.895 21.68 965.102
  91 0.905 21.838 1037.55
  92 0.915 21.96 982.095
  93 0.925 21.83 948.34
  94 0.935 21.684 948.376
  95 0.945 21.6 917.134
  96 0.955 21.562 916.039
  97 0.965 21.352 888.16
  98 0.975 21.078 894.215
  99 0.985 20.078 927.282
  100 0.995 19.488 957.921
250000 100 2112.0000000000005
  1 0.005 19.812 929.785
  2 0.015 20.544 911.79
  3 0.025 20.998 918.067
  4 0.035 21.494 867.22
  5 0.045 21.492 894.744
  6 0.055 21.592 849.911
  7 0.065 21.79 861.333
  8 0.075 21.786 941.255
  9 0.085 21.876 975.175
  10 0.095 21.858 923.843
  11 0.105 21.466 903.09
  12 0.115 20.908 931.217
  13 0.125 20.528 931.18
  14 0.135 20.178 909.126
  15 0.145 20.464 939.077
  16 0.155 20.888 1013.77
  17 0.165 21.77 991.859
  18 0.175 21.834 1046.56
  19 0.185 21.876 1030.3
  20 0.195 21.784 981.4
  21 0.205 21.61 994.694
  22 0.215 21.58 987.516
  23 0.225 21.38 986.844
  24 0.235 20.922 989.381
  25 0.245 20.198 987.542
  26 0.255 19.592 1005
  27 0.265 19.87 1009.43
  28 0.275 20.302 956.951
  29 0.285 21.12 972.79
  30 0.295 21.148 1050.91
  31 0.305 21.534 1042.76
  32 0.315 21.69 1093.7
  33 0.325 21.748 1147.9
  34 0.335 21.818 1134.25
  35 0.345 21.726 1183.05
  36 0.355 21.54 1163.15
  37 0.365 20.72 1101.43
  38 0.375 20.038 1160.47
  39 0.385 19.952 1128.47
  40 0.395 20.53 1127.25
  41 0.405 21.542 1105.82
  42 0.415 21.846 1093.75
  43 0.425 21.886 1127.32
  44 0.435 21.83 1139.63
  45 0.445 21.662 1101.01
  46 0.455 21.55 1163.35
  47 0.465 21.328 1220.11
  48 0.475 20.964 1171.35
  49 0.485 20.244 1176.64
  50 0.495 19.432 1189.07
  51 0.505 19.682 1220.13
  52 0.515 20.19 1223.87
  53 0.525 21.078 1234.03
  54 0.535 21.256 1168.84
  55 0.545 21.554 1162.68
  56 0.555 21.622 1146.57
  57 0.565 21.85 1161.8
  58 0.575 21.912 1136.48
  59 0.585 21.778 1157.98
  60 0.595 21.098 1094.75
  61 0.605 20.506 1073.6
  62 0.615 19.884 1024.18
  63 0.625 20.172 1002.17
  64 0.635 21.228 1014.66
  65 0.645 21.516 1036.93
  66 0.655 21.69 1073.86
  67 0.665 21.894 1129.83
  68 0.675 21.73 1109.99
  69 0.685 21.552 1144.38
  70 0.695 21.694 1089.75
  71 0.705 21.226 1100.45
  72 0.715 20.9 1065.45
  73 0.725 20.07 1031.89
  74 0.735 19.884 979.161
  75 0.745 19.85 1029.88
  76 0.755 20.564 1022.82
  77 0.765 21.118 1005.14
  78 0.775 21.168 979.066
  79 0.785 21.382 961.064
  80 0.795 21.642 1005.18
  81 0.805 21.764 1002.67
  82 0.815 21.814 1006.78
  83 0.825 21.876 979.933
  84 0.835 21.604 1000.35
  85 0.845 21.716 923.619
  86 0.855 20.432 926.625
  87 0.865 20.228 919.484
  88 0.875 19.78 960.611
  89 0.885 20.874 933.574
  90 0.895 21.39 938.552
  91 0.905 21.984 968.108
  92 0.915 21.904 1018.62
  93 0.925 21.846 1006.93
  94 0.935 21.626 930.32
  95 0.945 21.544 1013.55
  96 0.955 21.63 975.941
  97 0.965 21.428 972.551
  98 0.975 20.902 974.17
  99 0.985 19.898 950.158
  100 0.995 19.83 934.012
255000 100 2112
  1 0.005 19.566 897.638
  2 0.015 20.48 874.537
  3 0.025 20.868 888.303
  4 0.035 21.494 885.627
  5 0.045 21.504 919.217
  6 0.055 21.542 865.186
  7 0.065 21.792 893.72
  8 0.075 21.792 896.832
  9 0.085 21.986 914.14
  10 0.095 21.806 942.864
  11 0.105 21.614 924.992
  12 0.115 20.748 933.63
  13 0.125 20.064 925.916
  14 0.135 20.066 906.472
  15 0.145 20.72 922.609
  16 0.155 21.276 971.151
  17 0.165 21.678 1028.26
  18 0.175 21.844 1057.2
  19 0.185 21.814 1050.07
  20 0.195 21.712 1022.27
  21 0.205 21.608 1011.86
  22 0.215 21.44 1031.37
  23 0.225 21.37 1024.67
  24 0.235 20.766 1040.23
  25 0.245 19.85 1069.57
  26 0.255 19.632 1063.32
  27 0.265 20.178 1017.66
  28 0.275 20.77 958.875
  29 0.285 21.094 1036.24
  30 0.295 21.152 1052.58
  31 0.305 21.532 1011.63
  32 0.315 21.638 1040.23
  33 0.325 21.77 1088.75
  34 0.335 21.874 1083.08
  35 0.345 21.764 1111.85
  36 0.355 21.502 1143.32
  37 0.365 20.816 1172.65
  38 0.375 20.074 1206.45
  39 0.385 19.814 1180.63
  40 0.395 20.446 1214.17
  41 0.405 21.652 1137.93
  42 0.415 21.8 1119.77
  43 0.425 21.832 1114.2
  44 0.435 21.722 1097.78
  45 0.445 21.804 1070.82
  46 0.455 21.464 1124.89
  47 0.465 21.428 1126.86
  48 0.475 21.006 1107.31
  49 0.485 20.314 1135.25
  50 0.495 19.674 1110.17
  51 0.505 19.606 1200.25
  52 0.515 20.048 1228.61
  53 0.525 21.11 1251.39
  54 0.535 21.166 1263.26
  55 0.545 21.668 1262.14
  56 0.555 21.542 1291.39
  57 0.565 21.862 1204.16
  58 0.575 21.708 1220.86
  59 0.585 21.758 1081.31
  60 0.595 21.438 1035.36
  61 0.605 20.466 1121.42
  62 0.615 20.058 1119.4
  63 0.625 20.178 1051.82
  64 0.635 20.938 1018.75
  65 0.645 21.4 1028.8
  66 0.655 21.776 1057.55
  67 0.665 21.84 990.638
  68 0.675 21.81 1059.8
  69 0.685 21.652 1058.87
  70 0.695 21.49 1052.85
  71 0.705 21.47 1017.57
  72 0.715 20.948 1026.56
  73 0.725 20.1 1057.47
  74 0.735 19.636 1014.86
  75 0.745 19.936 1007.59
  76 0.755 20.464 938.676
  77 0.765 20.904 977.846
  78 0.775 21.246 972.575
  79 0.785 21.46 973.125
  80 0.795 21.596 979.309
  81 0.805 21.81 960.547
  82 0.815 21.808 977.052
  83 0.825 21.916 1039.2
  84 0.835 21.658 1043.55
  85 0.845 21.338 1021.99
  86 0.855 20.73 1036.19
  87 0.865 19.842 967.775
  88 0.875 20.198 979.201
  89 0.885 20.606 962.28
  90 0.895 21.718 940.983
  91 0.905 21.87 929.049
  92 0.915 21.938 954.583
  93 0.925 21.82 975.514
  94 0.935 21.862 915.844
  95 0.945 21.446 956.107
  96 0.955 21.61 937.37
  97 0.965 21.422 926.409
  98 0.975 21.02 931.536
  99 0.985 20.04 970.327
  100 0.995 19.922 964.3
260000 100 2112
  1 0.005 19.774 883.658
  2 0.015 20.52 891.641
  3 0.025 21.18 871.341
  4 0.035 21.354 901.196
  5 0.045 21.592 918.479
  6 0.055 21.576 900.586
  7 0.065 21.786 891.01
  8 0.075 21.876 905.947
  9 0.085 21.904 943.549
  10 0.095 21.708 948.479
  11 0.105 21.338 1007.33
  12 0.115 20.81 952.741
  13 0.125 20.17 987.023
  14 0.135 20.264 961.715
  15 0.145 20.522 937.731
  16 0.155 21.368 958.888
  17 0.165 21.778 961.389
  18 0.175 21.966 953.472
  19 0.185 21.826 978.316
  20 0.195 21.772 1016.99
  21 0.205 21.514 1064.73
  22 0.215 21.45 1125.93
  23 0.225 21.372 1094.01
  24 0.235 20.692 1048.52
  25 0.245 19.868 1040.32
  26 0.255 19.706 984.472
  27 0.265 20.154 972.217
  28 0.275 20.49 1013.24
  29 0.285 21.198 1022.58
  30 0.295 21.336 1016.46
  31 0.305 21.372 1091.16
  32 0.315 21.716 1093.7
  33 0.325 21.81 1111.76
  34 0.335 21.748 1075.76
  35 0.345 21.892 1103.12
  36 0.355 21.458 1091.32
  37 0.365 20.8 1116.83
  38 0.375 19.944 1100.09
  39 0.385 19.75 1140.75
  40 0.395 20.744 1132.13
  41 0.405 21.568 1115.68
  42 0.415 21.838 1125.31
  43 0.425 21.856 1121.43
  44 0.435 21.85 1090.69
  45 0.445 21.604 1031.34
  46 0.455 21.556 1160.05
  47 0.465 21.53 1153.89
  48 0.475 20.692 1170.13
  49 0.485 20.21 1262.83
  50 0.495 19.574 1276.44
  51 0.505 19.604 1229.23
  52 0.515 20.312 1264.47
  53 0.525 20.912 1303.09
  54 0.535 21.558 1243.93
  55 0.545 21.33 1245.38
  56 0.555 21.72 1198.81
  57 0.565 21.842 1087.96
  58 0.575 21.85 1148.82
  59 0.585 21.686 1143.83
  60 0.595 21.242 1108.65
  61 0.605 20.324 1096.32
  62 0.615 20.372 1034.81
  63 0.625 19.962 1076.7
  64 0.635 21.08 1042.65
  65 0.645 21.486 1049.29
  66 0.655 21.846 1005.86
  67 0.665 21.842 1022.65
  68 0.675 21.804 995.908
  69 0.685 21.606 1022.05
  70 0.695 21.666 960.012
  71 0.705 21.486 993.035
  72 0.715 21.228 952.781
  73 0.725 20.54 994.588
  74 0.735 19.884 1024.54
  75 0.745 19.9 979.742
  76 0.755 20.352 997.608
  77 0.765 20.692 1039.97
  78 0.775 20.85 1050.65
  79 0.785 21.332 1037.47
  80 0.795 21.56 1062.31
  81 0.805 21.636 1033.8
  82 0.815 21.878 1050.15
  83 0.825 21.8 1079.26
  84 0.835 21.686 995.994
  85 0.845 21.364 968.42
  86 0.855 20.896 928.077
  87 0.865 20.026 941.774
  88 0.875 19.922 937.932
  89 0.885 20.54 930.148
  90 0.895 21.668 883.654
  91 0.905 21.846 894.678
  92 0.915 21.914 951.01
  93 0.925 21.918 946.356
  94 0.935 21.742 935.738
  95 0.945 21.57 967.462
  96 0.955 21.454 982.997
  97 0.965 21.466 951.367
  98 0.975 20.954 997.842
  99 0.985 19.974 964.62
  100 0.995 19.502 935.395
265000 100 2111.9999999999995
  1 0.005 19.544 968.474
  2 0.015 20.434 951.525
  3 0.025 21.044 1040.65
  4 0.035 21.472 998.061
  5 0.045 21.532 956.479
  6 0.055 21.522 919.974
  7 0.065 21.844 882.445
  8 0.075 21.79 902.973
  9 0.085 21.926 941.687
  10 0.095 21.818 923.348
  11 0.105 21.3 909.334
  12 0.115 20.818 929.822
  13 0.125 19.994 966.974
  14 0.135 20.052 1002.57
  15 0.145 20.822 986.805
  16 0.155 21.45 894.755
  17 0.165 21.758 938.714
  18 0.175 21.914 920.633
  19 0.185 21.87 954.303
  20 0.195 21.724 1024.78
  21 0.205 21.59 1022.33
  22 0.215 21.466 1075.95
  23 0.225 21.212 1123.27
  24 0.235 20.994 1052.79
  25 0.245 20.044 1054.49
  26 0.255 19.556 1012.8
  27 0.265 19.836 1001.65
  28 0.275 20.646 973.649
  29 0.285 20.964 1049.95
  30 0.295 21.36 1054.01
  31 0.305 21.64 1079.9
  32 0.315 21.576 1039.03
  33 0.325 21.778 1105.23
  34 0.335 21.916 1125
  35 0.345 21.842 1095.87
  36 0.355 21.684 1060.91
  37 0.365 20.76 1113.02
  38 0.375 19.922 1086.4
  39 0.385 19.728 1098.93
  40 0.395 20.65 1074.73
  41 0.405 21.45 1085.76
  42 0.415 21.834 1126.46
  43 0.425 21.942 1161.01
  44 0.435 21.764 1113.2
  45 0.445 21.672 1176.11
  46 0.455 21.548 1229.27
  47 0.465 21.28 1229.31
  48 0.475 20.998 1235.08
  49 0.485 20.232 1187.74
  50 0.495 19.55 1197.75
  51 0.505 19.542 1205.67
  52 0.515 20.346 1226.67
  53 0.525 20.946 1288.53
  54 0.535 21.376 1218.86
  55 0.545 21.54 1181.1
  56 0.555 21.708 1136.62
  57 0.565 21.69 1093.69
  58 0.575 21.926 1010.81
  59 0.585 21.686 1077.33
  60 0.595 21.29 1072.07
  61 0.605 20.806 1022.06
  62 0.615 20.082 1040.76
  63 0.625 20.082 1038.93
  64 0.635 20.592 1017.27
  65 0.645 21.584 1085.78
  66 0.655 21.798 1111.76
  67 0.665 21.882 1076.57
  68 0.675 21.852 1010.42
  69 0.685 21.568 1052.28
  70 0.695 21.56 1008.53
  71 0.705 21.59 1040.41
  72 0.715 21.26 996.569
  73 0.725 20.408 1025.64
  74 0.735 19.64 1059.35
  75 0.745 19.524 1046.09
  76 0.755 20.102 1040.93
  77 0.765 20.762 1024.09
  78 0.775 21.346 1001.06
  79 0.785 21.492 992.254
  80 0.795 21.614 1088.34
  81 0.805 21.848 1058.36
  82 0.815 21.71 1090.31
  83 0.825 21.894 1040.91
  84 0.835 21.814 1005.61
  85 0.845 21.284 1051.91
  86 0.855 20.672 971.447
  87 0.865 19.804 952.91
  88 0.875 20.034 975.869
  89 0.885 20.764 901.583
  90 0.895 21.752 928.253
  91 0.905 21.918 945.422
  92 0.915 21.902 951.105
  93 0.925 21.806 939.525
  94 0.935 21.704 905.12
  95 0.945 21.706 876.132
  96 0.955 21.46 924.25
  97 0.965 21.572 914.912
  98 0.975 20.99 926.702
  99 0.985 20.276 937.425
  100 0.995 19.434 940.342
270000 100 2112
  1 0.005 19.748 968.975
  2 0.015 20.31 927.546
  3 0.025 21.082 969.108
  4 0.035 21.276 987.991
  5 0.045 21.59 954.899
  6 0.055 21.684 942.942
  7 0.065 21.65 957.189
  8 0.075 21.92 932.663
  9 0.085 21.876 905.052
  10 0.095 21.93 853.701
  11 0.105 21.436 925.578
  12 0.115 20.964 937.282
  13 0.125 20.258 966.116
  14 0.135 19.724 961.202
  15 0.145 20.576 952.072
  16 0.155 21.358 962.146
  17 0.165 21.818 941.41
  18 0.175 21.88 959.51
  19 0.185 21.832 1014.87
  20 0.195 21.726 1017.88
  21 0.205 21.646 1032.81
  22 0.215 21.446 1059.46
  23 0.225 21.416 1109.7
  24 0.235 20.988 1036.52
  25 0.245 20.306 1041.89
  26 0.255 19.518 1031.47
  27 0.265 19.608 979.732
  28 0.275 20.468 1024.3
  29 0.285 20.988 1059.1
  30 0.295 21.358 1074.82
  31 0.305 21.518 1160.68
  32 0.315 21.57 1107.43
  33 0.325 21.792 1005.89
  34 0.335 21.974 1014.62
  35 0.345 21.802 1090.69
  36 0.355 21.718 1115.28
  37 0.365 20.96 1079.52
  38 0.375 20.152 1102.47
  39 0.385 19.636 1151.96
  40 0.395 20.514 1061.7
  41 0.405 21.366 1101.07
  42 0.415 21.756 1126.73
  43 0.425 21.826 1169.19
  44 0.435 21.816 1167.83
  45 0.445 21.662 1149.54
  46 0.455 21.546 1125.5
  47 0.465 21.442 1158
  48 0.475 21.058 1148.85
  49 0.485 20.216 1200.62
  50 0.495 19.564 1213.42
  51 0.505 19.466 1210.64
  52 0.515 20.192 1215.29
  53 0.525 21.002 1251.94
  54 0.535 21.378 1226.16
  55 0.545 21.506 1214.86
  56 0.555 21.57 1165.2
  57 0.565 21.87 1096.27
  58 0.575 21.854 1109.6
  59 0.585 21.81 1042.81
  60 0.595 21.424 1021.93
  61 0.605 20.556 1048.66
  62 0.615 20.086 1043.29
  63 0.625 19.95 1093.6
  64 0.635 20.752 1074.36
  65 0.645 21.482 1117.06
  66 0.655 21.886 1036.7
  67 0.665 21.858 1093.21
  68 0.675 21.782 1060.44
  69 0.685 21.652 1040.43
  70 0.695 21.63 1067.26
  71 0.705 21.274 1109.02
  72 0.715 21.04 1100.88
  73 0.725 20.22 1082.47
  74 0.735 19.85 1030.83
  75 0.745 19.442 1026.26
  76 0.755 20.312 1014.4
  77 0.765 20.966 1026.62
  78 0.775 21.382 1031.41
  79 0.785 21.48 1021.69
  80 0.795 21.602 1007.48
  81 0.805 21.778 1041.02
  82 0.815 21.914 1018.41
  83 0.825 21.822 1073.4
  84 0.835 21.758 1010.53
  85 0.845 21.184 1017.08
  86 0.855 20.58 1023.52
  87 0.865 19.488 1005.2
  88 0.875 20.364 978.214
  89 0.885 21.044 967.125
  90 0.895 21.658 931.207
  91 0.905 21.946 926.343
  92 0.915 21.92 906.973
  93 0.925 21.882 873.566
  94 0.935 21.656 878.063
  95 0.945 21.658 885.874
  96 0.955 21.476 863.215
  97 0.965 21.508 868.703
  98 0.975 21.148 911.429
  99 0.985 20.078 942.374
  100 0.995 19.596 954.775
275000 100 2112
  1 0.005 19.72 907.047
  2 0.015 20.268 958.458
  3 0.025 21.024 957.3
  4 0.035 21.322 972.983
  5 0.045 21.544 974.327
  6 0.055 21.624 918.783
  7 0.065 21.722 923.977
  8 0.075 21.898 929.079
  9 0.085 21.816 924.826
  10 0.095 21.826 908.643
  11 0.105 21.51 925.571
  12 0.115 21.046 943.052
  13 0.125 20.214 963.907
  14 0.135 20.096 1022.56
  15 0.145 20.422 985.248
  16 0.155 21.112 997.697
  17 0.165 21.792 1078.81
  18 0.175 21.912 1033.36
  19 0.185 21.942 969.295
  20 0.195 21.662 1036.4
  21 0.205 21.72 1037.84
  22 0.215 21.498 1021.37
  23 0.225 21.422 997.651
  24 0.235 20.97 1021.78
  25 0.245 20.306 1022.98
  26 0.255 19.492 1087.16
  27 0.265 19.474 1077.49
  28 0.275 20.332 1014.26
  29 0.285 21.06 1027.84
  30 0.295 21.47 991.947
  31 0.305 21.444 955.114
  32 0.315 21.634 1000.9
  33 0.325 21.842 1046.05
  34 0.335 21.854 1137.36
  35 0.345 21.858 1128.56
  36 0.355 21.62 1075.36
  37 0.365 20.94 1075.13
  38 0.375 20.092 1053.07
  39 0.385 19.712 1041.57
  40 0.395 20.55 1087.81
  41 0.405 21.364 1117.51
  42 0.415 21.77 1186.38
  43 0.425 21.874 1182.61
  44 0.435 21.834 1198.94
  45 0.445 21.514 1178.54
  46 0.455 21.626 1149.73
  47 0.465 21.272 1139.29
  48 0.475 20.998 1121.08
  49 0.485 20.276 1134.05
  50 0.495 19.404 1134.06
  51 0.505 19.754 1242.01
  52 0.515 20.186 1236.12
  53 0.525 21.07 1177.4
  54 0.535 21.412 1196.2
  55 0.545 21.438 1166.13
  56 0.555 21.722 1167.63
  57 0.565 21.804 1152.06
  58 0.575 21.772 1148
  59 0.585 21.858 1112.77
  60 0.595 21.218 1025.14
  61 0.605 20.518 1058.79
  62 0.615 19.852 1071.59
  63 0.625 20.244 1069.4
  64 0.635 20.942 1055.33
  65 0.645 21.588 1032.91
  66 0.655 21.8 1012.57
  67 0.665 21.896 1067.81
  68 0.675 21.806 1057.26
  69 0.685 21.652 1053.85
  70 0.695 21.49 1092.89
  71 0.705 21.474 1051.89
  72 0.715 21.166 1060.15
  73 0.725 20.396 1034.65
  74 0.735 19.634 1097.27
  75 0.745 19.42 1127.79
  76 0.755 20.128 1114.94
  77 0.765 20.984 1099.28
  78 0.775 21.35 1067.9
  79 0.785 21.534 1015.33
  80 0.795 21.658 999.231
  81 0.805 21.702 1001.06
  82 0.815 21.816 987.874
  83 0.825 21.964 970.067
  84 0.835 21.794 981.095
  85 0.845 21.224 1016.88
  86 0.855 20.8 989.443
  87 0.865 19.902 983.315
  88 0.875 19.728 954.809
  89 0.885 21.088 984.962
  90 0.895 21.576 967.477
  91 0.905 21.908 935.823
  92 0.915 21.832 942.557
  93 0.925 21.898 968.519
  94 0.935 21.732 931.658
  95 0.945 21.482 959.882
  96 0.955 21.632 930.503
  97 0.965 21.442 964.211
  98 0.975 21.036 891.761
  99 0.985 20.324 911.901
  100 0.995 19.66 880.571
280000 100 2112
  1 0.005 19.798 938.726
  2 0.015 20.168 928.014
  3 0.025 20.708 942.974
  4 0.035 21.374 891.469
  5 0.045 21.534 903.65
  6 0.055 21.494 978.778
  7 0.065 21.712 963.118
  8 0.075 21.89 978.56
  9 0.085 21.926 951.859
  10 0.095 21.842 948.338
  11 0.105 21.424 953.655
  12 0.115 20.848 972.33
  13 0.125 19.97 1031.2
  14 0.135 20.034 1075.8
  15 0.145 20.636 1079.42
  16 0.155 21.412 1059.05
  17 0.165 21.802 1000.16
  18 0.175 21.926 962.383
  19 0.185 21.776 1002.86
  20 0.195 21.806 977.124
  21 0.205 21.536 1005.47
  22 0.215 21.47 999.354
  23 0.225 21.418 980.533
  24 0.235 20.882 979.67
  25 0.245 19.864 1028.86
  26 0.255 19.36 993.494
  27 0.265 19.624 995.661
  28 0.275 20.784 938.959
  29 0.285 21.222 983.37
  30 0.295 21.558 965.085
  31 0.305 21.43 968.552
  32 0.315 21.76 994.731
  33 0.325 21.708 997.931
  34 0.335 21.926 1001.41
  35 0.345 21.95 1070.11
  36 0.355 21.42 1155.71
  37 0.365 20.81 1167.73
  38 0.375 19.77 1172.72
  39 0.385 20.072 1175.23
  40 0.395 20.524 1114.17
  41 0.405 21.516 1096.11
  42 0.415 21.888 1124.99
  43 0.425 21.864 1153.61
  44 0.435 21.74 1127.43
  45 0.445 21.666 1127.57
  46 0.455 21.55 1097.51
  47 0.465 21.342 1100.52
  48 0.475 20.97 1096.02
  49 0.485 20.138 1146.95
  50 0.495 19.644 1123.1
  51 0.505 19.63 1180.42
  52 0.515 20.43 1237.58
  53 0.525 20.866 1235.77
  54 0.535 21.318 1254.98
  55 0.545 21.53 1182.35
  56 0.555 21.596 1194.56
  57 0.565 21.842 1140.96
  58 0.575 21.878 1168.08
  59 0.585 21.85 1163.48
  60 0.595 21.158 1111.98
  61 0.605 20.68 1123.73
  62 0.615 19.82 1135.37
  63 0.625 20.25 1118.56
  64 0.635 20.76 1043.07
  65 0.645 21.616 1048.65
  66 0.655 21.812 1065.43
  67 0.665 21.896 1014.83
  68 0.675 21.894 975.82
  69 0.685 21.622 1027.95
  70 0.695 21.494 1011.1
  71 0.705 21.472 1044.28
  72 0.715 21.202 1061.33
  73 0.725 20.77 1012.9
  74 0.735 19.672 1023.44
  75 0.745 19.316 1031.83
  76 0.755 19.976 1088.81
  77 0.765 20.912 1109.31
  78 0.775 21.24 1052.3
  79 0.785 21.568 1107.84
  80 0.795 21.518 1102.8
  81 0.805 21.716 1039.38
  82 0.815 21.932 975.258
  83 0.825 21.868 965.483
  84 0.835 21.858 942.412
  85 0.845 21.568 973.163
  86 0.855 20.866 1013.5
  87 0.865 19.73 1063.59
  88 0.875 19.818 1057.4
  89 0.885 20.96 1007.16
  90 0.895 21.382 1007.15
  91 0.905 21.836 949.469
  92 0.915 21.776 977.512
  93 0.925 21.98 959.069
  94 0.935 21.738 904.785
  95 0.945 21.514 906.077
  96 0.955 21.692 894.795
  97 0.965 21.322 911.524
  98 0.975 21.102 943.71
  99 0.985 20.362 924.77
  100 0.995 19.906 946.086
285000 100 2111.9999999999995
  1 0.005 19.784 962.424
  2 0.015 20.39 940.375
  3 0.025 20.968 881.885
  4 0.035 21.57 837.305
  5 0.045 21.398 900.084
  6 0.055 21.848 826.931
  7 0.065 21.67 911.945
  8 0.075 21.814 916.476
  9 0.085 21.88 951.399
  10 0.095 21.902 968.832
  11 0.105 21.528 1012.39
  12 0.115 20.68 1026.74
  13 0.125 20.076 1041.63
  14 0.135 19.75 1053.91
  15 0.145 20.674 1031.1
  16 0.155 21.536 996.997
  17 0.165 21.856 1010.97
  18 0.175 21.896 1045.33
  19 0.185 21.824 1042.09
  20 0.195 21.762 1008.96
  21 0.205 21.532 1013.43
  22 0.215 21.462 1007.85
  23 0.225 21.338 992.11
  24 0.235 20.958 955.865
  25 0.245 19.968 960.53
  26 0.255 19.252 945.797
  27 0.265 19.758 934.51
  28 0.275 20.792 949.279
  29 0.285 21.108 997.017
  30 0.295 21.648 986.204
  31 0.305 21.44 1041.6
  32 0.315 21.67 1047.33
  33 0.325 21.8 1027.23
  34 0.335 21.862 1040.34
  35 0.345 21.862 1083.28
  36 0.355 21.57 1087.98
  37 0.365 20.898 1124.32
  38 0.375 19.97 1145.92
  39 0.385 19.938 1110.22
  40 0.395 20.544 1118.55
  41 0.405 21.34 1146.66
  42 0.415 21.814 1164
  43 0.425 21.828 1159.81
  44 0.435 21.886 1162.04
  45 0.445 21.686 1166.83
  46 0.455 21.594 1146.22
  47 0.465 21.358 1103.46
  48 0.475 21.144 1128.73
  49 0.485 20.396 1193.43
  50 0.495 19.528 1184.79
  51 0.505 19.538 1234.4
  52 0.515 20.09 1253.71
  53 0.525 20.888 1226.68
  54 0.535 21.346 1176.62
  55 0.545 21.418 1098.05
  56 0.555 21.71 1081.88
  57 0.565 21.748 1129.83
  58 0.575 21.934 1119.94
  59 0.585 21.728 1125.27
  60 0.595 21.576 1116.77
  61 0.605 20.79 1066.5
  62 0.615 19.678 1086.54
  63 0.625 20.142 1134.17
  64 0.635 20.646 1168.92
  65 0.645 21.468 1144.66
  66 0.655 21.818 1130.81
  67 0.665 21.902 1056.2
  68 0.675 21.776 1106.42
  69 0.685 21.654 1102.02
  70 0.695 21.51 1056.11
  71 0.705 21.534 1079.78
  72 0.715 21.17 1089.6
  73 0.725 20.338 1136.33
  74 0.735 19.512 1108.21
  75 0.745 19.432 1113.26
  76 0.755 20.15 1070.45
  77 0.765 21.126 994.627
  78 0.775 21.346 1049.29
  79 0.785 21.488 948.279
  80 0.795 21.714 993.293
  81 0.805 21.636 1035.68
  82 0.815 21.904 984.662
  83 0.825 21.884 956.815
  84 0.835 21.89 950.844
  85 0.845 21.324 933.355
  86 0.855 20.758 990.028
  87 0.865 19.756 1029.86
  88 0.875 20.25 1015.65
  89 0.885 20.72 949.58
  90 0.895 21.468 951.248
  91 0.905 21.84 994.748
  92 0.915 21.894 968.137
  93 0.925 21.892 943.454
  94 0.935 21.736 900.233
  95 0.945 21.494 937.163
  96 0.955 21.574 919.825
  97 0.965 21.372 972.371
  98 0.975 20.872 931.246
  99 0.985 20.236 966.576
  100 0.995 19.58 929.236
290000 100 2112
  1 0.005 19.816 942.408
  2 0.015 20.356 934.167
  3 0.025 20.982 901.829
  4 0.035 21.484 901.525
  5 0.045 21.544 868.391
  6 0.055 21.646 847.9
  7 0.065 21.72 859.467
  8 0.075 21.812 922.285
  9 0.085 21.996 938.4
  10 0.095 21.786 973.326
  11 0.105 21.42 1023.14
  12 0.115 20.802 968.656
  13 0.125 19.904 948.854
  14 0.135 20.056 1000.19
  15 0.145 20.744 1019.1
  16 0.155 21.432 983.277
  17 0.165 21.802 1013.56
  18 0.175 21.884 1034.43
  19 0.185 21.866 1082.4
  20 0.195 21.752 984.472
  21 0.205 21.662 1018.78
  22 0.215 21.472 961.915
  23 0.225 21.396 1026.18
  24 0.235 20.986 1071.22
  25 0.245 20.198 1053.81
  26 0.255 19.26 1033.34
  27 0.265 19.876 1054.78
  28 0.275 20.104 1121.06
  29 0.285 21.338 1109.38
  30 0.295 21.354 1092.57
  31 0.305 21.692 1037.27
  32 0.315 21.606 1086.48
  33 0.325 21.688 1062.57
  34 0.335 21.944 1004.57
  35 0.345 21.898 1002.75
  36 0.355 21.684 1019.44
  37 0.365 21.132 950.2
  38 0.375 20.004 1008.84
  39 0.385 19.838 996.829
  40 0.395 20.32 1041.11
  41 0.405 21.288 1074.8
  42 0.415 21.802 1096.7
  43 0.425 21.87 1137.55
  44 0.435 21.818 1120.77
  45 0.445 21.726 1121.72
  46 0.455 21.654 1144.54
  47 0.465 21.448 1138.16
  48 0.475 21.116 1214.98
  49 0.485 20.522 1234.87
  50 0.495 19.488 1264.1
  51 0.505 19.41 1325.3
  52 0.515 20.004 1245.05
  53 0.525 20.796 1209.27
  54 0.535 21.394 1184.44
  55 0.545 21.494 1152
  56 0.555 21.686 1151.53
  57 0.565 21.778 1211.13
  58 0.575 21.818 1179.58
  59 0.585 21.828 1156.19
  60 0.595 21.64 1125.49
  61 0.605 20.702 1203.63
  62 0.615 19.968 1159.25
  63 0.625 19.94 1191.22
  64 0.635 20.506 1188.53
  65 0.645 21.484 1172.13
  66 0.655 21.852 1129.65
  67 0.665 21.848 1118.82
  68 0.675 21.702 1163.43
  69 0.685 21.626 1084.24
  70 0.695 21.632 1069.91
  71 0.705 21.376 1058.94
  72 0.715 21.164 1068.67
  73 0.725 20.318 1087.49
  74 0.735 19.468 1037.26
  75 0.745 19.422 1016.98
  76 0.755 20.356 1006.94
  77 0.765 20.934 1036.18
  78 0.775 21.444 1030.82
  79 0.785 21.564 941.812
  80 0.795 21.576 1009.3
  81 0.805 21.774 1013.15
  82 0.815 21.834 1012.28
  83 0.825 21.97 1018.86
  84 0.835 21.718 1006.19
  85 0.845 21.198 984.537
  86 0.855 20.166 980.069
  87 0.865 19.824 937.315
  88 0.875 20.258 886.671
  89 0.885 21.27 882.717
  90 0.895 21.666 930.554
  91 0.905 21.924 933.425
  92 0.915 21.872 917.121
  93 0.925 21.806 962.752
  94 0.935 21.75 926.779
  95 0.945 21.58 916.222
  96 0.955 21.472 959.848
  97 0.965 21.476 925.724
  98 0.975 21.022 867.912
  99 0.985 20.146 888.014
  100 0.995 19.556 935.956
295000 100 2112
  1 0.005 19.652 961.938
  2 0.015 20.398 888.361
  3 0.025 21.194 888.141
  4 0.035 21.546 871.161
  5 0.045 21.518 862.199
  6 0.055 21.586 905.365
  7 0.065 21.798 930.83
  8 0.075 21.768 927.879
  9 0.085 21.964 917.251
  10 0.095 21.996 937.175
  11 0.105 21.482 989.687
  12 0.115 21.146 916.813
  13 0.125 20.096 1007.35
  14 0.135 19.812 1001.95
  15 0.145 20.438 999.479
  16 0.155 21.316 1036.51
  17 0.165 21.714 1037.01
  18 0.175 21.936 987.467
  19 0.185 21.834 1007.37
  20 0.195 21.73 1045.48
  21 0.205 21.688 1047.47
  22 0.215 21.47 1044.07
  23 0.225 21.472 1058.88
  24 0.235 20.9 1102.05
  25 0.245 20.14 1092.1
  26 0.255 19.364 1054.99
  27 0.265 19.65 1034.41
  28 0.275 20.53 1054.16
  29 0.285 21.01 1048.98
  30 0.295 21.458 1076.57
  31 0.305 21.614 1036.58
  32 0.315 21.6 1048.68
  33 0.325 21.712 1077.04
  34 0.335 21.97 1040.95
  35 0.345 21.828 1054.63
  36 0.355 21.704 1034.04
  37 0.365 20.95 1060
  38 0.375 19.938 1071.6
  39 0.385 20.034 1046.82
  40 0.395 20.456 1033.09
  41 0.405 21.214 1081.44
  42 0.415 21.854 1050.33
  43 0.425 21.894 1072.71
  44 0.435 21.856 1069.49
  45 0.445 21.718 1177.46
  46 0.455 21.482 1183.77
  47 0.465 21.536 1126.68
  48 0.475 21.252 1147.61
  49 0.485 20.622 1247.88
  50 0.495 19.76 1176.82
  51 0.505 19.36 1249.66
  52 0.515 19.802 1265.96
  53 0.525 20.638 1219.61
  54 0.535 21.39 1225.05
  55 0.545 21.386 1267.62
  56 0.555 21.656 1248.95
  57 0.565 21.734 1236.59
  58 0.575 21.968 1178.82
  59 0.585 21.692 1139.53
  60 0.595 21.264 1222.45
  61 0.605 20.598 1164.07
  62 0.615 19.838 1174.2
  63 0.625 20.096 1089.58
  64 0.635 20.916 1170.58
  65 0.645 21.534 1194.47
  66 0.655 21.9 1116.43
  67 0.665 21.86 1119.2
  68 0.675 21.72 1024.78
  69 0.685 21.586 1037.38
  70 0.695 21.59 1045.13
  71 0.705 21.388 1066.66
  72 0.715 21.044 1097.87
  73 0.725 20.174 1065.75
  74 0.735 19.54 1036.85
  75 0.745 19.488 1079.73
  76 0.755 20.394 1012.03
  77 0.765 20.988 1002.61
  78 0.775 21.496 983.14
  79 0.785 21.584 967.791
  80 0.795 21.626 979.34
  81 0.805 21.704 978.374
  82 0.815 21.962 987.164
  83 0.825 21.868 984.411
  84 0.835 21.836 914.273
  85 0.845 21.434 959.493
  86 0.855 20.32 944.737
  87 0.865 19.78 959.756
  88 0.875 20.054 947.189
  89 0.885 21.024 949.487
  90 0.895 21.64 981.355
  91 0.905 21.884 977.89
  92 0.915 21.934 989.229
  93 0.925 21.854 976.602
  94 0.935 21.664 903.616
  95 0.945 21.548 873.189
  96 0.955 21.56 908.95
  97 0.965 21.432 924.393
  98 0.975 20.966 904.349
  99 0.985 20.016 896.796
  100 0.995 19.67 930.829
300000 100 2111.9999999999995
  1 0.005 19.616 918.272
  2 0.015 20.382 882.537
  3 0.025 21.036 935.409
  4 0.035 21.38 914.715
  5 0.045 21.492 921.275
  6 0.055 21.558 896.998
  7 0.065 21.818 922.174
  8 0.075 21.892 936.014
  9 0.085 21.818 910.407
  10 0.095 21.854 925.957
  11 0.105 21.734 923.403
  12 0.115 20.862 920.904
  13 0.125 20.35 920.466
  14 0.135 19.838 974.592
  15 0.145 20.348 989.314
  16 0.155 21.318 963.421
  17 0.165 21.798 982.876
  18 0.175 21.842 987.575
  19 0.185 21.84 1027.38
  20 0.195 21.838 989.901
  21 0.205 21.578 1027.15
  22 0.215 21.62 1016.87
  23 0.225 21.384 1002.35
  24 0.235 21.228 1048.11
  25 0.245 20.348 1063.49
  26 0.255 19.616 1056.89
  27 0.265 19.516 1051.41
  28 0.275 20.278 1041.08
  29 0.285 20.804 1104.06
  30 0.295 21.412 1060.62
  31 0.305 21.4 1090.58
  32 0.315 21.564 1133.53
  33 0.325 21.818 1115.74
  34 0.335 21.874 1129.5
  35 0.345 21.884 1064.53
  36 0.355 21.53 1087.38
  37 0.365 20.822 1143.51
  38 0.375 19.938 1147.63
  39 0.385 20.084 1050.81
  40 0.395 20.478 1053.86
  41 0.405 21.4 1102.5
  42 0.415 21.802 1100.89
  43 0.425 21.798 1167.17
  44 0.435 21.838 1116.27
  45 0.445 21.674 1112.29
  46 0.455 21.528 1113.99
  47 0.465 21.452 1133.4
  48 0.475 20.806 1212.43
  49 0.485 20.276 1232.16
  50 0.495 19.486 1203.44
  51 0.505 19.576 1204.65
  52 0.515 20.342 1204.5
  53 0.525 21.06 1153.52
  54 0.535 21.358 1199.61
  55 0.545 21.446 1217.67
  56 0.555 21.648 1236.03
  57 0.565 21.888 1200.74
  58 0.575 21.804 1152.06
  59 0.585 21.824 1126.96
  60 0.595 21.456 1166.17
  61 0.605 20.588 1212.23
  62 0.615 19.678 1265.52
  63 0.625 19.77 1253.91
  64 0.635 21.298 1200.64
  65 0.645 21.426 1223.26
  66 0.655 21.87 1140.05
  67 0.665 21.892 1023.75
  68 0.675 21.692 1055.26
  69 0.685 21.606 1001.49
  70 0.695 21.542 1042.54
  71 0.705 21.376 1084.39
  72 0.715 20.788 1070.06
  73 0.725 20.2 1038.63
  74 0.735 19.318 1023.5
  75 0.745 19.788 1017.82
  76 0.755 20.448 1038.77
  77 0.765 21.242 1033.35
  78 0.775 21.37 977.771
  79 0.785 21.638 964.908
  80 0.795 21.596 977.709
  81 0.805 21.796 952.562
  82 0.815 21.848 944.895
  83 0.825 21.934 936.768
  84 0.835 21.82 910.308
  85 0.845 21.442 938.143
  86 0.855 20.468 942.337
  87 0.865 20.042 955.505
  88 0.875 20.112 930.082
  89 0.885 20.808 1030.25
  90 0.895 21.638 980.2
  91 0.905 21.666 1001.7
  92 0.915 21.9 919.015
  93 0.925 21.938 905.549
  94 0.935 21.642 915.131
  95 0.945 21.548 942.885
  96 0.955 21.638 908.874
  97 0.965 21.426 924.724
  98 0.975 21.002 957.897
  99 0.985 20.35 930.472
  100 0.995 19.604 928.976
305000 100 2112
  1 0.005 19.802 857.054
  2 0.015 20.098 894.318
  3 0.025 20.872 874.107
  4 0.035 21.384 848.255
  5 0.045 21.376 842.44
  6 0.055 21.708 907.951
  7 0.065 21.664 955.961
  8 0.075 21.86 948.19
  9 0.085 21.854 945.357
  10 0.095 21.74 956.702
  11 0.105 21.774 961.599
  12 0.115 21.022 961.736
  13 0.125 20.342 941.351
  14 0.135 19.546 1007.36
  15 0.145 20.504 1006.51
  16 0.155 21.264 974.213
  17 0.165 21.746 983.786
  18 0.175 21.866 1003.64
  19 0.185 21.974 1046.54
  20 0.195 21.76 1011.38
  21 0.205 21.466 938.058
  22 0.215 21.646 953.324
  23 0.225 21.242 1011.06
  24 0.235 20.84 1069.06
  25 0.245 20.066 1047.67
  26 0.255 19.702 1018.82
  27 0.265 19.956 986.476
  28 0.275 20.424 960.59
  29 0.285 20.976 1019.18
  30 0.295 21.358 1041.72
  31 0.305 21.494 1093.02
  32 0.315 21.578 1159.48
  33 0.325 21.832 1113.76
  34 0.335 21.834 1096.59
  35 0.345 21.89 1041.83
  36 0.355 21.38 1068.37
  37 0.365 20.812 1076.43
  38 0.375 20.018 1074.15
  39 0.385 20.118 1080.8
  40 0.395 20.694 1120.83
  41 0.405 21.336 1161.83
  42 0.415 21.764 1058.93
  43 0.425 21.886 1119.55
  44 0.435 21.778 1145.8
  45 0.445 21.612 1136.76
  46 0.455 21.608 1094.07
  47 0.465 21.348 1121.88
  48 0.475 21.014 1177.14
  49 0.485 20.42 1199.5
  50 0.495 19.84 1175.69
  51 0.505 19.6 1191.6
  52 0.515 20.038 1233.94
  53 0.525 20.838 1208.17
  54 0.535 21.256 1155.99
  55 0.545 21.484 1169.61
  56 0.555 21.598 1163.55
  57 0.565 21.856 1147.88
  58 0.575 21.854 1176.41
  59 0.585 21.848 1251.16
  60 0.595 21.178 1279.94
  61 0.605 20.44 1217.9
  62 0.615 19.952 1251.7
  63 0.625 19.882 1195.83
  64 0.635 21.19 1124.12
  65 0.645 21.618 1149.56
  66 0.655 21.752 1184.71
  67 0.665 21.84 1120.4
  68 0.675 21.746 1138.13
  69 0.685 21.634 1118.75
  70 0.695 21.578 1092.36
  71 0.705 21.378 1055.25
  72 0.715 20.91 1106.9
  73 0.725 20.322 1021.55
  74 0.735 19.47 1030.74
  75 0.745 19.76 1080.15
  76 0.755 20.382 1061.01
  77 0.765 21.03 1052.25
  78 0.775 21.306 1017.29
  79 0.785 21.6 966.228
  80 0.795 21.582 1032.15
  81 0.805 21.708 1012.46
  82 0.815 21.94 977.016
  83 0.825 21.872 989.81
  84 0.835 21.706 1008.04
  85 0.845 21.264 1020.39
  86 0.855 20.618 953.893
  87 0.865 19.94 915.483
  88 0.875 20.106 937.725
  89 0.885 20.838 910.428
  90 0.895 21.708 921.803
  91 0.905 21.878 933.179
  92 0.915 21.816 984.642
  93 0.925 21.784 985.313
  94 0.935 21.838 937.387
  95 0.945 21.604 907.094
  96 0.955 21.604 910.639
  97 0.965 21.382 936.421
  98 0.975 20.948 882.866
  99 0.985 20.578 873.635
  100 0.995 19.858 900.254
310000 100 2112
  1 0.005 19.752 938.382
  2 0.015 20.278 889.323
  3 0.025 21.056 836.649
  4 0.035 21.458 836.518
  5 0.045 21.494 812.074
  6 0.055 21.624 858.702
  7 0.065 21.734 868.163
  8 0.075 21.87 922.339
  9 0.085 21.916 947.101
  10 0.095 21.868 962.993
  11 0.105 21.544 986.615
  12 0.115 20.678 1001.29
  13 0.125 20.15 1014.91
  14 0.135 20.012 990.721
  15 0.145 20.61 1028.84
  16 0.155 21.312 1044.27
  17 0.165 21.812 999.665
  18 0.175 21.92 980.612
  19 0.185 21.754 1004.46
  20 0.195 21.804 922.416
  21 0.205 21.57 967.614
  22 0.215 21.548 1011.96
  23 0.225 21.37 1026.67
  24 0.235 21.012 1024.86
  25 0.245 20.076 1083.14
  26 0.255 19.638 1046.21
  27 0.265 19.822 1084.01
  28 0.275 20.348 1052.91
  29 0.285 21.1 1055.47
  30 0.295 21.24 1037.84
  31 0.305 21.554 1050.58
  32 0.315 21.654 1055.9
  33 0.325 21.738 1085.51
  34 0.335 21.846 1094.75
  35 0.345 21.836 1100.97
  36 0.355 21.654 1058.58
  37 0.365 21.038 1078.18
  38 0.375 20.102 1067.72
  39 0.385 19.844 1083.37
  40 0.395 20.372 1128.4
  41 0.405 21.326 1118.48
  42 0.415 21.822 1107.07
  43 0.425 21.836 1089.02
  44 0.435 21.814 1112.13
  45 0.445 21.67 1161.36
  46 0.455 21.522 1199.6
  47 0.465 21.288 1183.03
  48 0.475 20.944 1250.44
  49 0.485 20.22 1224.95
  50 0.495 19.592 1257.61
  51 0.505 19.688 1235.38
  52 0.515 20.342 1219.35
  53 0.525 20.978 1227.57
  54 0.535 21.264 1204.75
  55 0.545 21.604 1180.96
  56 0.555 21.652 1213.17
  57 0.565 21.726 1149.3
  58 0.575 21.894 1167.09
  59 0.585 21.734 1181.96
  60 0.595 21.254 1167.76
  61 0.605 20.804 1152.78
  62 0.615 19.644 1175.35
  63 0.625 20.17 1176.88
  64 0.635 20.884 1136.53
  65 0.645 21.616 1168.1
  66 0.655 21.794 1199.18
  67 0.665 21.892 1141.33
  68 0.675 21.788 1137.7
  69 0.685 21.574 1140.2
  70 0.695 21.584 1088.32
  71 0.705 21.402 1089.46
  72 0.715 20.916 1112.16
  73 0.725 20.23 1068.66
  74 0.735 19.766 1067.81
  75 0.745 19.768 980.766
  76 0.755 20.234 1012.77
  77 0.765 20.974 1010.06
  78 0.775 21.284 1045.66
  79 0.785 21.522 991.169
  80 0.795 21.618 995.043
  81 0.805 21.746 983.732
  82 0.815 21.784 997.466
  83 0.825 21.87 990.073
  84 0.835 21.848 948.841
  85 0.845 21.362 965.713
  86 0.855 20.646 972.06
  87 0.865 19.888 973.659
  88 0.875 20.19 924.504
  89 0.885 20.922 898.81
  90 0.895 21.282 918.382
  91 0.905 21.956 892.96
  92 0.915 21.926 883.195
  93 0.925 21.78 935.629
  94 0.935 21.766 980.472
  95 0.945 21.636 987.543
  96 0.955 21.38 974.79
  97 0.965 21.5 913.758
  98 0.975 21.03 875.954
  99 0.985 20.042 847.803
  100 0.995 19.804 892.088
315000 100 2112
  1 0.005 20.152 898.245
  2 0.015 20.492 842.186
  3 0.025 21.006 870.4
  4 0.035 21.3 848.435
  5 0.045 21.51 892.177
  6 0.055 21.584 857.254
  7 0.065 21.718 896.663
  8 0.075 21.892 899.268
  9 0.085 21.94 938.473
  10 0.095 21.876 979.721
  11 0.105 21.606 1013.61
  12 0.115 20.924 1015.22
  13 0.125 20.154 1037.48
  14 0.135 19.594 1040.06
  15 0.145 20.634 1000.19
  16 0.155 21.348 1001.15
  17 0.165 21.776 1002.12
  18 0.175 21.986 979.118
  19 0.185 21.816 968.347
  20 0.195 21.77 972.45
  21 0.205 21.56 949.552
  22 0.215 21.612 949.524
  23 0.225 21.426 959.838
  24 0.235 21.034 995.302
  25 0.245 20.28 1011.39
  26 0.255 19.504 1075.48
  27 0.265 19.65 1091.15
  28 0.275 20.47 1066.07
  29 0.285 20.826 1123.69
  30 0.295 21.304 1096.54
  31 0.305 21.57 1089.26
  32 0.315 21.74 1047.38
  33 0.325 21.664 1066.69
  34 0.335 21.81 1140.53
  35 0.345 21.832 1148.78
  36 0.355 21.464 1182.41
  37 0.365 20.826 1119.69
  38 0.375 20.352 1119.02
  39 0.385 20.188 1097.22
  40 0.395 20.434 1137.11
  41 0.405 21.226 1087.26
  42 0.415 21.64 1071.82
  43 0.425 21.952 1142.99
  44 0.435 21.756 1160.15
  45 0.445 21.62 1135.02
  46 0.455 21.646 1137.51
  47 0.465 21.318 1169.35
  48 0.475 21.066 1226.53
  49 0.485 20.406 1197
  50 0.495 19.778 1199.06
  51 0.505 19.488 1206.75
  52 0.515 20.166 1235.72
  53 0.525 20.782 1296.35
  54 0.535 21.222 1252.5
  55 0.545 21.502 1147.12
  56 0.555 21.75 1151.52
  57 0.565 21.756 1199.94
  58 0.575 21.852 1151.19
  59 0.585 21.798 1092.61
  60 0.595 21.46 1085.9
  61 0.605 20.816 1090.91
  62 0.615 19.736 1170.07
  63 0.625 20.132 1202.18
  64 0.635 20.6 1199.52
  65 0.645 21.586 1169.98
  66 0.655 21.828 1132.56
  67 0.665 21.846 1111.79
  68 0.675 21.738 1153.94
  69 0.685 21.57 1160.18
  70 0.695 21.61 1100.64
  71 0.705 21.33 1115.01
  72 0.715 20.824 1189.67
  73 0.725 20.102 1128.52
  74 0.735 19.538 1070.46
  75 0.745 20.032 1002.92
  76 0.755 20.406 1003.63
  77 0.765 21.06 957.829
  78 0.775 21.16 1029.34
  79 0.785 21.692 1014.43
  80 0.795 21.56 1002.08
  81 0.805 21.762 949.864
  82 0.815 21.884 946.568
  83 0.825 21.804 977.444
  84 0.835 21.706 937.961
  85 0.845 21.432 914.099
  86 0.855 20.692 936.504
  87 0.865 20.12 929.43
  88 0.875 19.886 966.562
  89 0.885 20.994 1015.04
  90 0.895 21.47 935.794
  91 0.905 21.786 890.793
  92 0.915 21.928 904.477
  93 0.925 21.842 970.968
  94 0.935 21.62 959.014
  95 0.945 21.552 902.118
  96 0.955 21.6 899.218
  97 0.965 21.212 907.303
  98 0.975 20.752 913.513
  99 0.985 20.152 859.567
  100 0.995 19.832 887.325
320000 100 2112
  1 0.005 19.892 864.953
  2 0.015 20.394 885.214
  3 0.025 20.94 909.935
  4 0.035 21.31 923.507
  5 0.045 21.452 920.003
  6 0.055 21.608 931.19
  7 0.065 21.644 935.1
  8 0.075 21.87 934.275
  9 0.085 21.926 929.817
  10 0.095 21.844 983.17
  11 0.105 21.73 960.357
  12 0.115 21.046 949.682
  13 0.125 19.948 956.622
  14 0.135 19.692 958.924
  15 0.145 20.608 974.356
  16 0.155 21.45 994.733
  17 0.165 21.636 964.187
  18 0.175 21.962 932.772
  19 0.185 21.86 965.598
  20 0.195 21.706 991.854
  21 0.205 21.666 976.296
  22 0.215 21.498 953.211
  23 0.225 21.434 1031.52
  24 0.235 21.194 1005.59
  25 0.245 20.232 1023.6
  26 0.255 19.866 1036.13
  27 0.265 19.582 1064.6
  28 0.275 20.42 1084.72
  29 0.285 20.648 1037.7
  30 0.295 21.368 1055.97
  31 0.305 21.538 1117.43
  32 0.315 21.57 1115.01
  33 0.325 21.774 1138.57
  34 0.335 21.738 1176.93
  35 0.345 21.854 1201.47
  36 0.355 21.498 1174.14
  37 0.365 21.13 1162.88
  38 0.375 20.282 1095.87
  39 0.385 19.916 1123.42
  40 0.395 20.54 1108.88
  41 0.405 21.056 1090.85
  42 0.415 21.752 1073.35
  43 0.425 21.84 1133.82
  44 0.435 21.698 1160.07
  45 0.445 21.678 1136.12
  46 0.455 21.702 1097.91
  47 0.465 21.336 1159.4
  48 0.475 20.902 1250.93
  49 0.485 20.368 1241.67
  50 0.495 20.008 1199.19
  51 0.505 19.638 1293.37
  52 0.515 20.192 1280.36
  53 0.525 20.804 1252.12
  54 0.535 20.998 1222.03
  55 0.545 21.49 1163.57
  56 0.555 21.696 1187.53
  57 0.565 21.802 1158.01
  58 0.575 21.798 1085.93
  59 0.585 21.872 1143.71
  60 0.595 21.362 1144.32
  61 0.605 20.518 1182.87
  62 0.615 19.574 1213.77
  63 0.625 20.1 1179
  64 0.635 20.894 1176.55
  65 0.645 21.698 1163.37
  66 0.655 21.892 1076.05
  67 0.665 21.896 1018.94
  68 0.675 21.64 1037.64
  69 0.685 21.652 1023.37
  70 0.695 21.538 1051.51
  71 0.705 21.274 1094.51
  72 0.715 20.61 1124.62
  73 0.725 19.852 1097.79
  74 0.735 19.778 1051.53
  75 0.745 19.942 1036.92
  76 0.755 20.636 1077.81
  77 0.765 20.972 1023.49
  78 0.775 21.454 986.166
  79 0.785 21.456 985.762
  80 0.795 21.85 943.961
  81 0.805 21.716 1016.17
  82 0.815 21.822 969.428
  83 0.825 21.85 971.755
  84 0.835 21.456 965.4
  85 0.845 21.174 962.709
  86 0.855 20.416 971.069
  87 0.865 20.186 942.27
  88 0.875 20.496 929.756
  89 0.885 20.782 936.725
  90 0.895 21.656 911.245
  91 0.905 21.962 934.786
  92 0.915 21.868 948.914
  93 0.925 21.742 974.167
  94 0.935 21.76 970.017
  95 0.945 21.556 962.562
  96 0.955 21.7 880.139
  97 0.965 21.232 899.509
  98 0.975 20.87 895.394
  99 0.985 20.374 895.444
  100 0.995 19.898 881.597
325000 100 2112
  1 0.005 19.848 890.802
  2 0.015 20.502 900.068
  3 0.025 21.096 869.073
  4 0.035 21.488 901.96
  5 0.045 21.398 872.201
  6 0.055 21.718 863.711
  7 0.065 21.716 891.295
  8 0.075 21.89 923.571
  9 0.085 21.902 924.788
  10 0.095 21.958 923.635
  11 0.105 21.512 964.483
  12 0.115 21.03 925.137
  13 0.125 20.12 933.958
  14 0.135 20.134 947.252
  15 0.145 20.35 949.16
  16 0.155 21.34 961.406
  17 0.165 21.64 947.776
  18 0.175 21.85 1009.46
  19 0.185 21.784 990.484
  20 0.195 21.712 956.268
  21 0.205 21.732 948.373
  22 0.215 21.552 953.388
  23 0.225 21.422 1004.76
  24 0.235 20.874 999.928
  25 0.245 20.64 1003.86
  26 0.255 20.3 989.171
  27 0.265 19.866 1022.57
  28 0.275 19.874 1067.72
  29 0.285 20.598 1092.23
  30 0.295 21.216 1116.7
  31 0.305 21.458 1122.38
  32 0.315 21.63 1128.08
  33 0.325 21.662 1100.38
  34 0.335 21.794 1121.01
  35 0.345 21.78 1156.74
  36 0.355 21.558 1145.68
  37 0.365 21.02 1130.2
  38 0.375 20.196 1133.81
  39 0.385 20.066 1106.23
  40 0.395 20.368 1120.27
  41 0.405 21.276 1118.66
  42 0.415 21.644 1102.04
  43 0.425 21.886 1171.4
  44 0.435 21.764 1149.16
  45 0.445 21.662 1153.8
  46 0.455 21.52 1149.26
  47 0.465 21.434 1173.79
  48 0.475 20.842 1253.38
  49 0.485 20.202 1261.51
  50 0.495 19.764 1213.04
  51 0.505 19.808 1235.34
  52 0.515 20.178 1261.78
  53 0.525 20.618 1226.69
  54 0.535 21.49 1214.37
  55 0.545 21.45 1212.39
  56 0.555 21.748 1136.79
  57 0.565 21.862 1183.86
  58 0.575 21.762 1245.36
  59 0.585 21.82 1206.81
  60 0.595 21.06 1226.54
  61 0.605 20.306 1166.61
  62 0.615 19.762 1166.38
  63 0.625 20.176 1154.15
  64 0.635 21.182 1156.86
  65 0.645 21.73 1139.53
  66 0.655 21.91 1117.67
  67 0.665 21.874 1118.68
  68 0.675 21.65 1057.39
  69 0.685 21.652 1046.87
  70 0.695 21.602 987.968
  71 0.705 21.332 1025.19
  72 0.715 20.922 1033.34
  73 0.725 20.158 1013.31
  74 0.735 19.886 954.108
  75 0.745 19.866 959.24
  76 0.755 20.242 991.465
  77 0.765 20.926 1042.21
  78 0.775 21.226 1066.2
  79 0.785 21.674 1033.03
  80 0.795 21.622 1013.2
  81 0.805 21.648 1028.12
  82 0.815 21.814 1051.64
  83 0.825 21.824 990.921
  84 0.835 21.692 953.302
  85 0.845 21.338 960.464
  86 0.855 20.518 947.131
  87 0.865 20.068 963.383
  88 0.875 20.418 954.173
  89 0.885 20.894 1001.2
  90 0.895 21.388 998.101
  91 0.905 21.79 990.282
  92 0.915 21.872 935.72
  93 0.925 21.896 931.168
  94 0.935 21.532 938.393
  95 0.945 21.696 955.114
  96 0.955 21.492 958.226
  97 0.965 21.278 967.339
  98 0.975 20.742 950.232
  99 0.985 20.142 920.693
  100 0.995 19.876 885.821
330000 100 2112
  1 0.005 19.586 949.72
  2 0.015 20.128 941.595
  3 0.025 21.012 939.655
  4 0.035 21.482 932.587
  5 0.045 21.494 935.761
  6 0.055 21.642 899.355
  7 0.065 21.686 927.388
  8 0.075 21.868 955.552
  9 0.085 21.95 1002.67
  10 0.095 21.948 959.489
  11 0.105 21.592 925.947
  12 0.115 20.722 932.384
  13 0.125 19.998 945.664
  14 0.135 19.878 924.263
  15 0.145 20.708 922.276
  16 0.155 21.482 928.349
  17 0.165 21.688 1000.54
  18 0.175 21.84 1010.62
  19 0.185 21.966 967.528
  20 0.195 21.614 987.576
  21 0.205 21.662 986.772
  22 0.215 21.572 1002.89
  23 0.225 21.25 1022.14
  24 0.235 20.644 979.442
  25 0.245 20.404 994.783
  26 0.255 20.022 1042.72
  27 0.265 19.862 1064.3
  28 0.275 20.198 1047
  29 0.285 20.924 1036.28
  30 0.295 21.314 1030.29
  31 0.305 21.564 1015.62
  32 0.315 21.528 1081.84
  33 0.325 21.796 1128.34
  34 0.335 21.85 1088.81
  35 0.345 21.746 1129.43
  36 0.355 21.41 1175.81
  37 0.365 21.01 1133.99
  38 0.375 20.216 1114.79
  39 0.385 19.768 1190.29
  40 0.395 20.616 1164.25
  41 0.405 21.388 1128.21
  42 0.415 21.858 1136.49
  43 0.425 21.706 1169.99
  44 0.435 21.818 1188.55
  45 0.445 21.7 1211.14
  46 0.455 21.478 1215.11
  47 0.465 21.2 1270.5
  48 0.475 20.748 1234.04
  49 0.485 20.136 1181.77
  50 0.495 19.608 1137.83
  51 0.505 19.646 1165.3
  52 0.515 20.394 1195.45
  53 0.525 21.17 1134.93
  54 0.535 21.38 1171.86
  55 0.545 21.536 1190.27
  56 0.555 21.706 1195.12
  57 0.565 21.804 1255.75
  58 0.575 21.858 1207.12
  59 0.585 21.846 1150.93
  60 0.595 21.168 1101.63
  61 0.605 20.448 1070.58
  62 0.615 19.792 1123.91
  63 0.625 20.174 1113.7
  64 0.635 21.038 1107.2
  65 0.645 21.636 1064.22
  66 0.655 21.874 1039.03
  67 0.665 21.89 1051.42
  68 0.675 21.77 1057.86
  69 0.685 21.628 1104.44
  70 0.695 21.416 1114.09
  71 0.705 21.366 1048.61
  72 0.715 21.062 1049.34
  73 0.725 20.322 1054.25
  74 0.735 19.968 1015.45
  75 0.745 19.624 976.104
  76 0.755 20.284 1027.85
  77 0.765 20.832 1025.94
  78 0.775 21.276 987.41
  79 0.785 21.624 947.23
  80 0.795 21.546 998.768
  81 0.805 21.738 998.766
  82 0.815 21.852 974.396
  83 0.825 21.872 987.773
  84 0.835 21.616 983.272
  85 0.845 21.334 979.146
  86 0.855 21.114 969.055
  87 0.865 20.33 999.958
  88 0.875 20.17 1013.23
  89 0.885 20.66 993.372
  90 0.895 21.038 978.346
  91 0.905 21.8 965.103
  92 0.915 21.888 921.224
  93 0.925 21.788 949.979
  94 0.935 21.646 960.825
  95 0.945 21.75 946.431
  96 0.955 21.596 937.603
  97 0.965 21.298 981.378
  98 0.975 20.982 992.924
  99 0.985 20.418 948.632
  100 0.995 19.752 967.718
335000 100 2112
  1 0.005 19.592 877.852
  2 0.015 20.192 847.64
  3 0.025 20.948 907.736
  4 0.035 21.412 927.095
  5 0.045 21.59 949.89
  6 0.055 21.496 991.325
  7 0.065 21.644 974.374
  8 0.075 21.914 997.944
  9 0.085 21.878 1016.28
  10 0.095 21.954 989.659
  11 0.105 21.42 999.964
  12 0.115 20.488 1008.47
  13 0.125 19.884 1008.23
  14 0.135 20.136 1021.47
  15 0.145 20.916 983.834
  16 0.155 21.46 940.32
  17 0.165 21.824 971.173
  18 0.175 21.89 969.112
  19 0.185 21.72 1009.85
  20 0.195 21.652 984.274
  21 0.205 21.644 1007.3
  22 0.215 21.294 1049.56
  23 0.225 21.204 1023.23
  24 0.235 20.41 1015.98
  25 0.245 20.16 995.001
  26 0.255 20.244 1012.96
  27 0.265 20.162 1018.39
  28 0.275 20.502 996.054
  29 0.285 21.01 1030.02
  30 0.295 21.286 1112.88
  31 0.305 21.542 1122.15
  32 0.315 21.626 1183.67
  33 0.325 21.756 1130.32
  34 0.335 21.768 1148.8
  35 0.345 21.376 1166.31
  36 0.355 21.222 1173.62
  37 0.365 20.582 1198.34
  38 0.375 20.154 1190.47
  39 0.385 20.766 1041.96
  40 0.395 20.868 1038.24
  41 0.405 21.448 1066.1
  42 0.415 21.674 1094.73
  43 0.425 21.77 1109.13
  44 0.435 21.764 1127.78
  45 0.445 21.658 1133.87
  46 0.455 21.586 1105.2
  47 0.465 21.504 1144.09
  48 0.475 21.058 1132.34
  49 0.485 20.154 1180.67
  50 0.495 19.716 1221.75
  51 0.505 19.526 1226.56
  52 0.515 20.082 1286.39
  53 0.525 20.982 1228.6
  54 0.535 21.33 1229.35
  55 0.545 21.584 1260.31
  56 0.555 21.604 1166.49
  57 0.565 21.83 1156.96
  58 0.575 21.79 1116.77
  59 0.585 21.944 1105.56
  60 0.595 21.35 1151.47
  61 0.605 20.81 1101.47
  62 0.615 19.602 1113.16
  63 0.625 19.922 1102.4
  64 0.635 20.952 1077.75
  65 0.645 21.656 1082.01
  66 0.655 21.72 1090.56
  67 0.665 21.91 1056.58
  68 0.675 21.752 1092.33
  69 0.685 21.706 1010.2
  70 0.695 21.558 1004.72
  71 0.705 21.294 1050.58
  72 0.715 21.066 988.606
  73 0.725 20.562 1009.05
  74 0.735 20.338 1053.74
  75 0.745 20.082 1041.39
  76 0.755 19.854 1048.6
  77 0.765 20.57 1000.38
  78 0.775 21.054 1010.07
  79 0.785 21.45 1010.91
  80 0.795 21.706 1020.82
  81 0.805 21.54 1037.81
  82 0.815 21.864 982.404
  83 0.825 21.782 988.102
  84 0.835 21.606 989.198
  85 0.845 21.326 980.375
  86 0.855 20.784 973.638
  87 0.865 20.682 943.522
  88 0.875 20.438 945.586
  89 0.885 20.516 980.087
  90 0.895 21.084 959.91
  91 0.905 21.616 1011.11
  92 0.915 21.84 1020.33
  93 0.925 21.77 995.539
  94 0.935 21.778 971.114
  95 0.945 21.692 946.888
  96 0.955 21.564 920.183
  97 0.965 21.364 919.918
  98 0.975 20.984 927.959
  99 0.985 20.444 927.465
  100 0.995 19.822 906.987
340000 100 2112.000000000001
  1 0.005 19.796 907.28
  2 0.015 20.338 902.547
  3 0.025 21.19 911.914
  4 0.035 21.45 954.277
  5 0.045 21.604 919.454
  6 0.055 21.508 924.768
  7 0.065 21.68 926.765
  8 0.075 21.918 957.872
  9 0.085 21.908 978.653
  10 0.095 21.848 970.153
  11 0.105 21.444 1012.66
  12 0.115 20.864 982.47
  13 0.125 19.932 969.894
  14 0.135 20.03 980.044
  15 0.145 20.888 1024.92
  16 0.155 21.414 1003.43
  17 0.165 21.604 1017.14
  18 0.175 21.864 1024.98
  19 0.185 21.786 960.165
  20 0.195 21.716 930.371
  21 0.205 21.63 950.675
  22 0.215 21.388 971.553
  23 0.225 21.328 975.902
  24 0.235 20.706 963.143
  25 0.245 20.338 1056.61
  26 0.255 20.048 1100.84
  27 0.265 19.722 1114.89
  28 0.275 20.408 1160.05
  29 0.285 20.934 1224.92
  30 0.295 21.14 1214.08
  31 0.305 21.642 1169.42
  32 0.315 21.716 1136.06
  33 0.325 21.794 1093.15
  34 0.335 21.764 1145.02
  35 0.345 21.556 1115.38
  36 0.355 21.212 1070.52
  37 0.365 20.466 1134.2
  38 0.375 20.278 1128
  39 0.385 20.504 1098.26
  40 0.395 20.966 1126.59
  41 0.405 21.258 1150.86
  42 0.415 21.702 1141.57
  43 0.425 21.77 1166.89
  44 0.435 21.81 1180.72
  45 0.445 21.56 1177.49
  46 0.455 21.484 1152.14
  47 0.465 21.3 1142.28
  48 0.475 20.682 1153.47
  49 0.485 20.244 1150.79
  50 0.495 19.372 1171.59
  51 0.505 19.854 1137.09
  52 0.515 20.504 1158.23
  53 0.525 21.126 1139.47
  54 0.535 21.446 1103.86
  55 0.545 21.534 1098.61
  56 0.555 21.662 1132.99
  57 0.565 21.93 1081.58
  58 0.575 21.824 1164.77
  59 0.585 21.924 1113.4
  60 0.595 21.408 1085.9
  61 0.605 20.74 1043.53
  62 0.615 19.746 1067.63
  63 0.625 20.186 1051.76
  64 0.635 20.884 1090.49
  65 0.645 21.4 1055.36
  66 0.655 21.77 1117.84
  67 0.665 21.704 1065.67
  68 0.675 21.868 1061.01
  69 0.685 21.726 1027.47
  70 0.695 21.544 1028.67
  71 0.705 21.304 1048.31
  72 0.715 21.134 1042.64
  73 0.725 20.584 1058.89
  74 0.735 20.262 1080.92
  75 0.745 19.992 1049.09
  76 0.755 20.028 1029.17
  77 0.765 20.532 1048.68
  78 0.775 21.036 1030.46
  79 0.785 21.364 1021.77
  80 0.795 21.602 984.625
  81 0.805 21.64 1011.67
  82 0.815 21.776 1031.71
  83 0.825 21.766 1072.93
  84 0.835 21.588 1077.49
  85 0.845 21.324 1021.12
  86 0.855 20.874 1002.01
  87 0.865 20.612 945.503
  88 0.875 20.238 1024.47
  89 0.885 20.524 989.111
  90 0.895 21.33 954.689
  91 0.905 21.594 977.569
  92 0.915 21.73 989.393
  93 0.925 21.958 1005.92
  94 0.935 21.728 965.528
  95 0.945 21.568 976.931
  96 0.955 21.624 897.292
  97 0.965 21.3 918.737
  98 0.975 20.974 923.344
  99 0.985 20.204 907.744
  100 0.995 19.526 887.379
