# Chunk-averaged data for fix 3 and group all
# Timestep Number-of-chunks Total-count
# Chunk Coord1 Ncount v_temp
45000 100 2112
  1 0.005 19.174 804.605
  2 0.015 20.208 833.531
  3 0.025 21.194 823.18
  4 0.035 21.424 817.995
  5 0.045 21.594 851.812
  6 0.055 21.494 863.894
  7 0.065 21.758 840.309
  8 0.075 21.872 824.46
  9 0.085 21.964 875.928
  10 0.095 21.854 887.321
  11 0.105 21.702 838.672
  12 0.115 20.652 835.868
  13 0.125 19.326 882.03
  14 0.135 19.882 918.299
  15 0.145 20.888 908.017
  16 0.155 21.704 906.056
  17 0.165 21.924 901.74
  18 0.175 21.93 904.664
  19 0.185 21.868 883.716
  20 0.195 21.7 910.484
  21 0.205 21.492 927.153
  22 0.215 21.482 948.501
  23 0.225 21.34 956.656
  24 0.235 20.83 929.459
  25 0.245 19.542 916.488
  26 0.255 19.064 903.712
  27 0.265 19.944 936.571
  28 0.275 20.852 954.623
  29 0.285 21.414 930.153
  30 0.295 21.538 861.446
  31 0.305 21.49 864.698
  32 0.315 21.768 859.903
  33 0.325 21.844 923.617
  34 0.335 21.932 950.963
  35 0.345 21.946 953.827
  36 0.355 21.52 963.146
  37 0.365 20.572 898.505
  38 0.375 19.764 876.89
  39 0.385 19.688 912.002
  40 0.395 20.89 960.802
  41 0.405 21.66 965.862
  42 0.415 21.908 916.045
  43 0.425 21.96 967.337
  44 0.435 21.84 945.167
  45 0.445 21.516 981.9
  46 0.455 21.58 975.027
  47 0.465 21.428 1017.02
  48 0.475 21.342 997.109
  49 0.485 20.29 998.274
  50 0.495 19.236 999.368
  51 0.505 19.184 1002.49
  52 0.515 20.374 1005.29
  53 0.525 21.124 1072.67
  54 0.535 21.39 1070.9
  55 0.545 21.476 997.693
  56 0.555 21.598 1051.9
  57 0.565 21.86 1042.5
  58 0.575 21.904 979.992
  59 0.585 21.934 1005.89
  60 0.595 21.638 1003.56
  61 0.605 20.744 963.272
  62 0.615 19.75 918.025
  63 0.625 19.72 889.87
  64 0.635 20.704 912.888
  65 0.645 21.552 872.348
  66 0.655 21.908 911.236
  67 0.665 21.95 917.594
  68 0.675 21.854 938.627
  69 0.685 21.616 922.685
  70 0.695 21.644 943.955
  71 0.705 21.436 918.122
  72 0.715 21.374 949.796
  73 0.725 20.714 940.461
  74 0.735 19.656 933.391
  75 0.745 19.044 892.366
  76 0.755 19.92 891.566
  77 0.765 20.848 918.31
  78 0.775 21.46 901.746
  79 0.785 21.482 867.337
  80 0.795 21.52 868.857
  81 0.805 21.738 866.669
  82 0.815 21.814 837.331
  83 0.825 21.968 869.722
  84 0.835 21.932 801.275
  85 0.845 21.844 826.159
  86 0.855 20.914 841.873
  87 0.865 20.052 790.551
  88 0.875 19.356 747.668
  89 0.885 20.626 804.476
  90 0.895 21.36 863.271
  91 0.905 21.912 916.51
  92 0.915 21.936 906.953
  93 0.925 21.836 914.943
  94 0.935 21.842 911.703
  95 0.945 21.57 899.286
  96 0.955 21.43 859.972
  97 0.965 21.556 799.026
  98 0.975 21.288 783.708
  99 0.985 20.606 773.628
  100 0.995 19.258 813.233
50000 100 2112.0000000000005
  1 0.005 19.166 781.914
  2 0.015 20.164 797.057
  3 0.025 21.138 813.866
  4 0.035 21.512 810.55
  5 0.045 21.532 796.575
  6 0.055 21.524 837.761
  7 0.065 21.68 838.278
  8 0.075 21.866 822.734
  9 0.085 21.93 842.422
  10 0.095 21.94 841.945
  11 0.105 21.792 811.858
  12 0.115 21.136 850.05
  13 0.125 19.806 829.945
  14 0.135 19.358 928.172
  15 0.145 20.552 923.905
  16 0.155 21.486 908.548
  17 0.165 21.932 900.091
  18 0.175 21.902 930.453
  19 0.185 21.924 946.167
  20 0.195 21.644 944.6
  21 0.205 21.602 978.28
  22 0.215 21.368 988.547
  23 0.225 21.46 938.096
  24 0.235 20.988 936.516
  25 0.245 19.696 957.994
  26 0.255 18.938 975.694
  27 0.265 19.68 911.866
  28 0.275 20.834 929.799
  29 0.285 21.476 919.996
  30 0.295 21.434 946.995
  31 0.305 21.558 928.062
  32 0.315 21.682 914.143
  33 0.325 21.87 935.588
  34 0.335 21.924 1012
  35 0.345 21.93 966.5
  36 0.355 21.378 949.717
  37 0.365 20.648 889.837
  38 0.375 19.488 886.083
  39 0.385 19.998 901.291
  40 0.395 20.86 936.647
  41 0.405 21.738 875.851
  42 0.415 21.916 887.027
  43 0.425 21.96 909.979
  44 0.435 21.78 951.747
  45 0.445 21.746 1028.18
  46 0.455 21.428 1003.99
  47 0.465 21.418 1024.76
  48 0.475 21.232 997.48
  49 0.485 20.212 1028.33
  50 0.495 19.284 1066.2
  51 0.505 19.194 1084.23
  52 0.515 20.45 1098.08
  53 0.525 21.016 1081.44
  54 0.535 21.364 980.681
  55 0.545 21.564 980.375
  56 0.555 21.678 1004.28
  57 0.565 21.81 1041.39
  58 0.575 21.92 1040.4
  59 0.585 21.894 1004
  60 0.595 21.48 972.067
  61 0.605 20.744 944.809
  62 0.615 19.316 952.601
  63 0.625 19.952 922.218
  64 0.635 20.922 883.254
  65 0.645 21.73 834.5
  66 0.655 21.966 885.718
  67 0.665 21.894 925.974
  68 0.675 21.858 923.197
  69 0.685 21.576 949.922
  70 0.695 21.44 980.49
  71 0.705 21.598 964.717
  72 0.715 21.264 941.691
  73 0.725 20.696 954.114
  74 0.735 19.408 920.037
  75 0.745 19.076 918.108
  76 0.755 20.1 936.102
  77 0.765 21.002 977.309
  78 0.775 21.39 958.006
  79 0.785 21.534 882.459
  80 0.795 21.578 862.591
  81 0.805 21.746 819.037
  82 0.815 21.882 846.896
  83 0.825 21.958 807.979
  84 0.835 21.91 817.973
  85 0.845 21.826 810.588
  86 0.855 20.852 818.572
  87 0.865 19.628 823.533
  88 0.875 19.848 807.362
  89 0.885 20.548 865.797
  90 0.895 21.444 867.723
  91 0.905 21.898 871.734
  92 0.915 21.974 810.599
  93 0.925 21.966 824.492
  94 0.935 21.658 797.634
  95 0.945 21.542 833.601
  96 0.955 21.538 844.773
  97 0.965 21.57 818.245
  98 0.975 21.4 790.907
  99 0.985 20.518 778.519
  100 0.995 19.37 782.378
55000 100 2112.0000000000005
  1 0.005 19.216 780.523
  2 0.015 20.482 735.876
  3 0.025 21.358 733.359
  4 0.035 21.472 731.826
  5 0.045 21.514 768.404
  6 0.055 21.604 790.757
  7 0.065 21.672 826.758
  8 0.075 21.854 817.075
  9 0.085 21.944 843.5
  10 0.095 21.99 821.215
  11 0.105 21.796 838.738
  12 0.115 20.918 889.672
  13 0.125 19.924 930.166
  14 0.135 19.552 967.267
  15 0.145 20.328 954.24
  16 0.155 21.592 903.707
  17 0.165 21.874 881.355
  18 0.175 21.984 854.42
  19 0.185 21.868 901.469
  20 0.195 21.656 908.558
  21 0.205 21.616 922.124
  22 0.215 21.536 937.968
  23 0.225 21.416 933.456
  24 0.235 21.014 923.783
  25 0.245 20.044 901.003
  26 0.255 19.206 956.245
  27 0.265 19.542 931.971
  28 0.275 20.52 940.041
  29 0.285 21.228 929.154
  30 0.295 21.528 910.248
  31 0.305 21.534 936.537
  32 0.315 21.57 996.828
  33 0.325 21.85 1003.93
  34 0.335 21.944 1021.96
  35 0.345 21.904 939.411
  36 0.355 21.63 906.886
  37 0.365 20.866 914.484
  38 0.375 19.656 886.097
  39 0.385 19.504 948.393
  40 0.395 20.766 937.7
  41 0.405 21.676 892.667
  42 0.415 21.944 914.406
  43 0.425 21.908 1002.08
  44 0.435 21.854 998.516
  45 0.445 21.618 979.65
  46 0.455 21.622 1020.38
  47 0.465 21.378 995.84
  48 0.475 21.156 1037.41
  49 0.485 20.424 1036.71
  50 0.495 19.106 1052.52
  51 0.505 19.33 1034.93
  52 0.515 20.424 1006.67
  53 0.525 21.026 1067.48
  54 0.535 21.308 1039.42
  55 0.545 21.556 1004.43
  56 0.555 21.744 1045.99
  57 0.565 21.696 1081.87
  58 0.575 21.846 1050.56
  59 0.585 21.98 985.453
  60 0.595 21.656 966.434
  61 0.605 20.566 994.821
  62 0.615 19.428 977.188
  63 0.625 19.896 872.432
  64 0.635 20.808 942.537
  65 0.645 21.692 957.506
  66 0.655 21.958 936.791
  67 0.665 21.972 937.67
  68 0.675 21.782 916.373
  69 0.685 21.61 907.235
  70 0.695 21.574 943.787
  71 0.705 21.48 949.037
  72 0.715 21.156 953.79
  73 0.725 20.624 976.962
  74 0.735 19.312 942.597
  75 0.745 18.984 930.894
  76 0.755 20.246 989.661
  77 0.765 21.202 942.214
  78 0.775 21.418 907.022
  79 0.785 21.49 874.397
  80 0.795 21.518 930.844
  81 0.805 21.872 849.534
  82 0.815 21.834 823.278
  83 0.825 21.968 829.407
  84 0.835 21.892 847.898
  85 0.845 21.66 857.113
  86 0.855 20.534 836.639
  87 0.865 19.39 802.749
  88 0.875 19.866 808.758
  89 0.885 20.948 834.073
  90 0.895 21.726 837.282
  91 0.905 21.952 829.031
  92 0.915 21.95 807.12
  93 0.925 21.936 794.518
  94 0.935 21.73 797.988
  95 0.945 21.562 792.518
  96 0.955 21.53 793.199
  97 0.965 21.438 852.483
  98 0.975 21.352 768.171
  99 0.985 20.352 817.1
  100 0.995 19.068 819.461
60000 100 2111.9999999999995
  1 0.005 19.116 807.994
  2 0.015 20.516 754.715
  3 0.025 21.43 731.547
  4 0.035 21.484 727.801
  5 0.045 21.51 747.23
  6 0.055 21.738 813.271
  7 0.065 21.596 870.105
  8 0.075 21.892 917.016
  9 0.085 21.946 879.948
  10 0.095 21.932 860.784
  11 0.105 21.75 824.402
  12 0.115 20.718 810.716
  13 0.125 19.57 808.932
  14 0.135 19.768 818.382
  15 0.145 20.648 877.992
  16 0.155 21.642 837.887
  17 0.165 21.95 837.386
  18 0.175 21.964 797.803
  19 0.185 21.912 840.627
  20 0.195 21.686 854.222
  21 0.205 21.54 885.586
  22 0.215 21.566 879.295
  23 0.225 21.456 913.34
  24 0.235 20.932 987.98
  25 0.245 19.914 1004.25
  26 0.255 19.134 1001.19
  27 0.265 19.458 1014.75
  28 0.275 20.644 996.329
  29 0.285 21.376 964.745
  30 0.295 21.462 930.111
  31 0.305 21.548 936.583
  32 0.315 21.688 891.807
  33 0.325 21.85 941.048
  34 0.335 21.92 991.14
  35 0.345 21.892 1015.41
  36 0.355 21.522 969.687
  37 0.365 20.664 991.899
  38 0.375 19.752 967.037
  39 0.385 19.654 944.942
  40 0.395 20.91 943.905
  41 0.405 21.614 939.929
  42 0.415 21.962 891.575
  43 0.425 21.844 892.5
  44 0.435 21.976 944.245
  45 0.445 21.528 951.825
  46 0.455 21.612 1002
  47 0.465 21.446 975.605
  48 0.475 21.332 976.801
  49 0.485 20.664 1014.82
  50 0.495 19.282 1079.28
  51 0.505 19.056 1083.63
  52 0.515 19.952 1079.47
  53 0.525 21.158 1084.29
  54 0.535 21.334 1078.63
  55 0.545 21.512 1095.43
  56 0.555 21.658 1063.18
  57 0.565 21.836 1108.38
  58 0.575 21.854 1080.74
  59 0.585 21.88 1094.03
  60 0.595 21.482 1049.76
  61 0.605 20.458 1051.49
  62 0.615 19.492 1012.72
  63 0.625 19.936 937.712
  64 0.635 21.026 951.77
  65 0.645 21.716 955.74
  66 0.655 21.946 901.947
  67 0.665 21.908 971.208
  68 0.675 21.758 937
  69 0.685 21.688 949.924
  70 0.695 21.562 898.026
  71 0.705 21.398 901.733
  72 0.715 21.292 913.391
  73 0.725 20.478 892.446
  74 0.735 19.374 897.108
  75 0.745 19.186 903.368
  76 0.755 20.084 899.681
  77 0.765 21.264 882.977
  78 0.775 21.348 861.673
  79 0.785 21.436 846.369
  80 0.795 21.68 827.067
  81 0.805 21.732 825.614
  82 0.815 21.886 844.822
  83 0.825 21.944 829.019
  84 0.835 21.94 824.717
  85 0.845 21.706 805.494
  86 0.855 20.95 799.089
  87 0.865 19.818 836.884
  88 0.875 19.316 830.947
  89 0.885 20.634 809.101
  90 0.895 21.7 827.716
  91 0.905 21.944 840.986
  92 0.915 21.94 836.021
  93 0.925 21.868 870.991
  94 0.935 21.802 872.509
  95 0.945 21.508 884.083
  96 0.955 21.54 856.666
  97 0.965 21.468 818.263
  98 0.975 21.2 816.533
  99 0.985 20.402 827.577
  100 0.995 19.04 829.968
65000 100 2112.0000000000005
  1 0.005 19.208 819.971
  2 0.015 20.34 754.016
  3 0.025 21.372 765.424
  4 0.035 21.466 764.141
  5 0.045 21.456 773.271
  6 0.055 21.614 801.143
  7 0.065 21.738 823.715
  8 0.075 21.854 813.686
  9 0.085 21.986 806.929
  10 0.095 21.988 813.614
  11 0.105 21.686 825.419
  12 0.115 21.25 807.102
  13 0.125 19.602 820.826
  14 0.135 19.546 787.123
  15 0.145 20.554 853.622
  16 0.155 21.542 886.985
  17 0.165 21.8 932.307
  18 0.175 21.96 929.995
  19 0.185 21.858 947.656
  20 0.195 21.766 969.593
  21 0.205 21.504 925.517
  22 0.215 21.468 959.866
  23 0.225 21.388 901.536
  24 0.235 21.124 911.367
  25 0.245 19.88 863.642
  26 0.255 19.14 871.714
  27 0.265 19.608 910.422
  28 0.275 20.604 864.837
  29 0.285 21.412 885.915
  30 0.295 21.386 880.419
  31 0.305 21.534 917.673
  32 0.315 21.66 923.172
  33 0.325 21.83 916.101
  34 0.335 21.92 926.668
  35 0.345 21.906 922.786
  36 0.355 21.728 926.73
  37 0.365 20.976 934.694
  38 0.375 19.796 962.116
  39 0.385 19.332 1004.39
  40 0.395 20.686 1036.82
  41 0.405 21.65 1069.19
  42 0.415 21.816 1037.07
  43 0.425 21.988 1028.84
  44 0.435 21.742 1036.08
  45 0.445 21.714 998.748
  46 0.455 21.416 1028.1
  47 0.465 21.452 1006.02
  48 0.475 21.316 999.332
  49 0.485 20.212 1042.07
  50 0.495 19.396 1039.97
  51 0.505 19.132 1069.43
  52 0.515 20.32 1088.15
  53 0.525 21.096 1048.1
  54 0.535 21.432 1015.05
  55 0.545 21.556 1041.63
  56 0.555 21.656 1104.84
  57 0.565 21.814 1114.35
  58 0.575 21.9 1100.95
  59 0.585 21.884 1062.97
  60 0.595 21.424 1057.3
  61 0.605 20.678 1029.07
  62 0.615 19.466 999.173
  63 0.625 19.9 1008.13
  64 0.635 21.002 974.169
  65 0.645 21.676 917.223
  66 0.655 21.878 941.605
  67 0.665 21.856 984.275
  68 0.675 21.806 1019.88
  69 0.685 21.574 991.868
  70 0.695 21.65 914.113
  71 0.705 21.344 937.945
  72 0.715 21.366 937.063
  73 0.725 20.508 869.71
  74 0.735 19.434 883.049
  75 0.745 19.244 814.019
  76 0.755 20.088 823.545
  77 0.765 21.114 824.516
  78 0.775 21.394 832.176
  79 0.785 21.504 865.306
  80 0.795 21.57 847.136
  81 0.805 21.81 830.18
  82 0.815 21.792 882.209
  83 0.825 21.976 861.115
  84 0.835 21.918 832.642
  85 0.845 21.636 807.404
  86 0.855 20.924 811.544
  87 0.865 19.428 831.417
  88 0.875 19.502 844.42
  89 0.885 20.86 828.385
  90 0.895 21.85 835.618
  91 0.905 21.842 860.165
  92 0.915 21.968 815.646
  93 0.925 21.846 880.283
  94 0.935 21.776 851.11
  95 0.945 21.588 814.589
  96 0.955 21.49 817.82
  97 0.965 21.418 796.429
  98 0.975 21.34 785.233
  99 0.985 20.36 787.152
  100 0.995 19.24 853.391
70000 100 2112
  1 0.005 19.182 777.076
  2 0.015 20.296 746.438
  3 0.025 21.23 761.623
  4 0.035 21.514 801.409
  5 0.045 21.514 789.114
  6 0.055 21.518 793.939
  7 0.065 21.746 793.742
  8 0.075 21.888 784.248
  9 0.085 21.904 822.64
  10 0.095 21.948 822.696
  11 0.105 21.842 818.547
  12 0.115 20.944 842.553
  13 0.125 19.776 862.518
  14 0.135 19.748 879.458
  15 0.145 20.48 901.89
  16 0.155 21.398 896.238
  17 0.165 21.822 847.096
  18 0.175 21.966 848.732
  19 0.185 21.844 949.495
  20 0.195 21.708 915.485
  21 0.205 21.694 872.622
  22 0.215 21.484 943.152
  23 0.225 21.39 944.191
  24 0.235 20.838 946.223
  25 0.245 20.182 898.036
  26 0.255 19.38 894.387
  27 0.265 19.62 946.165
  28 0.275 20.37 928.849
  29 0.285 21.206 942.717
  30 0.295 21.526 903.507
  31 0.305 21.378 955.351
  32 0.315 21.716 924.676
  33 0.325 21.876 901.43
  34 0.335 21.882 898.004
  35 0.345 21.944 927.776
  36 0.355 21.772 950.235
  37 0.365 21.002 942.525
  38 0.375 19.932 993.466
  39 0.385 19.618 998.326
  40 0.395 20.46 984.877
  41 0.405 21.328 1001.49
  42 0.415 21.89 999.752
  43 0.425 21.86 1063.75
  44 0.435 21.83 1053.5
  45 0.445 21.61 1009.09
  46 0.455 21.702 1011.07
  47 0.465 21.436 1012.43
  48 0.475 21.136 1077.82
  49 0.485 20.28 1074.79
  50 0.495 19.292 1124.18
  51 0.505 19.17 1129.65
  52 0.515 20.204 1111.62
  53 0.525 21.172 1049.93
  54 0.535 21.566 1044.87
  55 0.545 21.398 1098.34
  56 0.555 21.61 1072.28
  57 0.565 21.848 1073.05
  58 0.575 21.888 1057.74
  59 0.585 21.854 1022.33
  60 0.595 21.48 1006.39
  61 0.605 20.43 1032.14
  62 0.615 19.54 990.51
  63 0.625 19.966 983.994
  64 0.635 21.1 944.383
  65 0.645 21.716 943.468
  66 0.655 21.892 1005.39
  67 0.665 21.822 952.601
  68 0.675 21.874 896.93
  69 0.685 21.598 876.863
  70 0.695 21.424 923.621
  71 0.705 21.48 928.906
  72 0.715 21.154 851.896
  73 0.725 20.364 864.76
  74 0.735 19.492 879.524
  75 0.745 19.284 918.32
  76 0.755 20.212 868.05
  77 0.765 21.214 886.846
  78 0.775 21.402 880.954
  79 0.785 21.57 862.24
  80 0.795 21.634 861.756
  81 0.805 21.744 891.153
  82 0.815 21.86 837.197
  83 0.825 21.91 851.111
  84 0.835 21.918 855.609
  85 0.845 21.514 845.149
  86 0.855 20.92 816.535
  87 0.865 19.402 835.077
  88 0.875 19.902 840.271
  89 0.885 20.796 855.63
  90 0.895 21.594 835.635
  91 0.905 21.946 792.442
  92 0.915 21.938 810.169
  93 0.925 21.846 870.412
  94 0.935 21.73 845.303
  95 0.945 21.636 814.589
  96 0.955 21.396 832.656
  97 0.965 21.506 850.936
  98 0.975 21.252 758.713
  99 0.985 20.484 729.313
  100 0.995 19.446 748.598
75000 100 2112
  1 0.005 19.252 789.36
  2 0.015 20.262 807.658
  3 0.025 20.97 841.957
  4 0.035 21.498 860.964
  5 0.045 21.542 830.332
  6 0.055 21.552 790.921
  7 0.065 21.7 770.018
  8 0.075 21.888 769.23
  9 0.085 21.928 816.012
  10 0.095 21.948 843.918
  11 0.105 21.8 842.329
  12 0.115 21.044 848.38
  13 0.125 20.07 850.611
  14 0.135 19.652 903.578
  15 0.145 20.412 961.332
  16 0.155 21.384 949.003
  17 0.165 21.752 958.879
  18 0.175 21.826 934.406
  19 0.185 21.886 900.787
  20 0.195 21.752 870.103
  21 0.205 21.516 867.645
  22 0.215 21.578 884.356
  23 0.225 21.398 899.704
  24 0.235 20.806 915.702
  25 0.245 20.226 898.838
  26 0.255 19.632 909.799
  27 0.265 19.584 897.175
  28 0.275 20.242 918.29
  29 0.285 21.208 902.964
  30 0.295 21.42 913.795
  31 0.305 21.666 859.217
  32 0.315 21.498 893.34
  33 0.325 21.856 907.772
  34 0.335 21.812 886.623
  35 0.345 21.986 935.991
  36 0.355 21.706 956.009
  37 0.365 21.048 1014.42
  38 0.375 19.894 956.082
  39 0.385 19.716 948.352
  40 0.395 20.348 998.427
  41 0.405 21.452 1014.24
  42 0.415 21.856 1002.66
  43 0.425 21.902 995.158
  44 0.435 21.77 1079.02
  45 0.445 21.646 1113.34
  46 0.455 21.514 1113.84
  47 0.465 21.464 1110.59
  48 0.475 21.05 1062.81
  49 0.485 20.308 1067.48
  50 0.495 19.196 1073.53
  51 0.505 19.288 1068.79
  52 0.515 20.308 1091.59
  53 0.525 21.172 1084.11
  54 0.535 21.438 1071.22
  55 0.545 21.554 1096.73
  56 0.555 21.68 1062.35
  57 0.565 21.796 1079.3
  58 0.575 21.94 1015.99
  59 0.585 21.798 1034.91
  60 0.595 21.22 1022.21
  61 0.605 20.35 1009.58
  62 0.615 19.454 990.551
  63 0.625 20.276 929.094
  64 0.635 21.252 961.138
  65 0.645 21.618 964.619
  66 0.655 21.936 914.141
  67 0.665 21.87 964.01
  68 0.675 21.66 1024.97
  69 0.685 21.626 935.651
  70 0.695 21.628 888.513
  71 0.705 21.402 886.062
  72 0.715 20.944 868.787
  73 0.725 20.164 843.429
  74 0.735 19.498 827.741
  75 0.745 19.792 859.637
  76 0.755 20.292 881.405
  77 0.765 21.074 887.411
  78 0.775 21.42 886.295
  79 0.785 21.434 817.365
  80 0.795 21.648 826.974
  81 0.805 21.842 785.346
  82 0.815 21.806 836.191
  83 0.825 22.006 793.689
  84 0.835 21.88 813.284
  85 0.845 21.648 863.678
  86 0.855 20.53 858.662
  87 0.865 19.986 835.103
  88 0.875 19.752 846.907
  89 0.885 20.662 873.193
  90 0.895 21.534 849.526
  91 0.905 21.968 844.535
  92 0.915 21.924 792.723
  93 0.925 21.916 795.395
  94 0.935 21.796 758.082
  95 0.945 21.582 778.791
  96 0.955 21.512 800.783
  97 0.965 21.478 807.622
  98 0.975 21.378 824.041
  99 0.985 20.478 820.795
  100 0.995 19.374 791.912
80000 100 2112
  1 0.005 19.2 774.473
  2 0.015 20.394 761.943
  3 0.025 21.226 817.92
  4 0.035 21.476 800.868
  5 0.045 21.43 813.074
  6 0.055 21.708 820.589
  7 0.065 21.636 829.316
  8 0.075 21.848 789.178
  9 0.085 21.97 810.625
  10 0.095 21.87 806.755
  11 0.105 21.682 789.034
  12 0.115 21.008 836.43
  13 0.125 20.168 862.255
  14 0.135 19.65 885.121
  15 0.145 20.4 892.994
  16 0.155 21.514 897.039
  17 0.165 21.664 843.909
  18 0.175 21.92 874.98
  19 0.185 21.926 900.651
  20 0.195 21.724 925.921
  21 0.205 21.524 925.939
  22 0.215 21.676 937.077
  23 0.225 21.226 902.032
  24 0.235 20.958 953.97
  25 0.245 19.984 914.167
  26 0.255 19.632 962.202
  27 0.265 19.66 990.593
  28 0.275 20.39 939.157
  29 0.285 21.122 925.746
  30 0.295 21.438 876.931
  31 0.305 21.54 916.299
  32 0.315 21.558 979.478
  33 0.325 21.796 867.071
  34 0.335 21.998 866.421
  35 0.345 21.858 893.909
  36 0.355 21.69 903.286
  37 0.365 20.956 923.227
  38 0.375 20.08 920.17
  39 0.385 19.662 965.384
  40 0.395 20.33 965.102
  41 0.405 21.47 1015.34
  42 0.415 21.862 1045.71
  43 0.425 21.886 1072.5
  44 0.435 21.776 1115.78
  45 0.445 21.698 1081.5
  46 0.455 21.52 1064.32
  47 0.465 21.366 1071.89
  48 0.475 21.104 1086.46
  49 0.485 20.266 1118.76
  50 0.495 19.17 1081.62
  51 0.505 19.462 1084.02
  52 0.515 20.29 1100.57
  53 0.525 21.166 1085.28
  54 0.535 21.32 1036.7
  55 0.545 21.606 1023.52
  56 0.555 21.696 1003.41
  57 0.565 21.8 974.863
  58 0.575 21.914 1050.83
  59 0.585 21.834 1089.83
  60 0.595 21.33 1033
  61 0.605 20.438 1040.26
  62 0.615 19.648 1012.24
  63 0.625 19.896 982.821
  64 0.635 21.174 899.553
  65 0.645 21.7 904.492
  66 0.655 21.998 867.799
  67 0.665 21.84 937.012
  68 0.675 21.74 949.496
  69 0.685 21.742 947.498
  70 0.695 21.506 863.946
  71 0.705 21.37 943.609
  72 0.715 21.204 898.187
  73 0.725 20.51 926.304
  74 0.735 19.458 937.775
  75 0.745 19.418 960.203
  76 0.755 20.056 901.855
  77 0.765 21.13 875.435
  78 0.775 21.358 851.376
  79 0.785 21.422 895.398
  80 0.795 21.608 926.147
  81 0.805 21.736 874.881
  82 0.815 21.942 808.77
  83 0.825 21.944 819.451
  84 0.835 21.852 866.2
  85 0.845 21.366 821.382
  86 0.855 20.506 810.049
  87 0.865 19.87 810.044
  88 0.875 19.932 775.144
  89 0.885 20.834 822.8
  90 0.895 21.796 813.942
  91 0.905 21.778 834.106
  92 0.915 21.956 836.999
  93 0.925 21.858 844.267
  94 0.935 21.84 830.102
  95 0.945 21.424 865.259
  96 0.955 21.616 834.751
  97 0.965 21.488 805.762
  98 0.975 21.232 784.348
  99 0.985 20.438 766.836
  100 0.995 19.348 780.003
85000 100 2111.9999999999995
  1 0.005 19.21 805.026
  2 0.015 20.39 741.766
  3 0.025 21.298 751.449
  4 0.035 21.444 751.626
  5 0.045 21.574 805.367
  6 0.055 21.492 792.012
  7 0.065 21.772 851.491
  8 0.075 21.85 834.637
  9 0.085 21.984 795.488
  10 0.095 21.974 793.575
  11 0.105 21.31 869.077
  12 0.115 20.754 853.055
  13 0.125 19.736 843.244
  14 0.135 19.852 834.348
  15 0.145 20.784 881.871
  16 0.155 21.652 888.028
  17 0.165 21.938 871.321
  18 0.175 21.894 821.92
  19 0.185 21.876 812.756
  20 0.195 21.67 851.458
  21 0.205 21.51 901.369
  22 0.215 21.572 868.013
  23 0.225 21.346 884.227
  24 0.235 20.85 924.514
  25 0.245 20.14 897.282
  26 0.255 19.174 909.432
  27 0.265 19.866 920.726
  28 0.275 20.564 942.325
  29 0.285 21.254 936.077
  30 0.295 21.444 920.605
  31 0.305 21.54 868.393
  32 0.315 21.642 896.804
  33 0.325 21.78 895.147
  34 0.335 21.9 887.178
  35 0.345 21.944 953.346
  36 0.355 21.732 954.247
  37 0.365 20.964 1000.76
  38 0.375 19.968 1031.9
  39 0.385 19.698 1049.07
  40 0.395 20.318 1032.24
  41 0.405 21.592 1056.95
  42 0.415 21.69 1099.13
  43 0.425 21.958 1075.14
  44 0.435 21.744 1047.91
  45 0.445 21.66 1049
  46 0.455 21.584 1038.28
  47 0.465 21.398 1020.08
  48 0.475 21.176 1062.42
  49 0.485 20.322 1125.12
  50 0.495 19.402 1090.93
  51 0.505 19.262 1120.79
  52 0.515 20.136 1124.82
  53 0.525 21.16 1040.34
  54 0.535 21.428 1003.53
  55 0.545 21.56 1006.27
  56 0.555 21.492 1053.52
  57 0.565 21.926 1019.33
  58 0.575 21.856 993.432
  59 0.585 21.928 981.425
  60 0.595 21.462 981.59
  61 0.605 20.708 938.365
  62 0.615 19.66 873.695
  63 0.625 20 867.948
  64 0.635 20.596 950.491
  65 0.645 21.816 969.375
  66 0.655 21.776 923.27
  67 0.665 21.888 914.218
  68 0.675 21.89 930.533
  69 0.685 21.61 972.434
  70 0.695 21.42 1017.15
  71 0.705 21.516 988.708
  72 0.715 21.15 959.649
  73 0.725 20.562 979.116
  74 0.735 19.478 990.829
  75 0.745 19.684 898.079
  76 0.755 19.788 928.245
  77 0.765 21.014 906.037
  78 0.775 21.402 893.168
  79 0.785 21.554 923.846
  80 0.795 21.642 893.508
  81 0.805 21.652 890.858
  82 0.815 21.876 844.814
  83 0.825 21.966 863.058
  84 0.835 21.908 843.845
  85 0.845 21.68 846.745
  86 0.855 20.692 865.856
  87 0.865 19.57 825.619
  88 0.875 19.9 819.758
  89 0.885 20.804 804.244
  90 0.895 21.52 840.97
  91 0.905 21.848 856.766
  92 0.915 21.972 793.009
  93 0.925 21.812 846.378
  94 0.935 21.86 819.278
  95 0.945 21.564 796.005
  96 0.955 21.542 812.391
  97 0.965 21.406 789.422
  98 0.975 21.236 797.12
  99 0.985 20.294 783.289
  100 0.995 19.348 821.021
90000 100 2112
  1 0.005 19.442 770.129
  2 0.015 20.372 800.924
  3 0.025 21.236 767.061
  4 0.035 21.496 769.071
  5 0.045 21.516 809.509
  6 0.055 21.578 795.06
  7 0.065 21.77 788.823
  8 0.075 21.84 836.406
  9 0.085 21.952 851.977
  10 0.095 21.938 836.654
  11 0.105 21.63 857.835
  12 0.115 20.754 850.663
  13 0.125 19.956 808.742
  14 0.135 19.764 811.19
  15 0.145 20.614 823.674
  16 0.155 21.526 806.032
  17 0.165 21.806 794.997
  18 0.175 21.958 789.221
  19 0.185 21.864 821.758
  20 0.195 21.74 864.605
  21 0.205 21.584 880.314
  22 0.215 21.57 910.975
  23 0.225 21.418 896.927
  24 0.235 21.1 891.559
  25 0.245 20.266 928.283
  26 0.255 19.492 952.992
  27 0.265 19.442 1003.8
  28 0.275 20.242 992.043
  29 0.285 21.05 961.206
  30 0.295 21.44 949.911
  31 0.305 21.454 958.625
  32 0.315 21.732 957.271
  33 0.325 21.762 918.134
  34 0.335 21.9 910.678
  35 0.345 21.962 959.619
  36 0.355 21.632 927.09
  37 0.365 20.974 894.73
  38 0.375 19.82 951.365
  39 0.385 19.85 980.558
  40 0.395 20.358 995.571
  41 0.405 21.51 1000.18
  42 0.415 21.844 1016.87
  43 0.425 21.862 967.665
  44 0.435 21.882 1019.68
  45 0.445 21.502 1031.62
  46 0.455 21.586 1069.46
  47 0.465 21.312 1083.24
  48 0.475 20.976 1114.96
  49 0.485 20.362 1081.87
  50 0.495 19.132 1114.27
  51 0.505 19.568 1119.9
  52 0.515 20.384 1097.53
  53 0.525 21.026 1116.47
  54 0.535 21.508 1071.45
  55 0.545 21.598 1061.1
  56 0.555 21.606 1046.78
  57 0.565 21.832 1010.07
  58 0.575 21.942 1047.24
  59 0.585 21.806 1034.01
  60 0.595 21.628 1018.99
  61 0.605 20.368 998.434
  62 0.615 19.798 970.317
  63 0.625 19.926 932.392
  64 0.635 20.908 934.828
  65 0.645 21.61 971.179
  66 0.655 21.892 912.847
  67 0.665 21.826 921.503
  68 0.675 21.92 980.719
  69 0.685 21.586 966.101
  70 0.695 21.588 996.059
  71 0.705 21.516 900.427
  72 0.715 21.152 906.844
  73 0.725 20.532 896.126
  74 0.735 19.846 879.908
  75 0.745 19.306 907.729
  76 0.755 19.966 896.016
  77 0.765 20.824 916.491
  78 0.775 21.408 937.674
  79 0.785 21.34 911.61
  80 0.795 21.73 952.883
  81 0.805 21.638 916.833
  82 0.815 21.908 895.162
  83 0.825 21.914 921.289
  84 0.835 21.89 881.841
  85 0.845 21.396 895.594
  86 0.855 20.274 908.329
  87 0.865 19.686 847.819
  88 0.875 19.892 822.442
  89 0.885 21.31 799.174
  90 0.895 21.614 818.918
  91 0.905 21.896 806.208
  92 0.915 21.962 748.431
  93 0.925 21.88 776.722
  94 0.935 21.71 762.888
  95 0.945 21.524 767.724
  96 0.955 21.57 796.173
  97 0.965 21.444 821.696
  98 0.975 21.118 769.28
  99 0.985 20.13 777.607
  100 0.995 19.536 766.958
95000 100 2112.0000000000005
  1 0.005 19.58 847.026
  2 0.015 20.142 793.035
  3 0.025 21.236 794.948
  4 0.035 21.49 745.838
  5 0.045 21.444 803.854
  6 0.055 21.6 786.773
  7 0.065 21.738 770.259
  8 0.075 21.898 782.605
  9 0.085 21.932 793.466
  10 0.095 21.976 781.077
  11 0.105 21.76 764.107
  12 0.115 21.2 777.696
  13 0.125 19.716 830.102
  14 0.135 19.962 843.011
  15 0.145 20.31 864.253
  16 0.155 21.342 822.703
  17 0.165 21.708 843.623
  18 0.175 21.97 810.982
  19 0.185 21.868 863.312
  20 0.195 21.752 876.725
  21 0.205 21.666 875.062
  22 0.215 21.41 907.894
  23 0.225 21.554 896.384
  24 0.235 20.968 899.131
  25 0.245 20.136 967.631
  26 0.255 19.504 986.152
  27 0.265 19.36 958.121
  28 0.275 20.398 937.907
  29 0.285 21.174 938.789
  30 0.295 21.466 974.847
  31 0.305 21.458 957.925
  32 0.315 21.564 921.86
  33 0.325 21.908 882.715
  34 0.335 21.884 867.454
  35 0.345 21.904 934.407
  36 0.355 21.82 928.188
  37 0.365 21.11 915.582
  38 0.375 20.022 962.737
  39 0.385 19.868 949.818
  40 0.395 20.486 968.8
  41 0.405 21.018 1061.32
  42 0.415 21.776 1104.07
  43 0.425 21.808 1092.6
  44 0.435 21.824 1046.45
  45 0.445 21.714 1075.89
  46 0.455 21.572 1088.87
  47 0.465 21.354 1068.91
  48 0.475 21.174 1021.04
  49 0.485 20.328 1067.53
  50 0.495 19.542 1082.53
  51 0.505 19.36 1131.35
  52 0.515 20.038 1170.32
  53 0.525 21.002 1149.68
  54 0.535 21.34 1127.65
  55 0.545 21.554 1029.03
  56 0.555 21.67 1013.32
  57 0.565 21.75 1080.67
  58 0.575 21.9 1002.77
  59 0.585 21.94 987.418
  60 0.595 21.404 964.491
  61 0.605 20.218 1010.61
  62 0.615 19.738 1009.27
  63 0.625 20.104 1011.23
  64 0.635 21.01 993.14
  65 0.645 21.654 1012.08
  66 0.655 21.898 988.045
  67 0.665 21.846 940.361
  68 0.675 21.666 978.414
  69 0.685 21.696 957.457
  70 0.695 21.518 862.309
  71 0.705 21.448 887.007
  72 0.715 20.924 943.576
  73 0.725 20.09 971.575
  74 0.735 19.49 936.539
  75 0.745 19.632 904.185
  76 0.755 20.234 874.915
  77 0.765 21.33 873.204
  78 0.775 21.49 902.324
  79 0.785 21.408 902.854
  80 0.795 21.588 882.302
  81 0.805 21.818 872.197
  82 0.815 21.918 838.165
  83 0.825 21.924 872.807
  84 0.835 21.972 859.209
  85 0.845 21.432 805.569
  86 0.855 20.478 806.366
  87 0.865 19.6 830.256
  88 0.875 20.194 842.058
  89 0.885 20.75 875.528
  90 0.895 21.63 834.196
  91 0.905 21.958 827.855
  92 0.915 21.944 813.048
  93 0.925 21.82 796.43
  94 0.935 21.8 833.287
  95 0.945 21.55 798.126
  96 0.955 21.582 783.147
  97 0.965 21.454 756.555
  98 0.975 21.092 783.362
  99 0.985 20.244 827.93
  100 0.995 19.506 836.132
100000 100 2112.0000000000005
  1 0.005 19.426 781.904
  2 0.015 20.248 728.11
  3 0.025 21.15 755.007
  4 0.035 21.502 765.302
  5 0.045 21.462 787.419
  6 0.055 21.542 785.457
  7 0.065 21.822 768.427
  8 0.075 21.876 823.697
  9 0.085 21.886 769.552
  10 0.095 21.94 787.18
  11 0.105 21.514 808.118
  12 0.115 21.116 811.342
  13 0.125 19.962 831.511
  14 0.135 19.794 846.503
  15 0.145 20.556 848.425
  16 0.155 21.382 907.7
  17 0.165 21.744 962.083
  18 0.175 21.91 982.147
  19 0.185 21.832 919.919
  20 0.195 21.736 908.857
  21 0.205 21.612 922.195
  22 0.215 21.492 914.25
  23 0.225 21.416 910.758
  24 0.235 20.886 968.97
  25 0.245 20.066 935.157
  26 0.255 19.224 944.991
  27 0.265 19.598 964.962
  28 0.275 20.482 928.656
  29 0.285 21.364 902.443
  30 0.295 21.498 883.532
  31 0.305 21.492 895.287
  32 0.315 21.746 927.17
  33 0.325 21.784 949.752
  34 0.335 21.87 977.928
  35 0.345 21.926 944.446
  36 0.355 21.59 977.64
  37 0.365 21.03 944.567
  38 0.375 19.834 946.719
  39 0.385 19.664 958.83
  40 0.395 20.556 927.534
  41 0.405 21.43 1005.39
  42 0.415 21.894 1045.08
  43 0.425 21.96 964.466
  44 0.435 21.766 1059.75
  45 0.445 21.734 1105.07
  46 0.455 21.442 1102.62
  47 0.465 21.522 1070.66
  48 0.475 21.004 1025.31
  49 0.485 20.282 1048.04
  50 0.495 19.506 1086.13
  51 0.505 19.342 1099.37
  52 0.515 20.084 1119.27
  53 0.525 21.092 1089.14
  54 0.535 21.336 1085.64
  55 0.545 21.542 1034.33
  56 0.555 21.738 997.974
  57 0.565 21.772 1003.88
  58 0.575 21.964 1015.25
  59 0.585 21.822 1022.53
  60 0.595 21.5 1048.25
  61 0.605 20.4 1000.19
  62 0.615 19.362 986.967
  63 0.625 20.066 948.546
  64 0.635 21.13 940.979
  65 0.645 21.744 910.322
  66 0.655 21.882 913.992
  67 0.665 21.888 862.847
  68 0.675 21.888 854.031
  69 0.685 21.586 885.66
  70 0.695 21.496 875.656
  71 0.705 21.506 919.073
  72 0.715 21.19 949.286
  73 0.725 20.43 968.78
  74 0.735 19.506 996.459
  75 0.745 19.21 967.306
  76 0.755 20.218 939.05
  77 0.765 20.996 927.336
  78 0.775 21.528 955.809
  79 0.785 21.31 916.059
  80 0.795 21.704 884.134
  81 0.805 21.822 940.545
  82 0.815 21.848 871.545
  83 0.825 21.91 886.316
  84 0.835 21.862 875.474
  85 0.845 21.632 824.063
  86 0.855 20.45 829.52
  87 0.865 19.64 842.044
  88 0.875 19.982 812.6
  89 0.885 20.932 814.013
  90 0.895 21.582 833.489
  91 0.905 21.926 808.279
  92 0.915 21.932 838.372
  93 0.925 21.886 846.908
  94 0.935 21.75 835.995
  95 0.945 21.598 819.752
  96 0.955 21.448 787.673
  97 0.965 21.456 791.541
  98 0.975 21.026 775.021
  99 0.985 20.438 767.299
  100 0.995 19.578 789.52
105000 100 2112
  1 0.005 19.654 712.759
  2 0.015 20.24 689.221
  3 0.025 21.254 725.633
  4 0.035 21.572 718.649
  5 0.045 21.508 747.433
  6 0.055 21.462 757.365
  7 0.065 21.794 753.214
  8 0.075 21.852 766.871
  9 0.085 21.944 777.399
  10 0.095 21.936 812.731
  11 0.105 21.814 866.824
  12 0.115 21.17 800.467
  13 0.125 19.89 852.708
  14 0.135 19.708 886.809
  15 0.145 20.284 916.61
  16 0.155 21.546 898.887
  17 0.165 21.702 965.667
  18 0.175 21.84 928.166
  19 0.185 21.948 931.228
  20 0.195 21.676 917.004
  21 0.205 21.726 884.169
  22 0.215 21.478 898.487
  23 0.225 21.452 921.982
  24 0.235 21.046 949.271
  25 0.245 20.148 929.131
  26 0.255 19.402 930.782
  27 0.265 19.586 927.533
  28 0.275 20.276 928.418
  29 0.285 21.062 943.322
  30 0.295 21.508 946.868
  31 0.305 21.536 969.861
  32 0.315 21.588 941.71
  33 0.325 21.808 1035.94
  34 0.335 21.862 1042.97
  35 0.345 21.878 976.968
  36 0.355 21.674 932.955
  37 0.365 20.706 949.596
  38 0.375 19.82 996.989
  39 0.385 19.482 984.668
  40 0.395 20.86 985.705
  41 0.405 21.594 1015.2
  42 0.415 21.948 977.082
  43 0.425 21.904 963.968
  44 0.435 21.82 983.851
  45 0.445 21.588 1026.27
  46 0.455 21.482 1044.35
  47 0.465 21.376 1025.25
  48 0.475 21.022 981.119
  49 0.485 20.482 1011.42
  50 0.495 19.092 1090.52
  51 0.505 19.382 1134.58
  52 0.515 20.382 1149.23
  53 0.525 21.128 1084.17
  54 0.535 21.552 1034.47
  55 0.545 21.42 1034.13
  56 0.555 21.67 974.391
  57 0.565 21.81 1011.78
  58 0.575 21.94 1019.51
  59 0.585 21.862 946.968
  60 0.595 21.598 987.959
  61 0.605 20.348 996.581
  62 0.615 19.756 989.5
  63 0.625 19.924 956.557
  64 0.635 20.978 969.29
  65 0.645 21.616 988.323
  66 0.655 21.874 992.48
  67 0.665 21.842 962.242
  68 0.675 21.826 935.361
  69 0.685 21.73 884.182
  70 0.695 21.424 893.4
  71 0.705 21.51 887.079
  72 0.715 21.348 847.433
  73 0.725 20.668 837.522
  74 0.735 19.538 883.438
  75 0.745 19.27 908.137
  76 0.755 19.836 946.618
  77 0.765 20.974 955.141
  78 0.775 21.422 931.592
  79 0.785 21.548 926.947
  80 0.795 21.586 909.272
  81 0.805 21.756 890.351
  82 0.815 21.774 891.522
  83 0.825 21.966 897.062
  84 0.835 21.776 882.323
  85 0.845 21.67 871.032
  86 0.855 20.542 869.746
  87 0.865 19.556 851.084
  88 0.875 20.04 856.623
  89 0.885 20.834 878.006
  90 0.895 21.704 850.615
  91 0.905 21.88 897.522
  92 0.915 21.89 855.901
  93 0.925 21.916 847.721
  94 0.935 21.608 842.373
  95 0.945 21.582 835.087
  96 0.955 21.506 829.75
  97 0.965 21.57 806.955
  98 0.975 20.89 769.348
  99 0.985 20.348 768.974
  100 0.995 19.43 796.734
110000 100 2112
  1 0.005 19.43 730.803
  2 0.015 20.114 718.963
  3 0.025 21.232 724.268
  4 0.035 21.5 766.103
  5 0.045 21.53 729.52
  6 0.055 21.592 747.997
  7 0.065 21.66 782.341
  8 0.075 21.848 807.355
  9 0.085 21.956 797.895
  10 0.095 21.954 838.333
  11 0.105 21.84 813.877
  12 0.115 21.298 853.275
  13 0.125 20.042 837.289
  14 0.135 19.6 828.146
  15 0.145 20.192 885.159
  16 0.155 21.288 926.97
  17 0.165 21.824 924.903
  18 0.175 21.894 940.568
  19 0.185 21.868 926.605
  20 0.195 21.75 912.912
  21 0.205 21.522 907.819
  22 0.215 21.612 908.547
  23 0.225 21.406 923.87
  24 0.235 20.952 966.869
  25 0.245 20.322 923.715
  26 0.255 19.256 871.112
  27 0.265 19.448 908.059
  28 0.275 20.524 926.799
  29 0.285 21.098 972.521
  30 0.295 21.478 982.973
  31 0.305 21.466 973.747
  32 0.315 21.528 972.846
  33 0.325 21.97 966.694
  34 0.335 21.854 1002.94
  35 0.345 21.954 991.252
  36 0.355 21.582 956.931
  37 0.365 20.712 983.785
  38 0.375 19.892 981.164
  39 0.385 19.582 969.085
  40 0.395 20.854 1008.55
  41 0.405 21.478 975.069
  42 0.415 21.942 944.604
  43 0.425 21.932 998.922
  44 0.435 21.71 1069.97
  45 0.445 21.75 1092.43
  46 0.455 21.468 1033.22
  47 0.465 21.338 1045.79
  48 0.475 21.056 1046.62
  49 0.485 20.426 1001.97
  50 0.495 19.24 1089.5
  51 0.505 19.468 1135.29
  52 0.515 20.238 1121.27
  53 0.525 21.124 1073.04
  54 0.535 21.394 1070.99
  55 0.545 21.382 1112.64
  56 0.555 21.684 1054.8
  57 0.565 21.916 1038.41
  58 0.575 21.9 1035.24
  59 0.585 21.816 1011.72
  60 0.595 21.416 996.653
  61 0.605 20.288 999.394
  62 0.615 19.566 1007.65
  63 0.625 20.14 954.738
  64 0.635 21.154 951.074
  65 0.645 21.666 949.759
  66 0.655 21.84 937.087
  67 0.665 21.926 900.539
  68 0.675 21.842 859.929
  69 0.685 21.522 882.375
  70 0.695 21.58 867.16
  71 0.705 21.482 855.032
  72 0.715 21.168 896.129
  73 0.725 20.504 934.301
  74 0.735 19.316 916.451
  75 0.745 19.414 960.278
  76 0.755 20.07 963.566
  77 0.765 21.174 968.739
  78 0.775 21.38 1001.43
  79 0.785 21.47 909.133
  80 0.795 21.682 916.324
  81 0.805 21.718 885.151
  82 0.815 21.862 903.673
  83 0.825 22.02 817.709
  84 0.835 21.722 841.109
  85 0.845 21.602 831.951
  86 0.855 20.908 776.745
  87 0.865 19.694 796.322
  88 0.875 19.554 811.317
  89 0.885 20.94 824.16
  90 0.895 21.612 846.295
  91 0.905 21.914 854.429
  92 0.915 21.94 854.867
  93 0.925 21.862 847.571
  94 0.935 21.748 842.691
  95 0.945 21.512 818.764
  96 0.955 21.586 825.146
  97 0.965 21.444 791.436
  98 0.975 21.406 762.394
  99 0.985 20.366 737.141
  100 0.995 19.304 734.756
115000 100 2112
  1 0.005 19.322 749.654
  2 0.015 20.556 712.093
  3 0.025 21.3 727.262
  4 0.035 21.5 784.607
  5 0.045 21.36 800.62
  6 0.055 21.614 806.267
  7 0.065 21.738 762.302
  8 0.075 21.898 828.039
  9 0.085 21.952 840.03
  10 0.095 21.954 839.933
  11 0.105 21.592 837.291
  12 0.115 21.216 799.754
  13 0.125 19.63 822.6
  14 0.135 19.602 851.209
  15 0.145 20.66 882.58
  16 0.155 21.396 877.784
  17 0.165 21.956 885.165
  18 0.175 21.928 940.019
  19 0.185 21.824 891.935
  20 0.195 21.794 914.769
  21 0.205 21.764 902.116
  22 0.215 21.366 892.619
  23 0.225 21.52 917.818
  24 0.235 21.116 906.027
  25 0.245 20.302 908.556
  26 0.255 19.49 977.875
  27 0.265 19.062 960.605
  28 0.275 20.37 951.579
  29 0.285 21.162 963.709
  30 0.295 21.468 933.244
  31 0.305 21.582 921.155
  32 0.315 21.508 945.552
  33 0.325 21.866 901.618
  34 0.335 21.918 886.349
  35 0.345 21.97 912.803
  36 0.355 21.802 953.235
  37 0.365 21.074 976.124
  38 0.375 19.874 989.545
  39 0.385 19.298 1034.83
  40 0.395 20.642 1041.13
  41 0.405 21.368 1070.77
  42 0.415 21.884 1042.7
  43 0.425 21.938 1047.79
  44 0.435 21.828 1036.21
  45 0.445 21.59 1039.75
  46 0.455 21.48 1087.69
  47 0.465 21.428 1121.36
  48 0.475 20.882 1098.11
  49 0.485 20.388 1077.16
  50 0.495 19.234 1015.15
  51 0.505 19.42 1018.7
  52 0.515 20.478 995.397
  53 0.525 21.028 990.906
  54 0.535 21.52 1024.99
  55 0.545 21.43 1044.43
  56 0.555 21.704 1072.75
  57 0.565 21.852 1072.28
  58 0.575 21.83 1048.29
  59 0.585 21.892 1011.52
  60 0.595 21.524 1037.28
  61 0.605 20.814 1017.24
  62 0.615 19.576 1046.83
  63 0.625 19.79 1016.3
  64 0.635 20.82 1017.6
  65 0.645 21.686 1022.06
  66 0.655 21.86 981.257
  67 0.665 21.948 921.823
  68 0.675 21.814 909.152
  69 0.685 21.55 910.071
  70 0.695 21.518 960.2
  71 0.705 21.59 941.736
  72 0.715 21.182 925.885
  73 0.725 20.402 967.778
  74 0.735 19.362 909.506
  75 0.745 19.194 947.395
  76 0.755 20.256 935.608
  77 0.765 21.078 912.276
  78 0.775 21.548 882.145
  79 0.785 21.38 915.693
  80 0.795 21.558 850.256
  81 0.805 21.822 868.684
  82 0.815 21.858 833.809
  83 0.825 21.96 834.555
  84 0.835 21.984 792.147
  85 0.845 21.524 817.454
  86 0.855 20.33 822.123
  87 0.865 19.508 834.436
  88 0.875 20.016 872.462
  89 0.885 20.94 868.198
  90 0.895 21.792 814.657
  91 0.905 21.846 816.32
  92 0.915 21.996 805.396
  93 0.925 21.894 772.248
  94 0.935 21.726 772.735
  95 0.945 21.608 770.465
  96 0.955 21.41 793.599
  97 0.965 21.476 768.08
  98 0.975 21.17 789.627
  99 0.985 20.232 777.311
  100 0.995 19.338 778.151
120000 100 2111.9999999999995
  1 0.005 19.346 774.493
  2 0.015 20.364 730.895
  3 0.025 21.144 739.323
  4 0.035 21.558 730.312
  5 0.045 21.458 754.852
  6 0.055 21.576 775.492
  7 0.065 21.748 758.845
  8 0.075 21.774 797.908
  9 0.085 21.968 821.903
  10 0.095 21.882 847.081
  11 0.105 21.838 821.517
  12 0.115 21.172 830.468
  13 0.125 20.024 892.491
  14 0.135 19.708 864.866
  15 0.145 20.076 853.691
  16 0.155 21.334 842.964
  17 0.165 21.928 882.734
  18 0.175 21.928 945.53
  19 0.185 21.924 1008.63
  20 0.195 21.768 980.783
  21 0.205 21.516 955.315
  22 0.215 21.534 904.574
  23 0.225 21.364 935.315
  24 0.235 21.106 906.073
  25 0.245 20.034 864.127
  26 0.255 19.114 908.79
  27 0.265 19.738 918.058
  28 0.275 20.5 937.555
  29 0.285 21.174 891.239
  30 0.295 21.508 906.871
  31 0.305 21.444 985.041
  32 0.315 21.674 993.827
  33 0.325 21.794 967.88
  34 0.335 21.93 979.408
  35 0.345 21.902 924.552
  36 0.355 21.816 944.49
  37 0.365 21.116 941.606
  38 0.375 19.842 942.667
  39 0.385 19.412 1011.18
  40 0.395 20.446 1015.06
  41 0.405 21.47 965.908
  42 0.415 21.954 997.754
  43 0.425 21.878 1004.28
  44 0.435 21.962 1026.14
  45 0.445 21.6 1058.48
  46 0.455 21.416 1114.16
  47 0.465 21.5 1051.59
  48 0.475 21.23 1063.36
  49 0.485 20.38 1099.14
  50 0.495 19.34 1044.39
  51 0.505 19.154 1124.48
  52 0.515 20.266 1061.79
  53 0.525 20.942 1102.86
  54 0.535 21.526 1082.47
  55 0.545 21.402 1113.82
  56 0.555 21.612 1096.71
  57 0.565 21.91 1071.6
  58 0.575 21.864 1052.9
  59 0.585 21.788 1041.69
  60 0.595 21.346 1058.21
  61 0.605 20.32 1034.58
  62 0.615 19.47 1014.96
  63 0.625 19.932 1013.97
  64 0.635 21.348 1027.04
  65 0.645 21.814 968.812
  66 0.655 21.918 939.841
  67 0.665 21.864 889.835
  68 0.675 21.794 920.835
  69 0.685 21.668 936.379
  70 0.695 21.416 945.233
  71 0.705 21.398 884.301
  72 0.715 21.29 873.496
  73 0.725 20.334 880.266
  74 0.735 19.414 910.597
  75 0.745 19.16 917.953
  76 0.755 20.316 902.657
  77 0.765 21.106 921.334
  78 0.775 21.576 885.78
  79 0.785 21.674 855.493
  80 0.795 21.454 898.33
  81 0.805 21.72 925.495
  82 0.815 21.908 905.383
  83 0.825 21.976 850.654
  84 0.835 21.88 873.85
  85 0.845 21.456 829.298
  86 0.855 20.796 777.743
  87 0.865 19.258 790.541
  88 0.875 19.892 822.434
  89 0.885 20.992 857.558
  90 0.895 21.75 816.729
  91 0.905 21.96 808.943
  92 0.915 21.928 758.844
  93 0.925 21.794 822.579
  94 0.935 21.832 781.081
  95 0.945 21.588 811.651
  96 0.955 21.514 799.158
  97 0.965 21.43 796.166
  98 0.975 21.16 764.221
  99 0.985 20.446 752.228
  100 0.995 19.432 741.103
125000 100 2112
  1 0.005 19.426 705.57
  2 0.015 20.198 728.103
  3 0.025 21.148 740.559
  4 0.035 21.432 784.897
  5 0.045 21.618 741.666
  6 0.055 21.458 788.373
  7 0.065 21.74 791.867
  8 0.075 21.828 806.921
  9 0.085 21.962 781.562
  10 0.095 21.99 778.973
  11 0.105 21.778 788.525
  12 0.115 21.2 816.758
  13 0.125 20.224 814.173
  14 0.135 19.35 854.244
  15 0.145 20.346 852.372
  16 0.155 21.338 832.463
  17 0.165 21.776 835.616
  18 0.175 21.928 837.936
  19 0.185 21.9 899.506
  20 0.195 21.832 931.82
  21 0.205 21.598 984.963
  22 0.215 21.43 955.554
  23 0.225 21.486 944.929
  24 0.235 21.09 945.788
  25 0.245 20.406 945.477
  26 0.255 19.268 953.513
  27 0.265 19.446 920.043
  28 0.275 20.314 899.494
  29 0.285 21.206 892.522
  30 0.295 21.338 928.137
  31 0.305 21.45 934.574
  32 0.315 21.65 966.007
  33 0.325 21.79 957.875
  34 0.335 21.954 1010.12
  35 0.345 21.888 1027.74
  36 0.355 21.822 1007.44
  37 0.365 20.776 959.427
  38 0.375 19.806 1009.67
  39 0.385 19.482 992.002
  40 0.395 20.664 1009.25
  41 0.405 21.716 999.679
  42 0.415 21.73 1007.28
  43 0.425 21.926 1067.27
  44 0.435 21.734 1074.91
  45 0.445 21.784 1080.24
  46 0.455 21.518 1063.37
  47 0.465 21.372 1033.36
  48 0.475 21.028 1057.96
  49 0.485 20.524 1057.11
  50 0.495 19.118 1080.37
  51 0.505 19.458 1047.57
  52 0.515 20.228 1022.54
  53 0.525 21.026 1026.13
  54 0.535 21.478 1028.08
  55 0.545 21.464 1035.76
  56 0.555 21.664 1074.59
  57 0.565 21.838 1082.15
  58 0.575 21.858 1071.01
  59 0.585 21.86 1136.57
  60 0.595 21.2 1101.08
  61 0.605 20.48 1034.76
  62 0.615 19.49 1040.32
  63 0.625 20.266 962.049
  64 0.635 20.942 1008.27
  65 0.645 21.778 974.891
  66 0.655 21.918 930.153
  67 0.665 21.964 893.312
  68 0.675 21.668 932.792
  69 0.685 21.67 965.345
  70 0.695 21.466 977.957
  71 0.705 21.422 932.156
  72 0.715 21.132 949.436
  73 0.725 20.152 930.01
  74 0.735 19.496 894.902
  75 0.745 19.238 860.423
  76 0.755 20.394 932.209
  77 0.765 21.222 910.033
  78 0.775 21.508 948.921
  79 0.785 21.412 888.441
  80 0.795 21.69 877.33
  81 0.805 21.798 932.08
  82 0.815 21.884 899.321
  83 0.825 21.938 889.182
  84 0.835 21.862 873.771
  85 0.845 21.406 864.732
  86 0.855 20.328 821.702
  87 0.865 19.624 830.923
  88 0.875 19.738 830.17
  89 0.885 21.42 855.455
  90 0.895 21.65 842.781
  91 0.905 21.946 838.735
  92 0.915 21.946 818.632
  93 0.925 21.886 835.809
  94 0.935 21.682 810.567
  95 0.945 21.612 792.635
  96 0.955 21.472 741.648
  97 0.965 21.5 709.215
  98 0.975 21.162 712.518
  99 0.985 20.526 720.25
  100 0.995 19.452 700.863
130000 100 2112
  1 0.005 19.532 727.044
  2 0.015 20.39 725.369
  3 0.025 21.24 722.393
  4 0.035 21.534 747.188
  5 0.045 21.58 742.002
  6 0.055 21.462 770.968
  7 0.065 21.786 770.955
  8 0.075 21.854 737.284
  9 0.085 21.958 775.12
  10 0.095 21.922 832.556
  11 0.105 21.562 799.065
  12 0.115 21.22 832.424
  13 0.125 20.034 814.065
  14 0.135 19.544 818.017
  15 0.145 20.456 846.399
  16 0.155 21.368 877.379
  17 0.165 21.866 890.143
  18 0.175 21.97 919.907
  19 0.185 21.888 867.252
  20 0.195 21.778 847.066
  21 0.205 21.634 850.305
  22 0.215 21.492 870.461
  23 0.225 21.46 900.239
  24 0.235 21.172 921.314
  25 0.245 20.294 943.236
  26 0.255 19.422 873.049
  27 0.265 19.206 907.755
  28 0.275 20.392 936.039
  29 0.285 21.212 918.882
  30 0.295 21.36 943.432
  31 0.305 21.506 984.441
  32 0.315 21.564 983.108
  33 0.325 21.794 1003.38
  34 0.335 21.902 948.3
  35 0.345 21.958 938.162
  36 0.355 21.812 972.203
  37 0.365 21.152 927.162
  38 0.375 19.622 996.944
  39 0.385 19.408 1040
  40 0.395 20.656 1005.74
  41 0.405 21.51 1021.43
  42 0.415 21.844 982.835
  43 0.425 21.894 997.371
  44 0.435 21.792 1008.35
  45 0.445 21.732 1069.11
  46 0.455 21.46 1071.18
  47 0.465 21.384 1083.98
  48 0.475 21.06 1035.46
  49 0.485 20.118 1104.44
  50 0.495 19.576 1114.6
  51 0.505 19.332 1162.03
  52 0.515 20.144 1190.69
  53 0.525 21.186 1169.7
  54 0.535 21.372 1210.83
  55 0.545 21.538 1081.97
  56 0.555 21.616 1072.56
  57 0.565 21.94 994.474
  58 0.575 21.858 1019.59
  59 0.585 21.86 969.302
  60 0.595 21.348 992.315
  61 0.605 20.532 1026.95
  62 0.615 19.566 1016.88
  63 0.625 19.698 943.087
  64 0.635 21.258 967.437
  65 0.645 21.748 916.635
  66 0.655 21.918 972.755
  67 0.665 21.992 946.304
  68 0.675 21.72 964.792
  69 0.685 21.668 954.558
  70 0.695 21.588 960.879
  71 0.705 21.382 961.665
  72 0.715 21.068 996.545
  73 0.725 20.428 990.759
  74 0.735 19.282 1013.04
  75 0.745 19.428 984.492
  76 0.755 20.218 949.876
  77 0.765 21.116 851.055
  78 0.775 21.554 849.509
  79 0.785 21.398 868.102
  80 0.795 21.61 863.19
  81 0.805 21.832 858.117
  82 0.815 21.81 823.535
  83 0.825 21.96 894.052
  84 0.835 21.8 915.779
  85 0.845 21.66 888.691
  86 0.855 20.254 876.361
  87 0.865 19.612 821.052
  88 0.875 19.99 828.502
  89 0.885 21.058 806.478
  90 0.895 21.666 808.164
  91 0.905 21.954 794.222
  92 0.915 21.942 823.399
  93 0.925 21.82 839.992
  94 0.935 21.726 845.505
  95 0.945 21.52 815.457
  96 0.955 21.604 751.335
  97 0.965 21.468 778.917
  98 0.975 20.952 820.218
  99 0.985 20.304 773.511
  100 0.995 19.37 774.263
135000 100 2112.0000000000005
  1 0.005 19.414 774.017
  2 0.015 20.564 802.345
  3 0.025 21.23 763.246
  4 0.035 21.552 741.131
  5 0.045 21.566 772.92
  6 0.055 21.482 777.475
  7 0.065 21.822 740.104
  8 0.075 21.846 736.36
  9 0.085 21.97 717.044
  10 0.095 21.896 726.441
  11 0.105 21.718 777.347
  12 0.115 21.168 767.848
  13 0.125 19.864 839.534
  14 0.135 19.634 805.367
  15 0.145 20.514 880.961
  16 0.155 21.39 883.31
  17 0.165 21.774 839.111
  18 0.175 21.978 894.41
  19 0.185 21.882 896.615
  20 0.195 21.68 897.246
  21 0.205 21.596 934.599
  22 0.215 21.59 898.498
  23 0.225 21.43 878.116
  24 0.235 20.992 917.295
  25 0.245 20.292 923.844
  26 0.255 19.17 912.523
  27 0.265 19.58 926.715
  28 0.275 20.358 875.456
  29 0.285 21.32 852.287
  30 0.295 21.354 908.003
  31 0.305 21.632 965.964
  32 0.315 21.476 981.202
  33 0.325 21.846 908.52
  34 0.335 21.928 962.641
  35 0.345 21.906 958.988
  36 0.355 21.74 1013.98
  37 0.365 20.984 1004.76
  38 0.375 20.198 976.025
  39 0.385 19.58 980.457
  40 0.395 20.434 1032.48
  41 0.405 21.322 1035.55
  42 0.415 21.768 1035.58
  43 0.425 21.904 1035.25
  44 0.435 21.866 1000.43
  45 0.445 21.63 1081.73
  46 0.455 21.732 1139.91
  47 0.465 21.212 1109.83
  48 0.475 21.146 1187.95
  49 0.485 20.198 1154.6
  50 0.495 19.632 1136.13
  51 0.505 19.214 1136.71
  52 0.515 20.154 1076.68
  53 0.525 20.992 1066.77
  54 0.535 21.372 1134.1
  55 0.545 21.554 1089
  56 0.555 21.708 998.353
  57 0.565 21.738 1023
  58 0.575 21.942 1012.35
  59 0.585 21.846 1008.3
  60 0.595 21.298 1001.07
  61 0.605 20.604 986.636
  62 0.615 19.526 982.367
  63 0.625 19.998 1024.79
  64 0.635 20.91 1008.96
  65 0.645 21.87 993.972
  66 0.655 21.856 979.588
  67 0.665 21.934 1030.87
  68 0.675 21.83 998.914
  69 0.685 21.58 922.053
  70 0.695 21.444 934.338
  71 0.705 21.442 934.164
  72 0.715 21.166 882.488
  73 0.725 20.364 908.207
  74 0.735 19.436 881.327
  75 0.745 19.294 898.489
  76 0.755 20.308 916.548
  77 0.765 21.152 899.031
  78 0.775 21.526 887.988
  79 0.785 21.448 938.048
  80 0.795 21.538 923.35
  81 0.805 21.732 885.744
  82 0.815 21.95 873.165
  83 0.825 21.958 852.433
  84 0.835 21.856 840.202
  85 0.845 21.502 872.59
  86 0.855 20.376 877.251
  87 0.865 19.922 812.391
  88 0.875 19.684 865.351
  89 0.885 21.052 914.207
  90 0.895 21.616 880.039
  91 0.905 21.952 834.395
  92 0.915 21.938 839.386
  93 0.925 21.868 783.764
  94 0.935 21.75 784.553
  95 0.945 21.452 766.92
  96 0.955 21.54 797.135
  97 0.965 21.434 779.005
  98 0.975 21.114 762.027
  99 0.985 20.226 779.975
  100 0.995 19.274 814.113
140000 100 2112
  1 0.005 19.504 747.543
  2 0.015 20.534 724.516
  3 0.025 21.344 737.235
  4 0.035 21.544 746.208
  5 0.045 21.612 757.127
  6 0.055 21.448 743.899
  7 0.065 21.748 763.521
  8 0.075 21.888 761.745
  9 0.085 21.938 779.297
  10 0.095 21.938 764.304
  11 0.105 21.756 762.187
  12 0.115 21.21 788.296
  13 0.125 20.018 809.301
  14 0.135 19.446 856.573
  15 0.145 20.574 839.827
  16 0.155 21.192 920.641
  17 0.165 21.898 875.679
  18 0.175 21.874 939.125
  19 0.185 21.894 953.113
  20 0.195 21.788 904.378
  21 0.205 21.7 889.78
  22 0.215 21.498 879.974
  23 0.225 21.438 915.681
  24 0.235 21.212 920.912
  25 0.245 20.286 894.939
  26 0.255 19.654 859.722
  27 0.265 19.326 874.609
  28 0.275 20.204 897.403
  29 0.285 21.02 895.56
  30 0.295 21.506 875.069
  31 0.305 21.49 932.456
  32 0.315 21.546 940.562
  33 0.325 21.744 962.828
  34 0.335 21.858 954.53
  35 0.345 21.896 1060.68
  36 0.355 21.844 1022.08
  37 0.365 21.002 1044.84
  38 0.375 19.906 1075.84
  39 0.385 19.88 989.681
  40 0.395 20.388 1064.98
  41 0.405 21.132 1077.32
  42 0.415 21.914 1052.58
  43 0.425 21.854 1048.66
  44 0.435 21.814 1018.8
  45 0.445 21.62 980.594
  46 0.455 21.576 1056.43
  47 0.465 21.384 1040.85
  48 0.475 21.102 1065.69
  49 0.485 20.048 1080
  50 0.495 19.526 1129.42
  51 0.505 19.466 1110.08
  52 0.515 20.284 1085.77
  53 0.525 21.116 1068.49
  54 0.535 21.27 1073.45
  55 0.545 21.472 1099.02
  56 0.555 21.652 1082
  57 0.565 21.858 1043.22
  58 0.575 21.974 1053.56
  59 0.585 21.808 1104.83
  60 0.595 21.468 1024.8
  61 0.605 20.542 998.478
  62 0.615 19.636 1023.92
  63 0.625 19.83 1009.17
  64 0.635 21.144 990.219
  65 0.645 21.622 951.406
  66 0.655 21.844 960.612
  67 0.665 21.868 986.605
  68 0.675 21.75 967.932
  69 0.685 21.628 958.188
  70 0.695 21.628 959.777
  71 0.705 21.402 949.997
  72 0.715 21.172 963.157
  73 0.725 20.282 967.216
  74 0.735 19.29 945.634
  75 0.745 19.452 935.941
  76 0.755 20.126 948.871
  77 0.765 21.25 907.613
  78 0.775 21.35 902.409
  79 0.785 21.594 876.244
  80 0.795 21.624 888.304
  81 0.805 21.75 913.791
  82 0.815 21.928 918.98
  83 0.825 21.946 870.34
  84 0.835 21.83 826.538
  85 0.845 21.218 838.758
  86 0.855 20.21 830.357
  87 0.865 19.65 834.29
  88 0.875 20.22 804.368
  89 0.885 21.064 778.696
  90 0.895 21.842 771.016
  91 0.905 21.956 770.456
  92 0.915 21.978 774.734
  93 0.925 21.708 795.646
  94 0.935 21.746 818.002
  95 0.945 21.496 828.384
  96 0.955 21.582 772.087
  97 0.965 21.494 786.912
  98 0.975 20.874 799.155
  99 0.985 20.06 806.358
  100 0.995 19.53 791.83
145000 100 2112
  1 0.005 19.634 795.78
  2 0.015 20.312 817.769
  3 0.025 21.136 752.872
  4 0.035 21.562 744.455
  5 0.045 21.368 754.429
  6 0.055 21.796 725.512
  7 0.065 21.548 740.688
  8 0.075 21.928 756.801
  9 0.085 21.95 754.338
  10 0.095 21.93 822.155
  11 0.105 21.824 793.853
  12 0.115 21.194 777.386
  13 0.125 19.956 838.46
  14 0.135 19.542 863.162
  15 0.145 20.388 864.551
  16 0.155 21.346 827.903
  17 0.165 21.81 840.023
  18 0.175 21.942 822.793
  19 0.185 21.878 855.734
  20 0.195 21.762 899.971
  21 0.205 21.706 866.735
  22 0.215 21.426 836.888
  23 0.225 21.444 910.129
  24 0.235 21.276 874.706
  25 0.245 20.364 898.377
  26 0.255 19.124 918.12
  27 0.265 19.504 925.929
  28 0.275 20.354 914.948
  29 0.285 21.028 884.472
  30 0.295 21.48 922.797
  31 0.305 21.448 907.922
  32 0.315 21.65 945.162
  33 0.325 21.752 972.129
  34 0.335 21.888 956.713
  35 0.345 21.976 968.234
  36 0.355 21.694 1032.83
  37 0.365 21.232 995.439
  38 0.375 20.096 1033.7
  39 0.385 19.54 1022.91
  40 0.395 20.236 1016.52
  41 0.405 21.426 1009.6
  42 0.415 21.77 1005.56
  43 0.425 21.878 1069.21
  44 0.435 21.842 1110.43
  45 0.445 21.678 1111.33
  46 0.455 21.41 1137.21
  47 0.465 21.5 1108.51
  48 0.475 20.948 1122
  49 0.485 20.316 1133.71
  50 0.495 19.308 1145.32
  51 0.505 19.46 1142.01
  52 0.515 20.234 1063.89
  53 0.525 21.086 1036.99
  54 0.535 21.414 1019.01
  55 0.545 21.6 1032.58
  56 0.555 21.536 1068.37
  57 0.565 21.924 1031.66
  58 0.575 21.828 1065.65
  59 0.585 21.94 972.144
  60 0.595 21.354 1020.67
  61 0.605 20.334 1038.81
  62 0.615 19.986 1008.71
  63 0.625 19.672 1026.5
  64 0.635 21.06 1030.57
  65 0.645 21.69 1017.25
  66 0.655 21.894 985.766
  67 0.665 21.902 988.508
  68 0.675 21.758 968.761
  69 0.685 21.65 933.589
  70 0.695 21.48 955.767
  71 0.705 21.458 917.759
  72 0.715 20.968 906.282
  73 0.725 20.13 933.75
  74 0.735 19.29 939.606
  75 0.745 19.406 1016.03
  76 0.755 20.616 939.99
  77 0.765 21.29 903.443
  78 0.775 21.324 901.492
  79 0.785 21.602 898.221
  80 0.795 21.474 909.679
  81 0.805 21.94 876.243
  82 0.815 21.864 880.306
  83 0.825 21.928 875.459
  84 0.835 21.876 842.521
  85 0.845 21.292 815.71
  86 0.855 20.464 850.963
  87 0.865 19.66 839.836
  88 0.875 20.044 819.731
  89 0.885 21.118 863.222
  90 0.895 21.584 858.029
  91 0.905 21.96 850.251
  92 0.915 21.912 788.929
  93 0.925 21.876 814.122
  94 0.935 21.788 786.263
  95 0.945 21.486 733.292
  96 0.955 21.49 740.979
  97 0.965 21.482 782.616
  98 0.975 20.92 836.185
  99 0.985 20.34 785.628
  100 0.995 19.516 825.753
150000 100 2112
  1 0.005 19.426 784.432
  2 0.015 20.548 734.384
  3 0.025 21.168 820.502
  4 0.035 21.484 778.447
  5 0.045 21.464 801.915
  6 0.055 21.662 784.895
  7 0.065 21.69 761.056
  8 0.075 21.914 752.229
  9 0.085 21.92 752.794
  10 0.095 21.942 752.251
  11 0.105 21.772 750.468
  12 0.115 21.07 779.584
  13 0.125 19.98 801.674
  14 0.135 19.738 832.177
  15 0.145 20.314 866.104
  16 0.155 21.34 841.223
  17 0.165 21.846 834.283
  18 0.175 21.972 827.182
  19 0.185 21.902 882.046
  20 0.195 21.808 888.408
  21 0.205 21.578 882.86
  22 0.215 21.496 920.901
  23 0.225 21.508 854.966
  24 0.235 21.374 877.849
  25 0.245 20.568 843.125
  26 0.255 19.26 881.387
  27 0.265 19.306 945.921
  28 0.275 20.028 942.315
  29 0.285 21.102 946.531
  30 0.295 21.442 940.991
  31 0.305 21.436 1001.22
  32 0.315 21.516 978.436
  33 0.325 21.894 935.17
  34 0.335 21.856 919.878
  35 0.345 21.908 916.27
  36 0.355 21.822 893.372
  37 0.365 21.28 928.513
  38 0.375 19.974 1045.27
  39 0.385 19.58 1050
  40 0.395 20.026 1025.42
  41 0.405 21.514 1019.28
  42 0.415 21.806 996.93
  43 0.425 21.898 1089.03
  44 0.435 21.906 1053.5
  45 0.445 21.672 1099.35
  46 0.455 21.384 1094.61
  47 0.465 21.508 1121.22
  48 0.475 20.964 1108.95
  49 0.485 20.194 1154.53
  50 0.495 19.342 1130.68
  51 0.505 19.416 1118.49
  52 0.515 20.192 1169.03
  53 0.525 21.148 1132.46
  54 0.535 21.454 1106.85
  55 0.545 21.546 1052.24
  56 0.555 21.73 1079.02
  57 0.565 21.786 1079.89
  58 0.575 21.858 1098.55
  59 0.585 21.88 1011.66
  60 0.595 21.464 1015.21
  61 0.605 20.282 1044.68
  62 0.615 19.722 1059.28
  63 0.625 19.754 1021.73
  64 0.635 21.206 984.011
  65 0.645 21.838 961.943
  66 0.655 21.798 925.247
  67 0.665 21.922 936.654
  68 0.675 21.774 961.252
  69 0.685 21.614 1010.88
  70 0.695 21.512 1006.29
  71 0.705 21.44 979.258
  72 0.715 21.188 965.435
  73 0.725 20.35 974.69
  74 0.735 19.152 956.862
  75 0.745 19.32 899.213
  76 0.755 20.33 933.572
  77 0.765 21.266 877.417
  78 0.775 21.582 813.364
  79 0.785 21.452 876.464
  80 0.795 21.576 900.127
  81 0.805 21.818 913.537
  82 0.815 21.862 904.62
  83 0.825 21.866 872.212
  84 0.835 21.902 889.135
  85 0.845 21.368 853.613
  86 0.855 20.226 869.111
  87 0.865 19.578 817.112
  88 0.875 19.882 873.683
  89 0.885 21.336 829.178
  90 0.895 21.786 835.333
  91 0.905 21.97 812.285
  92 0.915 21.952 792.758
  93 0.925 21.796 783.858
  94 0.935 21.646 777.511
  95 0.945 21.732 789.102
  96 0.955 21.374 835.637
  97 0.965 21.476 767.286
  98 0.975 21.086 756.177
  99 0.985 20.252 745.347
  100 0.995 19.438 744.882
155000 100 2111.9999999999995
  1 0.005 19.348 753.67
  2 0.015 20.162 755.039
  3 0.025 21.23 752.992
  4 0.035 21.554 766.681
  5 0.045 21.47 777.12
  6 0.055 21.518 803.996
  7 0.065 21.706 793.126
  8 0.075 21.812 811.679
  9 0.085 21.984 802.951
  10 0.095 21.94 784.916
  11 0.105 21.64 823.263
  12 0.115 21.196 829.568
  13 0.125 19.986 855.876
  14 0.135 19.9 838.623
  15 0.145 20.172 849.883
  16 0.155 21.436 816.326
  17 0.165 21.76 861.2
  18 0.175 21.884 878.382
  19 0.185 21.92 864.913
  20 0.195 21.764 843.098
  21 0.205 21.714 859.676
  22 0.215 21.37 908.034
  23 0.225 21.46 965.461
  24 0.235 21.346 921.237
  25 0.245 20.154 876.45
  26 0.255 19.194 921.443
  27 0.265 19.404 923.884
  28 0.275 20.318 949.583
  29 0.285 21.162 945.105
  30 0.295 21.446 965.511
  31 0.305 21.468 957.69
  32 0.315 21.698 959.15
  33 0.325 21.754 956.932
  34 0.335 21.906 969.219
  35 0.345 21.954 931.502
  36 0.355 21.764 933.243
  37 0.365 21.08 940.878
  38 0.375 19.982 958.12
  39 0.385 19.252 973.729
  40 0.395 20.674 968.225
  41 0.405 21.44 962.733
  42 0.415 21.89 949.433
  43 0.425 21.856 924.499
  44 0.435 21.872 973.676
  45 0.445 21.73 1012.13
  46 0.455 21.398 1060.98
  47 0.465 21.524 1094.24
  48 0.475 21.1 1118.32
  49 0.485 20.554 1085.69
  50 0.495 19.304 1119.37
  51 0.505 19.314 1116.64
  52 0.515 20.176 1121.54
  53 0.525 20.966 1117.95
  54 0.535 21.236 1103.37
  55 0.545 21.622 1048.11
  56 0.555 21.694 1108.41
  57 0.565 21.644 1128.26
  58 0.575 21.982 1131.5
  59 0.585 21.69 1117.74
  60 0.595 21.532 1067.68
  61 0.605 20.582 1032.69
  62 0.615 19.634 1045.49
  63 0.625 19.904 1058.67
  64 0.635 20.834 1061.14
  65 0.645 21.868 1033.96
  66 0.655 21.866 962.299
  67 0.665 21.954 948.38
  68 0.675 21.726 957.804
  69 0.685 21.638 932.001
  70 0.695 21.434 922.747
  71 0.705 21.424 939.743
  72 0.715 21.244 922.912
  73 0.725 20.274 949.833
  74 0.735 19.088 920.885
  75 0.745 19.422 892.263
  76 0.755 20.4 952.083
  77 0.765 21.214 936.001
  78 0.775 21.392 933.227
  79 0.785 21.56 954.425
  80 0.795 21.69 957.281
  81 0.805 21.786 957.203
  82 0.815 21.868 920.781
  83 0.825 21.946 878.463
  84 0.835 21.858 841.983
  85 0.845 21.098 842.365
  86 0.855 20.152 862.209
  87 0.865 19.566 859.437
  88 0.875 20.22 823.153
  89 0.885 21.296 827.529
  90 0.895 21.824 808.8
  91 0.905 21.97 802.758
  92 0.915 21.92 797.759
  93 0.925 21.854 790.497
  94 0.935 21.714 781.614
  95 0.945 21.584 785.795
  96 0.955 21.55 752.725
  97 0.965 21.546 729.86
  98 0.975 21.132 726.976
  99 0.985 20.312 757.338
  100 0.995 19.65 746.264
160000 100 2112
  1 0.005 19.552 763.155
  2 0.015 20.3 731.104
  3 0.025 21.164 735.023
  4 0.035 21.57 753.961
  5 0.045 21.444 787.868
  6 0.055 21.522 794.896
  7 0.065 21.76 795.04
  8 0.075 21.888 824.429
  9 0.085 21.904 809.645
  10 0.095 21.952 777.427
  11 0.105 21.562 796.414
  12 0.115 20.974 807.632
  13 0.125 19.916 839.989
  14 0.135 19.78 861.745
  15 0.145 20.716 850.374
  16 0.155 21.39 875.544
  17 0.165 21.766 875.883
  18 0.175 21.934 856.256
  19 0.185 21.838 883.503
  20 0.195 21.822 888.447
  21 0.205 21.532 886.343
  22 0.215 21.494 938.379
  23 0.225 21.544 914.778
  24 0.235 21.202 894.859
  25 0.245 20.292 931.159
  26 0.255 19.268 914.384
  27 0.265 19.34 912.803
  28 0.275 20.248 970.542
  29 0.285 21.248 972.494
  30 0.295 21.44 960.308
  31 0.305 21.414 968.268
  32 0.315 21.646 886.9
  33 0.325 21.856 927.447
  34 0.335 21.862 917.374
  35 0.345 21.922 918.466
  36 0.355 21.71 964.783
  37 0.365 21.122 992.872
  38 0.375 20.07 990.039
  39 0.385 19.818 1003.49
  40 0.395 20.298 975.185
  41 0.405 21.294 998.101
  42 0.415 21.714 1045.35
  43 0.425 21.834 1055.86
  44 0.435 21.866 1068.96
  45 0.445 21.82 1035.71
  46 0.455 21.302 1105.48
  47 0.465 21.49 1041.78
  48 0.475 21.104 1052.26
  49 0.485 20.476 1052.72
  50 0.495 19.548 1080.82
  51 0.505 19.39 1142.83
  52 0.515 19.97 1160.93
  53 0.525 20.986 1152.61
  54 0.535 21.374 1095.59
  55 0.545 21.436 1082.64
  56 0.555 21.672 1045.66
  57 0.565 21.82 995.152
  58 0.575 21.932 1004.23
  59 0.585 21.874 1004.56
  60 0.595 21.322 1020.54
  61 0.605 20.538 1033.18
  62 0.615 19.658 1091.79
  63 0.625 19.898 1056.37
  64 0.635 21.048 1052.21
  65 0.645 21.704 1043.37
  66 0.655 21.876 968.955
  67 0.665 21.872 970.708
  68 0.675 21.744 987.255
  69 0.685 21.616 936.182
  70 0.695 21.556 948.14
  71 0.705 21.378 938.473
  72 0.715 21.288 947.725
  73 0.725 20.29 927.365
  74 0.735 19.13 947.355
  75 0.745 19.332 938.466
  76 0.755 20.352 908.545
  77 0.765 21.348 858.423
  78 0.775 21.492 928.925
  79 0.785 21.448 891.748
  80 0.795 21.538 898.931
  81 0.805 21.864 829.99
  82 0.815 21.868 857.547
  83 0.825 21.936 892.825
  84 0.835 21.884 886.486
  85 0.845 21.304 837.238
  86 0.855 20.56 865.926
  87 0.865 19.718 888.062
  88 0.875 19.886 833.55
  89 0.885 20.914 833.142
  90 0.895 21.834 829.389
  91 0.905 21.91 822.131
  92 0.915 21.932 812.51
  93 0.925 21.82 781.231
  94 0.935 21.816 809.771
  95 0.945 21.568 781.184
  96 0.955 21.488 772.381
  97 0.965 21.504 788.244
  98 0.975 21.11 790.62
  99 0.985 20.058 759.822
  100 0.995 19.616 770.473
165000 100 2112
  1 0.005 19.954 719.162
  2 0.015 20.638 733.956
  3 0.025 21.188 771.377
  4 0.035 21.626 739.328
  5 0.045 21.454 774.511
  6 0.055 21.586 777.677
  7 0.065 21.778 767.87
  8 0.075 21.898 784.475
  9 0.085 21.93 805.127
  10 0.095 21.974 783.543
  11 0.105 21.514 792.019
  12 0.115 20.524 849.988
  13 0.125 20.092 812.385
  14 0.135 19.79 791.49
  15 0.145 20.912 782.176
  16 0.155 21.464 793.158
  17 0.165 21.828 784.773
  18 0.175 21.858 849.272
  19 0.185 21.934 904.615
  20 0.195 21.658 969.081
  21 0.205 21.732 915.687
  22 0.215 21.546 931.639
  23 0.225 21.474 924.843
  24 0.235 21.184 955.541
  25 0.245 20.364 931.611
  26 0.255 19.272 941.414
  27 0.265 19.288 969.533
  28 0.275 20.208 940.277
  29 0.285 21.282 927.458
  30 0.295 21.392 908.968
  31 0.305 21.518 929.131
  32 0.315 21.626 960.862
  33 0.325 21.74 975.684
  34 0.335 21.896 891.47
  35 0.345 21.944 923.35
  36 0.355 21.7 952.989
  37 0.365 21.24 990.632
  38 0.375 20.17 980.522
  39 0.385 19.424 1036.47
  40 0.395 20.55 998.512
  41 0.405 21.138 1058.68
  42 0.415 21.808 1008.89
  43 0.425 21.916 975.549
  44 0.435 21.808 1066.3
  45 0.445 21.796 1044.93
  46 0.455 21.458 1071.61
  47 0.465 21.448 1101.01
  48 0.475 21.116 1098.71
  49 0.485 20.274 1191.91
  50 0.495 19.624 1116.07
  51 0.505 19.222 1159.25
  52 0.515 20.192 1108.87
  53 0.525 20.958 1079.91
  54 0.535 21.368 1063.16
  55 0.545 21.408 994.151
  56 0.555 21.856 998.386
  57 0.565 21.676 1100.31
  58 0.575 21.948 1099.85
  59 0.585 21.83 1047.92
  60 0.595 21.514 1062.02
  61 0.605 20.33 1113.2
  62 0.615 20.034 1027.09
  63 0.625 19.904 1026.03
  64 0.635 20.87 973.03
  65 0.645 21.54 957.857
  66 0.655 21.9 909.103
  67 0.665 21.878 902.307
  68 0.675 21.776 961.396
  69 0.685 21.62 958.711
  70 0.695 21.606 904.789
  71 0.705 21.484 948.133
  72 0.715 21.216 986.193
  73 0.725 20.392 973.692
  74 0.735 19.274 967.431
  75 0.745 19.04 910.705
  76 0.755 20.424 920.08
  77 0.765 21.02 931.196
  78 0.775 21.59 903.104
  79 0.785 21.384 906.55
  80 0.795 21.698 930.39
  81 0.805 21.758 926.126
  82 0.815 21.856 893.044
  83 0.825 21.968 867.69
  84 0.835 21.742 887.852
  85 0.845 21.428 837.973
  86 0.855 19.962 856.38
  87 0.865 19.596 830.922
  88 0.875 20.332 831.459
  89 0.885 21.118 877.483
  90 0.895 21.852 802.206
  91 0.905 21.97 800.932
  92 0.915 21.88 824.452
  93 0.925 21.822 845.482
  94 0.935 21.65 805.333
  95 0.945 21.594 780.122
  96 0.955 21.474 789.881
  97 0.965 21.39 776.154
  98 0.975 20.856 782.577
  99 0.985 19.858 766.385
  100 0.995 19.406 727.194
170000 100 2112
  1 0.005 19.774 769.222
  2 0.015 20.66 726.931
  3 0.025 21.134 724.66
  4 0.035 21.602 686.223
  5 0.045 21.63 748.69
  6 0.055 21.492 803.557
  7 0.065 21.696 752.028
  8 0.075 21.944 811.611
  9 0.085 21.858 825.829
  10 0.095 21.852 808.467
  11 0.105 21.608 799.893
  12 0.115 20.932 796.11
  13 0.125 19.884 788.55
  14 0.135 19.964 780.422
  15 0.145 20.69 794.722
  16 0.155 21.38 820.153
  17 0.165 21.732 805.796
  18 0.175 21.952 837.139
  19 0.185 21.836 864.53
  20 0.195 21.8 834.281
  21 0.205 21.72 867.228
  22 0.215 21.408 860.587
  23 0.225 21.468 866.588
  24 0.235 21.126 880.337
  25 0.245 20.522 876.445
  26 0.255 19.54 901.874
  27 0.265 19.132 925.654
  28 0.275 20.29 912.234
  29 0.285 21.098 931.572
  30 0.295 21.362 952.269
  31 0.305 21.51 997.389
  32 0.315 21.55 1070.69
  33 0.325 21.766 1000.46
  34 0.335 21.976 999.709
  35 0.345 21.874 1025.42
  36 0.355 21.626 1035.92
  37 0.365 20.91 989.457
  38 0.375 19.952 991.192
  39 0.385 19.52 1011.33
  40 0.395 20.724 997
  41 0.405 21.522 984.176
  42 0.415 21.782 979.426
  43 0.425 21.944 1010.34
  44 0.435 21.764 1058.49
  45 0.445 21.596 1002.08
  46 0.455 21.69 1026.97
  47 0.465 21.422 1064.19
  48 0.475 21.27 1067.79
  49 0.485 20.526 1052.11
  50 0.495 19.472 1059.44
  51 0.505 19.398 1126.08
  52 0.515 20.036 1130.38
  53 0.525 20.792 1117.97
  54 0.535 21.296 1125.33
  55 0.545 21.51 1051.27
  56 0.555 21.718 983.935
  57 0.565 21.718 1042.51
  58 0.575 21.962 1019.07
  59 0.585 21.752 1069
  60 0.595 21.468 1058.6
  61 0.605 20.488 1072.25
  62 0.615 19.938 1056.06
  63 0.625 19.848 1067.94
  64 0.635 21 1020.17
  65 0.645 21.512 997.586
  66 0.655 21.932 1008.66
  67 0.665 21.822 987.731
  68 0.675 21.742 957.695
  69 0.685 21.604 953.922
  70 0.695 21.582 953.043
  71 0.705 21.384 964.387
  72 0.715 21.266 911.285
  73 0.725 20.408 902.771
  74 0.735 19.256 915.895
  75 0.745 19.232 913.529
  76 0.755 20.314 946.732
  77 0.765 21.124 899.887
  78 0.775 21.548 926.119
  79 0.785 21.506 904.28
  80 0.795 21.568 868.106
  81 0.805 21.776 904.233
  82 0.815 21.936 916.925
  83 0.825 21.882 914.352
  84 0.835 21.888 879.933
  85 0.845 21.318 917.95
  86 0.855 20.36 873.338
  87 0.865 19.534 858.387
  88 0.875 20.26 847.184
  89 0.885 21.12 857.64
  90 0.895 21.586 842.235
  91 0.905 21.93 857.338
  92 0.915 21.958 835.183
  93 0.925 21.774 836.131
  94 0.935 21.782 818.693
  95 0.945 21.576 816.349
  96 0.955 21.368 830.418
  97 0.965 21.49 797.865
  98 0.975 21 777.626
  99 0.985 19.952 804.646
  100 0.995 19.304 772.507
175000 100 2112
  1 0.005 19.73 782.914
  2 0.015 20.416 790.233
  3 0.025 21.202 818.586
  4 0.035 21.502 821.383
  5 0.045 21.538 776.392
  6 0.055 21.622 757.182
  7 0.065 21.762 789.321
  8 0.075 21.86 803.24
  9 0.085 21.942 782.974
  10 0.095 21.832 780.896
  11 0.105 21.438 821.788
  12 0.115 20.836 781.807
  13 0.125 20.174 768.457
  14 0.135 20.03 810.378
  15 0.145 20.656 809.279
  16 0.155 21.27 812.405
  17 0.165 21.782 822.439
  18 0.175 21.872 853.918
  19 0.185 21.888 823.15
  20 0.195 21.832 848.35
  21 0.205 21.598 847.744
  22 0.215 21.604 792.298
  23 0.225 21.536 818.922
  24 0.235 21.21 847.182
  25 0.245 20.57 814.041
  26 0.255 19.606 866.156
  27 0.265 19.25 908.783
  28 0.275 19.972 887.813
  29 0.285 21.044 910.376
  30 0.295 21.446 938.847
  31 0.305 21.468 913.695
  32 0.315 21.65 948.276
  33 0.325 21.594 1000.61
  34 0.335 21.914 977.199
  35 0.345 21.858 990.456
  36 0.355 21.782 956.736
  37 0.365 21.322 984.091
  38 0.375 19.97 1062.13
  39 0.385 19.708 1000.54
  40 0.395 20.462 995.394
  41 0.405 21.03 1072.18
  42 0.415 21.74 1087.1
  43 0.425 21.956 1057.09
  44 0.435 21.786 1052.56
  45 0.445 21.634 1067
  46 0.455 21.542 1042.07
  47 0.465 21.444 1019.28
  48 0.475 20.98 1050.91
  49 0.485 20.09 1090.38
  50 0.495 19.56 1078.11
  51 0.505 19.734 1067.15
  52 0.515 20.118 1098.15
  53 0.525 21.02 1076.33
  54 0.535 21.292 1093.29
  55 0.545 21.602 1071.03
  56 0.555 21.58 1069.45
  57 0.565 21.896 1053.52
  58 0.575 21.832 1054.56
  59 0.585 21.676 1024.97
  60 0.595 21.392 1065.27
  61 0.605 20.178 1072.52
  62 0.615 20.008 1167.1
  63 0.625 20.196 1102.39
  64 0.635 21.044 1029.35
  65 0.645 21.622 1061.02
  66 0.655 21.802 987.289
  67 0.665 21.892 974.168
  68 0.675 21.734 993.033
  69 0.685 21.608 908.704
  70 0.695 21.594 913.097
  71 0.705 21.296 973.784
  72 0.715 21.218 1010.35
  73 0.725 19.928 984.076
  74 0.735 19.432 930.777
  75 0.745 19.554 907.065
  76 0.755 20.294 850.041
  77 0.765 21.278 829.303
  78 0.775 21.642 850.983
  79 0.785 21.296 876.637
  80 0.795 21.706 865.022
  81 0.805 21.794 845.597
  82 0.815 21.848 871.167
  83 0.825 21.958 875.784
  84 0.835 21.836 879.786
  85 0.845 21.216 947.62
  86 0.855 20.6 858.6
  87 0.865 20.056 870.263
  88 0.875 19.918 840.978
  89 0.885 20.872 851.121
  90 0.895 21.562 882.277
  91 0.905 21.892 905.446
  92 0.915 21.9 902.722
  93 0.925 21.868 913.397
  94 0.935 21.694 887.117
  95 0.945 21.56 866.624
  96 0.955 21.496 840.078
  97 0.965 21.37 763.863
  98 0.975 20.98 792.253
  99 0.985 19.988 755.341
  100 0.995 19.618 786.374
180000 100 2112
  1 0.005 19.738 784.847
  2 0.015 20.016 809.844
  3 0.025 20.792 814.492
  4 0.035 21.474 852.144
  5 0.045 21.444 792.403
  6 0.055 21.668 825.323
  7 0.065 21.67 844.185
  8 0.075 21.82 840.562
  9 0.085 21.86 836.845
  10 0.095 21.74 827.508
  11 0.105 21.446 871.48
  12 0.115 20.824 845.517
  13 0.125 20.506 828.98
  14 0.135 20.356 818.099
  15 0.145 20.35 808.143
  16 0.155 21.222 780.704
  17 0.165 21.566 832.764
  18 0.175 21.956 811.606
  19 0.185 21.854 807.369
  20 0.195 21.818 840.108
  21 0.205 21.578 799.122
  22 0.215 21.526 817.918
  23 0.225 21.442 817.27
  24 0.235 21.27 813.581
  25 0.245 20.432 814.132
  26 0.255 19.304 850.516
  27 0.265 19.332 869.69
  28 0.275 20.232 874.969
  29 0.285 21.134 920.923
  30 0.295 21.398 961.175
  31 0.305 21.508 964.888
  32 0.315 21.598 990.075
  33 0.325 21.798 961.914
  34 0.335 21.872 1018.16
  35 0.345 21.88 1055.01
  36 0.355 21.61 1024.94
  37 0.365 20.896 1015.28
  38 0.375 19.858 1000.05
  39 0.385 19.726 1022.99
  40 0.395 20.55 1025.89
  41 0.405 21.564 1012.06
  42 0.415 21.846 1003.95
  43 0.425 21.866 1014.13
  44 0.435 21.73 1016.94
  45 0.445 21.738 982.822
  46 0.455 21.48 1034.54
  47 0.465 21.454 1101.11
  48 0.475 20.976 1080.96
  49 0.485 20.096 1005.81
  50 0.495 19.702 1052.25
  51 0.505 19.798 1112.94
  52 0.515 20.18 1122.28
  53 0.525 20.812 1103.84
  54 0.535 21.314 1117.1
  55 0.545 21.664 1112.77
  56 0.555 21.636 1152.95
  57 0.565 21.718 1085.21
  58 0.575 21.84 1084.25
  59 0.585 21.724 1067.7
  60 0.595 21.186 1083.24
  61 0.605 20.628 1025.78
  62 0.615 20.17 1036.88
  63 0.625 20.124 1066.37
  64 0.635 20.876 1030.22
  65 0.645 21.434 994.233
  66 0.655 21.842 1035.35
  67 0.665 21.846 982.953
  68 0.675 21.764 1001.25
  69 0.685 21.576 987.596
  70 0.695 21.536 981.843
  71 0.705 21.454 978.843
  72 0.715 21.176 920.513
  73 0.725 20.162 878.844
  74 0.735 19.472 916.225
  75 0.745 19.274 880.887
  76 0.755 20.422 921.628
  77 0.765 21.154 950.806
  78 0.775 21.42 981.69
  79 0.785 21.494 952.716
  80 0.795 21.702 967.833
  81 0.805 21.72 920.423
  82 0.815 21.94 886.022
  83 0.825 21.898 864.878
  84 0.835 21.774 835.637
  85 0.845 21.264 849.969
  86 0.855 20.236 841.567
  87 0.865 20.002 805.177
  88 0.875 20.264 792.808
  89 0.885 20.942 786.321
  90 0.895 21.59 768.273
  91 0.905 21.944 774.032
  92 0.915 21.932 790.015
  93 0.925 21.878 805.779
  94 0.935 21.73 762.459
  95 0.945 21.714 765.076
  96 0.955 21.53 783.607
  97 0.965 21.402 836.263
  98 0.975 21.122 824.93
  99 0.985 20.488 779.425
  100 0.995 19.716 835.689
185000 100 2112.0000000000005
  1 0.005 19.884 752.578
  2 0.015 20.406 738.258
  3 0.025 21.216 732.108
  4 0.035 21.44 767.236
  5 0.045 21.528 815.598
  6 0.055 21.708 834.224
  7 0.065 21.698 814.496
  8 0.075 21.808 834.967
  9 0.085 21.892 827.207
  10 0.095 21.72 761.654
  11 0.105 21.18 771.116
  12 0.115 20.682 783.285
  13 0.125 20.352 795.872
  14 0.135 20.218 841.934
  15 0.145 20.892 811.385
  16 0.155 21.348 793.526
  17 0.165 21.76 800.2
  18 0.175 21.86 799.187
  19 0.185 21.856 771.26
  20 0.195 21.74 826.335
  21 0.205 21.634 837.203
  22 0.215 21.542 829.653
  23 0.225 21.504 838.965
  24 0.235 21.192 847.84
  25 0.245 20.594 873.53
  26 0.255 19.284 879.025
  27 0.265 19.264 915.697
  28 0.275 20.3 859.527
  29 0.285 21.106 912.886
  30 0.295 21.43 933.614
  31 0.305 21.362 969.425
  32 0.315 21.724 1049.07
  33 0.325 21.752 1045.63
  34 0.335 21.872 974.872
  35 0.345 21.84 1015.37
  36 0.355 21.708 987.717
  37 0.365 21.026 1051.44
  38 0.375 20.218 1071.97
  39 0.385 19.816 1082.52
  40 0.395 20.178 1081.95
  41 0.405 21.372 1028.23
  42 0.415 21.758 1031.01
  43 0.425 21.874 1021.45
  44 0.435 21.782 1002.27
  45 0.445 21.794 1003.95
  46 0.455 21.476 1047.93
  47 0.465 21.464 1032.29
  48 0.475 20.974 1055.85
  49 0.485 20.35 1077.73
  50 0.495 19.786 1059.02
  51 0.505 19.65 1080.57
  52 0.515 19.928 1083.45
  53 0.525 20.908 1077.96
  54 0.535 21.196 1118.46
  55 0.545 21.58 1109.04
  56 0.555 21.576 1107.86
  57 0.565 21.804 1069.31
  58 0.575 21.878 1007.85
  59 0.585 21.718 1038.92
  60 0.595 21.306 1022.42
  61 0.605 20.402 1077.33
  62 0.615 20.038 1038.43
  63 0.625 20.228 1057.27
  64 0.635 20.882 1033.32
  65 0.645 21.478 1009.55
  66 0.655 21.91 952.695
  67 0.665 21.774 949.044
  68 0.675 21.89 998.275
  69 0.685 21.578 993.508
  70 0.695 21.484 997.375
  71 0.705 21.508 922.106
  72 0.715 21.136 919.987
  73 0.725 20.678 906.17
  74 0.735 19.408 888.994
  75 0.745 19.254 902.112
  76 0.755 20.004 941.2
  77 0.765 21.288 896.839
  78 0.775 21.422 934.688
  79 0.785 21.356 930.997
  80 0.795 21.696 898.31
  81 0.805 21.786 960.955
  82 0.815 21.79 970.431
  83 0.825 21.946 922.829
  84 0.835 21.796 902.146
  85 0.845 21.368 891.126
  86 0.855 20.7 823.885
  87 0.865 19.854 820.46
  88 0.875 19.792 839.796
  89 0.885 20.914 847
  90 0.895 21.652 822.784
  91 0.905 21.92 806.803
  92 0.915 21.938 796.888
  93 0.925 21.854 748.287
  94 0.935 21.66 790.959
  95 0.945 21.67 806.379
  96 0.955 21.408 847.703
  97 0.965 21.338 850.429
  98 0.975 20.684 884.117
  99 0.985 19.974 848.693
  100 0.995 19.834 770.695
190000 100 2112
  1 0.005 20.014 802.961
  2 0.015 20.53 786.623
  3 0.025 21.3 772.359
  4 0.035 21.456 789.661
  5 0.045 21.542 771.569
  6 0.055 21.698 761.619
  7 0.065 21.8 768.056
  8 0.075 21.84 801.553
  9 0.085 21.834 798.558
  10 0.095 21.66 814.018
  11 0.105 21.31 754.179
  12 0.115 20.636 774.202
  13 0.125 20.186 771.246
  14 0.135 20.47 761.227
  15 0.145 20.884 769.136
  16 0.155 21.326 744.864
  17 0.165 21.672 744.739
  18 0.175 21.882 769.546
  19 0.185 21.94 790.812
  20 0.195 21.74 790.658
  21 0.205 21.608 805.703
  22 0.215 21.608 817.154
  23 0.225 21.48 864.164
  24 0.235 21.204 907.353
  25 0.245 20.516 918.485
  26 0.255 19.608 942.121
  27 0.265 19.312 927.206
  28 0.275 20.242 950.604
  29 0.285 20.884 989.734
  30 0.295 21.36 997.714
  31 0.305 21.452 1071.5
  32 0.315 21.594 998.203
  33 0.325 21.764 946.882
  34 0.335 21.814 911.6
  35 0.345 21.93 962.392
  36 0.355 21.61 932.257
  37 0.365 21.22 1009.6
  38 0.375 20.224 994.53
  39 0.385 19.876 1025.02
  40 0.395 20.158 1072.55
  41 0.405 21.294 993.422
  42 0.415 21.68 1073.56
  43 0.425 21.872 1065.2
  44 0.435 21.812 1089.37
  45 0.445 21.726 1028.44
  46 0.455 21.526 1038.41
  47 0.465 21.358 1025.57
  48 0.475 21.066 1086.49
  49 0.485 20.34 1106.11
  50 0.495 19.704 1086.18
  51 0.505 19.77 1112.99
  52 0.515 19.994 1111.16
  53 0.525 20.806 1072.74
  54 0.535 21.272 1093.73
  55 0.545 21.544 1115.51
  56 0.555 21.636 1065.18
  57 0.565 21.626 1103.65
  58 0.575 21.882 996.219
  59 0.585 21.556 1072.9
  60 0.595 21.432 980.313
  61 0.605 21.006 998.639
  62 0.615 20.306 1065.56
  63 0.625 20.074 1010.92
  64 0.635 20.69 1001.09
  65 0.645 21.142 1029.42
  66 0.655 21.808 981.35
  67 0.665 21.838 948.466
  68 0.675 21.79 936.247
  69 0.685 21.724 906.538
  70 0.695 21.55 896.481
  71 0.705 21.494 934.425
  72 0.715 21.09 932.538
  73 0.725 20.484 936.998
  74 0.735 19.762 910.991
  75 0.745 19.372 927.111
  76 0.755 20.08 959.978
  77 0.765 20.732 987.376
  78 0.775 21.402 961.796
  79 0.785 21.53 949.009
  80 0.795 21.686 922.919
  81 0.805 21.644 982.632
  82 0.815 21.86 891.801
  83 0.825 21.972 857.386
  84 0.835 21.594 853.913
  85 0.845 21.188 831.628
  86 0.855 20.006 871.652
  87 0.865 20.3 857.715
  88 0.875 20.236 902.479
  89 0.885 20.956 892.257
  90 0.895 21.724 864.546
  91 0.905 21.956 838.272
  92 0.915 21.872 863.864
  93 0.925 21.866 840.201
  94 0.935 21.598 844.064
  95 0.945 21.65 864.056
  96 0.955 21.384 877.782
  97 0.965 21.134 804.189
  98 0.975 20.59 816.14
  99 0.985 19.884 795.598
  100 0.995 19.946 779.133
195000 100 2112
  1 0.005 19.766 744.414
  2 0.015 20.528 773.624
  3 0.025 21.126 765.641
  4 0.035 21.534 782.733
  5 0.045 21.502 739.549
  6 0.055 21.61 785.034
  7 0.065 21.75 820.33
  8 0.075 21.812 815.932
  9 0.085 21.916 774.973
  10 0.095 21.798 769.18
  11 0.105 21.494 747.712
  12 0.115 20.852 800.667
  13 0.125 20.122 810.6
  14 0.135 20.244 824.335
  15 0.145 20.644 809.598
  16 0.155 21.184 837.016
  17 0.165 21.756 798.089
  18 0.175 21.864 814.943
  19 0.185 21.956 788.387
  20 0.195 21.744 780.443
  21 0.205 21.68 811.612
  22 0.215 21.538 811.681
  23 0.225 21.322 859.928
  24 0.235 21.256 824.107
  25 0.245 20.444 834.292
  26 0.255 19.458 886.948
  27 0.265 19.618 901.721
  28 0.275 20.128 938.848
  29 0.285 20.96 961.088
  30 0.295 21.252 965.025
  31 0.305 21.588 1002.73
  32 0.315 21.518 1069.5
  33 0.325 21.776 1037.83
  34 0.335 21.932 1001.38
  35 0.345 21.892 1046.77
  36 0.355 21.736 1082.04
  37 0.365 20.97 1088.45
  38 0.375 20.08 1012.73
  39 0.385 19.834 976.876
  40 0.395 20.138 986.105
  41 0.405 21.528 1014.23
  42 0.415 21.728 1004.21
  43 0.425 21.91 1029.1
  44 0.435 21.782 1072.32
  45 0.445 21.746 1085.97
  46 0.455 21.47 1114.48
  47 0.465 21.282 1100.16
  48 0.475 21.17 1079.12
  49 0.485 20.186 1108.48
  50 0.495 19.974 1104.26
  51 0.505 19.68 1096.55
  52 0.515 20.03 1080.07
  53 0.525 20.824 1064.36
  54 0.535 21.28 1054.68
  55 0.545 21.444 1034.48
  56 0.555 21.688 1006.94
  57 0.565 21.73 1013.69
  58 0.575 21.732 956.528
  59 0.585 21.728 987.362
  60 0.595 21.32 966.971
  61 0.605 20.806 994.863
  62 0.615 20.348 1032.95
  63 0.625 19.924 1024.65
  64 0.635 20.758 1017.12
  65 0.645 21.32 1009.71
  66 0.655 21.822 999.297
  67 0.665 21.916 978.002
  68 0.675 21.83 967.743
  69 0.685 21.48 952.729
  70 0.695 21.64 918.888
  71 0.705 21.404 912.155
  72 0.715 20.978 949.397
  73 0.725 20.144 1006.5
  74 0.735 19.554 950.388
  75 0.745 19.57 965.424
  76 0.755 20.346 959.955
  77 0.765 21.074 932.272
  78 0.775 21.38 931.238
  79 0.785 21.612 937.572
  80 0.795 21.424 974.153
  81 0.805 21.904 971.455
  82 0.815 21.858 945.321
  83 0.825 21.928 900.424
  84 0.835 21.776 914.831
  85 0.845 21.258 869.254
  86 0.855 20.108 844.631
  87 0.865 20.088 801.037
  88 0.875 19.956 797.477
  89 0.885 21.088 769.347
  90 0.895 21.804 788.7
  91 0.905 21.94 811.09
  92 0.915 21.864 902.718
  93 0.925 21.82 906.614
  94 0.935 21.568 913.73
  95 0.945 21.634 841.451
  96 0.955 21.582 834.183
  97 0.965 21.12 850.609
  98 0.975 20.732 822.821
  99 0.985 20.254 767.514
  100 0.995 19.834 742.909
200000 100 2111.9999999999995
  1 0.005 19.708 803.003
  2 0.015 20.14 752.364
  3 0.025 21.112 711.222
  4 0.035 21.44 732.457
  5 0.045 21.612 763.612
  6 0.055 21.6 730.614
  7 0.065 21.676 777.088
  8 0.075 21.828 763.082
  9 0.085 21.918 790.807
  10 0.095 21.786 804.457
  11 0.105 21.576 810.685
  12 0.115 21.144 805.579
  13 0.125 20.406 790.483
  14 0.135 20.196 788.406
  15 0.145 20.446 796.484
  16 0.155 20.872 852.073
  17 0.165 21.602 867.059
  18 0.175 21.96 854.173
  19 0.185 21.778 871.537
  20 0.195 21.978 842.916
  21 0.205 21.558 828.764
  22 0.215 21.576 815.733
  23 0.225 21.464 857.218
  24 0.235 21.374 858.465
  25 0.245 20.448 928.574
  26 0.255 19.908 918.47
  27 0.265 19.536 951.55
  28 0.275 19.626 968.137
  29 0.285 20.82 1003.43
  30 0.295 21.286 1014.24
  31 0.305 21.516 968.131
  32 0.315 21.524 1030.24
  33 0.325 21.788 997.237
  34 0.335 21.914 1014.19
  35 0.345 21.78 1066.68
  36 0.355 21.682 1086.41
  37 0.365 20.9 1040.12
  38 0.375 19.822 1030.98
  39 0.385 19.87 1008.3
  40 0.395 20.456 1007.23
  41 0.405 21.488 1091.07
  42 0.415 21.86 1037.54
  43 0.425 21.886 1002.82
  44 0.435 21.834 994.8
  45 0.445 21.576 1065.21
  46 0.455 21.324 1055.13
  47 0.465 21.458 1027.56
  48 0.475 20.586 1059.63
  49 0.485 20.178 1106.66
  50 0.495 19.628 1136.28
  51 0.505 19.828 1099.89
  52 0.515 20.316 1053.59
  53 0.525 20.974 1049.31
  54 0.535 21.484 1090.32
  55 0.545 21.664 1070.46
  56 0.555 21.594 1009.38
  57 0.565 21.798 997.03
  58 0.575 21.728 990.059
  59 0.585 21.548 994.824
  60 0.595 21.076 1002.36
  61 0.605 20.42 994.86
  62 0.615 20.312 969.982
  63 0.625 20.36 944.103
  64 0.635 20.994 966.982
  65 0.645 21.624 971.771
  66 0.655 21.836 1015.86
  67 0.665 21.78 1030.02
  68 0.675 21.79 1022.44
  69 0.685 21.634 1046.85
  70 0.695 21.452 1003.07
  71 0.705 21.406 970.572
  72 0.715 21.116 941.94
  73 0.725 20.242 883.881
  74 0.735 19.71 892.975
  75 0.745 19.446 865.488
  76 0.755 20.344 904.96
  77 0.765 21.024 908.759
  78 0.775 21.42 925.134
  79 0.785 21.412 855.547
  80 0.795 21.702 864.321
  81 0.805 21.744 879.106
  82 0.815 21.9 881.201
  83 0.825 21.9 895.057
  84 0.835 21.796 910.742
  85 0.845 21.43 945.969
  86 0.855 20.608 914.011
  87 0.865 19.776 898.926
  88 0.875 19.704 873.79
  89 0.885 21.12 855.089
  90 0.895 21.616 900.93
  91 0.905 21.892 893.061
  92 0.915 21.972 859.216
  93 0.925 21.88 805.855
  94 0.935 21.748 844.622
  95 0.945 21.51 813.887
  96 0.955 21.484 791.617
  97 0.965 21.334 771.489
  98 0.975 21.102 772.401
  99 0.985 20.176 800.068
  100 0.995 19.83 785.584
205000 100 2112.0000000000005
  1 0.005 19.714 763.189
  2 0.015 20.128 767.83
  3 0.025 20.9 736.9
  4 0.035 21.49 778.864
  5 0.045 21.614 753.426
  6 0.055 21.5 780.898
  7 0.065 21.61 778.457
  8 0.075 21.894 756.894
  9 0.085 21.856 801.865
  10 0.095 21.86 764.481
  11 0.105 21.476 801.003
  12 0.115 21.078 813.599
  13 0.125 20.518 816.912
  14 0.135 20.214 773.712
  15 0.145 20.306 820.225
  16 0.155 21.014 843.516
  17 0.165 21.652 854.717
  18 0.175 21.88 855.689
  19 0.185 21.912 869.781
  20 0.195 21.852 862.371
  21 0.205 21.49 858.782
  22 0.215 21.554 907.035
  23 0.225 21.41 886.204
  24 0.235 21.22 898.976
  25 0.245 20.22 913.027
  26 0.255 19.83 862.933
  27 0.265 19.478 893.504
  28 0.275 19.984 919.928
  29 0.285 21.046 940.775
  30 0.295 21.364 982.821
  31 0.305 21.468 995.387
  32 0.315 21.682 1030.47
  33 0.325 21.748 1113.73
  34 0.335 21.792 1117.65
  35 0.345 21.868 1067.18
  36 0.355 21.41 1057.26
  37 0.365 20.784 1082.91
  38 0.375 19.736 1088.78
  39 0.385 19.598 1085.25
  40 0.395 20.904 1043.68
  41 0.405 21.724 1078.28
  42 0.415 21.908 1084.95
  43 0.425 21.884 1065.9
  44 0.435 21.776 1083.2
  45 0.445 21.554 1014.19
  46 0.455 21.542 1021.72
  47 0.465 21.262 978.336
  48 0.475 21.078 960.116
  49 0.485 20.05 987.673
  50 0.495 19.646 1000.44
  51 0.505 19.804 1061.11
  52 0.515 20.238 1034.43
  53 0.525 20.93 1090.91
  54 0.535 21.422 1039.15
  55 0.545 21.522 1051.27
  56 0.555 21.668 1060.85
  57 0.565 21.812 1024.44
  58 0.575 21.828 1053.53
  59 0.585 21.622 1086.55
  60 0.595 21.312 1091.52
  61 0.605 20.332 1003.91
  62 0.615 20.046 984.569
  63 0.625 20.238 1005.13
  64 0.635 20.954 998.168
  65 0.645 21.608 950.337
  66 0.655 21.884 939.121
  67 0.665 21.83 962.538
  68 0.675 21.71 972.037
  69 0.685 21.704 962.975
  70 0.695 21.45 962.513
  71 0.705 21.518 916.98
  72 0.715 20.988 910.507
  73 0.725 20.298 959.921
  74 0.735 19.362 921.003
  75 0.745 19.612 903.796
  76 0.755 20.398 841.254
  77 0.765 21.068 832.771
  78 0.775 21.428 852.96
  79 0.785 21.542 831.877
  80 0.795 21.646 850.794
  81 0.805 21.696 874.195
  82 0.815 21.882 873.894
  83 0.825 21.918 918.552
  84 0.835 21.806 934.018
  85 0.845 21.558 944.824
  86 0.855 20.734 899.531
  87 0.865 19.474 903.671
  88 0.875 19.99 856.059
  89 0.885 20.702 855.159
  90 0.895 21.77 863.747
  91 0.905 21.948 874.099
  92 0.915 21.968 817.081
  93 0.925 21.742 841.285
  94 0.935 21.814 873.839
  95 0.945 21.56 843.546
  96 0.955 21.552 811.993
  97 0.965 21.358 834.914
  98 0.975 20.962 782.589
  99 0.985 20.37 791.685
  100 0.995 19.944 775.446
210000 100 2111.9999999999995
  1 0.005 19.776 729.812
  2 0.015 20.31 727.419
  3 0.025 20.804 783.11
  4 0.035 21.518 769.186
  5 0.045 21.604 765.188
  6 0.055 21.542 776.754
  7 0.065 21.836 776.492
  8 0.075 21.824 785.809
  9 0.085 21.848 788.059
  10 0.095 21.796 761.595
  11 0.105 21.622 802.062
  12 0.115 20.954 796.12
  13 0.125 20.138 813.463
  14 0.135 19.996 822.053
  15 0.145 20.472 806.118
  16 0.155 21.308 810.302
  17 0.165 21.768 813.067
  18 0.175 21.916 895.289
  19 0.185 21.912 900.815
  20 0.195 21.722 899.162
  21 0.205 21.532 919.42
  22 0.215 21.576 910.109
  23 0.225 21.572 895.654
  24 0.235 20.9 923.633
  25 0.245 20.484 937.495
  26 0.255 19.298 963.786
  27 0.265 19.322 958.936
  28 0.275 20.28 957.369
  29 0.285 21.146 974.02
  30 0.295 21.6 925.663
  31 0.305 21.452 931.839
  32 0.315 21.61 942.579
  33 0.325 21.85 941.271
  34 0.335 21.852 954.234
  35 0.345 21.916 1038.77
  36 0.355 21.674 1034.43
  37 0.365 21.12 1026.35
  38 0.375 19.708 1056.34
  39 0.385 19.914 1038.75
  40 0.395 20.434 1083.13
  41 0.405 21.264 1051.47
  42 0.415 21.908 1007.3
  43 0.425 21.892 1028.2
  44 0.435 21.872 1019.12
  45 0.445 21.56 1029.83
  46 0.455 21.606 1104.26
  47 0.465 21.192 1147.59
  48 0.475 20.852 1073.9
  49 0.485 20.228 1036.99
  50 0.495 20.062 985.176
  51 0.505 19.762 970.029
  52 0.515 20.022 1010.36
  53 0.525 20.894 1030.8
  54 0.535 21.272 1048.45
  55 0.545 21.526 1082.23
  56 0.555 21.652 1065.38
  57 0.565 21.77 1035.45
  58 0.575 21.91 1059.99
  59 0.585 21.656 1102.49
  60 0.595 21.402 1084.69
  61 0.605 20.732 1028.06
  62 0.615 19.862 1024.65
  63 0.625 20.044 1033.82
  64 0.635 20.882 992.555
  65 0.645 21.466 991.277
  66 0.655 21.812 981.699
  67 0.665 21.95 961.254
  68 0.675 21.79 918.693
  69 0.685 21.534 982.24
  70 0.695 21.598 1003.37
  71 0.705 21.432 1021.92
  72 0.715 21.148 984.159
  73 0.725 20.314 972.811
  74 0.735 19.474 952.498
  75 0.745 19.47 918.54
  76 0.755 20.178 879.268
  77 0.765 21.2 912.042
  78 0.775 21.186 962.35
  79 0.785 21.572 930.158
  80 0.795 21.64 923.202
  81 0.805 21.758 915.032
  82 0.815 21.872 874.554
  83 0.825 21.988 891.029
  84 0.835 21.798 899.282
  85 0.845 21.316 857.412
  86 0.855 20.492 854.436
  87 0.865 19.6 806.331
  88 0.875 20.09 783.008
  89 0.885 20.908 849.08
  90 0.895 21.808 812.068
  91 0.905 21.962 829.408
  92 0.915 21.92 824.69
  93 0.925 21.92 819.433
  94 0.935 21.632 833.152
  95 0.945 21.626 852.378
  96 0.955 21.458 819.848
  97 0.965 21.326 788.601
  98 0.975 20.832 793.154
  99 0.985 20.292 796.559
  100 0.995 19.91 750.408
215000 100 2112
  1 0.005 19.922 757.98
  2 0.015 20.304 733.969
  3 0.025 20.96 712.832
  4 0.035 21.508 753.695
  5 0.045 21.474 745.217
  6 0.055 21.766 744.733
  7 0.065 21.664 767.364
  8 0.075 21.924 822.934
  9 0.085 21.782 894.56
  10 0.095 21.842 880.208
  11 0.105 21.442 862.591
  12 0.115 20.852 844.236
  13 0.125 20.104 854.12
  14 0.135 20.094 815.164
  15 0.145 20.608 818.876
  16 0.155 21.304 839.076
  17 0.165 21.83 855.975
  18 0.175 21.95 870.757
  19 0.185 21.858 906.843
  20 0.195 21.84 861.387
  21 0.205 21.662 911.43
  22 0.215 21.45 908.691
  23 0.225 21.524 932.75
  24 0.235 21.088 929.817
  25 0.245 20.596 909.207
  26 0.255 19.358 895.071
  27 0.265 19.546 901.543
  28 0.275 20.016 893.88
  29 0.285 21.09 932.143
  30 0.295 21.418 995.213
  31 0.305 21.41 968.789
  32 0.315 21.634 931.242
  33 0.325 21.806 942.447
  34 0.335 21.812 979.91
  35 0.345 21.906 1051.4
  36 0.355 21.712 998.411
  37 0.365 21.25 1042.08
  38 0.375 20.398 974.903
  39 0.385 19.536 998.474
  40 0.395 20.234 976.094
  41 0.405 21.208 980.248
  42 0.415 21.658 1047.98
  43 0.425 21.936 1101.85
  44 0.435 21.812 1092.9
  45 0.445 21.686 1041.28
  46 0.455 21.668 1067.02
  47 0.465 21.154 1055.3
  48 0.475 21.144 1059.22
  49 0.485 20.512 1121.07
  50 0.495 19.826 1121.55
  51 0.505 19.392 1165.68
  52 0.515 19.942 1123.82
  53 0.525 20.85 1054.09
  54 0.535 21.398 1043.69
  55 0.545 21.468 1079.49
  56 0.555 21.632 1022.69
  57 0.565 21.844 1066.58
  58 0.575 21.77 1068.32
  59 0.585 21.75 1055.75
  60 0.595 21.422 1024.43
  61 0.605 20.922 1010.89
  62 0.615 19.902 1005.08
  63 0.625 19.698 995.596
  64 0.635 20.926 949.787
  65 0.645 21.592 1016.89
  66 0.655 21.772 1066.3
  67 0.665 21.844 991.638
  68 0.675 21.84 993.71
  69 0.685 21.634 996.76
  70 0.695 21.44 1066.96
  71 0.705 21.41 1059.01
  72 0.715 20.96 1033.08
  73 0.725 20.198 1059.08
  74 0.735 19.372 993.769
  75 0.745 19.51 942.841
  76 0.755 20.392 960.458
  77 0.765 21.164 928.591
  78 0.775 21.424 958.462
  79 0.785 21.526 935.31
  80 0.795 21.584 935.539
  81 0.805 21.824 860.871
  82 0.815 21.922 859.186
  83 0.825 21.974 829.294
  84 0.835 21.674 824.063
  85 0.845 21.026 848.469
  86 0.855 20.12 867.868
  87 0.865 19.638 853.177
  88 0.875 20.236 836.364
  89 0.885 21.482 815.129
  90 0.895 21.824 781.551
  91 0.905 21.936 779.132
  92 0.915 21.904 770.484
  93 0.925 21.774 762.066
  94 0.935 21.678 738.093
  95 0.945 21.546 735.606
  96 0.955 21.5 702.251
  97 0.965 21.216 695.991
  98 0.975 20.59 702.079
  99 0.985 20.35 741.631
  100 0.995 20.13 782.037
220000 100 2112
  1 0.005 19.422 642.892
  2 0.015 20.284 656.187
  3 0.025 21.148 686.753
  4 0.035 21.448 714.261
  5 0.045 21.508 753.564
  6 0.055 21.592 787.052
  7 0.065 21.74 793.503
  8 0.075 21.792 769.732
  9 0.085 21.91 794.578
  10 0.095 21.974 773.939
  11 0.105 21.7 815.343
  12 0.115 21.036 835.609
  13 0.125 20.198 842.412
  14 0.135 19.722 872.851
  15 0.145 20.49 864.347
  16 0.155 21.236 942.998
  17 0.165 21.684 936.98
  18 0.175 21.918 927.133
  19 0.185 21.86 900.255
  20 0.195 21.83 908.731
  21 0.205 21.544 933.168
  22 0.215 21.474 933.613
  23 0.225 21.504 919.278
  24 0.235 21.146 891.913
  25 0.245 20.17 914.636
  26 0.255 19.382 937.71
  27 0.265 19.24 905.804
  28 0.275 20.502 898.989
  29 0.285 21.164 915.034
  30 0.295 21.474 939.075
  31 0.305 21.618 953.521
  32 0.315 21.38 991.233
  33 0.325 21.896 965.935
  34 0.335 21.902 914.261
  35 0.345 21.898 950.041
  36 0.355 21.794 939.584
  37 0.365 21.204 1040.66
  38 0.375 19.96 1050.05
  39 0.385 19.634 1017.68
  40 0.395 20.56 1024.43
  41 0.405 21.088 1081.47
  42 0.415 21.814 1085.55
  43 0.425 21.85 1028.77
  44 0.435 21.886 1052.16
  45 0.445 21.734 1043.23
  46 0.455 21.486 1084.56
  47 0.465 21.512 1068.42
  48 0.475 20.772 1136.9
  49 0.485 20.52 1105.1
  50 0.495 20.034 1051.7
  51 0.505 19.432 1041.89
  52 0.515 20.062 1024.72
  53 0.525 20.668 1016.44
  54 0.535 21.404 1087.92
  55 0.545 21.548 1151.08
  56 0.555 21.474 1149.05
  57 0.565 21.808 1093.55
  58 0.575 21.904 1106.82
  59 0.585 21.652 1059.45
  60 0.595 21.566 1016.6
  61 0.605 20.678 998.4
  62 0.615 19.982 1061.58
  63 0.625 19.628 1051.38
  64 0.635 20.816 1006.86
  65 0.645 21.628 1002.02
  66 0.655 21.884 1056.53
  67 0.665 21.91 1049.21
  68 0.675 21.738 1042.92
  69 0.685 21.628 1075.78
  70 0.695 21.46 1021.94
  71 0.705 21.296 1016.29
  72 0.715 20.954 1022.96
  73 0.725 19.844 976.215
  74 0.735 19.198 902.348
  75 0.745 19.608 905.601
  76 0.755 20.73 882.052
  77 0.765 21.356 893.786
  78 0.775 21.328 857.384
  79 0.785 21.694 849.437
  80 0.795 21.588 912.634
  81 0.805 21.862 872.634
  82 0.815 21.922 920.634
  83 0.825 21.944 868.243
  84 0.835 21.622 863.752
  85 0.845 21.46 808.193
  86 0.855 20.214 803.173
  87 0.865 19.67 805.338
  88 0.875 20.09 838.748
  89 0.885 21.218 840.848
  90 0.895 21.782 830.61
  91 0.905 21.906 815.112
  92 0.915 21.94 818.508
  93 0.925 21.826 820.868
  94 0.935 21.786 786.55
  95 0.945 21.566 819.815
  96 0.955 21.468 791.307
  97 0.965 21.33 777.3
  98 0.975 21.1 713.063
  99 0.985 20.484 713.492
  100 0.995 19.71 686.162
225000 100 2112.0000000000005
  1 0.005 19.344 671.592
  2 0.015 20.388 678.781
  3 0.025 20.922 721.519
  4 0.035 21.472 781.03
  5 0.045 21.472 765.789
  6 0.055 21.594 773.817
  7 0.065 21.656 762.568
  8 0.075 21.878 791.652
  9 0.085 21.874 853.636
  10 0.095 21.95 860.308
  11 0.105 21.75 849.429
  12 0.115 21.284 835.385
  13 0.125 20.312 823.037
  14 0.135 20.106 789.089
  15 0.145 19.812 852.08
  16 0.155 21.194 907.806
  17 0.165 21.656 929.954
  18 0.175 21.842 929.584
  19 0.185 21.986 886.385
  20 0.195 21.74 889.259
  21 0.205 21.664 917.41
  22 0.215 21.448 899.949
  23 0.225 21.548 948.172
  24 0.235 21.238 886.381
  25 0.245 20.602 855.961
  26 0.255 19.426 904.417
  27 0.265 19.354 887.784
  28 0.275 20.022 864.265
  29 0.285 21.06 913.634
  30 0.295 21.4 914.568
  31 0.305 21.464 929.767
  32 0.315 21.568 918
  33 0.325 21.756 899.748
  34 0.335 21.902 986.585
  35 0.345 21.866 978.254
  36 0.355 21.848 927.889
  37 0.365 21.204 987.362
  38 0.375 20.24 1034.74
  39 0.385 19.578 1096.38
  40 0.395 20.104 1137.34
  41 0.405 21.236 1116.88
  42 0.415 21.82 1100.54
  43 0.425 21.842 1075.96
  44 0.435 21.84 1097.27
  45 0.445 21.626 1128.72
  46 0.455 21.47 1174.77
  47 0.465 21.334 1163.67
  48 0.475 20.844 1168.21
  49 0.485 20.312 1076.93
  50 0.495 19.244 1032.09
  51 0.505 19.65 1114.49
  52 0.515 20.186 1093.28
  53 0.525 21.23 1075.42
  54 0.535 21.478 1075.88
  55 0.545 21.488 1062.86
  56 0.555 21.752 1051.63
  57 0.565 21.724 1057.93
  58 0.575 21.892 1080
  59 0.585 21.586 1088.24
  60 0.595 21.12 1077.02
  61 0.605 20.338 1023.71
  62 0.615 19.664 1032.58
  63 0.625 20.354 1046.41
  64 0.635 21.296 1048.21
  65 0.645 21.712 1072.74
  66 0.655 21.874 1060.43
  67 0.665 21.908 1000.54
  68 0.675 21.788 1018.53
  69 0.685 21.552 956.948
  70 0.695 21.452 949.828
  71 0.705 21.442 982.953
  72 0.715 20.932 953.18
  73 0.725 19.932 973.624
  74 0.735 19.402 926.684
  75 0.745 19.514 928.69
  76 0.755 20.532 941.291
  77 0.765 21.322 924.832
  78 0.775 21.454 868.938
  79 0.785 21.608 886.202
  80 0.795 21.602 935.257
  81 0.805 21.796 887.819
  82 0.815 21.914 799.63
  83 0.825 21.964 794.29
  84 0.835 21.88 840.582
  85 0.845 21.348 886.895
  86 0.855 20.192 859.539
  87 0.865 19.806 830.121
  88 0.875 19.972 843.53
  89 0.885 21.21 785.559
  90 0.895 21.656 831.933
  91 0.905 21.914 804.066
  92 0.915 21.95 752.542
  93 0.925 21.846 754.007
  94 0.935 21.72 775.137
  95 0.945 21.606 780.796
  96 0.955 21.574 785.423
  97 0.965 21.44 759.287
  98 0.975 21.166 752.265
  99 0.985 20.574 693.591
  100 0.995 19.596 690.637
230000 100 2112
  1 0.005 19.548 698.168
  2 0.015 20.004 696.596
  3 0.025 20.946 723.811
  4 0.035 21.334 765.502
  5 0.045 21.454 754.797
  6 0.055 21.626 771.755
  7 0.065 21.698 798.9
  8 0.075 21.71 838.753
  9 0.085 21.904 856.489
  10 0.095 21.908 839.502
  11 0.105 21.844 832.818
  12 0.115 21.326 836.196
  13 0.125 20.224 872.967
  14 0.135 20.058 874.286
  15 0.145 19.876 898.11
  16 0.155 21.006 888.67
  17 0.165 21.732 914.112
  18 0.175 21.964 925.391
  19 0.185 21.848 833.141
  20 0.195 21.89 810.679
  21 0.205 21.548 845.677
  22 0.215 21.582 877.52
  23 0.225 21.458 906.993
  24 0.235 21.316 904.421
  25 0.245 20.354 926.276
  26 0.255 19.494 932.393
  27 0.265 19.21 919.669
  28 0.275 20.126 926.785
  29 0.285 21.014 934.996
  30 0.295 21.564 938.111
  31 0.305 21.416 979.752
  32 0.315 21.532 971.202
  33 0.325 21.886 978.914
  34 0.335 21.896 978.351
  35 0.345 21.876 948.035
  36 0.355 21.768 985.088
  37 0.365 20.924 974.779
  38 0.375 20 974.343
  39 0.385 19.974 1014.92
  40 0.395 20.29 1037.4
  41 0.405 21.39 1061.43
  42 0.415 21.596 1111.45
  43 0.425 21.88 1110.39
  44 0.435 21.828 1104.16
  45 0.445 21.546 1116.36
  46 0.455 21.544 1154.14
  47 0.465 21.25 1139.85
  48 0.475 20.876 1117.17
  49 0.485 20.036 1205.94
  50 0.495 19.564 1187
  51 0.505 19.63 1169.77
  52 0.515 20.502 1115.58
  53 0.525 20.976 1134.9
  54 0.535 21.396 1064.31
  55 0.545 21.582 1047.54
  56 0.555 21.708 1099.7
  57 0.565 21.88 1064.6
  58 0.575 21.874 1040.89
  59 0.585 21.744 1045.24
  60 0.595 21.126 1053.52
  61 0.605 20.452 1011.66
  62 0.615 19.534 1032.45
  63 0.625 20.338 1020.13
  64 0.635 21.174 1080.94
  65 0.645 21.662 1025.96
  66 0.655 21.928 993.15
  67 0.665 21.84 1017.19
  68 0.675 21.71 1012.09
  69 0.685 21.564 958.101
  70 0.695 21.636 934.22
  71 0.705 21.284 980.328
  72 0.715 21.086 934.042
  73 0.725 19.94 919.977
  74 0.735 19.312 899.511
  75 0.745 19.654 866.71
  76 0.755 20.486 856.191
  77 0.765 21.28 836.189
  78 0.775 21.404 877.989
  79 0.785 21.564 947.524
  80 0.795 21.664 927.586
  81 0.805 21.738 885.531
  82 0.815 21.926 865.051
  83 0.825 21.91 879.552
  84 0.835 21.842 877.517
  85 0.845 21.386 848.083
  86 0.855 20.1 863.421
  87 0.865 19.624 807.275
  88 0.875 20.22 804.832
  89 0.885 21.254 760.257
  90 0.895 21.694 758.645
  91 0.905 21.904 759.44
  92 0.915 21.908 795.211
  93 0.925 21.902 768.365
  94 0.935 21.67 783.175
  95 0.945 21.752 756.368
  96 0.955 21.46 766.147
  97 0.965 21.428 777.704
  98 0.975 21.162 754.725
  99 0.985 20.592 767.331
  100 0.995 19.96 731.41
235000 100 2112.0000000000005
  1 0.005 19.142 773.593
  2 0.015 20.17 721.864
  3 0.025 21.184 738.866
  4 0.035 21.372 775.417
  5 0.045 21.53 773.127
  6 0.055 21.556 769.878
  7 0.065 21.796 817.493
  8 0.075 21.79 835.719
  9 0.085 21.89 841.775
  10 0.095 21.892 835.86
  11 0.105 21.824 866.978
  12 0.115 21.016 868.356
  13 0.125 20.004 814.975
  14 0.135 19.568 827.532
  15 0.145 20.498 901.588
  16 0.155 21.362 877.558
  17 0.165 21.938 859.699
  18 0.175 21.802 832.025
  19 0.185 22.012 828.638
  20 0.195 21.748 857.392
  21 0.205 21.682 845.388
  22 0.215 21.418 903.555
  23 0.225 21.524 933.763
  24 0.235 21.2 924.868
  25 0.245 20.296 951.969
  26 0.255 19.37 941.465
  27 0.265 19.304 939.093
  28 0.275 20.324 916.826
  29 0.285 21.116 906.079
  30 0.295 21.41 912.503
  31 0.305 21.432 946.21
  32 0.315 21.768 974.928
  33 0.325 21.676 980.344
  34 0.335 21.836 975.25
  35 0.345 21.972 1010.25
  36 0.355 21.664 1020.05
  37 0.365 21.156 1043.31
  38 0.375 19.764 1104.11
  39 0.385 19.742 1088.81
  40 0.395 20.628 1072.91
  41 0.405 21.138 1138.27
  42 0.415 21.91 1076.78
  43 0.425 21.914 1046.18
  44 0.435 21.684 1100.09
  45 0.445 21.746 1071.28
  46 0.455 21.516 1119.52
  47 0.465 21.396 1113.1
  48 0.475 21.03 1088.01
  49 0.485 20.468 1120.05
  50 0.495 19.376 1078.45
  51 0.505 19.3 1072.14
  52 0.515 20.442 1117.96
  53 0.525 20.98 1108.29
  54 0.535 21.276 1060.41
  55 0.545 21.574 1038.04
  56 0.555 21.642 1112.7
  57 0.565 21.77 1064.77
  58 0.575 21.922 1043.42
  59 0.585 21.782 1072.83
  60 0.595 21.408 1051.43
  61 0.605 20.432 1082.84
  62 0.615 19.38 1067.36
  63 0.625 20.008 1026
  64 0.635 21.094 1020.47
  65 0.645 21.864 1019.4
  66 0.655 21.94 961.814
  67 0.665 21.882 973.818
  68 0.675 21.72 967.423
  69 0.685 21.562 974.091
  70 0.695 21.54 981.934
  71 0.705 21.378 1000.63
  72 0.715 20.864 983.393
  73 0.725 20.036 956.093
  74 0.735 19.118 948.768
  75 0.745 19.636 936.478
  76 0.755 20.706 895.35
  77 0.765 21.238 881.942
  78 0.775 21.416 923.126
  79 0.785 21.59 928.604
  80 0.795 21.66 885.818
  81 0.805 21.8 849.468
  82 0.815 21.968 858.644
  83 0.825 21.916 844.258
  84 0.835 21.74 841.233
  85 0.845 21.338 815.798
  86 0.855 20.464 794.146
  87 0.865 19.754 789.889
  88 0.875 20.208 818.061
  89 0.885 20.994 844.315
  90 0.895 21.568 835.674
  91 0.905 21.916 807.314
  92 0.915 21.956 768.226
  93 0.925 21.856 753.865
  94 0.935 21.786 759.102
  95 0.945 21.646 723.914
  96 0.955 21.488 728.993
  97 0.965 21.474 756.561
  98 0.975 21.294 767.426
  99 0.985 20.496 755.672
  100 0.995 19.624 770.234
240000 100 2112
  1 0.005 19.626 744.939
  2 0.015 20.588 737.837
  3 0.025 21.086 790.637
  4 0.035 21.416 767.792
  5 0.045 21.498 827.558
  6 0.055 21.576 846.195
  7 0.065 21.68 799.241
  8 0.075 21.924 780.554
  9 0.085 21.924 789.999
  10 0.095 21.984 795.088
  11 0.105 21.712 801.081
  12 0.115 21.136 860.706
  13 0.125 19.874 855.639
  14 0.135 19.646 855.832
  15 0.145 20.238 903.252
  16 0.155 21.486 879.618
  17 0.165 21.922 874.301
  18 0.175 21.952 847.306
  19 0.185 21.906 839.961
  20 0.195 21.76 856.103
  21 0.205 21.72 861.928
  22 0.215 21.462 923.596
  23 0.225 21.382 900.266
  24 0.235 21.192 940.037
  25 0.245 20.664 908.018
  26 0.255 19.284 918.695
  27 0.265 19.41 908.719
  28 0.275 20.024 939.171
  29 0.285 21.178 947.651
  30 0.295 21.456 952.533
  31 0.305 21.45 979.202
  32 0.315 21.666 989.015
  33 0.325 21.662 978.681
  34 0.335 21.872 1000.5
  35 0.345 21.94 1000.75
  36 0.355 21.64 1047.4
  37 0.365 21.136 1072.65
  38 0.375 20.014 1058.92
  39 0.385 19.792 1037.82
  40 0.395 20.442 1064.35
  41 0.405 21.224 1086.5
  42 0.415 21.756 1046.97
  43 0.425 21.814 1086.14
  44 0.435 21.858 1010.99
  45 0.445 21.708 1022.69
  46 0.455 21.572 1048.58
  47 0.465 21.234 1130.4
  48 0.475 21.22 1061.31
  49 0.485 20.424 1108.6
  50 0.495 19.398 1104.7
  51 0.505 19.242 1155.01
  52 0.515 20.252 1132.78
  53 0.525 21.04 1180.26
  54 0.535 21.348 1115.04
  55 0.545 21.502 1117.46
  56 0.555 21.652 1093.66
  57 0.565 21.876 1010.94
  58 0.575 21.82 1029.44
  59 0.585 21.95 961.588
  60 0.595 21.51 1002.59
  61 0.605 20.26 1037.07
  62 0.615 19.472 1028.99
  63 0.625 20.064 988.021
  64 0.635 21.012 1000.8
  65 0.645 21.788 964.04
  66 0.655 21.884 969.437
  67 0.665 21.944 974.981
  68 0.675 21.786 954.009
  69 0.685 21.546 972.669
  70 0.695 21.6 948.33
  71 0.705 21.348 928.942
  72 0.715 21.214 903.272
  73 0.725 20.364 938.761
  74 0.735 19.448 946.696
  75 0.745 19.466 981.366
  76 0.755 20.056 949.759
  77 0.765 21.104 967.044
  78 0.775 21.434 945.565
  79 0.785 21.458 890.742
  80 0.795 21.74 881.53
  81 0.805 21.754 823.771
  82 0.815 21.866 841.69
  83 0.825 21.978 891.246
  84 0.835 21.836 852.349
  85 0.845 21.368 842.377
  86 0.855 20.204 822.432
  87 0.865 19.714 834.176
  88 0.875 20.18 845.166
  89 0.885 21.184 831.419
  90 0.895 21.59 843.575
  91 0.905 21.878 867.942
  92 0.915 21.958 798.646
  93 0.925 21.862 801.555
  94 0.935 21.598 772.907
  95 0.945 21.632 772.155
  96 0.955 21.542 798.778
  97 0.965 21.398 782.515
  98 0.975 20.908 798.867
  99 0.985 20.326 745.323
  100 0.995 19.516 768.897
245000 100 2112
  1 0.005 19.756 773.026
  2 0.015 20.462 797.731
  3 0.025 21.29 785.784
  4 0.035 21.334 802.7
  5 0.045 21.636 824.502
  6 0.055 21.494 797.699
  7 0.065 21.79 751.742
  8 0.075 21.914 753.46
  9 0.085 21.946 770.461
  10 0.095 21.968 827.838
  11 0.105 21.744 842.352
  12 0.115 21.094 824.854
  13 0.125 20.03 816.389
  14 0.135 19.584 842.475
  15 0.145 20.148 837.302
  16 0.155 21.592 846.171
  17 0.165 21.854 857.033
  18 0.175 21.92 895.851
  19 0.185 21.888 928.339
  20 0.195 21.78 874.644
  21 0.205 21.616 849.507
  22 0.215 21.58 899.687
  23 0.225 21.378 934.842
  24 0.235 21.252 879.424
  25 0.245 20.576 943.198
  26 0.255 19.32 915.009
  27 0.265 19.26 945.052
  28 0.275 20.206 885.953
  29 0.285 21.114 915.69
  30 0.295 21.398 919.295
  31 0.305 21.594 964.572
  32 0.315 21.572 1005.69
  33 0.325 21.686 932.152
  34 0.335 21.924 930.286
  35 0.345 21.84 959.816
  36 0.355 21.76 966.439
  37 0.365 21.146 1036.82
  38 0.375 19.966 1052.33
  39 0.385 19.778 1058.44
  40 0.395 20.392 1088.16
  41 0.405 21.362 1025.45
  42 0.415 21.68 1107.74
  43 0.425 21.916 1023.02
  44 0.435 21.83 1001.89
  45 0.445 21.642 1056.33
  46 0.455 21.476 1146.74
  47 0.465 21.36 1240.18
  48 0.475 21.016 1206.21
  49 0.485 20.114 1220.69
  50 0.495 19.506 1143.08
  51 0.505 19.542 1132.61
  52 0.515 20.232 1084.37
  53 0.525 21.148 1087.86
  54 0.535 21.36 1081.86
  55 0.545 21.402 1113.65
  56 0.555 21.774 1041.48
  57 0.565 21.79 989.138
  58 0.575 21.916 958.011
  59 0.585 21.878 971.219
  60 0.595 21.504 946.173
  61 0.605 20.396 958.791
  62 0.615 19.524 947.744
  63 0.625 19.984 962.529
  64 0.635 20.934 987.975
  65 0.645 21.784 992.243
  66 0.655 21.906 971.802
  67 0.665 21.924 986.561
  68 0.675 21.798 981.209
  69 0.685 21.614 971.006
  70 0.695 21.532 951.181
  71 0.705 21.416 944.38
  72 0.715 21.23 946.413
  73 0.725 20.272 948.406
  74 0.735 19.26 1016.58
  75 0.745 19.292 991.774
  76 0.755 20.354 989.957
  77 0.765 21.118 937.056
  78 0.775 21.544 919.027
  79 0.785 21.432 888.813
  80 0.795 21.67 824.899
  81 0.805 21.75 829.457
  82 0.815 21.888 854.679
  83 0.825 21.938 886.549
  84 0.835 21.83 901.633
  85 0.845 21.254 868.692
  86 0.855 20.25 886.228
  87 0.865 20.098 864.592
  88 0.875 20.17 896.188
  89 0.885 20.982 954.465
  90 0.895 21.602 905.681
  91 0.905 21.808 856.226
  92 0.915 21.926 840.457
  93 0.925 21.75 802.14
  94 0.935 21.742 780.715
  95 0.945 21.688 760.261
  96 0.955 21.384 777.765
  97 0.965 21.464 765.683
  98 0.975 20.958 811.238
  99 0.985 20.24 762.664
  100 0.995 19.264 757.962
250000 100 2111.9999999999995
  1 0.005 19.598 756.179
  2 0.015 20.274 745.286
  3 0.025 21.052 727.975
  4 0.035 21.458 750.475
  5 0.045 21.644 770.539
  6 0.055 21.462 797.989
  7 0.065 21.724 787.151
  8 0.075 21.866 795.284
  9 0.085 21.904 831.182
  10 0.095 21.95 815.006
  11 0.105 21.874 796.92
  12 0.115 21.126 806.036
  13 0.125 20.098 833.44
  14 0.135 19.398 830.22
  15 0.145 20.322 851.832
  16 0.155 21.318 862.624
  17 0.165 21.892 859.443
  18 0.175 21.964 872.684
  19 0.185 21.894 871.637
  20 0.195 21.726 887.02
  21 0.205 21.722 899.557
  22 0.215 21.358 900.851
  23 0.225 21.514 888.797
  24 0.235 21.246 938.61
  25 0.245 20.172 869.451
  26 0.255 19.568 887.557
  27 0.265 19.366 855.553
  28 0.275 20.284 882.417
  29 0.285 21.026 892.508
  30 0.295 21.512 900.654
  31 0.305 21.498 931.176
  32 0.315 21.562 941.38
  33 0.325 21.764 907.519
  34 0.335 21.896 997.905
  35 0.345 21.97 989.743
  36 0.355 21.692 1004.68
  37 0.365 20.982 1030.99
  38 0.375 20.176 993.72
  39 0.385 19.818 1059.8
  40 0.395 20.382 1098.96
  41 0.405 21.296 1078.61
  42 0.415 21.56 1125.98
  43 0.425 21.902 1099.54
  44 0.435 21.78 1164.53
  45 0.445 21.744 1089.88
  46 0.455 21.37 1123.07
  47 0.465 21.5 1109.39
  48 0.475 20.892 1130.43
  49 0.485 20.308 1116.58
  50 0.495 19.38 1094.77
  51 0.505 19.402 1108.3
  52 0.515 20.416 1068.06
  53 0.525 21.132 1047.91
  54 0.535 21.358 1069.74
  55 0.545 21.542 1020.57
  56 0.555 21.692 1045.91
  57 0.565 21.762 1084.81
  58 0.575 21.816 1064.04
  59 0.585 21.862 1045.23
  60 0.595 21.668 1001.72
  61 0.605 20.256 1021.23
  62 0.615 19.63 1019.53
  63 0.625 19.866 1007.55
  64 0.635 21.074 951.805
  65 0.645 21.742 955.616
  66 0.655 21.888 974.114
  67 0.665 21.984 990.628
  68 0.675 21.712 969.091
  69 0.685 21.658 981.587
  70 0.695 21.41 995.866
  71 0.705 21.498 975.812
  72 0.715 21.056 993.441
  73 0.725 20.348 947.73
  74 0.735 19.24 971.045
  75 0.745 19.566 980.417
  76 0.755 20.224 957.054
  77 0.765 21.128 941.869
  78 0.775 21.566 965.592
  79 0.785 21.386 984.987
  80 0.795 21.648 911.764
  81 0.805 21.8 936.456
  82 0.815 21.878 908.341
  83 0.825 21.926 920.253
  84 0.835 21.614 916.36
  85 0.845 21.086 927.026
  86 0.855 20.1 870.546
  87 0.865 19.842 855.725
  88 0.875 20.436 849.415
  89 0.885 21.24 841.932
  90 0.895 21.764 829.858
  91 0.905 21.922 822.42
  92 0.915 21.9 754.719
  93 0.925 21.844 777.961
  94 0.935 21.732 752.552
  95 0.945 21.582 778.353
  96 0.955 21.576 784.67
  97 0.965 21.432 802.815
  98 0.975 21.008 816.738
  99 0.985 20.42 785.537
  100 0.995 19.584 776.369
255000 100 2112
  1 0.005 19.356 758.583
  2 0.015 20.184 765.263
  3 0.025 21.02 781.395
  4 0.035 21.498 790.644
  5 0.045 21.464 799.413
  6 0.055 21.636 770.512
  7 0.065 21.766 844.842
  8 0.075 21.82 858.468
  9 0.085 21.93 889.468
  10 0.095 21.846 943.852
  11 0.105 21.68 923.197
  12 0.115 20.654 896.761
  13 0.125 19.792 866.064
  14 0.135 19.856 876.909
  15 0.145 20.664 899.272
  16 0.155 21.614 892.996
  17 0.165 21.814 932.786
  18 0.175 21.912 913.04
  19 0.185 21.848 846.223
  20 0.195 21.82 801.73
  21 0.205 21.536 816.799
  22 0.215 21.434 841.708
  23 0.225 21.434 856.832
  24 0.235 20.922 917.244
  25 0.245 20.156 880.498
  26 0.255 19.454 870.065
  27 0.265 19.674 872.483
  28 0.275 20.5 809.41
  29 0.285 21.21 861.081
  30 0.295 21.338 899.144
  31 0.305 21.56 907.668
  32 0.315 21.714 980.535
  33 0.325 21.672 959.815
  34 0.335 21.856 919.837
  35 0.345 21.974 912.285
  36 0.355 21.674 990.04
  37 0.365 20.866 984.842
  38 0.375 20.014 1035.07
  39 0.385 19.998 996.469
  40 0.395 20.512 1042.53
  41 0.405 21.25 1035.92
  42 0.415 21.746 1073.25
  43 0.425 21.852 1071.28
  44 0.435 21.77 1048.63
  45 0.445 21.672 1086.34
  46 0.455 21.596 1072.07
  47 0.465 21.262 1130.53
  48 0.475 21.046 1159.17
  49 0.485 20.21 1204.86
  50 0.495 19.46 1122.83
  51 0.505 19.428 1168.34
  52 0.515 20.402 1163.38
  53 0.525 20.9 1157.42
  54 0.535 21.48 1087.92
  55 0.545 21.42 1115.91
  56 0.555 21.744 1089.46
  57 0.565 21.79 1104.35
  58 0.575 21.946 1063.09
  59 0.585 21.854 1066.03
  60 0.595 21.536 1005.8
  61 0.605 20.512 1036.21
  62 0.615 19.386 1021.94
  63 0.625 20.098 1048.03
  64 0.635 20.914 1033.13
  65 0.645 21.71 1004.52
  66 0.655 21.94 976.599
  67 0.665 21.922 989.894
  68 0.675 21.742 1006.63
  69 0.685 21.652 1015.38
  70 0.695 21.486 1010.32
  71 0.705 21.42 940.947
  72 0.715 21.064 968.012
  73 0.725 20.402 943.434
  74 0.735 19.646 892.318
  75 0.745 19.418 909.175
  76 0.755 20.314 903.897
  77 0.765 20.92 945.862
  78 0.775 21.352 959.664
  79 0.785 21.52 945.107
  80 0.795 21.68 923.035
  81 0.805 21.664 944.769
  82 0.815 21.854 903.166
  83 0.825 21.918 844.575
  84 0.835 21.696 865.702
  85 0.845 21.266 881.402
  86 0.855 20.778 844.439
  87 0.865 20.128 828.791
  88 0.875 20.096 847.342
  89 0.885 20.724 832.085
  90 0.895 21.534 818.077
  91 0.905 21.81 836.375
  92 0.915 21.896 796.677
  93 0.925 21.934 768.816
  94 0.935 21.726 751.558
  95 0.945 21.58 757.555
  96 0.955 21.634 721.027
  97 0.965 21.356 751.138
  98 0.975 21.278 749.352
  99 0.985 20.574 744.469
  100 0.995 19.42 747.425
260000 100 2112.0000000000005
  1 0.005 19.564 755.73
  2 0.015 20.436 733.33
  3 0.025 21.412 760.606
  4 0.035 21.488 737.48
  5 0.045 21.596 697.138
  6 0.055 21.594 729.852
  7 0.065 21.648 766.573
  8 0.075 21.928 755.327
  9 0.085 21.912 839.603
  10 0.095 21.948 901.44
  11 0.105 21.706 895.685
  12 0.115 20.81 932.997
  13 0.125 19.718 961.259
  14 0.135 19.824 949.04
  15 0.145 20.676 917.583
  16 0.155 21.418 928.322
  17 0.165 21.904 919.621
  18 0.175 21.884 864.937
  19 0.185 21.958 853.476
  20 0.195 21.612 897.486
  21 0.205 21.636 879.829
  22 0.215 21.538 861.257
  23 0.225 21.346 878.374
  24 0.235 21.06 842.128
  25 0.245 20.032 846.327
  26 0.255 19.56 843.546
  27 0.265 19.644 854.635
  28 0.275 20.344 884.206
  29 0.285 21.19 919.277
  30 0.295 21.268 964.968
  31 0.305 21.65 880.95
  32 0.315 21.692 876.324
  33 0.325 21.718 918.577
  34 0.335 21.914 950.371
  35 0.345 21.926 968.493
  36 0.355 21.68 995.744
  37 0.365 21.228 1032.98
  38 0.375 19.966 1022.45
  39 0.385 19.754 1040.71
  40 0.395 20.408 1021
  41 0.405 21.272 1038.26
  42 0.415 21.686 998.245
  43 0.425 21.962 949.938
  44 0.435 21.82 1034.08
  45 0.445 21.78 1072.55
  46 0.455 21.484 1115.1
  47 0.465 21.352 1140.56
  48 0.475 21.484 1116.78
  49 0.485 20.296 1180.41
  50 0.495 19.468 1220.93
  51 0.505 19.176 1137.39
  52 0.515 20.11 1129.02
  53 0.525 20.916 1143.35
  54 0.535 21.406 1057.69
  55 0.545 21.49 1057.02
  56 0.555 21.624 1048.17
  57 0.565 21.868 1075.04
  58 0.575 21.848 1081.41
  59 0.585 21.852 1079.93
  60 0.595 21.672 1032.98
  61 0.605 20.664 1039.01
  62 0.615 19.578 1040.97
  63 0.625 19.814 1039.38
  64 0.635 20.874 1074.05
  65 0.645 21.566 1066.12
  66 0.655 21.87 1056.68
  67 0.665 21.892 1008.92
  68 0.675 21.81 978.866
  69 0.685 21.536 961.69
  70 0.695 21.482 989.59
  71 0.705 21.546 1003.94
  72 0.715 21.092 937.23
  73 0.725 20.252 972.055
  74 0.735 19.414 969.773
  75 0.745 19.398 967.583
  76 0.755 20.274 933.475
  77 0.765 21.154 890.116
  78 0.775 21.476 898.195
  79 0.785 21.456 896.345
  80 0.795 21.72 919.761
  81 0.805 21.746 925.481
  82 0.815 21.862 927.941
  83 0.825 21.898 924.594
  84 0.835 21.796 921.024
  85 0.845 21.078 883.773
  86 0.855 20.278 856.891
  87 0.865 19.936 817.035
  88 0.875 19.99 820.78
  89 0.885 21.256 809.577
  90 0.895 21.79 814.238
  91 0.905 21.916 804.407
  92 0.915 21.886 802.38
  93 0.925 21.832 803.2
  94 0.935 21.766 796.989
  95 0.945 21.536 817.84
  96 0.955 21.46 793.558
  97 0.965 21.512 791.168
  98 0.975 21.154 792.049
  99 0.985 20.248 748.634
  100 0.995 19.036 761.343
265000 100 2112
  1 0.005 19.406 724.172
  2 0.015 20.422 741.605
  3 0.025 21.384 774.778
  4 0.035 21.512 812.731
  5 0.045 21.498 789.245
  6 0.055 21.54 811.398
  7 0.065 21.716 829.158
  8 0.075 21.922 856.649
  9 0.085 21.946 853.445
  10 0.095 21.892 867.665
  11 0.105 21.682 880.603
  12 0.115 21.162 863.621
  13 0.125 19.656 859.553
  14 0.135 19.762 880.437
  15 0.145 20.526 901.358
  16 0.155 21.394 889.052
  17 0.165 21.93 865.754
  18 0.175 21.86 868.735
  19 0.185 21.988 903.828
  20 0.195 21.688 861.976
  21 0.205 21.66 874.108
  22 0.215 21.544 863.05
  23 0.225 21.41 899.122
  24 0.235 21.184 903.973
  25 0.245 20.31 892.633
  26 0.255 19.728 864.516
  27 0.265 19.48 924.815
  28 0.275 20.164 899.552
  29 0.285 20.856 928.39
  30 0.295 21.482 925.082
  31 0.305 21.478 939.1
  32 0.315 21.68 895.289
  33 0.325 21.656 910.607
  34 0.335 21.914 955.722
  35 0.345 21.884 989.363
  36 0.355 21.71 1008.94
  37 0.365 21.096 1009.04
  38 0.375 20.156 1019.17
  39 0.385 19.976 968.136
  40 0.395 20.194 995.832
  41 0.405 21.19 949.846
  42 0.415 21.752 994.11
  43 0.425 21.834 1009.95
  44 0.435 21.83 1071.56
  45 0.445 21.676 1081.73
  46 0.455 21.562 1118.98
  47 0.465 21.506 1099.34
  48 0.475 21.104 1074.93
  49 0.485 20.666 1048.49
  50 0.495 19.406 1112.13
  51 0.505 18.95 1072.21
  52 0.515 20.162 1109.32
  53 0.525 21.07 1089.92
  54 0.535 21.372 1075.73
  55 0.545 21.502 1080.72
  56 0.555 21.616 1117.83
  57 0.565 21.802 1032.6
  58 0.575 21.948 1043.75
  59 0.585 21.828 1093.57
  60 0.595 21.56 1038.03
  61 0.605 20.524 1075.24
  62 0.615 19.596 1049.33
  63 0.625 19.618 1012.46
  64 0.635 21.198 1028.33
  65 0.645 21.624 1070.39
  66 0.655 21.936 1040.04
  67 0.665 21.858 1038.99
  68 0.675 21.862 1000.65
  69 0.685 21.568 1008.59
  70 0.695 21.554 950.017
  71 0.705 21.45 1005.95
  72 0.715 20.988 1028.53
  73 0.725 20.06 1054.99
  74 0.735 19.34 1011.18
  75 0.745 19.486 1026.92
  76 0.755 20.396 998.291
  77 0.765 21.232 961.216
  78 0.775 21.388 940.779
  79 0.785 21.516 919.481
  80 0.795 21.688 892.214
  81 0.805 21.806 900.308
  82 0.815 21.89 911.108
  83 0.825 21.902 914.133
  84 0.835 21.606 883.522
  85 0.845 21.164 850.963
  86 0.855 20.06 865.393
  87 0.865 19.654 874.018
  88 0.875 20.55 847.371
  89 0.885 21.374 846.917
  90 0.895 21.734 829.604
  91 0.905 21.886 807.561
  92 0.915 21.9 804.624
  93 0.925 21.89 764.584
  94 0.935 21.652 764.908
  95 0.945 21.646 760.774
  96 0.955 21.478 772.887
  97 0.965 21.422 785.082
  98 0.975 21.172 729.753
  99 0.985 20.264 712.401
  100 0.995 19.284 701.853
270000 100 2112
  1 0.005 19.208 767.26
  2 0.015 20.534 788.879
  3 0.025 21.292 794.596
  4 0.035 21.364 855.282
  5 0.045 21.576 832.113
  6 0.055 21.498 841.109
  7 0.065 21.872 864.877
  8 0.075 21.798 896.779
  9 0.085 21.964 912.077
  10 0.095 21.916 867.112
  11 0.105 21.66 899.159
  12 0.115 20.686 890.697
  13 0.125 19.798 861.319
  14 0.135 19.598 866.49
  15 0.145 20.734 856.159
  16 0.155 21.666 851.276
  17 0.165 21.924 861.099
  18 0.175 21.906 894.688
  19 0.185 21.918 881.408
  20 0.195 21.734 833.615
  21 0.205 21.656 856.371
  22 0.215 21.444 901.552
  23 0.225 21.414 899.818
  24 0.235 21.138 866.662
  25 0.245 20.324 853.733
  26 0.255 19.58 868.537
  27 0.265 19.51 863.943
  28 0.275 20.266 880.137
  29 0.285 21.002 912.301
  30 0.295 21.416 911.122
  31 0.305 21.516 863.92
  32 0.315 21.574 857.188
  33 0.325 21.784 922.42
  34 0.335 21.896 954.296
  35 0.345 21.908 1021.6
  36 0.355 21.648 1066.91
  37 0.365 21.274 1000.7
  38 0.375 20.374 958.331
  39 0.385 19.412 967.81
  40 0.395 20.512 976.998
  41 0.405 21.048 994.125
  42 0.415 21.774 985.622
  43 0.425 21.91 1013.77
  44 0.435 21.906 1026.52
  45 0.445 21.63 1047.89
  46 0.455 21.486 1096.65
  47 0.465 21.54 1158.08
  48 0.475 21.25 1139.2
  49 0.485 20.592 1143.78
  50 0.495 19.352 1103.64
  51 0.505 19.19 1065.57
  52 0.515 19.986 1044.26
  53 0.525 21.032 1047.22
  54 0.535 21.338 1101.2
  55 0.545 21.498 1104.44
  56 0.555 21.65 1078.02
  57 0.565 21.68 1045.66
  58 0.575 22.006 1036.12
  59 0.585 21.876 1049.96
  60 0.595 21.604 1041.43
  61 0.605 20.586 1003.71
  62 0.615 19.664 1003.14
  63 0.625 19.646 984.377
  64 0.635 20.982 989.441
  65 0.645 21.624 1004.86
  66 0.655 21.822 1024.59
  67 0.665 22.022 1014.09
  68 0.675 21.724 1053.11
  69 0.685 21.546 1130.18
  70 0.695 21.492 1092.77
  71 0.705 21.436 1044.34
  72 0.715 20.838 1009.97
  73 0.725 20.136 1080.6
  74 0.735 19.236 991.752
  75 0.745 19.68 995.401
  76 0.755 20.408 1005.31
  77 0.765 21.252 1002.68
  78 0.775 21.412 962.645
  79 0.785 21.566 929.884
  80 0.795 21.744 931.716
  81 0.805 21.772 942.733
  82 0.815 21.956 854.565
  83 0.825 21.856 888.453
  84 0.835 21.754 866.181
  85 0.845 21.29 824.201
  86 0.855 20.086 833.538
  87 0.865 19.638 808.509
  88 0.875 20.5 807.028
  89 0.885 21.178 801.649
  90 0.895 21.68 798.4
  91 0.905 21.924 766.231
  92 0.915 21.96 780.231
  93 0.925 21.798 766.357
  94 0.935 21.744 773.685
  95 0.945 21.542 785.572
  96 0.955 21.53 785.554
  97 0.965 21.554 780.276
  98 0.975 21.136 797.874
  99 0.985 20.418 798.898
  100 0.995 19.226 766.736
275000 100 2112
  1 0.005 19.402 769.702
  2 0.015 20.388 785.12
  3 0.025 21.19 790.794
  4 0.035 21.516 810.973
  5 0.045 21.414 882.908
  6 0.055 21.706 780.074
  7 0.065 21.602 807.652
  8 0.075 21.932 802.632
  9 0.085 21.922 815.096
  10 0.095 21.974 844.028
  11 0.105 21.686 914.459
  12 0.115 20.832 894.645
  13 0.125 19.822 892.789
  14 0.135 19.512 882.595
  15 0.145 20.726 885.968
  16 0.155 21.546 931.917
  17 0.165 21.9 907.546
  18 0.175 21.856 912.76
  19 0.185 21.932 924.95
  20 0.195 21.76 875.297
  21 0.205 21.452 893.054
  22 0.215 21.564 864.704
  23 0.225 21.378 872.442
  24 0.235 20.966 900.307
  25 0.245 20.092 867.863
  26 0.255 19.226 883.435
  27 0.265 19.72 922.067
  28 0.275 20.526 956.176
  29 0.285 21.156 939.931
  30 0.295 21.552 874.341
  31 0.305 21.484 913.602
  32 0.315 21.708 851.916
  33 0.325 21.75 922.161
  34 0.335 21.886 918.602
  35 0.345 21.954 909.837
  36 0.355 21.688 986.599
  37 0.365 21.202 949.774
  38 0.375 20.08 917.685
  39 0.385 19.652 931.395
  40 0.395 20.334 957.606
  41 0.405 21.222 964.57
  42 0.415 21.86 960.858
  43 0.425 21.882 1029.47
  44 0.435 21.886 1154.21
  45 0.445 21.626 1195.87
  46 0.455 21.592 1221.4
  47 0.465 21.252 1117.48
  48 0.475 21.2 1135
  49 0.485 20.286 1137.97
  50 0.495 19.528 1147.92
  51 0.505 19.292 1145.67
  52 0.515 20.076 1097.11
  53 0.525 21.082 1058.58
  54 0.535 21.43 1046.73
  55 0.545 21.522 1026.54
  56 0.555 21.718 1011.22
  57 0.565 21.718 1005.42
  58 0.575 21.96 1021.82
  59 0.585 21.85 1035.27
  60 0.595 21.674 1054.23
  61 0.605 20.692 1040.28
  62 0.615 19.546 1056.84
  63 0.625 19.538 1076.47
  64 0.635 20.97 1044.32
  65 0.645 21.662 1052.95
  66 0.655 21.96 1014.09
  67 0.665 21.866 1024.5
  68 0.675 21.83 1025.58
  69 0.685 21.726 994.829
  70 0.695 21.426 1039.96
  71 0.705 21.462 1032.93
  72 0.715 21.148 992.879
  73 0.725 20.29 964.487
  74 0.735 19.262 959.25
  75 0.745 19.482 971.838
  76 0.755 20.252 947.263
  77 0.765 21.166 916.209
  78 0.775 21.504 941.908
  79 0.785 21.442 897.973
  80 0.795 21.558 932.055
  81 0.805 21.828 925.412
  82 0.815 21.86 957.8
  83 0.825 21.954 899.71
  84 0.835 21.764 898.806
  85 0.845 21.274 872.687
  86 0.855 20.344 842.755
  87 0.865 19.648 812.009
  88 0.875 20.118 830.082
  89 0.885 21.178 777.947
  90 0.895 21.74 792.582
  91 0.905 21.904 795.387
  92 0.915 21.982 770.117
  93 0.925 21.754 786.166
  94 0.935 21.728 790.293
  95 0.945 21.654 778.777
  96 0.955 21.366 827.552
  97 0.965 21.586 806.954
  98 0.975 21.068 816.595
  99 0.985 20.406 797.452
  100 0.995 19.418 781.809
280000 100 2112
  1 0.005 19.238 790.312
  2 0.015 20.486 738.39
  3 0.025 21.214 744.927
  4 0.035 21.53 744.29
  5 0.045 21.498 806.286
  6 0.055 21.626 784.186
  7 0.065 21.664 825.419
  8 0.075 21.912 855.409
  9 0.085 21.934 842.084
  10 0.095 21.944 793.091
  11 0.105 21.594 803.021
  12 0.115 20.92 801.772
  13 0.125 19.708 865.569
  14 0.135 19.528 900.358
  15 0.145 20.962 950.109
  16 0.155 21.468 966.508
  17 0.165 21.874 938.801
  18 0.175 21.92 921.909
  19 0.185 21.756 921.594
  20 0.195 21.904 914.514
  21 0.205 21.448 945.657
  22 0.215 21.53 892.608
  23 0.225 21.514 854.558
  24 0.235 20.868 886.268
  25 0.245 20.128 884.419
  26 0.255 19.206 868.588
  27 0.265 19.682 838.217
  28 0.275 20.586 868.536
  29 0.285 21.244 875.151
  30 0.295 21.43 876.584
  31 0.305 21.458 893.242
  32 0.315 21.7 894.303
  33 0.325 21.776 868.838
  34 0.335 21.874 927.497
  35 0.345 21.916 1008.37
  36 0.355 21.634 1018.23
  37 0.365 21.084 1031.31
  38 0.375 19.904 1009.12
  39 0.385 19.752 1018.89
  40 0.395 20.424 1006.07
  41 0.405 21.502 1041.21
  42 0.415 21.744 1067.54
  43 0.425 21.876 1064.58
  44 0.435 21.82 1059.46
  45 0.445 21.652 1084.13
  46 0.455 21.644 1072.51
  47 0.465 21.33 1118.53
  48 0.475 21.046 1118.23
  49 0.485 20.31 1135.3
  50 0.495 19.172 1094.49
  51 0.505 19.454 1162.45
  52 0.515 20.384 1131.21
  53 0.525 21.062 1080.61
  54 0.535 21.46 1093.78
  55 0.545 21.452 1048.61
  56 0.555 21.622 1081.6
  57 0.565 21.802 1030.61
  58 0.575 21.978 1022.27
  59 0.585 21.83 1081.62
  60 0.595 21.516 1011.75
  61 0.605 20.536 1046.51
  62 0.615 19.658 1039.58
  63 0.625 20.054 1031.95
  64 0.635 20.932 1002
  65 0.645 21.502 1000.87
  66 0.655 21.918 1019.63
  67 0.665 21.828 1063
  68 0.675 21.804 1067.57
  69 0.685 21.592 1035.62
  70 0.695 21.574 1020.28
  71 0.705 21.362 1007.46
  72 0.715 21.124 1004.43
  73 0.725 20.25 969.287
  74 0.735 19.348 982.289
  75 0.745 19.546 917.72
  76 0.755 20.264 877.292
  77 0.765 21.13 890.789
  78 0.775 21.444 899.47
  79 0.785 21.398 863.77
  80 0.795 21.798 887.964
  81 0.805 21.73 926.092
  82 0.815 21.89 859.194
  83 0.825 21.906 853.221
  84 0.835 21.788 842.935
  85 0.845 21.708 830.118
  86 0.855 20.512 828.891
  87 0.865 20.084 779.857
  88 0.875 19.874 813.137
  89 0.885 20.772 779.184
  90 0.895 21.464 792.122
  91 0.905 21.802 818.371
  92 0.915 21.892 857.363
  93 0.925 21.962 872.501
  94 0.935 21.73 853.868
  95 0.945 21.548 872.093
  96 0.955 21.548 907.572
  97 0.965 21.402 901.889
  98 0.975 21.132 839.593
  99 0.985 20.354 816.629
  100 0.995 19.346 822.306
285000 100 2112
  1 0.005 19.658 758.028
  2 0.015 20.424 721.295
  3 0.025 21.288 724.665
  4 0.035 21.444 785.278
  5 0.045 21.566 762.26
  6 0.055 21.512 833.043
  7 0.065 21.782 828.839
  8 0.075 21.838 801.12
  9 0.085 21.956 789.547
  10 0.095 21.958 835.776
  11 0.105 21.702 856.262
  12 0.115 21.006 951.391
  13 0.125 19.812 944.98
  14 0.135 19.54 918.13
  15 0.145 20.574 874.038
  16 0.155 21.456 868.711
  17 0.165 21.934 901.391
  18 0.175 21.954 911.904
  19 0.185 21.866 921.582
  20 0.195 21.714 894.271
  21 0.205 21.55 917.535
  22 0.215 21.524 905.575
  23 0.225 21.424 892.731
  24 0.235 21.08 854.089
  25 0.245 20.27 870.253
  26 0.255 19.084 872.143
  27 0.265 19.686 885.129
  28 0.275 20.392 870.511
  29 0.285 21.202 892.553
  30 0.295 21.47 950.768
  31 0.305 21.584 952.16
  32 0.315 21.53 969.707
  33 0.325 21.842 938.473
  34 0.335 21.852 927.829
  35 0.345 21.93 930.721
  36 0.355 21.82 945.046
  37 0.365 21.078 1009.92
  38 0.375 20.06 998.297
  39 0.385 19.918 998.764
  40 0.395 20.166 1031.31
  41 0.405 21.256 1072
  42 0.415 21.702 1041.75
  43 0.425 21.954 1055.35
  44 0.435 21.836 1072.28
  45 0.445 21.664 1036.23
  46 0.455 21.592 1099.45
  47 0.465 21.388 1110.67
  48 0.475 21.144 1165.76
  49 0.485 20.37 1064.16
  50 0.495 19.626 1055.91
  51 0.505 19.326 1097.69
  52 0.515 20.032 1198.65
  53 0.525 21.07 1175.2
  54 0.535 21.186 1152.33
  55 0.545 21.586 1109.91
  56 0.555 21.568 1141.78
  57 0.565 21.842 1087.09
  58 0.575 21.834 1108.91
  59 0.585 21.902 1035.23
  60 0.595 21.34 1002.14
  61 0.605 20.624 954.761
  62 0.615 19.872 999.957
  63 0.625 19.762 1017.51
  64 0.635 20.908 1052.95
  65 0.645 21.726 985.977
  66 0.655 21.822 1028.46
  67 0.665 21.954 1014.23
  68 0.675 21.778 1009.93
  69 0.685 21.656 1003.47
  70 0.695 21.474 1047.23
  71 0.705 21.372 1024.58
  72 0.715 21.144 958.902
  73 0.725 20.328 962.401
  74 0.735 19.348 995.64
  75 0.745 19.254 955.912
  76 0.755 20.444 926.109
  77 0.765 21.144 926.356
  78 0.775 21.442 894.709
  79 0.785 21.554 888.912
  80 0.795 21.508 882.519
  81 0.805 21.826 879.705
  82 0.815 21.882 859.766
  83 0.825 21.928 866.002
  84 0.835 21.77 861.362
  85 0.845 21.306 838.347
  86 0.855 20.242 853.987
  87 0.865 19.862 795.266
  88 0.875 20.462 801.431
  89 0.885 20.812 883.045
  90 0.895 21.66 797.517
  91 0.905 21.88 824.746
  92 0.915 21.968 819.199
  93 0.925 21.844 845.153
  94 0.935 21.656 864.625
  95 0.945 21.566 844.596
  96 0.955 21.478 821.301
  97 0.965 21.562 779.124
  98 0.975 20.936 797.934
  99 0.985 20.256 801.03
  100 0.995 19.326 796.162
290000 100 2111.9999999999995
  1 0.005 19.624 757.645
  2 0.015 20.45 768.494
  3 0.025 21.14 740.17
  4 0.035 21.604 776.661
  5 0.045 21.508 770.297
  6 0.055 21.588 802.315
  7 0.065 21.79 876.552
  8 0.075 21.74 847.898
  9 0.085 21.944 842.795
  10 0.095 21.93 863.349
  11 0.105 21.756 857.717
  12 0.115 20.922 887.876
  13 0.125 19.736 938.993
  14 0.135 19.722 866.868
  15 0.145 20.56 894.276
  16 0.155 21.432 902.826
  17 0.165 21.924 877.386
  18 0.175 21.982 903.084
  19 0.185 21.796 909.167
  20 0.195 21.616 922.38
  21 0.205 21.81 912.416
  22 0.215 21.454 873.939
  23 0.225 21.452 919.635
  24 0.235 21.076 909.586
  25 0.245 20.17 946.497
  26 0.255 19.44 971.621
  27 0.265 19.398 937.833
  28 0.275 20.29 923.561
  29 0.285 21.196 862.63
  30 0.295 21.642 897.125
  31 0.305 21.388 904.58
  32 0.315 21.686 929.078
  33 0.325 21.788 1008.77
  34 0.335 21.856 1001.24
  35 0.345 21.872 999.446
  36 0.355 21.7 1003.62
  37 0.365 21.006 974.988
  38 0.375 20.122 931.938
  39 0.385 19.866 960.924
  40 0.395 20.418 975.229
  41 0.405 21.212 1009.96
  42 0.415 21.794 1051.52
  43 0.425 21.84 1102.9
  44 0.435 21.822 1120.46
  45 0.445 21.712 1106.02
  46 0.455 21.602 1088.09
  47 0.465 21.348 1079.47
  48 0.475 21.126 1071.9
  49 0.485 20.52 1082.47
  50 0.495 19.616 1121.17
  51 0.505 19.384 1120.1
  52 0.515 20.062 1129.82
  53 0.525 20.77 1185.89
  54 0.535 21.388 1134.21
  55 0.545 21.474 1127.77
  56 0.555 21.638 1115.6
  57 0.565 21.814 1125.66
  58 0.575 21.886 1086.07
  59 0.585 21.808 1023.59
  60 0.595 21.422 1009.11
  61 0.605 20.528 978.932
  62 0.615 19.868 1035.82
  63 0.625 19.718 982.683
  64 0.635 20.966 996.126
  65 0.645 21.76 984.421
  66 0.655 21.882 1028.39
  67 0.665 21.828 1026.27
  68 0.675 21.818 967.377
  69 0.685 21.566 951.674
  70 0.695 21.556 957.348
  71 0.705 21.518 928.613
  72 0.715 20.998 910.928
  73 0.725 20.118 948.002
  74 0.735 19.484 981.298
  75 0.745 19.458 933.66
  76 0.755 20.326 953.544
  77 0.765 21.094 958.987
  78 0.775 21.402 914.879
  79 0.785 21.616 926.387
  80 0.795 21.584 890.389
  81 0.805 21.812 812.735
  82 0.815 21.884 802.072
  83 0.825 21.96 845.529
  84 0.835 21.658 884.504
  85 0.845 21.358 839.701
  86 0.855 20.262 828.991
  87 0.865 20.012 847.32
  88 0.875 20.358 831.081
  89 0.885 20.84 853.073
  90 0.895 21.586 885.853
  91 0.905 21.898 860.071
  92 0.915 21.882 887.828
  93 0.925 21.956 830.656
  94 0.935 21.558 820.911
  95 0.945 21.64 824.352
  96 0.955 21.51 817.755
  97 0.965 21.49 786.452
  98 0.975 20.956 789.871
  99 0.985 20.038 789.169
  100 0.995 19.622 767.345
295000 100 2112
  1 0.005 19.72 765.26
  2 0.015 20.594 739.55
  3 0.025 21.298 739.752
  4 0.035 21.508 788.599
  5 0.045 21.446 789.566
  6 0.055 21.638 768.578
  7 0.065 21.68 778.826
  8 0.075 21.92 803.187
  9 0.085 21.93 859.031
  10 0.095 21.954 875.554
  11 0.105 21.706 854.75
  12 0.115 20.864 891.114
  13 0.125 20.086 896.083
  14 0.135 19.502 867.103
  15 0.145 20.448 916.771
  16 0.155 21.582 901.4
  17 0.165 21.834 852.424
  18 0.175 21.886 897.901
  19 0.185 21.922 879.093
  20 0.195 21.748 916.767
  21 0.205 21.656 953.175
  22 0.215 21.546 888.224
  23 0.225 21.46 907.883
  24 0.235 21.174 906.139
  25 0.245 20.366 883.187
  26 0.255 19.594 855.993
  27 0.265 19.39 908.101
  28 0.275 20.13 916.85
  29 0.285 21.068 935.51
  30 0.295 21.466 950.491
  31 0.305 21.462 969.022
  32 0.315 21.588 975.323
  33 0.325 21.72 982.247
  34 0.335 21.824 1011.24
  35 0.345 21.94 1009.82
  36 0.355 21.592 1025.19
  37 0.365 21.248 966.194
  38 0.375 20.24 1010.68
  39 0.385 19.722 1045.15
  40 0.395 20.366 1045.21
  41 0.405 21.072 1032.74
  42 0.415 21.854 1010.07
  43 0.425 21.818 1032.94
  44 0.435 21.85 1106.02
  45 0.445 21.674 1064.72
  46 0.455 21.446 1106.29
  47 0.465 21.488 1064.69
  48 0.475 20.94 1095.04
  49 0.485 20.374 1107.24
  50 0.495 19.54 1072.73
  51 0.505 19.228 1148.55
  52 0.515 20.15 1168.03
  53 0.525 21.266 1057.03
  54 0.535 21.294 1097.95
  55 0.545 21.688 1106.75
  56 0.555 21.5 1078.87
  57 0.565 21.902 1157.27
  58 0.575 21.794 1180.81
  59 0.585 21.856 1064.04
  60 0.595 21.328 1025.8
  61 0.605 20.162 1051.97
  62 0.615 19.514 1013.93
  63 0.625 20.188 918.598
  64 0.635 21.162 908.454
  65 0.645 21.856 898.852
  66 0.655 21.902 971.254
  67 0.665 21.868 994.236
  68 0.675 21.776 929.551
  69 0.685 21.686 982.644
  70 0.695 21.36 982.844
  71 0.705 21.498 961.392
  72 0.715 21.082 910.531
  73 0.725 20.194 917.686
  74 0.735 19.626 976.578
  75 0.745 19.356 949.07
  76 0.755 20.426 947.154
  77 0.765 20.894 971.127
  78 0.775 21.506 899.091
  79 0.785 21.54 926.892
  80 0.795 21.648 941.54
  81 0.805 21.768 904.394
  82 0.815 21.886 890.138
  83 0.825 21.834 919.541
  84 0.835 21.812 862.618
  85 0.845 21.296 873.619
  86 0.855 20.376 851.261
  87 0.865 19.96 903.056
  88 0.875 20.222 856.567
  89 0.885 20.844 852.182
  90 0.895 21.65 829.438
  91 0.905 21.912 809.516
  92 0.915 21.936 809.554
  93 0.925 21.84 833.357
  94 0.935 21.67 820.359
  95 0.945 21.536 811.156
  96 0.955 21.588 824.004
  97 0.965 21.434 844.655
  98 0.975 21.036 806.05
  99 0.985 20.042 797.593
  100 0.995 19.234 758.031
300000 100 2112
  1 0.005 19.512 715.239
  2 0.015 20.496 690.045
  3 0.025 21.1 719.584
  4 0.035 21.444 726.24
  5 0.045 21.408 755.17
  6 0.055 21.722 781.898
  7 0.065 21.706 830.927
  8 0.075 21.85 853.958
  9 0.085 21.852 835.511
  10 0.095 21.882 844.821
  11 0.105 21.696 886.763
  12 0.115 21.108 888.346
  13 0.125 20.072 891.387
  14 0.135 19.826 897.916
  15 0.145 20.404 885.586
  16 0.155 21.232 837.665
  17 0.165 21.768 844.879
  18 0.175 21.958 910.789
  19 0.185 21.86 900.052
  20 0.195 21.724 910.898
  21 0.205 21.664 925.187
  22 0.215 21.49 903.104
  23 0.225 21.436 871.083
  24 0.235 21.18 863.936
  25 0.245 20.292 890.253
  26 0.255 19.526 874.825
  27 0.265 19.528 896.939
  28 0.275 20.428 867.089
  29 0.285 21.052 872.149
  30 0.295 21.262 894.097
  31 0.305 21.454 960.616
  32 0.315 21.546 930.943
  33 0.325 21.774 966.283
  34 0.335 21.888 1004.44
  35 0.345 21.874 1050.22
  36 0.355 21.514 1031.67
  37 0.365 21.098 1023.5
  38 0.375 20.094 977.651
  39 0.385 19.766 984.947
  40 0.395 20.536 955.416
  41 0.405 21.332 1010.62
  42 0.415 21.75 1040.03
  43 0.425 21.908 1094.38
  44 0.435 21.724 1101.72
  45 0.445 21.65 1077.6
  46 0.455 21.46 1121.42
  47 0.465 21.434 1133.58
  48 0.475 20.966 1203.27
  49 0.485 19.984 1195.66
  50 0.495 19.426 1215.36
  51 0.505 19.516 1208.4
  52 0.515 20.364 1221.51
  53 0.525 21.168 1160.81
  54 0.535 21.262 1115.3
  55 0.545 21.734 1040.83
  56 0.555 21.618 1066.53
  57 0.565 21.836 1069.96
  58 0.575 21.92 1017.32
  59 0.585 21.748 1039.88
  60 0.595 21.314 1005.06
  61 0.605 20.206 1041.64
  62 0.615 19.642 1006.97
  63 0.625 20.234 968.156
  64 0.635 21.084 951.936
  65 0.645 21.822 921.798
  66 0.655 21.914 949.053
  67 0.665 21.9 945.707
  68 0.675 21.676 930.359
  69 0.685 21.712 937.555
  70 0.695 21.474 964.236
  71 0.705 21.496 967.727
  72 0.715 21.026 967.353
  73 0.725 20.352 990.023
  74 0.735 19.42 963.334
  75 0.745 19.562 994.202
  76 0.755 20.24 940.581
  77 0.765 21.072 933.676
  78 0.775 21.378 903.932
  79 0.785 21.492 878.307
  80 0.795 21.632 848.674
  81 0.805 21.788 880.321
  82 0.815 21.888 877.358
  83 0.825 21.904 870.469
  84 0.835 21.752 891.409
  85 0.845 21.352 878.042
  86 0.855 20.492 882.876
  87 0.865 20.004 861.432
  88 0.875 20.17 906.326
  89 0.885 20.806 875.141
  90 0.895 21.532 860.363
  91 0.905 21.886 857.654
  92 0.915 21.948 862.371
  93 0.925 21.9 862.073
  94 0.935 21.558 912.745
  95 0.945 21.598 897.044
  96 0.955 21.634 852.879
  97 0.965 21.262 878.801
  98 0.975 21.078 785.989
  99 0.985 20.282 752.211
  100 0.995 19.696 729.347
305000 100 2112
  1 0.005 19.57 743.883
  2 0.015 20.45 723.051
  3 0.025 20.952 784.917
  4 0.035 21.434 785.947
  5 0.045 21.47 805.756
  6 0.055 21.506 843.768
  7 0.065 21.736 855.791
  8 0.075 21.882 863.149
  9 0.085 21.882 843.463
  10 0.095 21.886 828.847
  11 0.105 21.688 854.129
  12 0.115 20.782 836.245
  13 0.125 19.64 853.117
  14 0.135 19.64 851.012
  15 0.145 21.072 817.854
  16 0.155 21.402 832.437
  17 0.165 21.914 862.718
  18 0.175 21.968 871.459
  19 0.185 21.808 888.488
  20 0.195 21.754 893.644
  21 0.205 21.57 892.106
  22 0.215 21.564 877.915
  23 0.225 21.404 872.735
  24 0.235 21.086 868.835
  25 0.245 20.078 820.003
  26 0.255 19.34 832.633
  27 0.265 20.056 868.738
  28 0.275 20.488 862.479
  29 0.285 20.914 897.628
  30 0.295 21.376 917.484
  31 0.305 21.428 972.841
  32 0.315 21.688 961.905
  33 0.325 21.672 992.136
  34 0.335 21.91 967.928
  35 0.345 21.822 1002.55
  36 0.355 21.676 987.204
  37 0.365 20.948 986.624
  38 0.375 20.212 1056.35
  39 0.385 19.864 1069.17
  40 0.395 20.462 1039.36
  41 0.405 21.168 1062.24
  42 0.415 21.744 1099.3
  43 0.425 21.914 1096.58
  44 0.435 21.662 1091.96
  45 0.445 21.712 1113.22
  46 0.455 21.532 1119.28
  47 0.465 21.352 1190.16
  48 0.475 21.16 1091.28
  49 0.485 20.046 1171.08
  50 0.495 19.194 1191.95
  51 0.505 19.75 1130.29
  52 0.515 20.314 1116.04
  53 0.525 21.086 1166.48
  54 0.535 21.408 1152.87
  55 0.545 21.426 1093.15
  56 0.555 21.77 1074.93
  57 0.565 21.816 1128.65
  58 0.575 21.872 1079.34
  59 0.585 21.716 1064.48
  60 0.595 21.504 1029.71
  61 0.605 20.314 969.105
  62 0.615 19.652 1013.38
  63 0.625 20.102 1050.91
  64 0.635 20.924 1012.47
  65 0.645 21.832 983.249
  66 0.655 21.9 960.177
  67 0.665 21.858 971.41
  68 0.675 21.796 962.994
  69 0.685 21.67 915.426
  70 0.695 21.522 911.259
  71 0.705 21.426 903.827
  72 0.715 21.114 890.843
  73 0.725 20.436 899.232
  74 0.735 19.402 908.727
  75 0.745 19.648 878.262
  76 0.755 20.392 877.381
  77 0.765 20.972 918.402
  78 0.775 21.29 966.494
  79 0.785 21.394 956.996
  80 0.795 21.66 947.941
  81 0.805 21.744 955.417
  82 0.815 21.832 928.381
  83 0.825 21.808 880.796
  84 0.835 21.844 922.081
  85 0.845 21.156 893.092
  86 0.855 20.946 867.769
  87 0.865 19.946 898.439
  88 0.875 20.27 889.273
  89 0.885 20.636 851.915
  90 0.895 21.542 872.61
  91 0.905 21.78 867.781
  92 0.915 21.892 838.583
  93 0.925 21.816 830.832
  94 0.935 21.778 841.855
  95 0.945 21.548 865.12
  96 0.955 21.556 801.177
  97 0.965 21.43 821.634
  98 0.975 20.982 787.518
  99 0.985 20.308 746.322
  100 0.995 19.742 728.765
310000 100 2112
  1 0.005 19.906 758.711
  2 0.015 20.834 768.333
  3 0.025 21.054 783.52
  4 0.035 21.396 759.441
  5 0.045 21.594 758.648
  6 0.055 21.594 816.657
  7 0.065 21.776 772.863
  8 0.075 21.886 808.217
  9 0.085 21.986 826.482
  10 0.095 21.794 847.556
  11 0.105 21.696 821.948
  12 0.115 20.664 849.636
  13 0.125 19.918 853.705
  14 0.135 19.848 847.921
  15 0.145 20.732 879.757
  16 0.155 21.416 883.587
  17 0.165 21.864 866.982
  18 0.175 21.918 859.267
  19 0.185 21.934 851.182
  20 0.195 21.682 858.821
  21 0.205 21.574 860.766
  22 0.215 21.586 901.239
  23 0.225 21.472 859.498
  24 0.235 21.056 932.755
  25 0.245 20.194 879.154
  26 0.255 19.382 933.618
  27 0.265 19.802 887.546
  28 0.275 20.366 896.296
  29 0.285 20.998 897.691
  30 0.295 21.332 926.852
  31 0.305 21.518 950.894
  32 0.315 21.638 926.787
  33 0.325 21.74 964.802
  34 0.335 21.846 960.813
  35 0.345 21.946 1022.13
  36 0.355 21.686 1043.9
  37 0.365 20.904 1114.58
  38 0.375 19.998 1132.33
  39 0.385 20.09 1075.52
  40 0.395 20.232 1045.07
  41 0.405 21.426 1032.95
  42 0.415 21.686 1067.27
  43 0.425 21.858 1055.89
  44 0.435 21.78 1093.53
  45 0.445 21.708 982.643
  46 0.455 21.586 991.169
  47 0.465 21.466 1065.41
  48 0.475 21.092 1089.07
  49 0.485 20.308 1124.8
  50 0.495 19.328 1095.48
  51 0.505 19.43 1138.8
  52 0.515 20.306 1163.29
  53 0.525 20.942 1196.52
  54 0.535 21.376 1131.77
  55 0.545 21.386 1117.33
  56 0.555 21.702 1072.07
  57 0.565 21.802 1137.93
  58 0.575 21.898 1086.09
  59 0.585 21.812 1076.45
  60 0.595 21.426 1047.84
  61 0.605 20.406 1002.18
  62 0.615 19.66 1028.42
  63 0.625 20.012 1029.28
  64 0.635 21.14 1071.98
  65 0.645 21.602 1004.51
  66 0.655 21.932 980.436
  67 0.665 21.87 985.848
  68 0.675 21.886 951.319
  69 0.685 21.628 898.388
  70 0.695 21.51 928.754
  71 0.705 21.49 895.793
  72 0.715 21.122 902.85
  73 0.725 20.562 932.211
  74 0.735 19.664 922.358
  75 0.745 19.734 918.678
  76 0.755 20.098 939.251
  77 0.765 20.66 932.626
  78 0.775 21.266 908.627
  79 0.785 21.392 929.333
  80 0.795 21.744 935.557
  81 0.805 21.664 992.041
  82 0.815 21.812 972.404
  83 0.825 21.934 894.546
  84 0.835 21.758 913.664
  85 0.845 21.214 869.632
  86 0.855 20.464 900.275
  87 0.865 20.046 898.807
  88 0.875 20.084 894.929
  89 0.885 20.856 852.684
  90 0.895 21.67 821.054
  91 0.905 21.84 873.364
  92 0.915 21.978 855.535
  93 0.925 21.866 828.135
  94 0.935 21.65 807.62
  95 0.945 21.496 790.709
  96 0.955 21.578 780.395
  97 0.965 21.422 824.339
  98 0.975 20.76 822.6
  99 0.985 19.946 777.705
  100 0.995 19.414 795.063
315000 100 2112.0000000000005
  1 0.005 19.69 748.351
  2 0.015 20.75 678.302
  3 0.025 21.252 741.776
  4 0.035 21.438 774.086
  5 0.045 21.578 775.641
  6 0.055 21.612 763.805
  7 0.065 21.708 837.102
  8 0.075 21.832 861.16
  9 0.085 21.948 783.717
  10 0.095 21.944 824.676
  11 0.105 21.534 865.557
  12 0.115 20.768 871.909
  13 0.125 20.15 860.856
  14 0.135 19.878 910.598
  15 0.145 20.442 940.468
  16 0.155 21.324 910.09
  17 0.165 21.938 862.167
  18 0.175 21.928 865.019
  19 0.185 21.856 839.849
  20 0.195 21.844 881.955
  21 0.205 21.576 893.759
  22 0.215 21.49 887.438
  23 0.225 21.506 869.903
  24 0.235 21.154 896.066
  25 0.245 20.092 908.388
  26 0.255 19.4 939.135
  27 0.265 19.698 906.653
  28 0.275 20.476 903.305
  29 0.285 20.9 955.608
  30 0.295 21.388 969.712
  31 0.305 21.492 1002.98
  32 0.315 21.66 1026.47
  33 0.325 21.738 1037.16
  34 0.335 21.882 985.778
  35 0.345 21.92 960.522
  36 0.355 21.592 997.17
  37 0.365 20.952 1023.36
  38 0.375 20.264 1032.81
  39 0.385 19.742 1000.36
  40 0.395 20.39 963.529
  41 0.405 21.244 1061.36
  42 0.415 21.826 1023.44
  43 0.425 21.876 1035.9
  44 0.435 21.84 1002.54
  45 0.445 21.744 993.496
  46 0.455 21.532 1033.39
  47 0.465 21.432 1028.01
  48 0.475 21.432 993.064
  49 0.485 20.514 1052.39
  50 0.495 19.77 1085.92
  51 0.505 19.214 1070.42
  52 0.515 19.936 1104.11
  53 0.525 20.79 1116.46
  54 0.535 21.358 1116.94
  55 0.545 21.458 1142.97
  56 0.555 21.554 1203.49
  57 0.565 21.7 1180.39
  58 0.575 21.948 1170.22
  59 0.585 21.738 1094.7
  60 0.595 21.418 1093.9
  61 0.605 20.64 1107.59
  62 0.615 19.838 1050.03
  63 0.625 19.908 1030.82
  64 0.635 20.854 988.181
  65 0.645 21.57 994.374
  66 0.655 21.902 1021.54
  67 0.665 21.87 1015.89
  68 0.675 21.778 1035.5
  69 0.685 21.588 979.993
  70 0.695 21.528 909.37
  71 0.705 21.394 934.432
  72 0.715 21.08 1006.69
  73 0.725 20.154 923.714
  74 0.735 19.054 990.722
  75 0.745 19.538 947.773
  76 0.755 20.712 918.391
  77 0.765 21.168 938.785
  78 0.775 21.264 909.408
  79 0.785 21.52 849.923
  80 0.795 21.696 870.947
  81 0.805 21.862 866.521
  82 0.815 21.85 851.284
  83 0.825 21.9 835.636
  84 0.835 21.824 844.513
  85 0.845 20.956 855.772
  86 0.855 20.388 876.088
  87 0.865 19.914 901.095
  88 0.875 20.264 877.796
  89 0.885 21.136 895.837
  90 0.895 21.676 838.555
  91 0.905 21.912 836.552
  92 0.915 21.866 848.662
  93 0.925 21.872 842.134
  94 0.935 21.672 839.355
  95 0.945 21.582 867.358
  96 0.955 21.5 814.156
  97 0.965 21.36 816.718
  98 0.975 21.038 814.978
  99 0.985 19.962 825.974
  100 0.995 19.36 766.068
320000 100 2112
  1 0.005 19.588 792.793
  2 0.015 20.446 783.563
  3 0.025 21.364 776.798
  4 0.035 21.534 787.152
  5 0.045 21.42 828.57
  6 0.055 21.646 843.54
  7 0.065 21.73 896.301
  8 0.075 21.858 925.016
  9 0.085 21.914 860.919
  10 0.095 21.884 837.446
  11 0.105 21.432 829.711
  12 0.115 20.794 835.656
  13 0.125 20.208 863.516
  14 0.135 19.936 855.047
  15 0.145 20.31 883.382
  16 0.155 21.644 861.493
  17 0.165 21.796 862.136
  18 0.175 21.984 852.537
  19 0.185 21.934 838.388
  20 0.195 21.66 867.716
  21 0.205 21.666 879.974
  22 0.215 21.474 838.767
  23 0.225 21.586 896.659
  24 0.235 21.104 936.558
  25 0.245 20.378 945.557
  26 0.255 19.604 957.029
  27 0.265 19.532 928.936
  28 0.275 20.156 918.509
  29 0.285 21.03 909.56
  30 0.295 21.256 945.511
  31 0.305 21.466 941.862
  32 0.315 21.712 963.657
  33 0.325 21.688 1016.27
  34 0.335 21.818 996.803
  35 0.345 21.882 980.599
  36 0.355 21.696 942.13
  37 0.365 21.236 951.701
  38 0.375 20.518 943.831
  39 0.385 19.698 946.345
  40 0.395 20.046 968.312
  41 0.405 21.152 1021.44
  42 0.415 21.714 1065.74
  43 0.425 21.928 1016.14
  44 0.435 21.838 1027.82
  45 0.445 21.658 1080.43
  46 0.455 21.728 1096.36
  47 0.465 21.258 1112.51
  48 0.475 21.334 1070.85
  49 0.485 20.45 1082.87
  50 0.495 19.432 1098.74
  51 0.505 19.288 1092.29
  52 0.515 20.188 1119.3
  53 0.525 20.744 1138.05
  54 0.535 21.452 1105.66
  55 0.545 21.434 1141.56
  56 0.555 21.612 1094.02
  57 0.565 21.82 1163.72
  58 0.575 21.876 1143.24
  59 0.585 21.702 1098.58
  60 0.595 21.496 1080.06
  61 0.605 20.45 1060.89
  62 0.615 19.762 1005.57
  63 0.625 19.898 987.59
  64 0.635 20.982 1003.96
  65 0.645 21.712 1009.88
  66 0.655 21.886 1034.13
  67 0.665 21.884 941.336
  68 0.675 21.73 983.259
  69 0.685 21.614 1020.18
  70 0.695 21.536 980.47
  71 0.705 21.328 1004.22
  72 0.715 20.894 995.247
  73 0.725 20.196 953.679
  74 0.735 19.366 947.348
  75 0.745 19.532 934.276
  76 0.755 20.628 929.694
  77 0.765 21.108 922.031
  78 0.775 21.43 912.901
  79 0.785 21.594 908.651
  80 0.795 21.562 909.804
  81 0.805 21.862 883.894
  82 0.815 21.914 911.624
  83 0.825 21.856 897.868
  84 0.835 21.67 886.153
  85 0.845 21.21 844.69
  86 0.855 20.43 883.965
  87 0.865 19.978 892.704
  88 0.875 20.164 850.914
  89 0.885 21.154 871.606
  90 0.895 21.466 860.649
  91 0.905 21.954 846.096
  92 0.915 21.978 816.115
  93 0.925 21.752 840.43
  94 0.935 21.746 829.191
  95 0.945 21.584 803.09
  96 0.955 21.504 791.092
  97 0.965 21.562 754.744
  98 0.975 20.94 758.909
  99 0.985 20.134 805.622
  100 0.995 19.318 795.377
325000 100 2112.0000000000005
  1 0.005 19.716 783.09
  2 0.015 20.462 796.28
  3 0.025 21.096 795.937
  4 0.035 21.41 839.58
  5 0.045 21.532 892.362
  6 0.055 21.632 847.933
  7 0.065 21.698 831.023
  8 0.075 21.868 843.58
  9 0.085 21.9 813.822
  10 0.095 21.93 817.334
  11 0.105 21.532 827.668
  12 0.115 20.826 822.032
  13 0.125 20.228 769.815
  14 0.135 19.882 775.629
  15 0.145 20.388 821.344
  16 0.155 21.306 816.526
  17 0.165 21.932 798.493
  18 0.175 21.924 815.347
  19 0.185 21.866 832.002
  20 0.195 21.768 833.646
  21 0.205 21.62 884.156
  22 0.215 21.6 895.223
  23 0.225 21.596 856.252
  24 0.235 21.208 857.866
  25 0.245 20.472 895.58
  26 0.255 19.342 957.538
  27 0.265 19.162 992.218
  28 0.275 20.2 1022.4
  29 0.285 21.068 1043.01
  30 0.295 21.452 986.75
  31 0.305 21.502 945.564
  32 0.315 21.576 999.755
  33 0.325 21.82 962.176
  34 0.335 21.816 959.698
  35 0.345 21.96 1012.28
  36 0.355 21.718 949.946
  37 0.365 20.828 992.442
  38 0.375 20.262 967.113
  39 0.385 19.836 975.977
  40 0.395 20.202 1034.36
  41 0.405 21.398 1019.31
  42 0.415 21.832 1070.7
  43 0.425 21.858 1133.87
  44 0.435 21.77 1092.01
  45 0.445 21.588 1087.56
  46 0.455 21.522 1086.39
  47 0.465 21.478 1070.77
  48 0.475 21.084 1061.77
  49 0.485 20.074 1045.39
  50 0.495 19.366 1031.47
  51 0.505 19.642 1118.45
  52 0.515 20.388 1130.27
  53 0.525 20.892 1116.04
  54 0.535 21.408 1087.18
  55 0.545 21.48 1081.38
  56 0.555 21.712 1065.54
  57 0.565 21.79 1064.14
  58 0.575 21.83 1034.88
  59 0.585 21.796 1047.91
  60 0.595 21.28 1074.31
  61 0.605 20.22 1122.95
  62 0.615 19.952 1067.34
  63 0.625 20.162 1017.57
  64 0.635 21.084 991.235
  65 0.645 21.562 994.21
  66 0.655 21.954 986.997
  67 0.665 21.936 997.104
  68 0.675 21.564 1033.37
  69 0.685 21.768 964.949
  70 0.695 21.648 946.618
  71 0.705 21.354 961.702
  72 0.715 21.112 968.977
  73 0.725 20.272 985.557
  74 0.735 19.43 977.571
  75 0.745 19.47 934.925
  76 0.755 20.404 936.884
  77 0.765 21.036 953.578
  78 0.775 21.352 908.201
  79 0.785 21.452 908.374
  80 0.795 21.764 884.88
  81 0.805 21.702 955.081
  82 0.815 21.796 903.481
  83 0.825 21.962 871.461
  84 0.835 21.858 926.752
  85 0.845 21.45 930.321
  86 0.855 20.554 918.877
  87 0.865 19.796 888.977
  88 0.875 20.1 847.787
  89 0.885 20.662 865.219
  90 0.895 21.668 893.65
  91 0.905 21.928 866.039
  92 0.915 21.832 937.694
  93 0.925 22.016 873.174
  94 0.935 21.65 829.591
  95 0.945 21.452 830.201
  96 0.955 21.632 808.412
  97 0.965 21.456 794.345
  98 0.975 20.986 804.004
  99 0.985 20.37 778.314
  100 0.995 19.31 781.139
330000 100 2112.0000000000005
  1 0.005 19.472 729.618
  2 0.015 20.314 722.591
  3 0.025 21.172 738.142
  4 0.035 21.456 824.102
  5 0.045 21.43 805.554
  6 0.055 21.658 813.76
  7 0.065 21.762 842.854
  8 0.075 21.824 886.214
  9 0.085 21.964 904.391
  10 0.095 21.876 909.989
  11 0.105 21.602 857.375
  12 0.115 20.782 829.764
  13 0.125 20 792.322
  14 0.135 19.808 799.077
  15 0.145 20.546 813.019
  16 0.155 21.482 839.946
  17 0.165 21.85 856.054
  18 0.175 21.99 894.926
  19 0.185 21.856 918.299
  20 0.195 21.832 900.616
  21 0.205 21.59 932.041
  22 0.215 21.382 938.987
  23 0.225 21.498 929.682
  24 0.235 21.034 894.856
  25 0.245 20.264 912.961
  26 0.255 19.026 905.706
  27 0.265 19.374 926.873
  28 0.275 20.59 941.61
  29 0.285 21.236 973.16
  30 0.295 21.584 990.514
  31 0.305 21.488 1043.53
  32 0.315 21.608 1063.52
  33 0.325 21.812 1095.69
  34 0.335 21.884 1010.67
  35 0.345 21.81 961.975
  36 0.355 21.27 943.055
  37 0.365 20.54 965.049
  38 0.375 20.262 985.996
  39 0.385 20.088 944.119
  40 0.395 20.714 986.509
  41 0.405 21.368 1031.2
  42 0.415 21.886 1048.62
  43 0.425 21.938 1016.37
  44 0.435 21.71 1029.58
  45 0.445 21.764 1027.84
  46 0.455 21.4 1058.85
  47 0.465 21.58 1008.83
  48 0.475 21.004 1006.97
  49 0.485 20.196 1061.39
  50 0.495 19.338 1094.35
  51 0.505 19.56 1104.5
  52 0.515 20.352 1022.44
  53 0.525 21.048 1097.62
  54 0.535 21.346 1119.21
  55 0.545 21.422 1144.74
  56 0.555 21.698 1132.09
  57 0.565 21.81 1123.21
  58 0.575 21.948 1080.66
  59 0.585 21.832 1084.46
  60 0.595 21.526 1024.24
  61 0.605 20.602 1065.97
  62 0.615 19.602 1054.08
  63 0.625 20.012 1008.88
  64 0.635 20.752 982.906
  65 0.645 21.612 1019.75
  66 0.655 21.944 961.683
  67 0.665 21.916 947.079
  68 0.675 21.882 914.983
  69 0.685 21.516 983.991
  70 0.695 21.608 939.976
  71 0.705 21.496 927.672
  72 0.715 21.34 938.178
  73 0.725 20.554 972.601
  74 0.735 19.754 930.166
  75 0.745 19.298 907.636
  76 0.755 19.866 874.424
  77 0.765 20.95 879.629
  78 0.775 21.392 863.678
  79 0.785 21.442 869.215
  80 0.795 21.55 927.82
  81 0.805 21.742 944.777
  82 0.815 21.83 883.464
  83 0.825 21.97 988.272
  84 0.835 21.804 1004.8
  85 0.845 21.476 1000.72
  86 0.855 20.53 991.31
  87 0.865 19.956 954.406
  88 0.875 19.832 925.808
  89 0.885 20.71 876.09
  90 0.895 21.71 881.199
  91 0.905 21.952 857.275
  92 0.915 21.802 903.934
  93 0.925 21.92 852.871
  94 0.935 21.67 823.901
  95 0.945 21.624 849.431
  96 0.955 21.518 869.356
  97 0.965 21.4 841.388
  98 0.975 21.05 749.885
  99 0.985 20.444 721.407
  100 0.995 19.516 673.682
335000 100 2112
  1 0.005 19.458 751.451
  2 0.015 20.628 715.422
  3 0.025 21.264 750.352
  4 0.035 21.44 785.496
  5 0.045 21.558 852.221
  6 0.055 21.548 910.474
  7 0.065 21.75 815.844
  8 0.075 21.922 842.312
  9 0.085 21.932 864.944
  10 0.095 21.722 852.111
  11 0.105 21.748 830.233
  12 0.115 20.436 855.466
  13 0.125 19.964 837.833
  14 0.135 19.97 873.316
  15 0.145 20.648 849.927
  16 0.155 21.586 841.395
  17 0.165 21.932 837.447
  18 0.175 21.9 874.886
  19 0.185 21.9 822.726
  20 0.195 21.714 858.759
  21 0.205 21.624 861.445
  22 0.215 21.48 906.429
  23 0.225 21.436 914.505
  24 0.235 20.838 924.72
  25 0.245 20.126 988.538
  26 0.255 19.412 954.826
  27 0.265 19.746 974.116
  28 0.275 20.336 1006.05
  29 0.285 21.202 976.043
  30 0.295 21.486 963.475
  31 0.305 21.574 969.956
  32 0.315 21.616 967.534
  33 0.325 21.798 1031.28
  34 0.335 21.826 1006.6
  35 0.345 21.874 982.396
  36 0.355 21.654 973.235
  37 0.365 20.748 994.67
  38 0.375 20.11 1028.23
  39 0.385 19.862 1010.21
  40 0.395 20.7 975.969
  41 0.405 21.246 951.108
  42 0.415 21.748 973.476
  43 0.425 21.898 1007.21
  44 0.435 21.888 1023.95
  45 0.445 21.722 1015.21
  46 0.455 21.554 1050.14
  47 0.465 21.364 1061.91
  48 0.475 21.044 1125.4
  49 0.485 20.628 1132.05
  50 0.495 19.386 1106.76
  51 0.505 19.278 1138.96
  52 0.515 20.148 1118.86
  53 0.525 20.918 1093.12
  54 0.535 21.402 1040.37
  55 0.545 21.508 1119.25
  56 0.555 21.624 1131.89
  57 0.565 21.78 1085.18
  58 0.575 21.876 1030.98
  59 0.585 21.856 949.313
  60 0.595 21.506 970.278
  61 0.605 20.706 1024.81
  62 0.615 19.644 1102.77
  63 0.625 19.85 1042.64
  64 0.635 20.8 979.471
  65 0.645 21.688 949.385
  66 0.655 21.932 990.009
  67 0.665 21.914 997.988
  68 0.675 21.894 916.268
  69 0.685 21.642 855.857
  70 0.695 21.508 932.16
  71 0.705 21.402 941.547
  72 0.715 21.302 920.866
  73 0.725 20.596 927.488
  74 0.735 19.85 961.692
  75 0.745 19.33 946.553
  76 0.755 19.878 921.638
  77 0.765 20.956 927.293
  78 0.775 21.364 886.559
  79 0.785 21.404 962.725
  80 0.795 21.578 975.082
  81 0.805 21.68 1019.73
  82 0.815 21.888 960.545
  83 0.825 21.82 983.077
  84 0.835 21.816 961.679
  85 0.845 21.242 931.198
  86 0.855 20.652 902.352
  87 0.865 20.186 906.544
  88 0.875 19.908 929.799
  89 0.885 20.734 932.093
  90 0.895 21.62 913.601
  91 0.905 21.858 892.434
  92 0.915 21.916 868.447
  93 0.925 21.852 842.832
  94 0.935 21.728 858.762
  95 0.945 21.576 859.242
  96 0.955 21.464 825.414
  97 0.965 21.41 824.75
  98 0.975 20.924 773.672
  99 0.985 20.262 768.195
  100 0.995 19.384 735.734
340000 100 2112.0000000000005
  1 0.005 19.792 761.598
  2 0.015 20.7 770.442
  3 0.025 21.242 770.796
  4 0.035 21.574 754.703
  5 0.045 21.458 759.871
  6 0.055 21.644 777.569
  7 0.065 21.738 778.471
  8 0.075 21.878 796.989
  9 0.085 21.974 850.725
  10 0.095 21.944 837.248
  11 0.105 21.678 830.025
  12 0.115 20.828 827.877
  13 0.125 19.782 852.491
  14 0.135 19.748 859.06
  15 0.145 20.722 867.734
  16 0.155 21.406 872.88
  17 0.165 21.908 882.336
  18 0.175 21.852 922.604
  19 0.185 21.932 879.495
  20 0.195 21.678 886.169
  21 0.205 21.756 917.528
  22 0.215 21.38 936.566
  23 0.225 21.426 964.919
  24 0.235 20.942 978.39
  25 0.245 20.084 1028.87
  26 0.255 19.194 1024.67
  27 0.265 19.72 1017.9
  28 0.275 20.436 1032.01
  29 0.285 21.166 1012.87
  30 0.295 21.5 1015.66
  31 0.305 21.56 1024.62
  32 0.315 21.592 1000.88
  33 0.325 21.828 985.579
  34 0.335 21.936 940.31
  35 0.345 21.874 934.226
  36 0.355 21.468 947.769
  37 0.365 20.934 953.114
  38 0.375 20.14 868.688
  39 0.385 19.814 884.792
  40 0.395 20.448 957.932
  41 0.405 21.416 960.313
  42 0.415 21.892 1009.07
  43 0.425 21.88 994.571
  44 0.435 21.942 1064.07
  45 0.445 21.638 1074.07
  46 0.455 21.506 1081.68
  47 0.465 21.432 1108.39
  48 0.475 21.156 1071.95
  49 0.485 20.662 1094.46
  50 0.495 19.27 1081.46
  51 0.505 19.326 1132.1
  52 0.515 20.072 1144.66
  53 0.525 21.03 1139.95
  54 0.535 21.248 1094.43
  55 0.545 21.486 1070.66
  56 0.555 21.702 1062.68
  57 0.565 21.78 989.999
  58 0.575 21.882 1005.77
  59 0.585 21.87 962.924
  60 0.595 21.714 984.675
  61 0.605 20.76 963.07
  62 0.615 19.86 1008.34
  63 0.625 19.646 996.461
  64 0.635 20.722 944.977
  65 0.645 21.55 936.114
  66 0.655 21.826 950.492
  67 0.665 22 963.919
  68 0.675 21.794 994.037
  69 0.685 21.66 999.285
  70 0.695 21.522 936.578
  71 0.705 21.462 948.303
  72 0.715 21.228 938.872
  73 0.725 20.858 902.688
  74 0.735 19.568 962.418
  75 0.745 18.982 1007.72
  76 0.755 20.108 923.381
  77 0.765 20.87 974.25
  78 0.775 21.294 958.097
  79 0.785 21.468 938.07
  80 0.795 21.71 937.521
  81 0.805 21.738 954.896
  82 0.815 21.856 931.594
  83 0.825 21.916 915.859
  84 0.835 21.678 951.449
  85 0.845 21.378 893.121
  86 0.855 20.442 924.856
  87 0.865 19.784 922.921
  88 0.875 20.074 907.832
  89 0.885 20.97 944.15
  90 0.895 21.742 910.977
  91 0.905 21.892 934.312
  92 0.915 21.936 896.424
  93 0.925 21.828 865.579
  94 0.935 21.59 903.864
  95 0.945 21.634 830.076
  96 0.955 21.426 849.384
  97 0.965 21.55 809.359
  98 0.975 21.01 819.34
  99 0.985 19.988 828.628
  100 0.995 19.1 800.457
