# Chunk-averaged data for fix 3 and group all
# Timestep Number-of-chunks Total-count
# Chunk Coord1 Ncount v_temp
45000 100 2111.9999999999995
  1 0.005 18.712 474.985
  2 0.015 20.536 464.207
  3 0.025 21.546 465.448
  4 0.035 21.65 455.075
  5 0.045 21.294 473.788
  6 0.055 21.6 512.598
  7 0.065 21.724 541.041
  8 0.075 21.878 537.372
  9 0.085 21.998 562.378
  10 0.095 21.954 595.444
  11 0.105 21.86 564.102
  12 0.115 21.076 536.059
  13 0.125 19.476 549.362
  14 0.135 19.2 596.376
  15 0.145 20.71 567.808
  16 0.155 21.744 551.652
  17 0.165 21.964 571.994
  18 0.175 21.948 586.015
  19 0.185 21.942 535.797
  20 0.195 21.716 535.636
  21 0.205 21.724 536.752
  22 0.215 21.374 557.274
  23 0.225 21.468 553.532
  24 0.235 21.474 599.924
  25 0.245 20.37 597.324
  26 0.255 18.354 614.769
  27 0.265 19.016 624.541
  28 0.275 20.77 663.45
  29 0.285 21.534 633.853
  30 0.295 21.522 614.695
  31 0.305 21.37 623.032
  32 0.315 21.656 631.12
  33 0.325 21.816 659.718
  34 0.335 21.958 683.249
  35 0.345 21.916 707.044
  36 0.355 21.73 676.65
  37 0.365 21.032 659.873
  38 0.375 19.132 689.41
  39 0.385 19.454 678.044
  40 0.395 20.81 696.176
  41 0.405 21.93 676.352
  42 0.415 21.966 668.021
  43 0.425 21.942 668.457
  44 0.435 21.86 669.166
  45 0.445 21.604 669.012
  46 0.455 21.372 664.746
  47 0.465 21.486 707.62
  48 0.475 21.414 670.271
  49 0.485 20.342 702.127
  50 0.495 18.81 696.178
  51 0.505 19.05 773.95
  52 0.515 20.432 741.284
  53 0.525 21.33 742.13
  54 0.535 21.428 738.334
  55 0.545 21.496 729.868
  56 0.555 21.71 726.94
  57 0.565 21.798 731.128
  58 0.575 21.958 737.425
  59 0.585 21.97 724.722
  60 0.595 21.632 687.641
  61 0.605 20.636 665.998
  62 0.615 19.102 686.92
  63 0.625 19.664 658.929
  64 0.635 21.108 621.991
  65 0.645 21.884 652.8
  66 0.655 21.972 642.173
  67 0.665 21.974 637.085
  68 0.675 21.864 671.501
  69 0.685 21.598 654.774
  70 0.695 21.4 612.791
  71 0.705 21.442 609.999
  72 0.715 21.638 589.97
  73 0.725 20.94 621.855
  74 0.735 19.2 644.09
  75 0.745 18.526 633.986
  76 0.755 20.018 648.568
  77 0.765 21.336 620.224
  78 0.775 21.522 574.547
  79 0.785 21.378 583.272
  80 0.795 21.556 546.213
  81 0.805 21.728 565.777
  82 0.815 21.916 572.406
  83 0.825 21.982 552.357
  84 0.835 21.996 545.561
  85 0.845 21.934 561.027
  86 0.855 21.11 561.56
  87 0.865 19.404 563.403
  88 0.875 19.144 556.106
  89 0.885 20.758 573.914
  90 0.895 21.668 531.728
  91 0.905 21.986 558.044
  92 0.915 21.98 545.179
  93 0.925 21.922 541.677
  94 0.935 21.798 531.882
  95 0.945 21.498 569.422
  96 0.955 21.46 581.541
  97 0.965 21.488 569.007
  98 0.975 21.562 539.434
  99 0.985 20.472 502.67
  100 0.995 18.898 488.357
50000 100 2111.9999999999995
  1 0.005 18.766 508.086
  2 0.015 20.194 505.404
  3 0.025 21.428 516.45
  4 0.035 21.654 524.156
  5 0.045 21.358 528.119
  6 0.055 21.524 544.4
  7 0.065 21.71 559.52
  8 0.075 21.97 540.783
  9 0.085 21.998 558.035
  10 0.095 21.974 517.901
  11 0.105 21.756 528.503
  12 0.115 20.818 543.302
  13 0.125 19.558 548.606
  14 0.135 19.354 545.131
  15 0.145 20.876 533.014
  16 0.155 21.758 547.525
  17 0.165 21.892 560.753
  18 0.175 21.944 555.333
  19 0.185 21.922 571.357
  20 0.195 21.754 564.933
  21 0.205 21.45 552.611
  22 0.215 21.412 562.56
  23 0.225 21.584 551.309
  24 0.235 21.412 555.405
  25 0.245 20.062 581.765
  26 0.255 18.496 640.637
  27 0.265 19.132 653.66
  28 0.275 20.922 650.113
  29 0.285 21.536 617.049
  30 0.295 21.376 604.885
  31 0.305 21.604 626.296
  32 0.315 21.556 661.976
  33 0.325 21.904 655.326
  34 0.335 21.96 648.219
  35 0.345 21.94 642.57
  36 0.355 21.832 624.799
  37 0.365 21.06 638.247
  38 0.375 19.406 666.08
  39 0.385 19.236 669.749
  40 0.395 20.858 684.836
  41 0.405 21.686 699.037
  42 0.415 21.948 742.644
  43 0.425 21.918 686.37
  44 0.435 21.876 719.993
  45 0.445 21.582 727.523
  46 0.455 21.468 746.29
  47 0.465 21.524 708.333
  48 0.475 21.292 709.35
  49 0.485 20.494 684.603
  50 0.495 18.94 729.755
  51 0.505 18.954 754.286
  52 0.515 20.318 751.74
  53 0.525 21.366 751.452
  54 0.535 21.386 744.43
  55 0.545 21.46 718.525
  56 0.555 21.608 700.178
  57 0.565 21.862 693.27
  58 0.575 21.96 703.071
  59 0.585 21.924 700.484
  60 0.595 21.784 676.1
  61 0.605 20.888 672.26
  62 0.615 19.482 629.976
  63 0.625 19.26 643.931
  64 0.635 21.084 621.645
  65 0.645 21.598 637.548
  66 0.655 21.968 659.617
  67 0.665 21.978 682.931
  68 0.675 21.87 619.23
  69 0.685 21.638 650.033
  70 0.695 21.488 605.609
  71 0.705 21.422 646.89
  72 0.715 21.514 641.571
  73 0.725 20.814 664.05
  74 0.735 19.3 651.802
  75 0.745 18.61 647.196
  76 0.755 19.96 672.387
  77 0.765 21.36 655.493
  78 0.775 21.306 651.18
  79 0.785 21.542 634.189
  80 0.795 21.428 601.782
  81 0.805 21.842 586.008
  82 0.815 21.956 580.141
  83 0.825 21.97 574.47
  84 0.835 21.982 558.561
  85 0.845 21.758 550.848
  86 0.855 20.842 545.301
  87 0.865 19.072 523.875
  88 0.875 19.31 514.034
  89 0.885 21.288 526.416
  90 0.895 21.762 562.265
  91 0.905 22 547.639
  92 0.915 21.99 500.89
  93 0.925 21.894 519.389
  94 0.935 21.84 518.135
  95 0.945 21.532 518.458
  96 0.955 21.38 514.56
  97 0.965 21.562 518.212
  98 0.975 21.502 492.148
  99 0.985 20.622 500.252
  100 0.995 19.09 479.874
55000 100 2112
  1 0.005 19.202 479.286
  2 0.015 20.774 498.106
  3 0.025 21.538 497.425
  4 0.035 21.484 538.811
  5 0.045 21.378 520.482
  6 0.055 21.692 517.787
  7 0.065 21.754 529.239
  8 0.075 21.944 486.209
  9 0.085 22.024 497.134
  10 0.095 21.97 496.877
  11 0.105 21.764 502.038
  12 0.115 20.782 492.308
  13 0.125 19.464 523.357
  14 0.135 19.47 535.241
  15 0.145 20.898 527.037
  16 0.155 21.638 586.198
  17 0.165 21.974 605.213
  18 0.175 21.968 601.248
  19 0.185 21.94 619.228
  20 0.195 21.682 610.403
  21 0.205 21.612 614.363
  22 0.215 21.396 572.422
  23 0.225 21.524 579.934
  24 0.235 21.482 588.95
  25 0.245 20.176 579.392
  26 0.255 18.452 596.318
  27 0.265 18.942 597.478
  28 0.275 20.97 602.928
  29 0.285 21.558 582.831
  30 0.295 21.48 581.289
  31 0.305 21.408 645.602
  32 0.315 21.616 662.969
  33 0.325 21.852 641.76
  34 0.335 21.972 644.647
  35 0.345 21.98 657.743
  36 0.355 21.736 657.99
  37 0.365 21.32 634.324
  38 0.375 19.612 652.697
  39 0.385 19.174 633.256
  40 0.395 20.53 671.428
  41 0.405 21.698 697.107
  42 0.415 21.93 708.901
  43 0.425 21.978 707.096
  44 0.435 21.834 721.284
  45 0.445 21.734 726.674
  46 0.455 21.38 746.055
  47 0.465 21.472 725.616
  48 0.475 21.342 744.347
  49 0.485 20.466 779.203
  50 0.495 19.33 741.715
  51 0.505 18.728 752.095
  52 0.515 20.218 720.469
  53 0.525 21.228 731.238
  54 0.535 21.48 722.1
  55 0.545 21.522 735.097
  56 0.555 21.568 753.651
  57 0.565 21.782 737.707
  58 0.575 21.944 695.069
  59 0.585 21.99 686.175
  60 0.595 21.672 691.333
  61 0.605 20.714 657.992
  62 0.615 19.692 658.327
  63 0.625 19.344 650.263
  64 0.635 20.974 632.31
  65 0.645 21.672 643.156
  66 0.655 21.9 704.151
  67 0.665 21.984 682.76
  68 0.675 21.872 625.678
  69 0.685 21.54 635.945
  70 0.695 21.514 598.994
  71 0.705 21.53 598.605
  72 0.715 21.47 650.925
  73 0.725 20.832 664.396
  74 0.735 19.276 661.322
  75 0.745 18.542 637.178
  76 0.755 19.99 638.8
  77 0.765 21.408 612.214
  78 0.775 21.46 586.02
  79 0.785 21.528 590.299
  80 0.795 21.432 582.585
  81 0.805 21.75 557.724
  82 0.815 21.91 556.324
  83 0.825 21.998 564.347
  84 0.835 21.972 569.305
  85 0.845 21.668 569.028
  86 0.855 21.074 595.193
  87 0.865 19.036 622.572
  88 0.875 19.466 601.412
  89 0.885 20.868 559.144
  90 0.895 21.916 548.693
  91 0.905 22 505.702
  92 0.915 21.972 531.969
  93 0.925 21.842 539.493
  94 0.935 21.834 522.681
  95 0.945 21.43 533.285
  96 0.955 21.394 524.148
  97 0.965 21.592 517.645
  98 0.975 21.406 494.234
  99 0.985 20.144 483.136
  100 0.995 18.626 468.273
60000 100 2112
  1 0.005 19.124 464.065
  2 0.015 20.93 453.503
  3 0.025 21.648 458.198
  4 0.035 21.48 469.369
  5 0.045 21.45 470.597
  6 0.055 21.49 482.801
  7 0.065 21.786 520.002
  8 0.075 21.964 516.695
  9 0.085 21.98 525.773
  10 0.095 21.958 528.819
  11 0.105 21.8 513.865
  12 0.115 20.874 510.559
  13 0.125 19.57 505.997
  14 0.135 19.184 540.756
  15 0.145 20.916 575.458
  16 0.155 21.706 553.812
  17 0.165 21.992 560.965
  18 0.175 21.974 565.738
  19 0.185 21.928 591.631
  20 0.195 21.796 574.878
  21 0.205 21.46 580.521
  22 0.215 21.426 580.425
  23 0.225 21.5 603.564
  24 0.235 21.462 616.096
  25 0.245 20.19 605.151
  26 0.255 18.332 605.079
  27 0.265 19.072 573.656
  28 0.275 20.974 562.452
  29 0.285 21.62 545.344
  30 0.295 21.43 597.3
  31 0.305 21.48 656.961
  32 0.315 21.64 648.892
  33 0.325 21.742 644.844
  34 0.335 22.004 664.292
  35 0.345 21.946 675.598
  36 0.355 21.792 677.019
  37 0.365 21.292 679.348
  38 0.375 19.594 669.257
  39 0.385 19.028 665.376
  40 0.395 20.7 688.844
  41 0.405 21.666 659.149
  42 0.415 21.95 674.574
  43 0.425 21.964 682.256
  44 0.435 21.82 693.2
  45 0.445 21.6 752.547
  46 0.455 21.586 685.087
  47 0.465 21.47 746.93
  48 0.475 21.354 728.427
  49 0.485 20.756 714.015
  50 0.495 19.314 733.528
  51 0.505 18.652 755.718
  52 0.515 20.068 750.926
  53 0.525 21.184 811.043
  54 0.535 21.418 754.264
  55 0.545 21.468 701.184
  56 0.555 21.614 720.447
  57 0.565 21.814 726.354
  58 0.575 21.934 702.457
  59 0.585 21.964 740.738
  60 0.595 21.692 719.076
  61 0.605 20.888 728.981
  62 0.615 19.488 687.691
  63 0.625 19.242 688.555
  64 0.635 20.948 698.018
  65 0.645 21.776 648.606
  66 0.655 21.988 687.264
  67 0.665 21.926 706.197
  68 0.675 21.884 658.498
  69 0.685 21.634 641.688
  70 0.695 21.414 658.783
  71 0.705 21.478 651.525
  72 0.715 21.494 631.147
  73 0.725 20.86 606.26
  74 0.735 19.17 616.013
  75 0.745 18.274 601.493
  76 0.755 20.218 585.205
  77 0.765 21.438 592.813
  78 0.775 21.564 563.365
  79 0.785 21.47 561.895
  80 0.795 21.402 583.396
  81 0.805 21.842 550.566
  82 0.815 21.956 532.398
  83 0.825 21.976 523.744
  84 0.835 21.978 555.717
  85 0.845 21.602 584.828
  86 0.855 20.57 605.2
  87 0.865 19.128 628.248
  88 0.875 19.864 613.611
  89 0.885 20.996 603.274
  90 0.895 21.862 572.317
  91 0.905 21.982 542.196
  92 0.915 21.998 528.691
  93 0.925 21.89 508.177
  94 0.935 21.73 562.119
  95 0.945 21.234 580.202
  96 0.955 21.676 537.063
  97 0.965 21.542 506.516
  98 0.975 21.378 524.875
  99 0.985 20.01 488.995
  100 0.995 18.708 488.073
65000 100 2112
  1 0.005 18.924 485.984
  2 0.015 20.418 479.758
  3 0.025 21.542 460.05
  4 0.035 21.536 502.217
  5 0.045 21.396 499.235
  6 0.055 21.57 481.232
  7 0.065 21.74 491.645
  8 0.075 21.946 480.635
  9 0.085 21.97 498.498
  10 0.095 21.98 517.162
  11 0.105 21.828 499.726
  12 0.115 20.942 532.552
  13 0.125 19.558 576.832
  14 0.135 19.254 569.304
  15 0.145 20.824 557.077
  16 0.155 21.63 569.489
  17 0.165 21.98 555.254
  18 0.175 21.978 588.741
  19 0.185 21.924 609.013
  20 0.195 21.844 626.31
  21 0.205 21.44 600.033
  22 0.215 21.384 610.914
  23 0.225 21.584 600.215
  24 0.235 21.488 600.193
  25 0.245 20.426 583.113
  26 0.255 18.306 607.751
  27 0.265 18.84 609.404
  28 0.275 20.872 606.936
  29 0.285 21.688 642.171
  30 0.295 21.45 590.661
  31 0.305 21.41 627.489
  32 0.315 21.578 597.938
  33 0.325 21.858 618.803
  34 0.335 21.94 647.301
  35 0.345 21.988 623.224
  36 0.355 21.838 627.455
  37 0.365 21.28 641.756
  38 0.375 19.772 664.405
  39 0.385 19.156 647.5
  40 0.395 20.236 662.912
  41 0.405 21.748 656.895
  42 0.415 21.98 702.595
  43 0.425 21.986 686.399
  44 0.435 21.818 690.494
  45 0.445 21.686 719.27
  46 0.455 21.458 713.97
  47 0.465 21.394 702.909
  48 0.475 21.3 716.146
  49 0.485 20.434 660.949
  50 0.495 19.144 686.493
  51 0.505 19.072 731.15
  52 0.515 20.188 807.07
  53 0.525 21.238 767.738
  54 0.535 21.446 798.949
  55 0.545 21.392 805.013
  56 0.555 21.712 791.561
  57 0.565 21.772 754.108
  58 0.575 21.956 729.081
  59 0.585 21.936 721.493
  60 0.595 21.636 730.784
  61 0.605 20.354 735.671
  62 0.615 19.396 686.067
  63 0.625 19.838 648.082
  64 0.635 21.076 668.833
  65 0.645 21.778 685.618
  66 0.655 21.968 649.765
  67 0.665 21.998 644.054
  68 0.675 21.738 646.085
  69 0.685 21.598 626.379
  70 0.695 21.506 645.581
  71 0.705 21.394 636.362
  72 0.715 21.494 639.138
  73 0.725 20.734 580.838
  74 0.735 19.116 594.368
  75 0.745 18.518 602.553
  76 0.755 20.308 607.518
  77 0.765 21.428 619.177
  78 0.775 21.556 566.679
  79 0.785 21.472 562.855
  80 0.795 21.494 586.778
  81 0.805 21.774 593.497
  82 0.815 21.908 586.627
  83 0.825 21.986 583.843
  84 0.835 21.976 615.751
  85 0.845 21.684 591.624
  86 0.855 20.846 573.917
  87 0.865 19.082 553.654
  88 0.875 19.65 555.615
  89 0.885 20.88 582.052
  90 0.895 21.9 580.959
  91 0.905 21.976 541.217
  92 0.915 21.986 515.662
  93 0.925 21.922 529.572
  94 0.935 21.796 507.333
  95 0.945 21.47 510.74
  96 0.955 21.396 525.157
  97 0.965 21.614 503.594
  98 0.975 21.392 523.013
  99 0.985 20.414 522.879
  100 0.995 18.97 512.059
70000 100 2111.9999999999995
  1 0.005 19.088 465.121
  2 0.015 20.572 456.52
  3 0.025 21.492 484.16
  4 0.035 21.49 463.424
  5 0.045 21.534 496.846
  6 0.055 21.47 502.214
  7 0.065 21.742 515.742
  8 0.075 21.92 502.504
  9 0.085 21.996 502.488
  10 0.095 21.976 507.475
  11 0.105 21.782 508.756
  12 0.115 21.152 525.718
  13 0.125 19.938 535.05
  14 0.135 19.25 537.802
  15 0.145 20.582 583.402
  16 0.155 21.45 599.177
  17 0.165 21.86 600.024
  18 0.175 21.958 614.549
  19 0.185 21.964 600.564
  20 0.195 21.782 603.409
  21 0.205 21.558 617.284
  22 0.215 21.366 643.549
  23 0.225 21.534 594.853
  24 0.235 21.388 612.135
  25 0.245 20.268 586.835
  26 0.255 18.568 603.666
  27 0.265 18.882 595.627
  28 0.275 20.906 606.812
  29 0.285 21.524 647.009
  30 0.295 21.322 615.855
  31 0.305 21.388 627.799
  32 0.315 21.764 600.694
  33 0.325 21.874 612.787
  34 0.335 22.002 620.45
  35 0.345 21.924 633.9
  36 0.355 21.79 615.775
  37 0.365 20.764 662.943
  38 0.375 19.432 687.031
  39 0.385 19.554 695.321
  40 0.395 20.868 662.226
  41 0.405 21.67 640.945
  42 0.415 21.932 643.017
  43 0.425 21.956 676.071
  44 0.435 21.784 704.663
  45 0.445 21.704 685.76
  46 0.455 21.448 690.519
  47 0.465 21.486 748.829
  48 0.475 21.24 783.041
  49 0.485 20.182 782.788
  50 0.495 19.194 792.577
  51 0.505 19.054 770.56
  52 0.515 20.296 778.975
  53 0.525 21.368 732.143
  54 0.535 21.464 717.75
  55 0.545 21.454 709.741
  56 0.555 21.624 721.908
  57 0.565 21.776 698.657
  58 0.575 22.03 708.421
  59 0.585 21.85 721.357
  60 0.595 21.758 683.031
  61 0.605 20.896 675.836
  62 0.615 19.356 666.857
  63 0.625 19.49 654.936
  64 0.635 21.024 637.74
  65 0.645 21.642 668.788
  66 0.655 21.93 691.668
  67 0.665 21.982 673.546
  68 0.675 21.816 677.101
  69 0.685 21.654 656.92
  70 0.695 21.432 632.528
  71 0.705 21.44 623.328
  72 0.715 21.604 609.462
  73 0.725 20.79 595.736
  74 0.735 19.354 597.751
  75 0.745 18.508 594.725
  76 0.755 20.04 620.759
  77 0.765 21.25 611.059
  78 0.775 21.7 594.152
  79 0.785 21.294 629.405
  80 0.795 21.584 613.349
  81 0.805 21.658 620.992
  82 0.815 21.952 612.802
  83 0.825 21.952 613.734
  84 0.835 21.948 588.519
  85 0.845 21.676 571.13
  86 0.855 20.602 586.043
  87 0.865 19.288 584.43
  88 0.875 19.734 578.933
  89 0.885 20.866 568.517
  90 0.895 21.9 534.202
  91 0.905 21.986 553.818
  92 0.915 21.966 559.565
  93 0.925 21.892 511.874
  94 0.935 21.79 488.769
  95 0.945 21.57 491.364
  96 0.955 21.382 513.708
  97 0.965 21.536 520.935
  98 0.975 21.388 522.525
  99 0.985 20.176 497.303
  100 0.995 19.008 462.045
75000 100 2112.0000000000005
  1 0.005 19.18 482.177
  2 0.015 20.608 464.376
  3 0.025 21.318 479.596
  4 0.035 21.536 473.204
  5 0.045 21.398 474.704
  6 0.055 21.68 499.291
  7 0.065 21.652 489.215
  8 0.075 21.97 496.741
  9 0.085 21.938 508.192
  10 0.095 21.932 512.426
  11 0.105 21.606 500.059
  12 0.115 20.62 530.774
  13 0.125 19.962 539.445
  14 0.135 19.842 550.466
  15 0.145 20.5 565.688
  16 0.155 21.646 556.524
  17 0.165 21.914 599.321
  18 0.175 21.94 582.739
  19 0.185 21.912 576.92
  20 0.195 21.7 568.904
  21 0.205 21.554 619.738
  22 0.215 21.44 624.379
  23 0.225 21.47 659.407
  24 0.235 21.06 677.498
  25 0.245 20.034 686.06
  26 0.255 18.402 661.75
  27 0.265 19.452 633.449
  28 0.275 21.016 628.741
  29 0.285 21.64 616.657
  30 0.295 21.398 626.402
  31 0.305 21.458 605.612
  32 0.315 21.62 629.361
  33 0.325 21.888 606.128
  34 0.335 21.998 576.289
  35 0.345 21.97 590.388
  36 0.355 21.836 635.868
  37 0.365 21.068 631.755
  38 0.375 19.698 675.995
  39 0.385 19.546 688.609
  40 0.395 20.534 678.385
  41 0.405 21.392 679.329
  42 0.415 21.956 663.974
  43 0.425 21.922 677.622
  44 0.435 21.834 702.215
  45 0.445 21.724 703.437
  46 0.455 21.434 699.741
  47 0.465 21.43 682.987
  48 0.475 21.344 704.026
  49 0.485 20.438 714.409
  50 0.495 19.394 720.635
  51 0.505 18.954 736.933
  52 0.515 20.212 734.596
  53 0.525 21.046 764.821
  54 0.535 21.352 722.474
  55 0.545 21.596 771.931
  56 0.555 21.568 764.391
  57 0.565 21.81 755.266
  58 0.575 21.94 676.781
  59 0.585 21.972 641.421
  60 0.595 21.738 676.18
  61 0.605 20.796 702.381
  62 0.615 19.832 704.974
  63 0.625 19.37 703.608
  64 0.635 20.686 687.984
  65 0.645 21.69 679.917
  66 0.655 21.894 683.019
  67 0.665 21.976 652.351
  68 0.675 21.846 669.438
  69 0.685 21.554 691.624
  70 0.695 21.58 665.033
  71 0.705 21.39 680.584
  72 0.715 21.408 664.137
  73 0.725 20.632 642.462
  74 0.735 19.252 627.585
  75 0.745 18.702 645.172
  76 0.755 20.008 630.683
  77 0.765 21.442 591.534
  78 0.775 21.674 567.663
  79 0.785 21.382 587.794
  80 0.795 21.424 612.947
  81 0.805 21.822 631.035
  82 0.815 21.936 609.987
  83 0.825 21.976 604.254
  84 0.835 21.986 571.993
  85 0.845 21.666 557.458
  86 0.855 20.726 545.471
  87 0.865 19.206 554.718
  88 0.875 19.606 553.921
  89 0.885 21.032 566.649
  90 0.895 21.804 539.709
  91 0.905 21.98 556.674
  92 0.915 21.966 548.07
  93 0.925 21.936 531.609
  94 0.935 21.684 544.982
  95 0.945 21.478 550.86
  96 0.955 21.512 485.256
  97 0.965 21.59 458.68
  98 0.975 21.498 470.374
  99 0.985 20.188 444.51
  100 0.995 18.878 463.203
80000 100 2112
  1 0.005 19.75 464.357
  2 0.015 20.748 447.823
  3 0.025 21.324 470.05
  4 0.035 21.434 496.025
  5 0.045 21.498 480.045
  6 0.055 21.714 499.807
  7 0.065 21.67 519.132
  8 0.075 21.948 508.467
  9 0.085 21.976 537.628
  10 0.095 21.898 560.264
  11 0.105 21.442 553.75
  12 0.115 20.852 538.304
  13 0.125 19.63 551.144
  14 0.135 19.814 518.066
  15 0.145 20.92 532.862
  16 0.155 21.54 554.935
  17 0.165 21.902 595.4
  18 0.175 21.976 589.251
  19 0.185 21.846 600.632
  20 0.195 21.882 569.738
  21 0.205 21.4 561.642
  22 0.215 21.496 564.927
  23 0.225 21.498 571.162
  24 0.235 21.374 567.368
  25 0.245 20.188 624.567
  26 0.255 18.712 614.185
  27 0.265 18.902 627.59
  28 0.275 20.86 614.173
  29 0.285 21.562 650.27
  30 0.295 21.402 664.559
  31 0.305 21.442 659.109
  32 0.315 21.65 639.686
  33 0.325 21.868 622.78
  34 0.335 21.944 618.5
  35 0.345 21.968 627.29
  36 0.355 21.714 634.513
  37 0.365 20.938 663.576
  38 0.375 19.678 687.786
  39 0.385 19.56 634.371
  40 0.395 20.606 626.41
  41 0.405 21.574 633.95
  42 0.415 21.948 663.155
  43 0.425 21.992 682.388
  44 0.435 21.82 679.432
  45 0.445 21.684 704.683
  46 0.455 21.502 693.38
  47 0.465 21.498 710.299
  48 0.475 21.33 697.484
  49 0.485 20.414 730.266
  50 0.495 19.48 752.067
  51 0.505 19.232 738.808
  52 0.515 19.972 799.377
  53 0.525 21.006 741.76
  54 0.535 21.384 756.309
  55 0.545 21.448 707.44
  56 0.555 21.596 662.729
  57 0.565 21.792 701.614
  58 0.575 21.91 735.669
  59 0.585 21.858 735.524
  60 0.595 21.602 733.699
  61 0.605 21.018 722.555
  62 0.615 19.858 690.933
  63 0.625 20.148 714.264
  64 0.635 20.196 723.851
  65 0.645 21.4 684.338
  66 0.655 21.9 658.982
  67 0.665 21.95 674.563
  68 0.675 21.894 691.111
  69 0.685 21.574 671.766
  70 0.695 21.516 644.719
  71 0.705 21.494 637.76
  72 0.715 21.332 640.295
  73 0.725 20.932 611.043
  74 0.735 19.33 603.232
  75 0.745 18.554 628.213
  76 0.755 19.754 631.376
  77 0.765 21.522 614.55
  78 0.775 21.528 593.776
  79 0.785 21.294 588.437
  80 0.795 21.572 600.907
  81 0.805 21.8 569.472
  82 0.815 21.932 561.17
  83 0.825 21.996 567.524
  84 0.835 21.938 583.073
  85 0.845 21.334 584.684
  86 0.855 20.288 563.392
  87 0.865 19.694 576.234
  88 0.875 19.76 587.479
  89 0.885 21.204 563.203
  90 0.895 21.786 561.245
  91 0.905 21.98 516.334
  92 0.915 21.982 499.595
  93 0.925 21.834 546.145
  94 0.935 21.612 524.197
  95 0.945 21.518 511.386
  96 0.955 21.572 536.504
  97 0.965 21.414 518.812
  98 0.975 20.774 513.097
  99 0.985 19.844 512.01
  100 0.995 19.404 498.175
85000 100 2112
  1 0.005 19.434 479.391
  2 0.015 20.372 459.801
  3 0.025 21.264 475.672
  4 0.035 21.538 468.305
  5 0.045 21.476 501.074
  6 0.055 21.51 542.961
  7 0.065 21.754 549.096
  8 0.075 21.918 510.228
  9 0.085 21.934 531.593
  10 0.095 22.016 522.352
  11 0.105 21.61 529.576
  12 0.115 20.726 539.933
  13 0.125 19.69 557.816
  14 0.135 19.574 567.583
  15 0.145 20.898 548.507
  16 0.155 21.668 570.735
  17 0.165 21.886 582.664
  18 0.175 21.96 561.119
  19 0.185 21.844 578.22
  20 0.195 21.79 571.03
  21 0.205 21.588 574.669
  22 0.215 21.428 602.651
  23 0.225 21.454 602.427
  24 0.235 21.172 579.372
  25 0.245 20.138 586.156
  26 0.255 18.64 620.492
  27 0.265 19.182 631.582
  28 0.275 20.836 625.32
  29 0.285 21.562 604.184
  30 0.295 21.496 626.951
  31 0.305 21.438 623.406
  32 0.315 21.608 620.475
  33 0.325 21.906 612.942
  34 0.335 21.942 621.118
  35 0.345 21.97 648.347
  36 0.355 21.802 674.682
  37 0.365 20.65 655.738
  38 0.375 19.848 647.52
  39 0.385 19.588 631.56
  40 0.395 20.614 671.479
  41 0.405 21.59 683.013
  42 0.415 21.922 653.565
  43 0.425 21.952 676.99
  44 0.435 21.778 685.676
  45 0.445 21.728 684.433
  46 0.455 21.548 674.543
  47 0.465 21.512 676.374
  48 0.475 21.232 683.759
  49 0.485 20.618 700.081
  50 0.495 19.574 707.43
  51 0.505 18.75 793.145
  52 0.515 20.154 753.482
  53 0.525 21.076 781.51
  54 0.535 21.36 765.601
  55 0.545 21.426 755.802
  56 0.555 21.62 732.327
  57 0.565 21.788 676.388
  58 0.575 21.92 682.838
  59 0.585 21.88 708.949
  60 0.595 21.708 708.405
  61 0.605 20.692 757.11
  62 0.615 19.742 752.165
  63 0.625 19.594 718.785
  64 0.635 20.794 687.451
  65 0.645 21.632 682.639
  66 0.655 21.886 680.743
  67 0.665 21.984 675.901
  68 0.675 21.668 699.733
  69 0.685 21.702 671.893
  70 0.695 21.47 659.482
  71 0.705 21.518 666.557
  72 0.715 21.224 655.559
  73 0.725 20.598 615.909
  74 0.735 19.224 598.984
  75 0.745 18.992 596.705
  76 0.755 20.208 590.744
  77 0.765 21.34 611.991
  78 0.775 21.51 654.794
  79 0.785 21.274 622.622
  80 0.795 21.562 600.059
  81 0.805 21.912 584.56
  82 0.815 21.87 578.318
  83 0.825 22.006 555.382
  84 0.835 21.972 548.961
  85 0.845 21.584 551.128
  86 0.855 20.514 569.34
  87 0.865 19.672 550.832
  88 0.875 19.724 557.605
  89 0.885 20.892 556.133
  90 0.895 21.658 531.91
  91 0.905 21.958 546.092
  92 0.915 21.974 527.573
  93 0.925 21.914 544.215
  94 0.935 21.728 512.746
  95 0.945 21.538 515.546
  96 0.955 21.498 528.679
  97 0.965 21.444 506.933
  98 0.975 21.25 511.961
  99 0.985 20.23 524.285
  100 0.995 19.188 488.986
90000 100 2112
  1 0.005 19.526 479.322
  2 0.015 19.97 496.555
  3 0.025 20.888 525.763
  4 0.035 21.57 543.508
  5 0.045 21.35 545.782
  6 0.055 21.568 526.14
  7 0.065 21.826 532.392
  8 0.075 21.808 557.713
  9 0.085 21.95 567.27
  10 0.095 21.894 562.38
  11 0.105 21.642 543.195
  12 0.115 20.846 573.156
  13 0.125 20.196 547.951
  14 0.135 19.618 551.163
  15 0.145 20.448 572.161
  16 0.155 21.422 548.147
  17 0.165 21.928 555.589
  18 0.175 21.948 579.05
  19 0.185 21.916 536.409
  20 0.195 21.696 611.998
  21 0.205 21.576 602.355
  22 0.215 21.476 596.504
  23 0.225 21.47 589.577
  24 0.235 21.244 566.289
  25 0.245 20.024 578.21
  26 0.255 18.628 586.757
  27 0.265 19.208 587.541
  28 0.275 20.958 596.301
  29 0.285 21.528 571.903
  30 0.295 21.534 594.795
  31 0.305 21.362 628.562
  32 0.315 21.536 607.959
  33 0.325 22.02 610.28
  34 0.335 21.888 649.205
  35 0.345 21.99 655.984
  36 0.355 21.606 660.528
  37 0.365 20.658 686.979
  38 0.375 19.784 689.901
  39 0.385 19.682 672.141
  40 0.395 20.648 671.031
  41 0.405 21.666 651.185
  42 0.415 21.946 654.164
  43 0.425 21.896 673.257
  44 0.435 21.844 625.306
  45 0.445 21.63 680.682
  46 0.455 21.542 700.222
  47 0.465 21.366 710.769
  48 0.475 21.078 748.785
  49 0.485 20.17 748.067
  50 0.495 19.094 777.89
  51 0.505 19.606 795.755
  52 0.515 20.334 779.864
  53 0.525 21.112 790.933
  54 0.535 21.378 739.814
  55 0.545 21.56 713.891
  56 0.555 21.632 717.106
  57 0.565 21.882 735.257
  58 0.575 21.894 660.621
  59 0.585 21.918 689.467
  60 0.595 21.296 701.408
  61 0.605 20.534 680.562
  62 0.615 19.898 709.681
  63 0.625 20.032 704.342
  64 0.635 20.764 689.371
  65 0.645 21.634 645.035
  66 0.655 21.91 664.378
  67 0.665 21.942 638.327
  68 0.675 21.768 661.126
  69 0.685 21.69 657.285
  70 0.695 21.516 628.803
  71 0.705 21.464 634.712
  72 0.715 21.408 662.114
  73 0.725 20.736 633.38
  74 0.735 19.258 606.612
  75 0.745 18.806 606.072
  76 0.755 20.026 642.72
  77 0.765 21.262 663.04
  78 0.775 21.546 634.282
  79 0.785 21.428 589.175
  80 0.795 21.404 590.692
  81 0.805 21.838 571.458
  82 0.815 21.916 586.222
  83 0.825 21.984 558.907
  84 0.835 21.936 595.296
  85 0.845 21.636 588.618
  86 0.855 20.718 586.64
  87 0.865 19.874 573.887
  88 0.875 19.47 577.991
  89 0.885 20.774 550.159
  90 0.895 21.624 522.56
  91 0.905 21.99 534.191
  92 0.915 21.968 514.153
  93 0.925 21.88 524.766
  94 0.935 21.852 508.168
  95 0.945 21.504 516.532
  96 0.955 21.426 505.463
  97 0.965 21.584 474.604
  98 0.975 21.23 473.529
  99 0.985 20.544 482.646
  100 0.995 19.552 468.518
95000 100 2112
  1 0.005 19.208 483.824
  2 0.015 20.448 492.788
  3 0.025 21.256 466.022
  4 0.035 21.588 499.886
  5 0.045 21.56 539.442
  6 0.055 21.446 571.364
  7 0.065 21.766 540.159
  8 0.075 21.862 554.697
  9 0.085 21.944 527.494
  10 0.095 21.958 540.904
  11 0.105 21.672 534.63
  12 0.115 20.728 533.857
  13 0.125 19.9 541.72
  14 0.135 19.744 553.435
  15 0.145 20.648 507.374
  16 0.155 21.45 522.014
  17 0.165 21.954 551.728
  18 0.175 21.932 554.792
  19 0.185 21.946 549.477
  20 0.195 21.682 583.31
  21 0.205 21.54 586.216
  22 0.215 21.5 612.25
  23 0.225 21.49 647.503
  24 0.235 21.292 613.225
  25 0.245 20.184 591.615
  26 0.255 18.458 597.502
  27 0.265 19.196 591.021
  28 0.275 20.932 591.143
  29 0.285 21.544 600.484
  30 0.295 21.5 604.351
  31 0.305 21.258 606.431
  32 0.315 21.678 591.599
  33 0.325 21.878 633.08
  34 0.335 21.962 683.434
  35 0.345 21.986 646.318
  36 0.355 21.752 694.554
  37 0.365 20.79 678.485
  38 0.375 19.858 662.501
  39 0.385 19.478 672.266
  40 0.395 20.66 679.481
  41 0.405 21.538 669.038
  42 0.415 21.934 717.031
  43 0.425 21.892 700.98
  44 0.435 21.814 674.237
  45 0.445 21.72 666.5
  46 0.455 21.47 684.142
  47 0.465 21.474 663.312
  48 0.475 21.278 713.387
  49 0.485 20.32 732.879
  50 0.495 19.292 768.472
  51 0.505 19.272 774.77
  52 0.515 20.094 786.956
  53 0.525 21.12 752.511
  54 0.535 21.248 738.871
  55 0.545 21.656 691.612
  56 0.555 21.656 697.097
  57 0.565 21.84 739.046
  58 0.575 21.846 725.484
  59 0.585 21.986 705.303
  60 0.595 21.64 724.302
  61 0.605 20.418 703.117
  62 0.615 19.774 682.767
  63 0.625 19.698 724.791
  64 0.635 20.742 726.98
  65 0.645 21.782 663.753
  66 0.655 21.954 638.933
  67 0.665 21.91 656.035
  68 0.675 21.91 654.358
  69 0.685 21.656 657.809
  70 0.695 21.4 654.11
  71 0.705 21.514 665.774
  72 0.715 21.486 667.19
  73 0.725 20.802 623.4
  74 0.735 19.278 609.262
  75 0.745 18.552 596.141
  76 0.755 19.91 600.389
  77 0.765 21.452 572.249
  78 0.775 21.516 599.028
  79 0.785 21.552 599.544
  80 0.795 21.474 611.462
  81 0.805 21.702 589.473
  82 0.815 21.898 612.014
  83 0.825 22 585.164
  84 0.835 21.94 579.401
  85 0.845 21.574 580.899
  86 0.855 20.842 581.167
  87 0.865 19.4 568.46
  88 0.875 19.652 582.55
  89 0.885 20.866 571.984
  90 0.895 21.738 580.993
  91 0.905 21.98 566.318
  92 0.915 21.956 547.81
  93 0.925 21.84 526.846
  94 0.935 21.82 504.919
  95 0.945 21.516 500.029
  96 0.955 21.4 531.385
  97 0.965 21.508 496.985
  98 0.975 21.192 491.558
  99 0.985 20.346 459.61
  100 0.995 19.332 453.116
100000 100 2111.9999999999995
  1 0.005 19.472 457.515
  2 0.015 20.594 485.585
  3 0.025 21.358 512.003
  4 0.035 21.544 519.982
  5 0.045 21.516 513.246
  6 0.055 21.516 519.571
  7 0.065 21.78 493.349
  8 0.075 21.928 487.809
  9 0.085 21.988 492.019
  10 0.095 21.962 509.66
  11 0.105 21.746 480.862
  12 0.115 20.792 519.451
  13 0.125 19.362 544.371
  14 0.135 19.776 561.823
  15 0.145 20.71 545.909
  16 0.155 21.802 565.747
  17 0.165 21.844 568.037
  18 0.175 21.946 557.783
  19 0.185 21.946 559.811
  20 0.195 21.78 539.874
  21 0.205 21.48 603.087
  22 0.215 21.468 604.897
  23 0.225 21.502 656.737
  24 0.235 21.388 634.049
  25 0.245 20.18 630.837
  26 0.255 18.622 637.52
  27 0.265 19.152 656.093
  28 0.275 20.65 684.677
  29 0.285 21.594 653.794
  30 0.295 21.42 654.017
  31 0.305 21.508 665.01
  32 0.315 21.534 645.348
  33 0.325 21.886 653.53
  34 0.335 21.952 647.756
  35 0.345 21.936 679.695
  36 0.355 21.692 641.241
  37 0.365 21.04 671.007
  38 0.375 19.87 651.486
  39 0.385 19.366 625.128
  40 0.395 20.618 627.464
  41 0.405 21.53 678.352
  42 0.415 21.944 668.457
  43 0.425 21.92 689.112
  44 0.435 21.924 661.518
  45 0.445 21.728 659.602
  46 0.455 21.398 690.06
  47 0.465 21.426 680.407
  48 0.475 21.322 692.158
  49 0.485 20.748 742.164
  50 0.495 19.438 752.135
  51 0.505 19.096 779.822
  52 0.515 19.818 770.811
  53 0.525 21.134 709.881
  54 0.535 21.25 708.858
  55 0.545 21.532 689.591
  56 0.555 21.57 728.474
  57 0.565 21.828 718.153
  58 0.575 21.89 700.091
  59 0.585 21.966 703.926
  60 0.595 21.768 683.54
  61 0.605 21.17 672.94
  62 0.615 19.574 713.572
  63 0.625 19.358 681.732
  64 0.635 20.66 666.069
  65 0.645 21.588 685.271
  66 0.655 21.882 721.684
  67 0.665 21.926 699.329
  68 0.675 21.846 704.797
  69 0.685 21.666 673.656
  70 0.695 21.502 672.437
  71 0.705 21.398 683.573
  72 0.715 21.434 686.732
  73 0.725 20.666 679.498
  74 0.735 18.834 669.509
  75 0.745 18.84 664.572
  76 0.755 20.216 651.201
  77 0.765 21.562 586.844
  78 0.775 21.452 599.32
  79 0.785 21.384 598.957
  80 0.795 21.616 578.578
  81 0.805 21.746 532.008
  82 0.815 21.946 549.421
  83 0.825 21.984 588.614
  84 0.835 21.868 623.074
  85 0.845 21.618 580.166
  86 0.855 20.69 578.878
  87 0.865 19.476 539.05
  88 0.875 19.558 589.716
  89 0.885 21.128 596.66
  90 0.895 21.656 585.427
  91 0.905 21.976 573.208
  92 0.915 22 556.079
  93 0.925 21.772 539.323
  94 0.935 21.764 510.669
  95 0.945 21.552 483.994
  96 0.955 21.352 475.131
  97 0.965 21.694 481.37
  98 0.975 21.19 457.475
  99 0.985 19.97 459.947
  100 0.995 19.036 460.562
105000 100 2112
  1 0.005 19.326 469.613
  2 0.015 20.666 443.465
  3 0.025 21.492 467.367
  4 0.035 21.502 519.408
  5 0.045 21.534 496.044
  6 0.055 21.544 511.676
  7 0.065 21.762 540.964
  8 0.075 21.882 531.989
  9 0.085 21.968 532.704
  10 0.095 21.982 491.332
  11 0.105 21.61 544.427
  12 0.115 21.044 529.506
  13 0.125 19.518 542.145
  14 0.135 19.464 536.827
  15 0.145 20.886 540.931
  16 0.155 21.636 527.721
  17 0.165 21.842 537.97
  18 0.175 22.006 544.402
  19 0.185 21.944 563.493
  20 0.195 21.698 595.657
  21 0.205 21.65 586.236
  22 0.215 21.346 609.171
  23 0.225 21.478 635.059
  24 0.235 21.36 650.54
  25 0.245 20.208 616.643
  26 0.255 18.814 603.671
  27 0.265 18.95 620.798
  28 0.275 20.77 661.293
  29 0.285 21.482 680.796
  30 0.295 21.318 642.031
  31 0.305 21.6 653.912
  32 0.315 21.584 667.341
  33 0.325 21.874 688.127
  34 0.335 21.936 674.035
  35 0.345 21.986 665.707
  36 0.355 21.674 651.901
  37 0.365 20.87 637.787
  38 0.375 19.66 644.237
  39 0.385 19.374 648.835
  40 0.395 20.858 645.171
  41 0.405 21.6 647.485
  42 0.415 21.966 634.571
  43 0.425 21.956 622.003
  44 0.435 21.876 657.15
  45 0.445 21.628 707.324
  46 0.455 21.44 740.27
  47 0.465 21.516 690.815
  48 0.475 21.354 707.89
  49 0.485 20.578 718.698
  50 0.495 19.276 764.862
  51 0.505 18.932 724.466
  52 0.515 20.11 713.794
  53 0.525 21.162 700.437
  54 0.535 21.514 702.018
  55 0.545 21.42 734.235
  56 0.555 21.592 731.167
  57 0.565 21.79 708.154
  58 0.575 21.866 750.101
  59 0.585 21.938 760.512
  60 0.595 21.606 748.535
  61 0.605 21.172 743.897
  62 0.615 19.97 728.965
  63 0.625 19.316 745.528
  64 0.635 20.48 712.496
  65 0.645 21.566 679.427
  66 0.655 21.944 651.926
  67 0.665 21.934 720.485
  68 0.675 21.868 688.578
  69 0.685 21.646 695.741
  70 0.695 21.534 668.388
  71 0.705 21.41 643.896
  72 0.715 21.416 630.437
  73 0.725 20.698 620.634
  74 0.735 19.148 624.42
  75 0.745 18.67 591.219
  76 0.755 20.048 634.766
  77 0.765 21.53 588.214
  78 0.775 21.476 579.727
  79 0.785 21.344 590.158
  80 0.795 21.554 572.299
  81 0.805 21.826 550.646
  82 0.815 21.914 584.451
  83 0.825 21.99 588.491
  84 0.835 21.902 635.831
  85 0.845 21.578 645.207
  86 0.855 20.046 609.177
  87 0.865 19.28 559.42
  88 0.875 20.15 547.808
  89 0.885 21.246 572.574
  90 0.895 21.794 551.048
  91 0.905 22.002 537.64
  92 0.915 21.908 519.361
  93 0.925 21.95 510.161
  94 0.935 21.604 493.604
  95 0.945 21.574 497.745
  96 0.955 21.442 491.442
  97 0.965 21.516 489.289
  98 0.975 21.138 478.848
  99 0.985 20.126 504.338
  100 0.995 19.072 473.603
110000 100 2112
  1 0.005 18.776 490.94
  2 0.015 20.362 464.96
  3 0.025 21.366 499.248
  4 0.035 21.49 542.495
  5 0.045 21.494 561.276
  6 0.055 21.506 574.45
  7 0.065 21.726 553.408
  8 0.075 21.93 529.124
  9 0.085 21.976 515.88
  10 0.095 21.96 527.589
  11 0.105 21.694 506.716
  12 0.115 20.746 542.519
  13 0.125 19.82 555.113
  14 0.135 19.426 518.926
  15 0.145 20.628 532.711
  16 0.155 21.78 506.252
  17 0.165 21.95 516.306
  18 0.175 21.978 534.019
  19 0.185 21.984 546.299
  20 0.195 21.736 587.136
  21 0.205 21.434 574.542
  22 0.215 21.472 600.794
  23 0.225 21.542 592.475
  24 0.235 21.392 599.931
  25 0.245 20.086 624.858
  26 0.255 18.624 617.75
  27 0.265 19.156 626.845
  28 0.275 20.704 647.581
  29 0.285 21.58 650.524
  30 0.295 21.438 637.488
  31 0.305 21.31 611.282
  32 0.315 21.736 574.796
  33 0.325 21.886 585.744
  34 0.335 21.95 654.711
  35 0.345 21.95 662.83
  36 0.355 21.922 655.695
  37 0.365 20.916 704.299
  38 0.375 19.61 700.018
  39 0.385 19.35 670.335
  40 0.395 20.606 691.17
  41 0.405 21.662 651.475
  42 0.415 21.97 642.37
  43 0.425 21.936 681.034
  44 0.435 21.844 693.225
  45 0.445 21.726 682.25
  46 0.455 21.474 706.309
  47 0.465 21.46 735.428
  48 0.475 21.278 736.437
  49 0.485 20.482 748.869
  50 0.495 19.2 756.219
  51 0.505 18.826 773.578
  52 0.515 20.266 752.588
  53 0.525 21.266 745.529
  54 0.535 21.424 746.951
  55 0.545 21.494 754.034
  56 0.555 21.576 751.482
  57 0.565 21.812 737.8
  58 0.575 21.94 714.432
  59 0.585 21.812 697.102
  60 0.595 21.438 704.754
  61 0.605 20.45 705.095
  62 0.615 19.628 671.87
  63 0.625 19.892 683.647
  64 0.635 21.044 691.744
  65 0.645 21.8 676.461
  66 0.655 21.894 659.475
  67 0.665 21.902 653.045
  68 0.675 21.818 642.34
  69 0.685 21.73 626.013
  70 0.695 21.32 642.901
  71 0.705 21.462 650.428
  72 0.715 21.414 666.808
  73 0.725 20.528 641.198
  74 0.735 19.05 632.774
  75 0.745 18.822 607.187
  76 0.755 20.402 602.176
  77 0.765 21.44 620.998
  78 0.775 21.48 621.658
  79 0.785 21.43 632.172
  80 0.795 21.52 640.036
  81 0.805 21.786 636.409
  82 0.815 21.974 599.161
  83 0.825 21.962 585.621
  84 0.835 21.99 584.914
  85 0.845 21.716 572.671
  86 0.855 20.786 577.837
  87 0.865 19.204 569.44
  88 0.875 19.658 546.268
  89 0.885 20.868 544.336
  90 0.895 21.828 522.928
  91 0.905 21.95 531.395
  92 0.915 21.966 504.815
  93 0.925 21.942 499.546
  94 0.935 21.792 522.21
  95 0.945 21.566 551.363
  96 0.955 21.408 537.482
  97 0.965 21.434 510.996
  98 0.975 21.524 473.948
  99 0.985 20.546 464.745
  100 0.995 19.196 496.225
115000 100 2112
  1 0.005 18.762 479.833
  2 0.015 20.616 464.981
  3 0.025 21.526 452.753
  4 0.035 21.54 488.749
  5 0.045 21.402 511.428
  6 0.055 21.518 502.472
  7 0.065 21.828 520.889
  8 0.075 21.866 545.014
  9 0.085 21.982 545.609
  10 0.095 21.942 546.826
  11 0.105 21.734 558.194
  12 0.115 20.948 571.793
  13 0.125 19.812 552.394
  14 0.135 19.69 555.676
  15 0.145 20.42 565.786
  16 0.155 21.482 585.395
  17 0.165 22.002 576.408
  18 0.175 21.948 588.402
  19 0.185 21.924 566.933
  20 0.195 21.736 577.445
  21 0.205 21.518 587.655
  22 0.215 21.518 585.126
  23 0.225 21.428 588.641
  24 0.235 21.378 572.268
  25 0.245 20.248 556.109
  26 0.255 18.928 561.826
  27 0.265 18.758 562.2
  28 0.275 20.76 565.497
  29 0.285 21.608 583.226
  30 0.295 21.476 579.579
  31 0.305 21.316 601.606
  32 0.315 21.62 602.528
  33 0.325 21.872 633.671
  34 0.335 21.95 663.819
  35 0.345 21.98 639.462
  36 0.355 21.83 655.137
  37 0.365 20.894 622.673
  38 0.375 19.7 679.655
  39 0.385 19.324 722.818
  40 0.395 20.61 701.168
  41 0.405 21.67 678.52
  42 0.415 21.964 673.561
  43 0.425 21.95 702.406
  44 0.435 21.83 681.66
  45 0.445 21.638 704.451
  46 0.455 21.404 714.371
  47 0.465 21.588 682.547
  48 0.475 21.194 723.862
  49 0.485 20.304 777.039
  50 0.495 19.258 739.55
  51 0.505 19.174 792.534
  52 0.515 20.132 759.234
  53 0.525 21.252 769.595
  54 0.535 21.364 767.873
  55 0.545 21.474 761.326
  56 0.555 21.656 776.643
  57 0.565 21.864 748.03
  58 0.575 21.946 740.39
  59 0.585 21.884 719.086
  60 0.595 21.536 733.591
  61 0.605 20.824 681.316
  62 0.615 19.336 685.259
  63 0.625 19.714 678.754
  64 0.635 20.95 658.827
  65 0.645 21.756 631.023
  66 0.655 21.99 650.321
  67 0.665 21.942 660.828
  68 0.675 21.752 651.919
  69 0.685 21.694 659.241
  70 0.695 21.49 667.842
  71 0.705 21.444 651.005
  72 0.715 21.398 643.806
  73 0.725 20.582 628.329
  74 0.735 19.148 619.354
  75 0.745 18.736 641.524
  76 0.755 20.19 666.111
  77 0.765 21.476 627.154
  78 0.775 21.4 610.236
  79 0.785 21.524 615.782
  80 0.795 21.532 602.472
  81 0.805 21.79 637.048
  82 0.815 21.898 591.491
  83 0.825 21.998 567.541
  84 0.835 21.97 572.467
  85 0.845 21.732 554.07
  86 0.855 20.622 549.714
  87 0.865 19.198 515.944
  88 0.875 19.582 522.009
  89 0.885 21.114 521.548
  90 0.895 21.846 548.072
  91 0.905 21.914 565.831
  92 0.915 21.968 552.544
  93 0.925 21.898 528.198
  94 0.935 21.782 508.708
  95 0.945 21.47 534.064
  96 0.955 21.474 539.183
  97 0.965 21.466 542.645
  98 0.975 21.328 552.103
  99 0.985 20.464 493.555
  100 0.995 19.132 499.423
120000 100 2111.9999999999995
  1 0.005 19.116 492.234
  2 0.015 20.68 474.798
  3 0.025 21.462 516.903
  4 0.035 21.688 523.446
  5 0.045 21.282 537.221
  6 0.055 21.572 511.811
  7 0.065 21.85 502.252
  8 0.075 21.942 542.648
  9 0.085 21.962 553.851
  10 0.095 21.88 533.476
  11 0.105 21.516 529.963
  12 0.115 20.802 555.995
  13 0.125 19.612 538.598
  14 0.135 19.776 537.013
  15 0.145 20.816 584.706
  16 0.155 21.656 571.649
  17 0.165 21.936 539.809
  18 0.175 21.95 579.537
  19 0.185 21.874 549.553
  20 0.195 21.748 591.944
  21 0.205 21.506 568.841
  22 0.215 21.42 552.635
  23 0.225 21.582 557.469
  24 0.235 21.234 557.331
  25 0.245 20.102 592.7
  26 0.255 18.552 598.235
  27 0.265 19.298 590.75
  28 0.275 20.83 593.919
  29 0.285 21.612 594.523
  30 0.295 21.446 627.821
  31 0.305 21.494 632.033
  32 0.315 21.55 655.051
  33 0.325 21.892 663.078
  34 0.335 21.922 708.744
  35 0.345 21.992 659.94
  36 0.355 21.806 644.232
  37 0.365 21.038 644.62
  38 0.375 19.696 645.35
  39 0.385 19.71 645.24
  40 0.395 20.586 693.405
  41 0.405 21.308 728.028
  42 0.415 21.862 720.123
  43 0.425 21.958 742.73
  44 0.435 21.788 735.978
  45 0.445 21.694 706.291
  46 0.455 21.462 748.963
  47 0.465 21.498 730.666
  48 0.475 21.26 721.212
  49 0.485 20.538 761.836
  50 0.495 19.17 761.702
  51 0.505 18.978 759.251
  52 0.515 20.104 717.859
  53 0.525 21.338 733.153
  54 0.535 21.432 717.029
  55 0.545 21.302 707.692
  56 0.555 21.712 683.664
  57 0.565 21.838 696.366
  58 0.575 21.938 665.443
  59 0.585 21.924 681.12
  60 0.595 21.708 655.777
  61 0.605 20.928 678.559
  62 0.615 19.788 658.121
  63 0.625 19.342 676.521
  64 0.635 20.638 688.062
  65 0.645 21.704 701.566
  66 0.655 21.948 667.733
  67 0.665 21.92 646.672
  68 0.675 21.87 661.826
  69 0.685 21.716 653.804
  70 0.695 21.462 673.116
  71 0.705 21.346 677.883
  72 0.715 21.51 668.851
  73 0.725 20.766 617.264
  74 0.735 19.168 622.444
  75 0.745 18.73 624.931
  76 0.755 20.08 641.779
  77 0.765 21.314 650.175
  78 0.775 21.496 649.548
  79 0.785 21.44 630.737
  80 0.795 21.498 604.77
  81 0.805 21.774 592.658
  82 0.815 21.938 590.036
  83 0.825 21.978 560.598
  84 0.835 21.99 556.281
  85 0.845 21.676 543.964
  86 0.855 20.656 534.473
  87 0.865 19.194 535.802
  88 0.875 19.794 534.416
  89 0.885 21.034 537.87
  90 0.895 21.668 539.181
  91 0.905 21.988 579.39
  92 0.915 21.974 565.727
  93 0.925 21.922 540.722
  94 0.935 21.83 515.098
  95 0.945 21.454 521.664
  96 0.955 21.368 512.472
  97 0.965 21.582 516.606
  98 0.975 21.298 542.579
  99 0.985 20.228 520.237
  100 0.995 18.79 513.924
125000 100 2112.0000000000005
  1 0.005 19.368 458.695
  2 0.015 20.686 504.335
  3 0.025 21.57 530.409
  4 0.035 21.628 525.611
  5 0.045 21.362 524.799
  6 0.055 21.51 520.308
  7 0.065 21.862 515.733
  8 0.075 21.89 544.983
  9 0.085 21.982 534.918
  10 0.095 21.792 541.561
  11 0.105 21.504 519.421
  12 0.115 20.924 531.36
  13 0.125 19.65 540.458
  14 0.135 19.918 521.913
  15 0.145 20.612 531.186
  16 0.155 21.724 550.61
  17 0.165 21.892 605.451
  18 0.175 21.968 570.458
  19 0.185 21.924 549.74
  20 0.195 21.762 541.213
  21 0.205 21.534 555.261
  22 0.215 21.374 623.608
  23 0.225 21.55 605.641
  24 0.235 21.336 614.916
  25 0.245 20.208 583.485
  26 0.255 18.44 617.522
  27 0.265 19.22 588.267
  28 0.275 20.748 625.628
  29 0.285 21.564 605.708
  30 0.295 21.542 616.88
  31 0.305 21.37 588.08
  32 0.315 21.662 599.655
  33 0.325 21.846 586.359
  34 0.335 21.942 580.286
  35 0.345 21.974 604.936
  36 0.355 21.812 654.067
  37 0.365 21.18 666.345
  38 0.375 19.79 676.365
  39 0.385 19.212 708.125
  40 0.395 20.532 662.739
  41 0.405 21.634 675.586
  42 0.415 21.88 728.616
  43 0.425 21.906 719.872
  44 0.435 21.83 770.476
  45 0.445 21.658 757.758
  46 0.455 21.62 765.82
  47 0.465 21.342 785.528
  48 0.475 21.302 799.483
  49 0.485 20.604 801.189
  50 0.495 19.026 750.86
  51 0.505 18.774 724.988
  52 0.515 20.304 728.464
  53 0.525 21.374 682.746
  54 0.535 21.468 671.004
  55 0.545 21.466 686.263
  56 0.555 21.572 693.802
  57 0.565 21.786 691.799
  58 0.575 21.968 694.202
  59 0.585 21.896 725.53
  60 0.595 21.67 702.263
  61 0.605 21.038 711.154
  62 0.615 19.798 713.078
  63 0.625 19.414 700.039
  64 0.635 20.676 674.748
  65 0.645 21.592 667.297
  66 0.655 21.934 686.966
  67 0.665 21.904 710.543
  68 0.675 21.848 718.974
  69 0.685 21.63 733.743
  70 0.695 21.498 717.605
  71 0.705 21.418 683.187
  72 0.715 21.384 647.478
  73 0.725 20.746 600.697
  74 0.735 19.194 590.741
  75 0.745 18.608 590.1
  76 0.755 20.118 582.995
  77 0.765 21.516 565.442
  78 0.775 21.518 579.402
  79 0.785 21.444 571.257
  80 0.795 21.4 578.189
  81 0.805 21.862 614.892
  82 0.815 21.896 651.9
  83 0.825 21.976 620.565
  84 0.835 21.948 593.578
  85 0.845 21.782 563.739
  86 0.855 20.368 565.532
  87 0.865 19.358 557.876
  88 0.875 19.79 541.863
  89 0.885 20.984 516.025
  90 0.895 21.798 529.544
  91 0.905 21.986 517.627
  92 0.915 21.964 539.52
  93 0.925 21.83 520.217
  94 0.935 21.718 536.344
  95 0.945 21.544 525.347
  96 0.955 21.478 511.871
  97 0.965 21.476 523.016
  98 0.975 21.312 493.342
  99 0.985 19.988 499.445
  100 0.995 18.82 479.216
130000 100 2112.0000000000005
  1 0.005 18.594 479.591
  2 0.015 20.672 461.232
  3 0.025 21.608 471.607
  4 0.035 21.6 470.334
  5 0.045 21.398 506.98
  6 0.055 21.536 500.283
  7 0.065 21.75 529.323
  8 0.075 21.878 530.002
  9 0.085 21.998 537.912
  10 0.095 21.91 534.682
  11 0.105 21.776 551.499
  12 0.115 21.13 579.562
  13 0.125 19.554 591.195
  14 0.135 19.42 566.057
  15 0.145 20.546 562.437
  16 0.155 21.68 572.851
  17 0.165 21.968 552.219
  18 0.175 21.964 555.674
  19 0.185 21.94 557.142
  20 0.195 21.734 569.808
  21 0.205 21.542 548.551
  22 0.215 21.414 541.777
  23 0.225 21.488 555.141
  24 0.235 21.418 592.812
  25 0.245 20.18 577.473
  26 0.255 18.748 572.22
  27 0.265 19.002 591.724
  28 0.275 20.686 593.618
  29 0.285 21.586 599.01
  30 0.295 21.482 601.633
  31 0.305 21.466 604.774
  32 0.315 21.664 587.244
  33 0.325 21.82 617.162
  34 0.335 21.88 620.606
  35 0.345 21.96 650.327
  36 0.355 21.768 668.986
  37 0.365 21.098 695.173
  38 0.375 19.794 703.038
  39 0.385 19.396 671.525
  40 0.395 20.618 673.444
  41 0.405 21.398 683.994
  42 0.415 21.934 727.724
  43 0.425 21.958 722.265
  44 0.435 21.864 765.416
  45 0.445 21.652 729.204
  46 0.455 21.538 725.282
  47 0.465 21.368 716.436
  48 0.475 21.444 714.554
  49 0.485 20.532 761.354
  50 0.495 19.06 773.992
  51 0.505 18.768 787.779
  52 0.515 20.29 760.947
  53 0.525 21.282 756.54
  54 0.535 21.492 734.82
  55 0.545 21.324 747.37
  56 0.555 21.698 749.669
  57 0.565 21.818 762.454
  58 0.575 21.948 795.051
  59 0.585 21.862 757.871
  60 0.595 21.626 743.261
  61 0.605 20.818 762.361
  62 0.615 19.422 706.309
  63 0.625 19.438 690.531
  64 0.635 21.034 685.189
  65 0.645 21.806 665.838
  66 0.655 21.958 667.044
  67 0.665 21.938 712.677
  68 0.675 21.748 723.404
  69 0.685 21.648 674.345
  70 0.695 21.496 667.184
  71 0.705 21.332 704.691
  72 0.715 21.386 644.814
  73 0.725 20.61 612.589
  74 0.735 18.954 617.955
  75 0.745 18.862 627.615
  76 0.755 20.42 587.386
  77 0.765 21.448 607.492
  78 0.775 21.532 593.164
  79 0.785 21.314 587.729
  80 0.795 21.572 552.558
  81 0.805 21.828 561.762
  82 0.815 21.938 568.864
  83 0.825 21.994 576.185
  84 0.835 21.934 585.732
  85 0.845 21.708 515.751
  86 0.855 20.282 551.178
  87 0.865 19.58 572.409
  88 0.875 19.748 552.753
  89 0.885 20.952 538.273
  90 0.895 21.79 550.458
  91 0.905 21.98 546.111
  92 0.915 21.982 558.871
  93 0.925 21.936 529.969
  94 0.935 21.706 508.198
  95 0.945 21.456 531.11
  96 0.955 21.504 497.767
  97 0.965 21.512 492.256
  98 0.975 21.57 463.257
  99 0.985 20.456 473.45
  100 0.995 18.886 470.603
135000 100 2112
  1 0.005 18.69 478.633
  2 0.015 20.776 442.684
  3 0.025 21.728 437.243
  4 0.035 21.548 453.119
  5 0.045 21.436 477.363
  6 0.055 21.518 491.797
  7 0.065 21.742 492.736
  8 0.075 21.896 512.763
  9 0.085 21.958 519.814
  10 0.095 21.966 493.638
  11 0.105 21.708 502.631
  12 0.115 21.094 554.429
  13 0.125 19.824 579.008
  14 0.135 19.494 591.221
  15 0.145 20.468 576.252
  16 0.155 21.514 548.826
  17 0.165 21.932 569.417
  18 0.175 21.956 563.329
  19 0.185 21.99 597.988
  20 0.195 21.782 563.295
  21 0.205 21.54 556.405
  22 0.215 21.496 552.31
  23 0.225 21.468 588.315
  24 0.235 21.458 557.997
  25 0.245 20.596 583.433
  26 0.255 18.878 600.398
  27 0.265 18.752 641.525
  28 0.275 20.278 635.033
  29 0.285 21.588 613.251
  30 0.295 21.5 582.241
  31 0.305 21.374 613.455
  32 0.315 21.634 637.471
  33 0.325 21.778 623.91
  34 0.335 21.952 625.84
  35 0.345 21.972 613.488
  36 0.355 21.904 643.168
  37 0.365 21.35 640.923
  38 0.375 19.84 643.629
  39 0.385 19.086 669.702
  40 0.395 20.45 677.309
  41 0.405 21.414 706.886
  42 0.415 21.962 716.031
  43 0.425 21.93 732.293
  44 0.435 21.804 741.285
  45 0.445 21.784 777.872
  46 0.455 21.482 756.774
  47 0.465 21.394 755.872
  48 0.475 21.246 765.298
  49 0.485 20.436 769.603
  50 0.495 18.902 827.886
  51 0.505 18.934 829.961
  52 0.515 20.406 807.622
  53 0.525 21.368 817.356
  54 0.535 21.362 773.911
  55 0.545 21.47 781.879
  56 0.555 21.698 731.639
  57 0.565 21.856 723.581
  58 0.575 21.882 737.385
  59 0.585 21.918 726.216
  60 0.595 21.248 735.859
  61 0.605 20.258 737.062
  62 0.615 19.694 709.878
  63 0.625 20.02 679.414
  64 0.635 21.196 667.477
  65 0.645 21.726 687.144
  66 0.655 21.972 686.523
  67 0.665 21.936 677.83
  68 0.675 21.802 677.031
  69 0.685 21.56 664.407
  70 0.695 21.342 655.61
  71 0.705 21.534 638.075
  72 0.715 21.416 646.848
  73 0.725 20.474 607.749
  74 0.735 18.806 630.842
  75 0.745 18.908 615.852
  76 0.755 20.542 606.853
  77 0.765 21.45 586.959
  78 0.775 21.59 558.613
  79 0.785 21.378 586.317
  80 0.795 21.516 547.605
  81 0.805 21.854 545.08
  82 0.815 21.914 546.801
  83 0.825 21.994 575.912
  84 0.835 21.978 545.478
  85 0.845 21.626 544.301
  86 0.855 20.92 555.839
  87 0.865 19.268 559.833
  88 0.875 19.708 559.673
  89 0.885 20.75 557.386
  90 0.895 21.764 554.627
  91 0.905 21.986 536.297
  92 0.915 21.966 558.354
  93 0.925 21.926 582.472
  94 0.935 21.716 544.105
  95 0.945 21.572 531.634
  96 0.955 21.348 502.398
  97 0.965 21.594 494.687
  98 0.975 21.466 519.004
  99 0.985 20.368 517.778
  100 0.995 18.752 502.434
140000 100 2111.9999999999995
  1 0.005 18.914 460.789
  2 0.015 20.56 486.865
  3 0.025 21.458 490.755
  4 0.035 21.6 493.384
  5 0.045 21.372 483.455
  6 0.055 21.56 488.288
  7 0.065 21.846 530.608
  8 0.075 21.808 526.999
  9 0.085 21.992 524.614
  10 0.095 21.878 519.584
  11 0.105 21.824 519.686
  12 0.115 21.118 507.91
  13 0.125 19.742 533.705
  14 0.135 19.458 543.176
  15 0.145 20.366 543.258
  16 0.155 21.658 560.436
  17 0.165 21.93 572.387
  18 0.175 21.996 612.464
  19 0.185 21.894 602.161
  20 0.195 21.874 569.727
  21 0.205 21.496 583.991
  22 0.215 21.412 590.786
  23 0.225 21.474 618.182
  24 0.235 21.388 609.136
  25 0.245 20.25 631.017
  26 0.255 18.76 563.934
  27 0.265 18.944 591.13
  28 0.275 20.75 632.443
  29 0.285 21.526 592.838
  30 0.295 21.43 612.827
  31 0.305 21.374 633.235
  32 0.315 21.648 626.667
  33 0.325 21.84 639.462
  34 0.335 21.982 630.106
  35 0.345 21.936 620.484
  36 0.355 21.934 632.845
  37 0.365 21.04 645.976
  38 0.375 19.67 649.919
  39 0.385 19.366 702.182
  40 0.395 20.632 694.249
  41 0.405 21.542 686.263
  42 0.415 21.866 718.502
  43 0.425 21.96 735.074
  44 0.435 21.844 747.007
  45 0.445 21.638 747.173
  46 0.455 21.526 702.822
  47 0.465 21.428 716.78
  48 0.475 21.438 719.975
  49 0.485 20.63 748.298
  50 0.495 19.154 782.1
  51 0.505 18.998 772.366
  52 0.515 19.916 792.073
  53 0.525 21.276 813.577
  54 0.535 21.442 785.316
  55 0.545 21.45 833.717
  56 0.555 21.524 783.567
  57 0.565 21.846 759.029
  58 0.575 21.926 737.464
  59 0.585 21.944 740.162
  60 0.595 21.506 708.403
  61 0.605 20.686 690.489
  62 0.615 19.618 657.777
  63 0.625 19.61 658.404
  64 0.635 20.85 659.644
  65 0.645 21.788 655.381
  66 0.655 21.99 677.077
  67 0.665 21.934 708.1
  68 0.675 21.9 683.593
  69 0.685 21.458 683.316
  70 0.695 21.562 647.807
  71 0.705 21.362 629.594
  72 0.715 21.468 648.386
  73 0.725 20.598 632.642
  74 0.735 18.956 628.202
  75 0.745 18.738 603.967
  76 0.755 20.46 604.245
  77 0.765 21.386 598.635
  78 0.775 21.436 606.612
  79 0.785 21.504 613.244
  80 0.795 21.576 560.329
  81 0.805 21.702 568.694
  82 0.815 22.004 554.628
  83 0.825 21.954 548.19
  84 0.835 21.946 561.463
  85 0.845 21.536 587.887
  86 0.855 20.26 558.382
  87 0.865 19.32 579.982
  88 0.875 20.008 564.165
  89 0.885 21.188 558.589
  90 0.895 21.77 555.097
  91 0.905 21.988 544.867
  92 0.915 21.974 561.64
  93 0.925 21.91 543.066
  94 0.935 21.73 517.142
  95 0.945 21.628 473.815
  96 0.955 21.26 490.261
  97 0.965 21.636 478.848
  98 0.975 21.508 478.389
  99 0.985 20.39 467.254
  100 0.995 18.854 462.161
145000 100 2111.9999999999995
  1 0.005 19.242 443.878
  2 0.015 20.852 448.199
  3 0.025 21.594 478.772
  4 0.035 21.476 492.415
  5 0.045 21.476 479.828
  6 0.055 21.584 504.394
  7 0.065 21.766 499.796
  8 0.075 21.926 538.239
  9 0.085 21.974 560.324
  10 0.095 21.918 536.06
  11 0.105 21.592 551.575
  12 0.115 20.716 534.845
  13 0.125 19.572 537.091
  14 0.135 19.762 538.149
  15 0.145 20.67 577.248
  16 0.155 21.814 568.586
  17 0.165 21.956 566.481
  18 0.175 21.962 561.448
  19 0.185 21.866 572.141
  20 0.195 21.86 581.233
  21 0.205 21.57 599.385
  22 0.215 21.308 602.912
  23 0.225 21.556 641.708
  24 0.235 21.152 622.54
  25 0.245 20.202 611.674
  26 0.255 18.976 586.681
  27 0.265 19.166 597.468
  28 0.275 20.588 600.546
  29 0.285 21.536 584.355
  30 0.295 21.414 637.756
  31 0.305 21.502 619.335
  32 0.315 21.552 633.015
  33 0.325 21.838 627.839
  34 0.335 21.964 648.628
  35 0.345 21.982 652.171
  36 0.355 21.812 659.197
  37 0.365 21.328 641.934
  38 0.375 19.66 674.59
  39 0.385 19.494 665.933
  40 0.395 20.286 700.906
  41 0.405 21.542 711.453
  42 0.415 21.884 680.653
  43 0.425 21.932 676.726
  44 0.435 21.844 724.817
  45 0.445 21.812 744.635
  46 0.455 21.372 759.009
  47 0.465 21.426 769.126
  48 0.475 21.404 787.221
  49 0.485 20.48 798.861
  50 0.495 19.168 801.982
  51 0.505 18.958 776.322
  52 0.515 20.156 761.835
  53 0.525 21.208 747.984
  54 0.535 21.426 728.541
  55 0.545 21.542 686.965
  56 0.555 21.48 716.38
  57 0.565 21.868 728.924
  58 0.575 21.93 745.932
  59 0.585 21.908 734.653
  60 0.595 21.64 717.301
  61 0.605 20.94 695.927
  62 0.615 19.314 693.387
  63 0.625 19.532 700.579
  64 0.635 20.878 672.513
  65 0.645 21.848 678.84
  66 0.655 21.922 656.767
  67 0.665 21.926 651.836
  68 0.675 21.816 645.116
  69 0.685 21.654 649.682
  70 0.695 21.466 652.53
  71 0.705 21.48 671.551
  72 0.715 21.448 644.443
  73 0.725 20.682 646.915
  74 0.735 19.364 655.738
  75 0.745 18.7 631.059
  76 0.755 19.934 653.299
  77 0.765 21.412 614.815
  78 0.775 21.508 606.061
  79 0.785 21.338 586.781
  80 0.795 21.618 576.366
  81 0.805 21.754 565.873
  82 0.815 21.93 571.228
  83 0.825 21.982 560.513
  84 0.835 21.98 557.873
  85 0.845 21.754 561.735
  86 0.855 20.578 554.006
  87 0.865 19.202 573.048
  88 0.875 19.612 587.792
  89 0.885 21.136 554.476
  90 0.895 21.772 556.841
  91 0.905 21.964 532.778
  92 0.915 21.964 548.942
  93 0.925 21.834 547.475
  94 0.935 21.78 498.293
  95 0.945 21.416 483.513
  96 0.955 21.496 479.458
  97 0.965 21.602 504.913
  98 0.975 21.328 505.365
  99 0.985 19.912 493.245
  100 0.995 18.78 470.036
150000 100 2112
  1 0.005 19.07 483.315
  2 0.015 20.564 469.364
  3 0.025 21.43 478.299
  4 0.035 21.558 484.887
  5 0.045 21.452 515.927
  6 0.055 21.574 492.172
  7 0.065 21.664 512.74
  8 0.075 21.972 508.42
  9 0.085 21.93 502.386
  10 0.095 21.998 500.222
  11 0.105 21.782 531.476
  12 0.115 21.102 526.912
  13 0.125 19.772 523.711
  14 0.135 19.406 552.749
  15 0.145 20.322 569.784
  16 0.155 21.688 566.404
  17 0.165 21.938 588.281
  18 0.175 21.988 556.972
  19 0.185 21.926 602.131
  20 0.195 21.726 618.648
  21 0.205 21.606 629.605
  22 0.215 21.39 608.442
  23 0.225 21.494 653.06
  24 0.235 21.312 653.54
  25 0.245 19.916 619.94
  26 0.255 18.632 600.634
  27 0.265 19.138 577.047
  28 0.275 20.992 566.092
  29 0.285 21.554 577.253
  30 0.295 21.464 621.237
  31 0.305 21.488 622.262
  32 0.315 21.584 658.073
  33 0.325 21.83 642.425
  34 0.335 21.962 634.118
  35 0.345 22 611.041
  36 0.355 21.642 652.706
  37 0.365 20.95 690.588
  38 0.375 19.474 688.691
  39 0.385 19.472 685.28
  40 0.395 20.772 711.727
  41 0.405 21.722 657.614
  42 0.415 21.946 658.361
  43 0.425 21.964 696.27
  44 0.435 21.926 718.961
  45 0.445 21.498 712.124
  46 0.455 21.51 741.58
  47 0.465 21.416 746.659
  48 0.475 21.428 768.939
  49 0.485 20.428 746.002
  50 0.495 18.96 784.656
  51 0.505 18.952 785.119
  52 0.515 20.42 756.847
  53 0.525 21.204 767.089
  54 0.535 21.454 766.157
  55 0.545 21.49 782.703
  56 0.555 21.576 777.192
  57 0.565 21.858 756.866
  58 0.575 21.93 736.965
  59 0.585 21.97 728.825
  60 0.595 21.578 695.968
  61 0.605 20.642 687.516
  62 0.615 19.538 689.013
  63 0.625 19.588 708.435
  64 0.635 20.908 692.637
  65 0.645 21.794 642.054
  66 0.655 21.994 604.538
  67 0.665 21.974 601.298
  68 0.675 21.81 609.527
  69 0.685 21.658 592.492
  70 0.695 21.45 651.267
  71 0.705 21.482 644.171
  72 0.715 21.432 626.218
  73 0.725 20.728 687.007
  74 0.735 19.204 661.79
  75 0.745 18.854 624.419
  76 0.755 20.08 641.592
  77 0.765 21.134 654.566
  78 0.775 21.564 635.288
  79 0.785 21.414 621.387
  80 0.795 21.482 598.477
  81 0.805 21.828 573.159
  82 0.815 21.928 595.358
  83 0.825 21.974 562.831
  84 0.835 21.978 582.257
  85 0.845 21.796 557.568
  86 0.855 20.798 559.022
  87 0.865 18.808 566.443
  88 0.875 19.77 550.001
  89 0.885 21.13 554.063
  90 0.895 21.742 516.459
  91 0.905 21.99 498.209
  92 0.915 21.938 531.75
  93 0.925 21.924 539.123
  94 0.935 21.692 546.181
  95 0.945 21.434 528.911
  96 0.955 21.614 491.411
  97 0.965 21.474 524.645
  98 0.975 21.518 490.53
  99 0.985 20.168 506.537
  100 0.995 19.002 515.932
155000 100 2112
  1 0.005 18.896 506.504
  2 0.015 20.262 507.63
  3 0.025 21.418 503.1
  4 0.035 21.57 506.574
  5 0.045 21.494 498.027
  6 0.055 21.424 534.295
  7 0.065 21.792 518.639
  8 0.075 21.894 506.464
  9 0.085 21.978 495.102
  10 0.095 21.92 524.294
  11 0.105 21.69 544.537
  12 0.115 21.174 535.225
  13 0.125 19.732 496.575
  14 0.135 19.584 506.968
  15 0.145 20.298 534.535
  16 0.155 21.668 550.306
  17 0.165 21.924 566.762
  18 0.175 21.982 571.582
  19 0.185 21.95 589.447
  20 0.195 21.832 608.201
  21 0.205 21.438 618.937
  22 0.215 21.536 621.737
  23 0.225 21.41 622.161
  24 0.235 21.242 644.191
  25 0.245 20.48 601.366
  26 0.255 18.952 608.07
  27 0.265 18.978 590.993
  28 0.275 20.488 589.696
  29 0.285 21.506 595.072
  30 0.295 21.44 605.941
  31 0.305 21.354 603.859
  32 0.315 21.66 593.987
  33 0.325 21.846 585.894
  34 0.335 21.912 638.47
  35 0.345 21.994 655.455
  36 0.355 21.898 638.928
  37 0.365 21.26 648.942
  38 0.375 19.614 667.018
  39 0.385 19.212 675.618
  40 0.395 20.442 696.081
  41 0.405 21.656 696.639
  42 0.415 21.934 709.422
  43 0.425 21.944 803.083
  44 0.435 21.808 797.424
  45 0.445 21.712 773.221
  46 0.455 21.336 758.531
  47 0.465 21.506 763.084
  48 0.475 21.204 733.615
  49 0.485 20.258 756.904
  50 0.495 18.888 775.402
  51 0.505 19.222 796.116
  52 0.515 20.41 770.328
  53 0.525 21.378 787.429
  54 0.535 21.306 747.025
  55 0.545 21.45 706.187
  56 0.555 21.722 685.924
  57 0.565 21.926 704.732
  58 0.575 21.91 692.74
  59 0.585 21.91 746.203
  60 0.595 21.488 737.483
  61 0.605 20.182 731.533
  62 0.615 19.678 738.743
  63 0.625 19.878 741.732
  64 0.635 21.028 692.56
  65 0.645 21.852 675.756
  66 0.655 21.97 676.486
  67 0.665 21.908 688.399
  68 0.675 21.742 658.853
  69 0.685 21.688 635.074
  70 0.695 21.33 621.693
  71 0.705 21.564 632.075
  72 0.715 21.332 648.666
  73 0.725 20.238 651.919
  74 0.735 18.858 660.737
  75 0.745 19.13 610.499
  76 0.755 20.53 610.08
  77 0.765 21.436 611.172
  78 0.775 21.592 574.794
  79 0.785 21.378 575.436
  80 0.795 21.57 573.775
  81 0.805 21.786 549.917
  82 0.815 21.952 544.907
  83 0.825 21.984 555.472
  84 0.835 21.996 571.705
  85 0.845 21.754 583.482
  86 0.855 20.778 590.271
  87 0.865 19.068 581.442
  88 0.875 19.624 548.308
  89 0.885 20.968 533.68
  90 0.895 21.804 509.279
  91 0.905 22.008 507.295
  92 0.915 21.972 510.624
  93 0.925 21.98 530.254
  94 0.935 21.714 534.612
  95 0.945 21.632 527.516
  96 0.955 21.384 511.576
  97 0.965 21.554 493.142
  98 0.975 21.436 502.425
  99 0.985 20.586 515.185
  100 0.995 19.024 505.157
160000 100 2112.0000000000005
  1 0.005 18.866 490.286
  2 0.015 20.504 471.171
  3 0.025 21.512 493.542
  4 0.035 21.608 514.264
  5 0.045 21.416 535.784
  6 0.055 21.53 568.002
  7 0.065 21.72 539.656
  8 0.075 21.9 526.33
  9 0.085 21.988 529.017
  10 0.095 21.95 553.01
  11 0.105 21.642 560.482
  12 0.115 20.792 579.22
  13 0.125 20.066 576.423
  14 0.135 19.438 542.71
  15 0.145 20.622 518.968
  16 0.155 21.55 530.723
  17 0.165 21.934 559.993
  18 0.175 21.968 555.989
  19 0.185 21.918 581.246
  20 0.195 21.798 580.85
  21 0.205 21.498 598.066
  22 0.215 21.516 598.24
  23 0.225 21.41 624.885
  24 0.235 21.356 612.409
  25 0.245 20.224 617.348
  26 0.255 18.654 614.192
  27 0.265 18.944 574.656
  28 0.275 20.854 593.625
  29 0.285 21.592 577.661
  30 0.295 21.452 610.745
  31 0.305 21.38 608.183
  32 0.315 21.614 599.968
  33 0.325 21.862 593.631
  34 0.335 21.972 593.778
  35 0.345 21.97 624.072
  36 0.355 21.954 657.766
  37 0.365 21.15 670.333
  38 0.375 19.466 651.243
  39 0.385 19.09 673.411
  40 0.395 20.806 693.71
  41 0.405 21.622 705.337
  42 0.415 21.898 753.952
  43 0.425 21.958 703.79
  44 0.435 21.864 683.417
  45 0.445 21.692 692.469
  46 0.455 21.404 714.807
  47 0.465 21.506 762.935
  48 0.475 21.364 744.225
  49 0.485 20.424 757.538
  50 0.495 19.162 794.979
  51 0.505 18.878 805.38
  52 0.515 20.276 764.239
  53 0.525 21.146 858.658
  54 0.535 21.444 787.955
  55 0.545 21.566 723.174
  56 0.555 21.618 785.627
  57 0.565 21.776 765.752
  58 0.575 21.946 723.381
  59 0.585 21.894 695.228
  60 0.595 21.528 676.093
  61 0.605 20.728 713.196
  62 0.615 19.626 733.278
  63 0.625 19.854 720.909
  64 0.635 20.852 715.841
  65 0.645 21.572 744.402
  66 0.655 21.936 719.547
  67 0.665 21.932 684.626
  68 0.675 21.73 727.262
  69 0.685 21.744 713.579
  70 0.695 21.412 656.493
  71 0.705 21.528 653.89
  72 0.715 21.3 623.495
  73 0.725 20.472 648.184
  74 0.735 18.894 619.023
  75 0.745 18.92 613.506
  76 0.755 20.436 609.684
  77 0.765 21.442 619.799
  78 0.775 21.508 592.073
  79 0.785 21.352 583.344
  80 0.795 21.512 530.728
  81 0.805 21.89 515.746
  82 0.815 21.956 534.845
  83 0.825 21.976 522.897
  84 0.835 21.96 536.957
  85 0.845 21.78 532.819
  86 0.855 20.454 540.606
  87 0.865 19.07 537.177
  88 0.875 19.84 565.016
  89 0.885 21.15 533.067
  90 0.895 21.746 555.847
  91 0.905 21.996 536.408
  92 0.915 21.998 508.829
  93 0.925 21.942 526.062
  94 0.935 21.644 518.316
  95 0.945 21.536 513.809
  96 0.955 21.43 502.982
  97 0.965 21.606 503.234
  98 0.975 21.522 495.083
  99 0.985 20.358 482.933
  100 0.995 18.944 497.66
165000 100 2112
  1 0.005 19.106 480.292
  2 0.015 20.502 430.877
  3 0.025 21.498 465.525
  4 0.035 21.522 492.225
  5 0.045 21.372 501.786
  6 0.055 21.62 513.449
  7 0.065 21.716 526.986
  8 0.075 21.924 545.242
  9 0.085 21.98 558.525
  10 0.095 21.934 543.536
  11 0.105 21.626 521.479
  12 0.115 20.364 528.672
  13 0.125 19.888 515.781
  14 0.135 19.754 522.816
  15 0.145 20.908 498.851
  16 0.155 21.646 522.706
  17 0.165 21.886 580.68
  18 0.175 21.968 570.322
  19 0.185 21.846 604.359
  20 0.195 21.778 582.951
  21 0.205 21.434 582.389
  22 0.215 21.504 605.628
  23 0.225 21.644 588.073
  24 0.235 21.25 585.625
  25 0.245 19.942 600.671
  26 0.255 18.6 611.957
  27 0.265 19.292 613.274
  28 0.275 20.918 622.82
  29 0.285 21.49 612.495
  30 0.295 21.482 602.418
  31 0.305 21.446 589.824
  32 0.315 21.656 620.873
  33 0.325 21.758 621.847
  34 0.335 22.016 621.591
  35 0.345 21.97 662.968
  36 0.355 21.854 696.639
  37 0.365 21.284 694.337
  38 0.375 19.868 706.817
  39 0.385 19.18 698.26
  40 0.395 20.468 691.133
  41 0.405 21.452 688.26
  42 0.415 21.89 726.584
  43 0.425 21.972 694.53
  44 0.435 21.854 692.28
  45 0.445 21.81 684.935
  46 0.455 21.438 690.54
  47 0.465 21.426 779.709
  48 0.475 21.346 748.907
  49 0.485 20.604 758.853
  50 0.495 19.644 802.974
  51 0.505 18.89 816.309
  52 0.515 19.812 795.981
  53 0.525 21.022 827.674
  54 0.535 21.424 764.699
  55 0.545 21.524 704.388
  56 0.555 21.522 690.536
  57 0.565 21.766 744.689
  58 0.575 21.98 766.898
  59 0.585 21.864 741.465
  60 0.595 21.728 725.512
  61 0.605 20.614 739.161
  62 0.615 19.594 724.742
  63 0.625 19.756 721.419
  64 0.635 20.652 721.621
  65 0.645 21.762 741.187
  66 0.655 21.974 746.347
  67 0.665 21.942 725.092
  68 0.675 21.744 680.535
  69 0.685 21.748 683.226
  70 0.695 21.362 675.034
  71 0.705 21.408 656.593
  72 0.715 21.396 630.098
  73 0.725 20.45 618.548
  74 0.735 19.046 624.784
  75 0.745 18.932 640.946
  76 0.755 20.326 616.381
  77 0.765 21.408 616.986
  78 0.775 21.598 583.942
  79 0.785 21.326 598.94
  80 0.795 21.674 582.482
  81 0.805 21.766 580.091
  82 0.815 21.926 549.792
  83 0.825 21.962 545.405
  84 0.835 22 525.72
  85 0.845 21.632 505.904
  86 0.855 20.69 515.269
  87 0.865 19.326 531.758
  88 0.875 19.524 562.493
  89 0.885 21.024 545.924
  90 0.895 21.814 554.328
  91 0.905 21.998 526.531
  92 0.915 21.966 531.434
  93 0.925 21.94 506.837
  94 0.935 21.67 508.425
  95 0.945 21.596 521.756
  96 0.955 21.476 509.59
  97 0.965 21.434 520.963
  98 0.975 21.316 491.433
  99 0.985 20.318 469.513
  100 0.995 19.048 466.137
170000 100 2112.0000000000005
  1 0.005 19.312 465.642
  2 0.015 20.756 451.765
  3 0.025 21.446 457.998
  4 0.035 21.608 473.735
  5 0.045 21.296 503.97
  6 0.055 21.708 509.599
  7 0.065 21.726 533.241
  8 0.075 21.9 523.373
  9 0.085 21.99 514.367
  10 0.095 21.956 520.006
  11 0.105 21.768 478.356
  12 0.115 20.916 513.388
  13 0.125 19.792 511.009
  14 0.135 19.682 556.921
  15 0.145 20.31 550.249
  16 0.155 21.718 513.491
  17 0.165 21.878 547.667
  18 0.175 21.962 565.783
  19 0.185 21.99 554.133
  20 0.195 21.752 559.136
  21 0.205 21.56 570.53
  22 0.215 21.52 599.672
  23 0.225 21.428 616.204
  24 0.235 21.412 631.031
  25 0.245 20.6 634.86
  26 0.255 18.982 624.275
  27 0.265 18.628 633.241
  28 0.275 20.494 633.234
  29 0.285 21.456 655.777
  30 0.295 21.452 666.055
  31 0.305 21.44 651.467
  32 0.315 21.554 667.28
  33 0.325 21.812 649.231
  34 0.335 21.996 658.72
  35 0.345 21.94 689.185
  36 0.355 21.798 707.471
  37 0.365 21.028 656.765
  38 0.375 19.918 644.093
  39 0.385 19.304 651.636
  40 0.395 20.384 662.9
  41 0.405 21.61 660.16
  42 0.415 21.95 639.918
  43 0.425 21.966 700.697
  44 0.435 21.918 699.451
  45 0.445 21.62 679.599
  46 0.455 21.58 699.259
  47 0.465 21.366 749.614
  48 0.475 21.45 742.588
  49 0.485 20.696 747.342
  50 0.495 19.364 707.755
  51 0.505 18.864 746.926
  52 0.515 19.944 725.663
  53 0.525 21.052 799.14
  54 0.535 21.454 801.846
  55 0.545 21.496 786.708
  56 0.555 21.51 756.479
  57 0.565 21.85 751.107
  58 0.575 21.908 806.352
  59 0.585 21.776 811.584
  60 0.595 21.442 829.883
  61 0.605 20.804 829.278
  62 0.615 19.848 783.318
  63 0.625 19.792 744.549
  64 0.635 20.712 694.18
  65 0.645 21.608 689.782
  66 0.655 21.97 695.197
  67 0.665 21.922 683.876
  68 0.675 21.804 679.763
  69 0.685 21.628 648.766
  70 0.695 21.414 672.994
  71 0.705 21.504 679.392
  72 0.715 21.268 689.324
  73 0.725 20.49 597.536
  74 0.735 19.066 582.492
  75 0.745 18.784 543.13
  76 0.755 20.504 547.823
  77 0.765 21.386 592.484
  78 0.775 21.57 581.433
  79 0.785 21.342 625.603
  80 0.795 21.674 595.65
  81 0.805 21.71 627.442
  82 0.815 21.978 579.203
  83 0.825 21.976 572.811
  84 0.835 21.924 585.84
  85 0.845 21.368 562.632
  86 0.855 20.184 547.353
  87 0.865 18.994 529.937
  88 0.875 20.298 500.347
  89 0.885 21.28 522.509
  90 0.895 21.962 539.401
  91 0.905 21.992 527.455
  92 0.915 21.912 532.37
  93 0.925 21.884 529.438
  94 0.935 21.664 511.957
  95 0.945 21.524 488.848
  96 0.955 21.42 497.967
  97 0.965 21.626 488.839
  98 0.975 21.294 469.327
  99 0.985 19.896 475.83
  100 0.995 19.036 470.199
175000 100 2112.0000000000005
  1 0.005 18.934 438.273
  2 0.015 20.296 434.284
  3 0.025 21.396 490.327
  4 0.035 21.6 495.776
  5 0.045 21.398 484.249
  6 0.055 21.528 467.564
  7 0.065 21.672 478.278
  8 0.075 21.908 450.759
  9 0.085 22.006 499.193
  10 0.095 21.934 508.784
  11 0.105 21.664 513.629
  12 0.115 21.062 538.654
  13 0.125 20.37 549.956
  14 0.135 19.594 552.781
  15 0.145 20.204 552.765
  16 0.155 21.308 576.632
  17 0.165 21.822 581.997
  18 0.175 22.02 604.101
  19 0.185 21.902 615.33
  20 0.195 21.744 610.21
  21 0.205 21.55 602.578
  22 0.215 21.404 610.554
  23 0.225 21.53 620.825
  24 0.235 21.358 604.261
  25 0.245 20.272 632.01
  26 0.255 18.612 609.856
  27 0.265 19.086 630.628
  28 0.275 20.634 621.795
  29 0.285 21.604 628.56
  30 0.295 21.47 612.772
  31 0.305 21.528 666.491
  32 0.315 21.522 688.33
  33 0.325 21.828 659.872
  34 0.335 21.974 664.52
  35 0.345 21.966 692.608
  36 0.355 21.764 703.511
  37 0.365 20.98 691.483
  38 0.375 19.572 658.206
  39 0.385 19.318 659.034
  40 0.395 20.73 642.208
  41 0.405 21.67 653.71
  42 0.415 21.968 671.093
  43 0.425 21.996 646.269
  44 0.435 21.902 672.26
  45 0.445 21.64 728.998
  46 0.455 21.466 709.845
  47 0.465 21.398 696.854
  48 0.475 21.394 728.016
  49 0.485 20.588 724.253
  50 0.495 19.236 746.529
  51 0.505 19.016 769.198
  52 0.515 19.988 793.436
  53 0.525 21.168 770.679
  54 0.535 21.488 696.685
  55 0.545 21.494 681.512
  56 0.555 21.514 776.409
  57 0.565 21.828 761.037
  58 0.575 21.914 813.022
  59 0.585 21.798 811.552
  60 0.595 21.49 763.303
  61 0.605 20.44 753.629
  62 0.615 19.814 761.623
  63 0.625 20.048 733.607
  64 0.635 20.686 693.88
  65 0.645 21.758 652.368
  66 0.655 21.916 687.772
  67 0.665 21.928 658.587
  68 0.675 21.738 629.378
  69 0.685 21.584 649.844
  70 0.695 21.502 683.286
  71 0.705 21.472 663.352
  72 0.715 21.178 651.463
  73 0.725 20.262 630.623
  74 0.735 18.96 657.85
  75 0.745 19.28 628.5
  76 0.755 20.42 611.554
  77 0.765 21.49 583.075
  78 0.775 21.466 580.897
  79 0.785 21.45 602.674
  80 0.795 21.558 622.028
  81 0.805 21.814 616.233
  82 0.815 21.946 605.881
  83 0.825 21.982 585.376
  84 0.835 21.962 574.834
  85 0.845 21.494 570.755
  86 0.855 20.506 546.182
  87 0.865 19.352 558.613
  88 0.875 19.712 541.25
  89 0.885 21.184 509.101
  90 0.895 21.842 519.916
  91 0.905 21.944 545.656
  92 0.915 21.978 536.756
  93 0.925 21.894 524.472
  94 0.935 21.768 519.525
  95 0.945 21.444 536.287
  96 0.955 21.5 502.865
  97 0.965 21.594 494.794
  98 0.975 21.396 488.411
  99 0.985 20.386 467.898
  100 0.995 19.332 451.923
180000 100 2112
  1 0.005 18.908 462.828
  2 0.015 20.252 436.48
  3 0.025 21.47 448.173
  4 0.035 21.558 487.856
  5 0.045 21.51 487.306
  6 0.055 21.462 503.596
  7 0.065 21.782 509.851
  8 0.075 21.87 521.109
  9 0.085 21.962 497.937
  10 0.095 21.948 526.847
  11 0.105 21.708 546.796
  12 0.115 21.12 545.505
  13 0.125 20.354 542.987
  14 0.135 19.486 548.519
  15 0.145 20.164 575.934
  16 0.155 21.324 560.907
  17 0.165 21.9 594.745
  18 0.175 21.93 601.743
  19 0.185 22.01 559.223
  20 0.195 21.7 565.319
  21 0.205 21.642 592.023
  22 0.215 21.464 600.919
  23 0.225 21.48 603.513
  24 0.235 21.338 595.603
  25 0.245 20.43 623.012
  26 0.255 19.228 646.738
  27 0.265 18.912 653.77
  28 0.275 20.248 647.785
  29 0.285 21.438 661.769
  30 0.295 21.43 674.706
  31 0.305 21.354 632.649
  32 0.315 21.62 649.155
  33 0.325 21.836 688.605
  34 0.335 21.936 670.679
  35 0.345 21.98 685.87
  36 0.355 21.788 702.629
  37 0.365 20.786 681.344
  38 0.375 19.644 680.138
  39 0.385 19.33 655.274
  40 0.395 20.746 644.15
  41 0.405 21.736 664.296
  42 0.415 21.99 662.433
  43 0.425 21.942 673.78
  44 0.435 21.778 665.552
  45 0.445 21.714 686.244
  46 0.455 21.432 687.809
  47 0.465 21.464 698.693
  48 0.475 21.142 725.689
  49 0.485 20.278 721.556
  50 0.495 19.232 716.367
  51 0.505 19.248 725.787
  52 0.515 20.2 720.665
  53 0.525 21.228 730.605
  54 0.535 21.49 726.741
  55 0.545 21.424 722.892
  56 0.555 21.672 681.487
  57 0.565 21.88 697.3
  58 0.575 21.878 702.126
  59 0.585 21.858 723.603
  60 0.595 21.38 746.661
  61 0.605 20.41 760.382
  62 0.615 19.924 759.432
  63 0.625 20.004 731.035
  64 0.635 20.938 717.847
  65 0.645 21.524 710.196
  66 0.655 21.938 693.035
  67 0.665 21.904 735.247
  68 0.675 21.728 704.441
  69 0.685 21.68 692.2
  70 0.695 21.458 633.42
  71 0.705 21.482 588.996
  72 0.715 21.356 584.656
  73 0.725 20.47 614.655
  74 0.735 19.158 657.406
  75 0.745 19.134 655.356
  76 0.755 20.19 669.674
  77 0.765 21.3 658.924
  78 0.775 21.422 661.438
  79 0.785 21.518 631.927
  80 0.795 21.5 622.903
  81 0.805 21.762 637.257
  82 0.815 21.976 624.913
  83 0.825 21.952 611.565
  84 0.835 21.952 598.029
  85 0.845 21.62 587.363
  86 0.855 20.42 540.48
  87 0.865 19.302 533.958
  88 0.875 19.654 518.215
  89 0.885 21.292 502.042
  90 0.895 21.786 524.06
  91 0.905 21.986 503.357
  92 0.915 21.996 524.054
  93 0.925 21.894 534.544
  94 0.935 21.75 557.163
  95 0.945 21.53 521.767
  96 0.955 21.398 520.047
  97 0.965 21.52 493.509
  98 0.975 21.408 484.853
  99 0.985 20.42 467.303
  100 0.995 19.33 454.715
185000 100 2112
  1 0.005 18.878 507.115
  2 0.015 20.528 490.534
  3 0.025 21.536 465.733
  4 0.035 21.582 486.642
  5 0.045 21.466 508.28
  6 0.055 21.412 505.878
  7 0.065 21.848 520.937
  8 0.075 21.912 513.552
  9 0.085 21.974 514.57
  10 0.095 21.898 544.519
  11 0.105 21.614 571.087
  12 0.115 20.694 576.028
  13 0.125 20.012 545.478
  14 0.135 19.814 522.428
  15 0.145 20.472 531.352
  16 0.155 21.638 554.188
  17 0.165 21.866 535.662
  18 0.175 21.938 550.17
  19 0.185 21.974 560.824
  20 0.195 21.694 571.093
  21 0.205 21.562 588.223
  22 0.215 21.42 598.048
  23 0.225 21.444 594.834
  24 0.235 21.024 586.387
  25 0.245 19.92 600.356
  26 0.255 19.312 596.782
  27 0.265 19.398 623.429
  28 0.275 20.518 664.912
  29 0.285 21.434 665.844
  30 0.295 21.402 616.799
  31 0.305 21.554 663.194
  32 0.315 21.638 677.458
  33 0.325 21.9 698.141
  34 0.335 21.902 721.874
  35 0.345 21.924 714.199
  36 0.355 21.746 692.785
  37 0.365 20.588 684.877
  38 0.375 19.826 686.63
  39 0.385 19.498 664.653
  40 0.395 20.678 683.882
  41 0.405 21.764 678.372
  42 0.415 21.938 666.656
  43 0.425 21.984 664.158
  44 0.435 21.836 688.809
  45 0.445 21.542 732.005
  46 0.455 21.544 703.382
  47 0.465 21.448 685.084
  48 0.475 21.29 691.341
  49 0.485 20.718 718.326
  50 0.495 19.29 720.758
  51 0.505 18.88 720.87
  52 0.515 19.998 713.156
  53 0.525 21.302 699.557
  54 0.535 21.43 737.985
  55 0.545 21.462 733.428
  56 0.555 21.55 728.678
  57 0.565 21.814 718.704
  58 0.575 21.958 728.422
  59 0.585 21.948 721.418
  60 0.595 21.702 717.528
  61 0.605 21.152 692.627
  62 0.615 19.952 686.682
  63 0.625 19.372 729.451
  64 0.635 20.426 762.32
  65 0.645 21.476 730.274
  66 0.655 21.932 674.032
  67 0.665 21.906 706.367
  68 0.675 21.878 705.205
  69 0.685 21.66 698.867
  70 0.695 21.506 644.101
  71 0.705 21.482 655.3
  72 0.715 21.32 646.75
  73 0.725 20.704 663.549
  74 0.735 19.598 681.361
  75 0.745 18.846 644.745
  76 0.755 19.898 664.025
  77 0.765 21.13 657.346
  78 0.775 21.416 659.776
  79 0.785 21.464 652.618
  80 0.795 21.482 616.653
  81 0.805 21.8 601.201
  82 0.815 21.942 574.738
  83 0.825 21.974 608.623
  84 0.835 21.9 575.024
  85 0.845 21.614 581.221
  86 0.855 20.274 586.917
  87 0.865 19.536 569.27
  88 0.875 19.54 552.499
  89 0.885 21.276 533.53
  90 0.895 21.87 518.396
  91 0.905 21.982 509.929
  92 0.915 21.99 457.76
  93 0.925 21.898 484.605
  94 0.935 21.75 461.278
  95 0.945 21.452 481.971
  96 0.955 21.456 509.542
  97 0.965 21.544 511.274
  98 0.975 21.328 490.377
  99 0.985 20.494 456.144
  100 0.995 18.944 477.726
190000 100 2112.0000000000005
  1 0.005 18.946 467.883
  2 0.015 20.788 462.026
  3 0.025 21.564 484.689
  4 0.035 21.51 511.057
  5 0.045 21.4 486.131
  6 0.055 21.624 482.578
  7 0.065 21.716 504.44
  8 0.075 21.968 497.403
  9 0.085 21.992 486.262
  10 0.095 21.914 517.741
  11 0.105 21.61 521.534
  12 0.115 20.77 548.358
  13 0.125 19.636 581.946
  14 0.135 20.062 563.478
  15 0.145 20.446 625.55
  16 0.155 21.614 593.501
  17 0.165 21.954 582.463
  18 0.175 21.962 583.666
  19 0.185 21.806 582.474
  20 0.195 21.73 584.104
  21 0.205 21.61 579.407
  22 0.215 21.464 571.58
  23 0.225 21.424 575.788
  24 0.235 21.108 563.625
  25 0.245 19.958 545.979
  26 0.255 19.22 571.514
  27 0.265 19.484 610.851
  28 0.275 20.542 647.702
  29 0.285 21.444 644.657
  30 0.295 21.322 644.125
  31 0.305 21.588 650.883
  32 0.315 21.626 688.872
  33 0.325 21.782 708.102
  34 0.335 21.946 685.276
  35 0.345 21.948 706.371
  36 0.355 21.794 683.997
  37 0.365 21.174 657.865
  38 0.375 19.434 686.261
  39 0.385 19.364 676.815
  40 0.395 20.794 708.813
  41 0.405 21.516 731.233
  42 0.415 21.954 707.074
  43 0.425 21.94 708.299
  44 0.435 21.836 712.01
  45 0.445 21.71 713.963
  46 0.455 21.454 661.043
  47 0.465 21.476 692.446
  48 0.475 21.412 703.304
  49 0.485 20.764 696.123
  50 0.495 19.124 736.636
  51 0.505 18.938 748.332
  52 0.515 19.894 728.245
  53 0.525 21.272 731.662
  54 0.535 21.474 730.087
  55 0.545 21.354 750.012
  56 0.555 21.574 697.545
  57 0.565 21.92 746.317
  58 0.575 21.87 728.281
  59 0.585 22 725.991
  60 0.595 21.59 740.379
  61 0.605 20.864 745.492
  62 0.615 19.79 745.882
  63 0.625 19.518 744.895
  64 0.635 20.6 725.021
  65 0.645 21.646 661.04
  66 0.655 21.976 693.191
  67 0.665 21.848 729.719
  68 0.675 21.884 718.848
  69 0.685 21.658 651.699
  70 0.695 21.564 628.76
  71 0.705 21.344 668.4
  72 0.715 21.28 675.44
  73 0.725 20.51 681.04
  74 0.735 19.77 633.998
  75 0.745 18.81 612.725
  76 0.755 19.92 610.587
  77 0.765 21.342 605.164
  78 0.775 21.438 611.941
  79 0.785 21.448 647.158
  80 0.795 21.566 643.491
  81 0.805 21.774 634.975
  82 0.815 21.9 586.56
  83 0.825 21.942 564.195
  84 0.835 21.906 535.135
  85 0.845 21.7 553.518
  86 0.855 20.622 551.151
  87 0.865 19.452 516.187
  88 0.875 19.418 526.921
  89 0.885 21.054 556.57
  90 0.895 21.866 548.638
  91 0.905 21.984 526.982
  92 0.915 21.976 536.995
  93 0.925 21.9 538.507
  94 0.935 21.854 522.546
  95 0.945 21.446 486.42
  96 0.955 21.416 501.835
  97 0.965 21.518 481.957
  98 0.975 21.458 479.149
  99 0.985 20.338 497.696
  100 0.995 18.59 476.536
195000 100 2112
  1 0.005 18.89 464.511
  2 0.015 20.58 468.884
  3 0.025 21.602 490.433
  4 0.035 21.582 514.667
  5 0.045 21.484 529.485
  6 0.055 21.378 538.952
  7 0.065 21.864 536.276
  8 0.075 21.894 515.969
  9 0.085 21.99 555.883
  10 0.095 21.954 563.101
  11 0.105 21.694 545.184
  12 0.115 20.978 560.185
  13 0.125 20.018 531.181
  14 0.135 19.092 550.549
  15 0.145 20.758 565.025
  16 0.155 21.592 561.92
  17 0.165 21.9 579.397
  18 0.175 21.99 565.368
  19 0.185 21.862 565.867
  20 0.195 21.804 591.31
  21 0.205 21.6 574.212
  22 0.215 21.458 581.375
  23 0.225 21.444 605.951
  24 0.235 21.198 602.653
  25 0.245 20.372 629.431
  26 0.255 19.042 648.169
  27 0.265 19.14 631.901
  28 0.275 20.428 657.475
  29 0.285 21.342 636.456
  30 0.295 21.564 631.112
  31 0.305 21.384 665.325
  32 0.315 21.612 621.753
  33 0.325 21.846 616.876
  34 0.335 21.95 650.855
  35 0.345 21.966 658.673
  36 0.355 21.754 684.132
  37 0.365 21.118 677.198
  38 0.375 19.556 714.473
  39 0.385 19.152 712.9
  40 0.395 20.748 698.246
  41 0.405 21.686 705.592
  42 0.415 21.97 680.339
  43 0.425 21.944 681.361
  44 0.435 21.854 680.864
  45 0.445 21.672 685.179
  46 0.455 21.512 689.758
  47 0.465 21.472 671.786
  48 0.475 21.388 751.42
  49 0.485 20.698 716.051
  50 0.495 19.144 720.477
  51 0.505 18.752 736.143
  52 0.515 20.128 718.05
  53 0.525 21.258 687.94
  54 0.535 21.56 724.64
  55 0.545 21.268 734.66
  56 0.555 21.632 729.311
  57 0.565 21.81 749.879
  58 0.575 21.954 748.717
  59 0.585 21.936 717.778
  60 0.595 21.65 705.94
  61 0.605 20.848 721.504
  62 0.615 20.008 732.892
  63 0.625 19.484 784.146
  64 0.635 20.454 787.853
  65 0.645 21.652 730.876
  66 0.655 21.942 689.173
  67 0.665 21.902 668.421
  68 0.675 21.848 669.681
  69 0.685 21.518 731.338
  70 0.695 21.572 676.614
  71 0.705 21.298 643.972
  72 0.715 21.306 660.618
  73 0.725 20.638 618.438
  74 0.735 19.392 632.566
  75 0.745 18.732 632.015
  76 0.755 20.27 621.504
  77 0.765 21.252 611.941
  78 0.775 21.616 582.196
  79 0.785 21.324 614.082
  80 0.795 21.696 598.232
  81 0.805 21.772 597.131
  82 0.815 21.866 591.401
  83 0.825 21.988 622.6
  84 0.835 21.866 605.208
  85 0.845 21.672 586.979
  86 0.855 20.076 574.952
  87 0.865 19.244 532.515
  88 0.875 19.996 523.336
  89 0.885 21.276 513.835
  90 0.895 21.88 491.549
  91 0.905 21.996 507.815
  92 0.915 21.958 515.802
  93 0.925 21.922 494.967
  94 0.935 21.696 494.632
  95 0.945 21.396 522.247
  96 0.955 21.578 508.97
  97 0.965 21.502 491.87
  98 0.975 21.504 495.467
  99 0.985 20.392 484.11
  100 0.995 18.8 482.578
200000 100 2112
  1 0.005 18.544 493.034
  2 0.015 20.402 466.291
  3 0.025 21.56 498.675
  4 0.035 21.618 526.46
  5 0.045 21.386 542.637
  6 0.055 21.462 554.89
  7 0.065 21.732 530.907
  8 0.075 21.924 561.213
  9 0.085 21.98 527.042
  10 0.095 21.968 515.327
  11 0.105 21.788 532.671
  12 0.115 21.022 566.706
  13 0.125 19.776 573.441
  14 0.135 19.342 576.133
  15 0.145 20.504 546.912
  16 0.155 21.632 554.464
  17 0.165 21.966 556.518
  18 0.175 21.972 547.138
  19 0.185 21.908 596.348
  20 0.195 21.724 578.122
  21 0.205 21.658 604.563
  22 0.215 21.41 577.042
  23 0.225 21.392 600.064
  24 0.235 21.396 587.111
  25 0.245 20.344 587.25
  26 0.255 18.994 571.481
  27 0.265 19.102 588.664
  28 0.275 20.412 631.931
  29 0.285 21.43 620.125
  30 0.295 21.506 612.322
  31 0.305 21.424 663.309
  32 0.315 21.566 654.53
  33 0.325 21.85 652.016
  34 0.335 21.916 648.072
  35 0.345 21.948 675.82
  36 0.355 21.882 670.933
  37 0.365 21.106 676.651
  38 0.375 19.612 708.369
  39 0.385 19.3 693.582
  40 0.395 20.51 730.049
  41 0.405 21.69 724.975
  42 0.415 21.96 729.368
  43 0.425 21.946 720.7
  44 0.435 21.794 720.437
  45 0.445 21.638 749.412
  46 0.455 21.494 706.142
  47 0.465 21.43 699.154
  48 0.475 21.37 694.704
  49 0.485 20.62 672.894
  50 0.495 18.92 691.404
  51 0.505 18.892 713.828
  52 0.515 20.326 719.089
  53 0.525 21.224 728.858
  54 0.535 21.462 706.322
  55 0.545 21.486 720.704
  56 0.555 21.648 738.423
  57 0.565 21.808 722.96
  58 0.575 21.938 659.68
  59 0.585 21.916 667.585
  60 0.595 21.618 656.146
  61 0.605 20.538 673.76
  62 0.615 19.746 711.621
  63 0.625 19.584 744.145
  64 0.635 20.968 676.295
  65 0.645 21.632 671.867
  66 0.655 21.932 707.537
  67 0.665 21.99 703.86
  68 0.675 21.726 720.733
  69 0.685 21.632 729.353
  70 0.695 21.492 704.6
  71 0.705 21.468 689.208
  72 0.715 21.14 658.242
  73 0.725 20.266 677.935
  74 0.735 19.388 651.987
  75 0.745 19.088 661.536
  76 0.755 20.364 667.835
  77 0.765 21.192 679.939
  78 0.775 21.582 678.701
  79 0.785 21.414 634.172
  80 0.795 21.634 583.506
  81 0.805 21.748 584.389
  82 0.815 21.942 570.25
  83 0.825 21.994 565.594
  84 0.835 21.934 552.903
  85 0.845 21.756 550.085
  86 0.855 20.932 526.982
  87 0.865 19.25 527.515
  88 0.875 19.314 532.566
  89 0.885 21.026 508.352
  90 0.895 21.788 493.577
  91 0.905 22.018 520.63
  92 0.915 21.968 520.1
  93 0.925 21.896 524.363
  94 0.935 21.806 504.305
  95 0.945 21.53 515.371
  96 0.955 21.386 553.752
  97 0.965 21.438 542.918
  98 0.975 21.48 514.229
  99 0.985 20.746 510.356
  100 0.995 19.124 483.872
205000 100 2112
  1 0.005 19.032 510.392
  2 0.015 20.262 521.81
  3 0.025 21.502 548.068
  4 0.035 21.468 525.316
  5 0.045 21.478 560.676
  6 0.055 21.61 544.625
  7 0.065 21.664 532.605
  8 0.075 21.934 529.699
  9 0.085 21.994 511.616
  10 0.095 21.944 510.317
  11 0.105 21.57 565.722
  12 0.115 21.256 547.283
  13 0.125 19.936 517.947
  14 0.135 19.444 518.42
  15 0.145 20.402 516.442
  16 0.155 21.512 539.525
  17 0.165 21.934 566.916
  18 0.175 21.926 540.467
  19 0.185 21.992 608.549
  20 0.195 21.736 577.734
  21 0.205 21.696 592.095
  22 0.215 21.404 623.391
  23 0.225 21.406 585.78
  24 0.235 21.092 592.123
  25 0.245 20.398 586.315
  26 0.255 19.214 593.537
  27 0.265 19.092 615.36
  28 0.275 20.374 628.614
  29 0.285 21.424 630.656
  30 0.295 21.446 656.879
  31 0.305 21.414 686.492
  32 0.315 21.58 688.22
  33 0.325 21.878 629.866
  34 0.335 21.96 630.368
  35 0.345 21.956 646.057
  36 0.355 21.742 651.626
  37 0.365 20.964 672.181
  38 0.375 19.306 698.409
  39 0.385 19.324 665.218
  40 0.395 20.99 695.382
  41 0.405 21.712 677.878
  42 0.415 21.952 708.127
  43 0.425 21.962 711.089
  44 0.435 21.774 724.316
  45 0.445 21.592 694.817
  46 0.455 21.612 689.501
  47 0.465 21.384 679.463
  48 0.475 21.166 693.614
  49 0.485 20.268 736.733
  50 0.495 19.246 783.454
  51 0.505 19.102 751.789
  52 0.515 20.308 763.953
  53 0.525 21.254 760.94
  54 0.535 21.504 784.052
  55 0.545 21.434 730.569
  56 0.555 21.666 717.856
  57 0.565 21.824 704.129
  58 0.575 21.934 657.886
  59 0.585 21.954 662.822
  60 0.595 21.728 643.277
  61 0.605 20.734 694.104
  62 0.615 19.73 701.468
  63 0.625 19.606 687.584
  64 0.635 20.448 720.812
  65 0.645 21.874 694.795
  66 0.655 21.904 746.704
  67 0.665 21.916 703.804
  68 0.675 21.794 714.929
  69 0.685 21.694 699.985
  70 0.695 21.514 687.688
  71 0.705 21.404 681.813
  72 0.715 21.314 666.834
  73 0.725 20.586 651.004
  74 0.735 19.086 670.627
  75 0.745 19.058 677.911
  76 0.755 20.216 662.574
  77 0.765 21.32 637.608
  78 0.775 21.42 642.344
  79 0.785 21.424 604.344
  80 0.795 21.518 609.263
  81 0.805 21.826 604.237
  82 0.815 21.928 575.453
  83 0.825 21.996 518.173
  84 0.835 21.902 563.664
  85 0.845 21.658 546.776
  86 0.855 20.782 534.921
  87 0.865 18.984 536.212
  88 0.875 19.538 550.406
  89 0.885 21.272 529.471
  90 0.895 21.868 515.322
  91 0.905 21.99 521.791
  92 0.915 21.968 552.882
  93 0.925 21.942 507.625
  94 0.935 21.692 503.764
  95 0.945 21.582 520.606
  96 0.955 21.438 540.709
  97 0.965 21.514 512.878
  98 0.975 21.432 506.158
  99 0.985 20.57 513.516
  100 0.995 18.926 486.486
210000 100 2111.9999999999995
  1 0.005 18.926 481.252
  2 0.015 20.488 473.219
  3 0.025 21.526 498.997
  4 0.035 21.52 578.27
  5 0.045 21.46 543.076
  6 0.055 21.56 554.874
  7 0.065 21.758 575.49
  8 0.075 21.908 591.569
  9 0.085 21.992 549.164
  10 0.095 21.936 551.542
  11 0.105 21.42 556.847
  12 0.115 20.54 544.912
  13 0.125 19.816 528.832
  14 0.135 19.78 516.383
  15 0.145 20.784 517.631
  16 0.155 21.742 559.51
  17 0.165 21.964 552.301
  18 0.175 21.984 552.395
  19 0.185 21.888 574.565
  20 0.195 21.658 557.364
  21 0.205 21.572 582.126
  22 0.215 21.42 616.539
  23 0.225 21.478 604.562
  24 0.235 20.774 633.005
  25 0.245 20.024 607.77
  26 0.255 18.972 596.29
  27 0.265 19.636 611.311
  28 0.275 20.776 612.769
  29 0.285 21.486 593.788
  30 0.295 21.462 636.21
  31 0.305 21.392 625.623
  32 0.315 21.688 638.115
  33 0.325 21.858 614.095
  34 0.335 21.954 636.08
  35 0.345 22.004 635.323
  36 0.355 21.83 654.108
  37 0.365 21.256 665.072
  38 0.375 19.868 680.531
  39 0.385 18.994 702.709
  40 0.395 20.506 685.02
  41 0.405 21.6 693.532
  42 0.415 21.938 704.629
  43 0.425 21.938 724.956
  44 0.435 21.888 748.74
  45 0.445 21.7 745.954
  46 0.455 21.552 751.384
  47 0.465 21.346 742.068
  48 0.475 21.424 750.751
  49 0.485 20.632 815.379
  50 0.495 19.316 773.33
  51 0.505 18.7 757.085
  52 0.515 20.01 745.157
  53 0.525 21.278 703.015
  54 0.535 21.47 699.337
  55 0.545 21.488 676.276
  56 0.555 21.556 687.897
  57 0.565 21.814 717.361
  58 0.575 21.916 712.341
  59 0.585 21.914 694.982
  60 0.595 21.75 708.567
  61 0.605 20.758 729.494
  62 0.615 19.852 707.813
  63 0.625 19.512 691.75
  64 0.635 20.666 668.311
  65 0.645 21.532 713.518
  66 0.655 21.972 685.077
  67 0.665 21.968 679.528
  68 0.675 21.784 692.591
  69 0.685 21.66 702.745
  70 0.695 21.57 720.84
  71 0.705 21.308 675.508
  72 0.715 21.316 641.596
  73 0.725 20.56 654.674
  74 0.735 19.252 618.643
  75 0.745 19.108 571.631
  76 0.755 20.144 629.113
  77 0.765 21.144 617.973
  78 0.775 21.54 615.635
  79 0.785 21.512 599.613
  80 0.795 21.466 620.855
  81 0.805 21.838 603.628
  82 0.815 21.852 623.716
  83 0.825 22.008 587.954
  84 0.835 21.918 552.631
  85 0.845 21.736 553.446
  86 0.855 20.516 574.329
  87 0.865 19.406 540.487
  88 0.875 19.392 531.268
  89 0.885 21.22 533.069
  90 0.895 21.808 553.057
  91 0.905 21.99 542.535
  92 0.915 21.968 517.012
  93 0.925 21.89 499.744
  94 0.935 21.784 516.838
  95 0.945 21.494 544.506
  96 0.955 21.372 527.508
  97 0.965 21.612 507.362
  98 0.975 21.408 487.021
  99 0.985 20.484 491.77
  100 0.995 18.85 481.488
215000 100 2112.0000000000005
  1 0.005 19.28 479.257
  2 0.015 20.702 462.628
  3 0.025 21.476 513.007
  4 0.035 21.472 525.517
  5 0.045 21.506 529.871
  6 0.055 21.512 564.368
  7 0.065 21.862 519.324
  8 0.075 21.886 533.234
  9 0.085 21.986 524.224
  10 0.095 21.946 574.011
  11 0.105 21.54 579.747
  12 0.115 20.602 569.587
  13 0.125 19.848 555.169
  14 0.135 19.418 557.979
  15 0.145 20.956 545.108
  16 0.155 21.708 546.615
  17 0.165 21.966 586.12
  18 0.175 21.97 590.433
  19 0.185 21.914 592.67
  20 0.195 21.674 588.524
  21 0.205 21.524 567.362
  22 0.215 21.47 582.84
  23 0.225 21.53 627.298
  24 0.235 20.98 633.418
  25 0.245 20.09 607.17
  26 0.255 18.85 623.362
  27 0.265 19.368 621.909
  28 0.275 20.864 649.651
  29 0.285 21.45 673.202
  30 0.295 21.356 641.901
  31 0.305 21.492 631.974
  32 0.315 21.662 579.149
  33 0.325 21.868 567.793
  34 0.335 21.948 590.029
  35 0.345 21.976 649.169
  36 0.355 21.852 647.653
  37 0.365 21.1 656.912
  38 0.375 19.636 661.445
  39 0.385 19.152 666.998
  40 0.395 20.748 634.821
  41 0.405 21.588 674.698
  42 0.415 21.934 698.785
  43 0.425 21.974 708.648
  44 0.435 21.818 721.733
  45 0.445 21.702 705.572
  46 0.455 21.464 738.892
  47 0.465 21.504 722.008
  48 0.475 21.25 784.519
  49 0.485 20.574 782.391
  50 0.495 18.998 776.345
  51 0.505 18.96 770.829
  52 0.515 20.212 816.654
  53 0.525 21.356 734.629
  54 0.535 21.46 718.946
  55 0.545 21.244 724.41
  56 0.555 21.814 666.425
  57 0.565 21.76 690.195
  58 0.575 21.924 696.107
  59 0.585 21.976 703.83
  60 0.595 21.642 694.947
  61 0.605 21.06 710.922
  62 0.615 19.69 729.64
  63 0.625 19.17 705.786
  64 0.635 20.804 708.084
  65 0.645 21.718 693.541
  66 0.655 21.896 704.087
  67 0.665 21.956 693.121
  68 0.675 21.804 641.324
  69 0.685 21.626 647.443
  70 0.695 21.606 635.004
  71 0.705 21.428 685.744
  72 0.715 21.33 672.19
  73 0.725 20.584 637.938
  74 0.735 19.638 653.917
  75 0.745 19.2 658.83
  76 0.755 19.822 667.481
  77 0.765 20.974 644.05
  78 0.775 21.496 586.641
  79 0.785 21.43 574.988
  80 0.795 21.59 588.705
  81 0.805 21.63 595.976
  82 0.815 21.982 597.646
  83 0.825 21.948 583.841
  84 0.835 21.948 570.52
  85 0.845 21.678 574.182
  86 0.855 20.704 591.256
  87 0.865 19.388 593.61
  88 0.875 19.312 580.859
  89 0.885 21.094 570.665
  90 0.895 21.872 546.969
  91 0.905 21.998 510.37
  92 0.915 21.982 528.015
  93 0.925 21.894 504.103
  94 0.935 21.694 498.585
  95 0.945 21.472 485.47
  96 0.955 21.41 520.055
  97 0.965 21.65 501.721
  98 0.975 21.242 485.744
  99 0.985 20.178 527.713
  100 0.995 18.808 506.553
220000 100 2111.9999999999995
  1 0.005 18.682 481.32
  2 0.015 20.438 487.392
  3 0.025 21.442 505.509
  4 0.035 21.542 514.096
  5 0.045 21.574 508.871
  6 0.055 21.4 553.704
  7 0.065 21.682 535.366
  8 0.075 21.936 558.127
  9 0.085 21.948 581.853
  10 0.095 21.984 559.472
  11 0.105 21.66 564.982
  12 0.115 20.908 553.418
  13 0.125 19.83 568.505
  14 0.135 19.222 590.906
  15 0.145 20.786 598.902
  16 0.155 21.63 572.772
  17 0.165 21.988 565.683
  18 0.175 21.952 567.045
  19 0.185 21.896 615.924
  20 0.195 21.716 588.185
  21 0.205 21.458 599.712
  22 0.215 21.566 586.166
  23 0.225 21.506 614.595
  24 0.235 21.188 600.136
  25 0.245 19.706 596.615
  26 0.255 18.716 598.97
  27 0.265 19.458 602.54
  28 0.275 21.062 604.493
  29 0.285 21.408 609.187
  30 0.295 21.396 588.158
  31 0.305 21.526 604.633
  32 0.315 21.64 621.154
  33 0.325 21.852 622.101
  34 0.335 21.944 629.027
  35 0.345 21.968 603.022
  36 0.355 21.738 614.599
  37 0.365 21.15 662.416
  38 0.375 19.69 670.217
  39 0.385 19.092 709.122
  40 0.395 20.698 690.613
  41 0.405 21.718 704.759
  42 0.415 21.934 721.235
  43 0.425 21.968 695.585
  44 0.435 21.882 723.457
  45 0.445 21.622 691.484
  46 0.455 21.54 674.584
  47 0.465 21.372 694.666
  48 0.475 21.474 701.496
  49 0.485 20.606 715.57
  50 0.495 19.024 725.687
  51 0.505 18.878 732.801
  52 0.515 20.108 757.137
  53 0.525 21.312 743.35
  54 0.535 21.426 753.413
  55 0.545 21.524 716.495
  56 0.555 21.566 764.36
  57 0.565 21.78 728.982
  58 0.575 21.932 749.149
  59 0.585 21.958 717.296
  60 0.595 21.684 703.1
  61 0.605 20.816 673.953
  62 0.615 19.676 688.869
  63 0.625 19.326 675.973
  64 0.635 20.83 666.289
  65 0.645 21.798 627.467
  66 0.655 21.908 646.765
  67 0.665 21.934 685.377
  68 0.675 21.822 646.853
  69 0.685 21.63 676.123
  70 0.695 21.432 711.569
  71 0.705 21.536 711.815
  72 0.715 21.298 684.149
  73 0.725 20.478 657.196
  74 0.735 19.058 657.089
  75 0.745 19.222 685.068
  76 0.755 20.228 683.579
  77 0.765 21.22 663.449
  78 0.775 21.396 681.284
  79 0.785 21.46 627.858
  80 0.795 21.56 625.862
  81 0.805 21.868 597.012
  82 0.815 21.874 587.804
  83 0.825 21.992 608.207
  84 0.835 21.962 594.744
  85 0.845 21.65 576.817
  86 0.855 20.444 561.527
  87 0.865 19.226 537.786
  88 0.875 19.726 522.602
  89 0.885 21.162 497.016
  90 0.895 21.824 514.001
  91 0.905 22.008 524.69
  92 0.915 21.974 530.248
  93 0.925 21.942 512.133
  94 0.935 21.738 539.441
  95 0.945 21.574 556.492
  96 0.955 21.396 537.049
  97 0.965 21.54 516.297
  98 0.975 21.468 511.57
  99 0.985 20.75 482.018
  100 0.995 18.968 513.473
225000 100 2112
  1 0.005 18.924 520.464
  2 0.015 20.688 510.3
  3 0.025 21.526 481.414
  4 0.035 21.556 511.402
  5 0.045 21.354 525.772
  6 0.055 21.492 503.035
  7 0.065 21.844 508.896
  8 0.075 21.902 526.952
  9 0.085 21.956 553.688
  10 0.095 21.972 549.354
  11 0.105 21.594 567.503
  12 0.115 21.152 547.322
  13 0.125 19.796 565.699
  14 0.135 19.38 589.973
  15 0.145 20.508 598.736
  16 0.155 21.676 587.989
  17 0.165 21.944 597.486
  18 0.175 21.976 589.788
  19 0.185 21.918 591.383
  20 0.195 21.798 602.46
  21 0.205 21.504 569.049
  22 0.215 21.502 546.253
  23 0.225 21.488 554.466
  24 0.235 21.254 582.299
  25 0.245 20.26 591.539
  26 0.255 19.088 585.532
  27 0.265 19.432 581.522
  28 0.275 20.368 586.327
  29 0.285 21.266 572.933
  30 0.295 21.466 593.355
  31 0.305 21.378 619.279
  32 0.315 21.6 620.468
  33 0.325 21.816 641.314
  34 0.335 21.918 651.993
  35 0.345 21.956 641.691
  36 0.355 21.788 678.421
  37 0.365 21.304 671.348
  38 0.375 19.776 696.735
  39 0.385 19.304 688.86
  40 0.395 20.24 655.92
  41 0.405 21.678 665.456
  42 0.415 21.936 673.738
  43 0.425 21.932 652.1
  44 0.435 21.788 701.285
  45 0.445 21.796 741.558
  46 0.455 21.372 759.963
  47 0.465 21.524 753.299
  48 0.475 21.312 738.462
  49 0.485 20.56 692.372
  50 0.495 18.874 702.32
  51 0.505 18.916 703.004
  52 0.515 20.402 722.397
  53 0.525 21.2 706.169
  54 0.535 21.49 706.876
  55 0.545 21.446 689.292
  56 0.555 21.702 679.596
  57 0.565 21.812 733.876
  58 0.575 21.862 726.977
  59 0.585 21.954 689.695
  60 0.595 21.608 752.228
  61 0.605 20.542 802.462
  62 0.615 19.566 758.323
  63 0.625 19.6 706.484
  64 0.635 21.09 667.017
  65 0.645 21.694 674.185
  66 0.655 21.944 661.487
  67 0.665 21.938 655.743
  68 0.675 21.752 662.067
  69 0.685 21.628 646.189
  70 0.695 21.514 695.048
  71 0.705 21.434 732.589
  72 0.715 21.314 735.311
  73 0.725 20.224 734.274
  74 0.735 19.24 696.861
  75 0.745 19.128 694.938
  76 0.755 20.468 700.312
  77 0.765 21.178 663.663
  78 0.775 21.47 648.321
  79 0.785 21.434 639.483
  80 0.795 21.578 626.948
  81 0.805 21.784 624.639
  82 0.815 21.944 617.908
  83 0.825 21.986 587.923
  84 0.835 21.944 567.133
  85 0.845 21.502 554.669
  86 0.855 20.294 506.191
  87 0.865 19.296 543.177
  88 0.875 19.934 552.673
  89 0.885 21.154 550.099
  90 0.895 21.872 499.471
  91 0.905 22 493.849
  92 0.915 21.982 513.631
  93 0.925 21.916 529.745
  94 0.935 21.71 506.366
  95 0.945 21.538 487.014
  96 0.955 21.428 520.5
  97 0.965 21.636 529.087
  98 0.975 21.436 535.403
  99 0.985 20.398 581.363
  100 0.995 18.682 523.469
230000 100 2112.0000000000005
  1 0.005 19.41 481.116
  2 0.015 21.018 461.601
  3 0.025 21.596 487.671
  4 0.035 21.524 507.31
  5 0.045 21.408 510.341
  6 0.055 21.58 525.486
  7 0.065 21.816 585.251
  8 0.075 21.918 602.042
  9 0.085 21.972 588.61
  10 0.095 21.946 558.51
  11 0.105 21.534 563.909
  12 0.115 20.76 573.245
  13 0.125 19.204 578.866
  14 0.135 19.838 562.154
  15 0.145 20.894 558.127
  16 0.155 21.852 570.633
  17 0.165 21.968 532.272
  18 0.175 21.96 564.773
  19 0.185 21.952 566.794
  20 0.195 21.714 569.831
  21 0.205 21.492 571.038
  22 0.215 21.468 599.552
  23 0.225 21.38 611.225
  24 0.235 21.092 597.784
  25 0.245 19.996 574.172
  26 0.255 18.694 600.617
  27 0.265 19.49 557.37
  28 0.275 20.928 546.165
  29 0.285 21.512 571.98
  30 0.295 21.486 600.943
  31 0.305 21.466 618.43
  32 0.315 21.592 651.324
  33 0.325 21.834 619.235
  34 0.335 21.97 626.096
  35 0.345 21.916 617.671
  36 0.355 21.752 658.886
  37 0.365 21.17 657.89
  38 0.375 19.49 644.553
  39 0.385 19.476 667.343
  40 0.395 20.624 679.25
  41 0.405 21.618 625.471
  42 0.415 21.932 652.018
  43 0.425 21.944 677.219
  44 0.435 21.874 688.888
  45 0.445 21.768 665.674
  46 0.455 21.54 664.789
  47 0.465 21.422 709.238
  48 0.475 21.346 722.567
  49 0.485 20.998 706.3
  50 0.495 19.316 754.864
  51 0.505 18.818 795.596
  52 0.515 19.802 776.814
  53 0.525 21.078 747.559
  54 0.535 21.47 756.614
  55 0.545 21.306 741.883
  56 0.555 21.66 723.273
  57 0.565 21.772 710.794
  58 0.575 21.892 697.895
  59 0.585 21.976 667.783
  60 0.595 21.83 694.682
  61 0.605 21.074 737.797
  62 0.615 20.152 690.824
  63 0.625 19.192 698.222
  64 0.635 20.382 691.537
  65 0.645 21.4 701.187
  66 0.655 22.012 663.918
  67 0.665 21.922 663.918
  68 0.675 21.876 665.008
  69 0.685 21.716 703.579
  70 0.695 21.504 719.91
  71 0.705 21.374 717.612
  72 0.715 21.26 721.329
  73 0.725 20.894 681.199
  74 0.735 19.374 697.707
  75 0.745 18.632 691.579
  76 0.755 20.022 678.128
  77 0.765 21.248 623.294
  78 0.775 21.482 637.964
  79 0.785 21.504 651.045
  80 0.795 21.566 656.26
  81 0.805 21.72 662.581
  82 0.815 21.892 612.966
  83 0.825 21.976 619.833
  84 0.835 21.926 608.808
  85 0.845 21.632 582.248
  86 0.855 20.314 555.652
  87 0.865 19.06 537.471
  88 0.875 19.858 538.397
  89 0.885 21.27 528.011
  90 0.895 21.95 525.999
  91 0.905 21.98 551.129
  92 0.915 21.986 557.637
  93 0.925 21.846 552.175
  94 0.935 21.746 561.308
  95 0.945 21.398 534.151
  96 0.955 21.42 553.056
  97 0.965 21.65 524.403
  98 0.975 21.27 488.256
  99 0.985 19.856 498.505
  100 0.995 18.61 503.845
235000 100 2112.0000000000005
  1 0.005 19.23 496.074
  2 0.015 20.908 504.749
  3 0.025 21.702 499.853
  4 0.035 21.396 503.555
  5 0.045 21.442 509.463
  6 0.055 21.55 515.494
  7 0.065 21.88 482.989
  8 0.075 21.928 546.827
  9 0.085 22 564.611
  10 0.095 21.864 544.104
  11 0.105 21.342 555.164
  12 0.115 20.624 561.629
  13 0.125 19.296 556.586
  14 0.135 19.97 584.355
  15 0.145 21.196 581.35
  16 0.155 21.708 561.169
  17 0.165 21.982 584.301
  18 0.175 21.95 593.67
  19 0.185 21.778 640.451
  20 0.195 21.738 603.215
  21 0.205 21.466 559.798
  22 0.215 21.562 552.331
  23 0.225 21.376 597.215
  24 0.235 20.882 588.458
  25 0.245 19.478 621.131
  26 0.255 19.03 582.802
  27 0.265 19.726 583.883
  28 0.275 21.104 604.838
  29 0.285 21.424 595.785
  30 0.295 21.468 610.764
  31 0.305 21.542 651.121
  32 0.315 21.698 647.525
  33 0.325 21.83 613.601
  34 0.335 21.966 580.66
  35 0.345 21.994 598.549
  36 0.355 21.85 625.539
  37 0.365 21.134 601.35
  38 0.375 19.738 584.054
  39 0.385 19.132 632.511
  40 0.395 20.652 636.494
  41 0.405 21.52 643.021
  42 0.415 21.976 631.975
  43 0.425 21.95 700.887
  44 0.435 21.934 738.362
  45 0.445 21.5 760.011
  46 0.455 21.642 701.269
  47 0.465 21.384 653.346
  48 0.475 21.56 685.26
  49 0.485 20.76 721.361
  50 0.495 19.27 721.378
  51 0.505 18.66 745.222
  52 0.515 20.012 759.669
  53 0.525 21.22 754.86
  54 0.535 21.406 713.051
  55 0.545 21.438 716.004
  56 0.555 21.642 754.494
  57 0.565 21.71 737.879
  58 0.575 21.962 705.879
  59 0.585 21.938 686.218
  60 0.595 21.808 652.532
  61 0.605 21.182 660.783
  62 0.615 20.07 670.89
  63 0.625 19.426 660.082
  64 0.635 20.12 684.643
  65 0.645 21.55 708.547
  66 0.655 21.874 678.39
  67 0.665 21.94 704.929
  68 0.675 21.884 705.187
  69 0.685 21.634 697.543
  70 0.695 21.694 699.86
  71 0.705 21.33 697.869
  72 0.715 21.346 700.046
  73 0.725 20.902 685.607
  74 0.735 19.698 691.425
  75 0.745 18.792 671.331
  76 0.755 19.568 679.115
  77 0.765 21.052 663.758
  78 0.775 21.546 627.891
  79 0.785 21.476 648.554
  80 0.795 21.514 636.628
  81 0.805 21.698 610.019
  82 0.815 21.958 600.867
  83 0.825 21.954 605.731
  84 0.835 21.958 625.276
  85 0.845 21.634 589.968
  86 0.855 20.698 567.6
  87 0.865 19.254 593.344
  88 0.875 19.51 572.237
  89 0.885 21.096 588.348
  90 0.895 21.846 580.905
  91 0.905 22.004 515.988
  92 0.915 21.992 520.05
  93 0.925 21.872 550.236
  94 0.935 21.766 570.375
  95 0.945 21.562 536.215
  96 0.955 21.292 531.506
  97 0.965 21.592 557.119
  98 0.975 21.338 567.101
  99 0.985 20.064 534.588
  100 0.995 18.486 521.929
240000 100 2112
  1 0.005 19.192 473.452
  2 0.015 20.73 487.09
  3 0.025 21.54 481.494
  4 0.035 21.55 468.959
  5 0.045 21.368 520.331
  6 0.055 21.528 534.784
  7 0.065 21.886 496.141
  8 0.075 21.872 530.255
  9 0.085 21.972 529.703
  10 0.095 21.968 531.99
  11 0.105 21.59 561.001
  12 0.115 20.918 552.458
  13 0.125 19.706 566.758
  14 0.135 19.562 541.788
  15 0.145 20.54 556.309
  16 0.155 21.702 601.156
  17 0.165 21.974 599.692
  18 0.175 21.956 602.296
  19 0.185 21.962 650.473
  20 0.195 21.678 645.995
  21 0.205 21.528 652.999
  22 0.215 21.444 661.544
  23 0.225 21.47 634.684
  24 0.235 20.938 642.876
  25 0.245 20.096 602.607
  26 0.255 18.546 592.149
  27 0.265 19.302 602.913
  28 0.275 21.066 627.461
  29 0.285 21.58 620.279
  30 0.295 21.552 603.513
  31 0.305 21.322 611.245
  32 0.315 21.706 605.4
  33 0.325 21.898 580.799
  34 0.335 22.006 571.138
  35 0.345 21.968 562.876
  36 0.355 21.834 568.941
  37 0.365 20.944 601.391
  38 0.375 19.468 618.184
  39 0.385 19.152 600.538
  40 0.395 20.952 604.703
  41 0.405 21.732 679.07
  42 0.415 21.908 694.496
  43 0.425 21.992 739.169
  44 0.435 21.862 697.712
  45 0.445 21.666 720.663
  46 0.455 21.382 712.223
  47 0.465 21.488 711.393
  48 0.475 21.436 707.738
  49 0.485 20.498 699.466
  50 0.495 19.046 740.289
  51 0.505 19.114 713.555
  52 0.515 20.128 738.339
  53 0.525 21.194 729.795
  54 0.535 21.416 751.306
  55 0.545 21.482 737.946
  56 0.555 21.576 694.563
  57 0.565 21.78 692.896
  58 0.575 21.962 702.406
  59 0.585 21.98 718.999
  60 0.595 21.834 705.212
  61 0.605 21.108 709.54
  62 0.615 19.464 688.671
  63 0.625 19.396 670.688
  64 0.635 20.54 711.771
  65 0.645 21.716 645.942
  66 0.655 21.938 660.093
  67 0.665 21.966 661.394
  68 0.675 21.876 656.207
  69 0.685 21.652 649.905
  70 0.695 21.552 668.389
  71 0.705 21.436 678.79
  72 0.715 21.412 698.238
  73 0.725 20.792 723.597
  74 0.735 19.504 674.221
  75 0.745 18.694 676.754
  76 0.755 19.874 677.168
  77 0.765 21.192 672.614
  78 0.775 21.466 614.996
  79 0.785 21.448 612.931
  80 0.795 21.502 598.547
  81 0.805 21.74 604.614
  82 0.815 21.916 626.589
  83 0.825 21.996 618.995
  84 0.835 21.962 634.017
  85 0.845 21.554 639.973
  86 0.855 20.668 636.691
  87 0.865 19.106 647.83
  88 0.875 19.714 599.859
  89 0.885 21.118 600.984
  90 0.895 21.878 609.129
  91 0.905 21.986 578.136
  92 0.915 21.994 550.371
  93 0.925 21.904 521.935
  94 0.935 21.692 525.683
  95 0.945 21.584 539.883
  96 0.955 21.358 511.984
  97 0.965 21.512 521.911
  98 0.975 21.542 520.324
  99 0.985 20.138 486.814
  100 0.995 18.668 506.607
245000 100 2112
  1 0.005 19.172 471.792
  2 0.015 20.548 494.45
  3 0.025 21.368 479.769
  4 0.035 21.56 492.718
  5 0.045 21.458 492.169
  6 0.055 21.726 477.974
  7 0.065 21.528 510.559
  8 0.075 21.952 521.375
  9 0.085 21.99 520.868
  10 0.095 21.97 533.555
  11 0.105 21.624 555.718
  12 0.115 20.818 574.055
  13 0.125 19.852 569.674
  14 0.135 19.552 583.32
  15 0.145 20.57 582.14
  16 0.155 21.632 589.19
  17 0.165 21.922 592.584
  18 0.175 21.994 622.469
  19 0.185 21.868 654.791
  20 0.195 21.758 622.144
  21 0.205 21.43 671.277
  22 0.215 21.458 645.821
  23 0.225 21.498 621.245
  24 0.235 21.016 653.27
  25 0.245 19.742 635.16
  26 0.255 18.574 610.536
  27 0.265 19.834 638.42
  28 0.275 20.844 628.242
  29 0.285 21.606 576.8
  30 0.295 21.39 596.634
  31 0.305 21.544 589.586
  32 0.315 21.632 609.318
  33 0.325 21.87 596.057
  34 0.335 21.974 599.767
  35 0.345 21.99 608.893
  36 0.355 21.798 623.747
  37 0.365 21.022 636.912
  38 0.375 19.558 637.704
  39 0.385 18.982 654.651
  40 0.395 20.932 643.898
  41 0.405 21.732 672.175
  42 0.415 21.982 654.349
  43 0.425 21.956 676.992
  44 0.435 21.904 663.148
  45 0.445 21.522 660.298
  46 0.455 21.676 666.236
  47 0.465 21.336 685.858
  48 0.475 21.508 730.379
  49 0.485 20.608 757.995
  50 0.495 18.94 769.833
  51 0.505 18.838 746.391
  52 0.515 20.262 750.29
  53 0.525 21.28 737.419
  54 0.535 21.318 738.003
  55 0.545 21.468 746.293
  56 0.555 21.528 745.619
  57 0.565 21.972 691.245
  58 0.575 21.92 680.852
  59 0.585 21.942 687.687
  60 0.595 21.636 699.286
  61 0.605 20.584 679.348
  62 0.615 19.678 670.408
  63 0.625 19.802 701.355
  64 0.635 20.728 708.607
  65 0.645 21.636 685.606
  66 0.655 21.952 695.956
  67 0.665 21.91 659.168
  68 0.675 21.828 653.688
  69 0.685 21.678 668.684
  70 0.695 21.586 651.507
  71 0.705 21.378 648.904
  72 0.715 21.378 630.659
  73 0.725 20.706 670.181
  74 0.735 19.338 660.843
  75 0.745 19.2 641.914
  76 0.755 19.796 631.025
  77 0.765 21.188 608.981
  78 0.775 21.498 614.24
  79 0.785 21.38 598.227
  80 0.795 21.604 606.774
  81 0.805 21.63 607.217
  82 0.815 22.01 625.609
  83 0.825 21.908 578.095
  84 0.835 21.996 586.669
  85 0.845 21.668 600.332
  86 0.855 20.822 611.51
  87 0.865 19.394 636.826
  88 0.875 19.47 648.922
  89 0.885 20.802 600.835
  90 0.895 21.894 592.27
  91 0.905 21.942 620.857
  92 0.915 21.992 615.917
  93 0.925 21.894 586.187
  94 0.935 21.678 568.976
  95 0.945 21.59 521.174
  96 0.955 21.366 526.996
  97 0.965 21.58 523.995
  98 0.975 21.464 518.949
  99 0.985 20.302 543.877
  100 0.995 18.866 490.862
250000 100 2112.0000000000005
  1 0.005 19.038 481.105
  2 0.015 20.782 464.999
  3 0.025 21.518 482.634
  4 0.035 21.526 506.978
  5 0.045 21.342 520.924
  6 0.055 21.656 510.294
  7 0.065 21.736 540.323
  8 0.075 21.95 550.143
  9 0.085 21.942 552.454
  10 0.095 22.01 562.345
  11 0.105 21.638 561.814
  12 0.115 20.816 597.561
  13 0.125 19.386 602.754
  14 0.135 19.496 607.839
  15 0.145 20.878 604.834
  16 0.155 21.81 597.101
  17 0.165 21.984 601.919
  18 0.175 21.938 601.01
  19 0.185 21.956 557.505
  20 0.195 21.686 583.434
  21 0.205 21.406 625.841
  22 0.215 21.508 623.56
  23 0.225 21.528 636.999
  24 0.235 20.854 642.831
  25 0.245 20.084 587.537
  26 0.255 18.634 589.393
  27 0.265 19.488 598.982
  28 0.275 20.998 620.829
  29 0.285 21.44 639.318
  30 0.295 21.52 675.911
  31 0.305 21.36 705.752
  32 0.315 21.726 652.817
  33 0.325 21.904 639.238
  34 0.335 21.974 642.84
  35 0.345 21.94 629.226
  36 0.355 21.768 610.077
  37 0.365 21.132 629.068
  38 0.375 19.144 649.862
  39 0.385 19.16 680.231
  40 0.395 21.066 695.836
  41 0.405 21.8 683.984
  42 0.415 21.984 647.215
  43 0.425 21.97 652.977
  44 0.435 21.878 652.227
  45 0.445 21.638 640.962
  46 0.455 21.454 627.646
  47 0.465 21.42 704.698
  48 0.475 21.478 692.647
  49 0.485 20.606 701.385
  50 0.495 19.078 684.088
  51 0.505 18.848 755.599
  52 0.515 20.216 771.803
  53 0.525 21.2 789.432
  54 0.535 21.366 771.885
  55 0.545 21.572 769.446
  56 0.555 21.562 766.327
  57 0.565 21.774 704.696
  58 0.575 21.958 700.788
  59 0.585 21.948 683.833
  60 0.595 21.852 677.917
  61 0.605 20.818 712.552
  62 0.615 19.466 700.061
  63 0.625 19.676 698.274
  64 0.635 20.554 725.972
  65 0.645 21.676 674.861
  66 0.655 21.97 640.767
  67 0.665 21.922 660.577
  68 0.675 21.932 637.541
  69 0.685 21.614 658.59
  70 0.695 21.536 615.001
  71 0.705 21.494 634.69
  72 0.715 21.438 638.882
  73 0.725 20.916 639.558
  74 0.735 19.52 619.63
  75 0.745 18.84 628.096
  76 0.755 19.752 622.503
  77 0.765 21.01 633.446
  78 0.775 21.616 587.273
  79 0.785 21.438 609.262
  80 0.795 21.396 614.309
  81 0.805 21.746 613.84
  82 0.815 21.894 603.288
  83 0.825 21.97 618.262
  84 0.835 21.976 592.382
  85 0.845 21.87 606.868
  86 0.855 20.812 598.289
  87 0.865 19.236 597.369
  88 0.875 19.3 594.754
  89 0.885 20.88 571.392
  90 0.895 21.922 550.35
  91 0.905 21.992 557.8
  92 0.915 21.994 541.95
  93 0.925 21.924 546.863
  94 0.935 21.716 568.559
  95 0.945 21.51 561.069
  96 0.955 21.462 562.905
  97 0.965 21.54 559.591
  98 0.975 21.482 546.096
  99 0.985 20.288 492.381
  100 0.995 18.578 491.45
255000 100 2111.9999999999995
  1 0.005 18.994 471.485
  2 0.015 20.876 456.196
  3 0.025 21.498 482.497
  4 0.035 21.542 484.969
  5 0.045 21.432 462.831
  6 0.055 21.556 489.517
  7 0.065 21.818 516.841
  8 0.075 21.882 544.708
  9 0.085 21.986 543.174
  10 0.095 21.916 535.062
  11 0.105 21.602 534.561
  12 0.115 20.548 554.884
  13 0.125 19.658 595.341
  14 0.135 19.808 592.321
  15 0.145 20.858 599.111
  16 0.155 21.664 607.865
  17 0.165 21.938 612.03
  18 0.175 21.934 616.368
  19 0.185 21.89 594.431
  20 0.195 21.682 588.464
  21 0.205 21.524 632.244
  22 0.215 21.392 623.924
  23 0.225 21.368 643.394
  24 0.235 20.696 646.362
  25 0.245 19.666 650.315
  26 0.255 19.152 612.183
  27 0.265 19.682 607.414
  28 0.275 21.06 590.564
  29 0.285 21.442 605.704
  30 0.295 21.504 636.098
  31 0.305 21.532 657.343
  32 0.315 21.61 642.724
  33 0.325 21.882 605.26
  34 0.335 21.996 598.431
  35 0.345 21.988 627.289
  36 0.355 21.674 641.606
  37 0.365 21.024 674.483
  38 0.375 19.216 707.215
  39 0.385 19.39 712.231
  40 0.395 21.054 707.417
  41 0.405 21.68 671.486
  42 0.415 21.958 642.078
  43 0.425 21.95 683.481
  44 0.435 21.876 697.999
  45 0.445 21.602 696.474
  46 0.455 21.506 659.665
  47 0.465 21.442 658.184
  48 0.475 21.598 660.162
  49 0.485 20.674 659.76
  50 0.495 19.458 722.286
  51 0.505 18.904 759.331
  52 0.515 19.9 743.64
  53 0.525 21.066 759.08
  54 0.535 21.378 777.774
  55 0.545 21.438 762.28
  56 0.555 21.516 732.269
  57 0.565 21.808 719.81
  58 0.575 21.894 709.214
  59 0.585 21.982 707.339
  60 0.595 21.686 710.518
  61 0.605 20.772 697.128
  62 0.615 19.806 701.673
  63 0.625 19.724 704.879
  64 0.635 20.444 692.56
  65 0.645 21.628 687.293
  66 0.655 21.952 664.7
  67 0.665 21.934 706.821
  68 0.675 21.928 671.417
  69 0.685 21.64 690.323
  70 0.695 21.474 672.099
  71 0.705 21.402 617.06
  72 0.715 21.422 604.114
  73 0.725 20.944 597.295
  74 0.735 19.756 609.871
  75 0.745 18.682 595.789
  76 0.755 19.666 615.158
  77 0.765 21.122 613.112
  78 0.775 21.562 626.657
  79 0.785 21.396 635.356
  80 0.795 21.47 641.251
  81 0.805 21.694 628.376
  82 0.815 21.928 607.388
  83 0.825 21.99 612.169
  84 0.835 21.994 617.9
  85 0.845 21.752 617.554
  86 0.855 20.802 597.977
  87 0.865 19.09 594.847
  88 0.875 19.482 562.352
  89 0.885 21.062 567.049
  90 0.895 21.808 590.459
  91 0.905 21.988 574.223
  92 0.915 21.994 581.036
  93 0.925 21.916 561.597
  94 0.935 21.728 566.17
  95 0.945 21.474 563.588
  96 0.955 21.466 534.204
  97 0.965 21.536 543.585
  98 0.975 21.496 526.821
  99 0.985 20.104 501.611
  100 0.995 18.722 461.228
260000 100 2112
  1 0.005 19.4 468.326
  2 0.015 20.748 456.568
  3 0.025 21.554 452.244
  4 0.035 21.5 491.785
  5 0.045 21.342 519.816
  6 0.055 21.63 486.094
  7 0.065 21.758 504.685
  8 0.075 21.894 517.772
  9 0.085 21.998 520.96
  10 0.095 21.952 562.93
  11 0.105 21.714 543.376
  12 0.115 20.676 566.587
  13 0.125 19.704 576.538
  14 0.135 19.758 580.269
  15 0.145 20.65 578.615
  16 0.155 21.638 594.283
  17 0.165 21.91 603.393
  18 0.175 21.966 592.754
  19 0.185 21.894 646.054
  20 0.195 21.708 612.803
  21 0.205 21.65 621.868
  22 0.215 21.324 649.308
  23 0.225 21.528 620.252
  24 0.235 21.264 637.517
  25 0.245 19.982 629.598
  26 0.255 18.812 623.723
  27 0.265 19.192 631.464
  28 0.275 20.808 621.077
  29 0.285 21.51 602.897
  30 0.295 21.492 592.279
  31 0.305 21.438 624.19
  32 0.315 21.584 646.769
  33 0.325 21.902 649.657
  34 0.335 21.98 648.872
  35 0.345 21.938 699.491
  36 0.355 21.914 667.398
  37 0.365 21.142 674.101
  38 0.375 19.45 687.392
  39 0.385 18.906 679.19
  40 0.395 20.89 676.044
  41 0.405 21.77 695.334
  42 0.415 21.934 712.815
  43 0.425 21.98 678.257
  44 0.435 21.872 662.127
  45 0.445 21.67 664.311
  46 0.455 21.384 639.049
  47 0.465 21.484 686.15
  48 0.475 21.442 703.957
  49 0.485 20.436 785.329
  50 0.495 19.012 749.687
  51 0.505 19.078 778.72
  52 0.515 20.146 768.835
  53 0.525 21.242 747.947
  54 0.535 21.438 686.738
  55 0.545 21.492 727.751
  56 0.555 21.608 723.742
  57 0.565 21.83 710.033
  58 0.575 21.914 739.685
  59 0.585 21.948 734.854
  60 0.595 21.694 721.617
  61 0.605 20.68 730.716
  62 0.615 19.796 734.595
  63 0.625 19.6 721.168
  64 0.635 20.57 739.799
  65 0.645 21.722 720.246
  66 0.655 21.936 679.638
  67 0.665 21.974 689.869
  68 0.675 21.774 665.313
  69 0.685 21.736 656.934
  70 0.695 21.598 639.321
  71 0.705 21.27 603.081
  72 0.715 21.476 626.043
  73 0.725 20.818 594.494
  74 0.735 19.606 602.21
  75 0.745 18.75 584.67
  76 0.755 19.798 607.081
  77 0.765 21.1 593.892
  78 0.775 21.608 595.288
  79 0.785 21.446 626.285
  80 0.795 21.454 648.774
  81 0.805 21.732 634.036
  82 0.815 21.932 596.797
  83 0.825 21.976 591.482
  84 0.835 22 580.163
  85 0.845 21.572 589.212
  86 0.855 21.058 625.561
  87 0.865 18.942 607.833
  88 0.875 19.37 598.997
  89 0.885 21.132 586.418
  90 0.895 21.932 574.315
  91 0.905 21.988 582.031
  92 0.915 22.002 535.62
  93 0.925 21.914 518.206
  94 0.935 21.734 518.262
  95 0.945 21.358 523.403
  96 0.955 21.538 510.009
  97 0.965 21.542 504.438
  98 0.975 21.336 514.633
  99 0.985 20.194 513.476
  100 0.995 18.562 493.914
265000 100 2112
  1 0.005 19.008 456.549
  2 0.015 20.314 479.441
  3 0.025 21.402 500.903
  4 0.035 21.43 506.232
  5 0.045 21.59 515.685
  6 0.055 21.424 549.344
  7 0.065 21.742 510.573
  8 0.075 21.924 532.702
  9 0.085 21.966 523.875
  10 0.095 21.962 535.891
  11 0.105 21.69 551.896
  12 0.115 21.03 544.505
  13 0.125 19.658 559.692
  14 0.135 19.642 560.634
  15 0.145 20.496 543.113
  16 0.155 21.542 558.843
  17 0.165 21.964 583.35
  18 0.175 21.97 606.341
  19 0.185 21.912 585.249
  20 0.195 21.714 590.506
  21 0.205 21.574 595.043
  22 0.215 21.42 593.044
  23 0.225 21.478 627.472
  24 0.235 21.176 617.849
  25 0.245 20.028 622.984
  26 0.255 18.672 630.694
  27 0.265 19.484 599.143
  28 0.275 20.75 612.585
  29 0.285 21.456 617.21
  30 0.295 21.46 632.628
  31 0.305 21.48 626.282
  32 0.315 21.59 623.105
  33 0.325 21.918 640.957
  34 0.335 21.928 646.259
  35 0.345 21.966 705.205
  36 0.355 21.83 677.749
  37 0.365 20.98 641.538
  38 0.375 19.52 667.379
  39 0.385 18.946 709.83
  40 0.395 20.874 697.469
  41 0.405 21.898 661.672
  42 0.415 21.972 663.892
  43 0.425 21.986 655.169
  44 0.435 21.782 762.643
  45 0.445 21.69 749.603
  46 0.455 21.468 736.597
  47 0.465 21.43 735.726
  48 0.475 21.36 722.163
  49 0.485 20.538 716.134
  50 0.495 18.994 719.445
  51 0.505 18.95 744.224
  52 0.515 20.252 732.95
  53 0.525 21.28 775.469
  54 0.535 21.416 718.572
  55 0.545 21.5 708.588
  56 0.555 21.642 707.872
  57 0.565 21.808 696.168
  58 0.575 21.96 699.655
  59 0.585 21.884 727.972
  60 0.595 21.748 720.169
  61 0.605 20.486 747.072
  62 0.615 19.416 755.652
  63 0.625 19.924 754.412
  64 0.635 20.836 726.665
  65 0.645 21.69 731.861
  66 0.655 21.956 703.786
  67 0.665 21.914 647.237
  68 0.675 21.862 660.208
  69 0.685 21.57 627.785
  70 0.695 21.478 619.489
  71 0.705 21.582 620.067
  72 0.715 21.218 660.355
  73 0.725 20.546 637.526
  74 0.735 19.212 642.179
  75 0.745 19.086 628.4
  76 0.755 20.132 675.476
  77 0.765 21.242 664.207
  78 0.775 21.49 608.601
  79 0.785 21.546 617.59
  80 0.795 21.528 620.862
  81 0.805 21.704 602.772
  82 0.815 21.946 581.689
  83 0.825 21.94 589.052
  84 0.835 22.004 570.61
  85 0.845 21.642 619.186
  86 0.855 20.938 594.557
  87 0.865 18.866 606.573
  88 0.875 19.552 559.855
  89 0.885 21.114 557.014
  90 0.895 21.902 584.095
  91 0.905 22 538.32
  92 0.915 21.992 514.008
  93 0.925 21.934 519.102
  94 0.935 21.656 559.181
  95 0.945 21.67 553.331
  96 0.955 21.44 521.462
  97 0.965 21.498 515.307
  98 0.975 21.554 502.625
  99 0.985 20.508 483.563
  100 0.995 18.958 470.313
270000 100 2112.0000000000005
  1 0.005 19.126 452.196
  2 0.015 20.614 472.672
  3 0.025 21.578 481.727
  4 0.035 21.604 478.283
  5 0.045 21.344 482.231
  6 0.055 21.616 518.045
  7 0.065 21.704 527.353
  8 0.075 21.914 495.689
  9 0.085 22.008 511.236
  10 0.095 21.964 525.979
  11 0.105 21.742 541.857
  12 0.115 21.154 526.099
  13 0.125 19.816 530.395
  14 0.135 19.536 529.984
  15 0.145 20.362 546.999
  16 0.155 21.448 569.255
  17 0.165 21.954 579.869
  18 0.175 21.998 625.687
  19 0.185 21.898 637.575
  20 0.195 21.822 633.236
  21 0.205 21.452 640.145
  22 0.215 21.578 601.774
  23 0.225 21.426 630.622
  24 0.235 21.168 632.862
  25 0.245 20.298 629.921
  26 0.255 19.23 600.238
  27 0.265 19.156 610.507
  28 0.275 20.426 625.01
  29 0.285 21.3 632.505
  30 0.295 21.384 643.19
  31 0.305 21.598 652.189
  32 0.315 21.508 702.308
  33 0.325 21.826 697.611
  34 0.335 21.948 659.857
  35 0.345 21.956 670.953
  36 0.355 21.906 623.696
  37 0.365 21.052 632.382
  38 0.375 19.45 670.561
  39 0.385 19.13 692.533
  40 0.395 20.828 714.942
  41 0.405 21.728 708.476
  42 0.415 21.932 718.32
  43 0.425 21.954 707.069
  44 0.435 21.838 725.938
  45 0.445 21.668 725.985
  46 0.455 21.41 766.733
  47 0.465 21.462 708.653
  48 0.475 21.366 725.074
  49 0.485 20.576 698.154
  50 0.495 18.664 701.742
  51 0.505 18.986 719.041
  52 0.515 20.518 711.658
  53 0.525 21.306 704.76
  54 0.535 21.456 679.768
  55 0.545 21.414 737.698
  56 0.555 21.614 719.336
  57 0.565 21.864 680.606
  58 0.575 21.914 697.167
  59 0.585 21.954 677.497
  60 0.595 21.732 732.507
  61 0.605 20.668 749.779
  62 0.615 19.502 739.335
  63 0.625 19.642 721.902
  64 0.635 20.802 726.158
  65 0.645 21.728 712.123
  66 0.655 21.942 676.629
  67 0.665 21.958 675.841
  68 0.675 21.854 670.432
  69 0.685 21.576 651.62
  70 0.695 21.48 675.119
  71 0.705 21.428 677.485
  72 0.715 21.55 642.999
  73 0.725 20.718 635.843
  74 0.735 19.192 636.923
  75 0.745 18.844 641.473
  76 0.755 20.03 644.247
  77 0.765 21.33 668.283
  78 0.775 21.338 642.071
  79 0.785 21.48 616.606
  80 0.795 21.55 590.95
  81 0.805 21.852 585.832
  82 0.815 21.86 593.623
  83 0.825 21.974 619.068
  84 0.835 21.944 648.268
  85 0.845 21.696 617.228
  86 0.855 20.37 613.308
  87 0.865 19.156 593.936
  88 0.875 19.768 611.442
  89 0.885 21.206 588.123
  90 0.895 21.874 571.055
  91 0.905 21.992 555.66
  92 0.915 21.946 545.903
  93 0.925 21.948 537.751
  94 0.935 21.708 520.745
  95 0.945 21.376 478.707
  96 0.955 21.43 495.469
  97 0.965 21.66 515.021
  98 0.975 21.466 481.258
  99 0.985 20.222 476.779
  100 0.995 18.762 446.108
275000 100 2111.9999999999995
  1 0.005 18.946 483.199
  2 0.015 20.742 456.003
  3 0.025 21.608 500.169
  4 0.035 21.492 490.161
  5 0.045 21.402 496.212
  6 0.055 21.564 467.315
  7 0.065 21.81 482.13
  8 0.075 21.938 504.481
  9 0.085 21.984 537.704
  10 0.095 21.986 540.366
  11 0.105 21.628 554.164
  12 0.115 20.73 586.899
  13 0.125 19.47 557.483
  14 0.135 19.644 568.998
  15 0.145 20.894 563.403
  16 0.155 21.722 558.884
  17 0.165 21.892 616.629
  18 0.175 21.974 619.067
  19 0.185 21.936 591.821
  20 0.195 21.788 570.168
  21 0.205 21.37 584.205
  22 0.215 21.478 607.132
  23 0.225 21.544 635.376
  24 0.235 21.154 627.32
  25 0.245 19.968 656.021
  26 0.255 18.604 614.064
  27 0.265 19.426 624.831
  28 0.275 20.884 649.093
  29 0.285 21.584 674.178
  30 0.295 21.316 664.518
  31 0.305 21.546 675.015
  32 0.315 21.608 657.034
  33 0.325 21.882 640.056
  34 0.335 21.976 649.157
  35 0.345 21.974 609.489
  36 0.355 21.812 626.484
  37 0.365 21.056 679.002
  38 0.375 19.13 707.739
  39 0.385 19.316 701.571
  40 0.395 20.918 727.412
  41 0.405 21.804 718.6
  42 0.415 21.962 726.502
  43 0.425 21.978 704.395
  44 0.435 21.904 742.107
  45 0.445 21.536 729.339
  46 0.455 21.506 720.394
  47 0.465 21.408 703.797
  48 0.475 21.494 685.621
  49 0.485 20.588 702.037
  50 0.495 19.17 663.465
  51 0.505 18.864 705.273
  52 0.515 20.182 703.167
  53 0.525 21.208 698.067
  54 0.535 21.548 732.938
  55 0.545 21.236 735.743
  56 0.555 21.662 712.401
  57 0.565 21.854 685.179
  58 0.575 21.894 672.436
  59 0.585 21.96 704.584
  60 0.595 21.742 731.892
  61 0.605 21.182 732.042
  62 0.615 19.564 717.161
  63 0.625 19.274 724.857
  64 0.635 20.71 708.808
  65 0.645 21.654 684.515
  66 0.655 21.882 661.408
  67 0.665 21.998 660.299
  68 0.675 21.718 717.179
  69 0.685 21.852 690.456
  70 0.695 21.362 696.26
  71 0.705 21.428 704.716
  72 0.715 21.432 667.88
  73 0.725 20.486 681.422
  74 0.735 19.454 694.865
  75 0.745 18.83 630.963
  76 0.755 20.136 592.924
  77 0.765 21.184 620.871
  78 0.775 21.51 578.294
  79 0.785 21.374 619.847
  80 0.795 21.596 617.571
  81 0.805 21.694 584.269
  82 0.815 21.978 577.735
  83 0.825 21.984 568.497
  84 0.835 21.994 590.491
  85 0.845 21.648 574.469
  86 0.855 20.966 582.119
  87 0.865 19.166 580.453
  88 0.875 19.314 565.216
  89 0.885 21.108 563.121
  90 0.895 21.804 557.498
  91 0.905 22 557.871
  92 0.915 21.992 569.59
  93 0.925 21.952 565.992
  94 0.935 21.592 555.762
  95 0.945 21.596 540.246
  96 0.955 21.402 528.231
  97 0.965 21.54 532.606
  98 0.975 21.628 493.969
  99 0.985 20.24 474.068
  100 0.995 18.58 465.452
280000 100 2112.000000000001
  1 0.005 18.838 504.345
  2 0.015 20.806 496.661
  3 0.025 21.566 498.873
  4 0.035 21.526 524.339
  5 0.045 21.298 513.654
  6 0.055 21.694 508.135
  7 0.065 21.776 519.319
  8 0.075 21.91 511.934
  9 0.085 21.96 547.446
  10 0.095 21.974 548.58
  11 0.105 21.758 562.567
  12 0.115 20.666 578.414
  13 0.125 19.576 564.814
  14 0.135 19.8 572.174
  15 0.145 20.66 603.559
  16 0.155 21.6 608.393
  17 0.165 21.958 578.012
  18 0.175 21.998 564.729
  19 0.185 21.914 578.844
  20 0.195 21.712 603.637
  21 0.205 21.444 598.933
  22 0.215 21.496 601.218
  23 0.225 21.572 592.471
  24 0.235 21.038 648.735
  25 0.245 19.966 629.05
  26 0.255 18.776 632.761
  27 0.265 19.496 609.633
  28 0.275 20.776 617.553
  29 0.285 21.414 642.235
  30 0.295 21.512 635.653
  31 0.305 21.38 649.433
  32 0.315 21.802 679.383
  33 0.325 21.786 710.674
  34 0.335 21.942 736.517
  35 0.345 21.982 679.622
  36 0.355 21.69 704.54
  37 0.365 20.624 740.184
  38 0.375 19.666 699.028
  39 0.385 19.22 724.132
  40 0.395 21.026 700.077
  41 0.405 21.778 677.973
  42 0.415 22 659.08
  43 0.425 21.926 696.476
  44 0.435 21.834 711.282
  45 0.445 21.698 678.627
  46 0.455 21.282 681.606
  47 0.465 21.586 740.776
  48 0.475 21.494 693.521
  49 0.485 20.54 661.716
  50 0.495 18.924 713.242
  51 0.505 18.74 729.392
  52 0.515 20.33 723.42
  53 0.525 21.308 698.231
  54 0.535 21.592 716.688
  55 0.545 21.422 706.591
  56 0.555 21.638 720.989
  57 0.565 21.748 719.018
  58 0.575 21.986 696.871
  59 0.585 21.964 674.695
  60 0.595 21.718 710.989
  61 0.605 20.978 724.284
  62 0.615 19.684 691.732
  63 0.625 19.58 708.198
  64 0.635 20.58 678.023
  65 0.645 21.504 662.726
  66 0.655 21.92 672.123
  67 0.665 21.952 656.145
  68 0.675 21.82 679.833
  69 0.685 21.772 669.717
  70 0.695 21.52 672.758
  71 0.705 21.452 648.79
  72 0.715 21.314 651.073
  73 0.725 20.948 639.637
  74 0.735 19.64 667.05
  75 0.745 18.544 692.527
  76 0.755 19.78 653.206
  77 0.765 21.242 648.611
  78 0.775 21.438 643.469
  79 0.785 21.458 639.859
  80 0.795 21.464 644.653
  81 0.805 21.82 620.174
  82 0.815 21.888 586.11
  83 0.825 21.982 591.174
  84 0.835 21.94 606.416
  85 0.845 21.53 600.217
  86 0.855 20.72 578.776
  87 0.865 19.29 580.126
  88 0.875 19.476 610.799
  89 0.885 21.19 619.954
  90 0.895 21.838 589.959
  91 0.905 22.008 516.071
  92 0.915 21.978 503.356
  93 0.925 21.922 460.036
  94 0.935 21.688 457.357
  95 0.945 21.496 494.099
  96 0.955 21.358 482.162
  97 0.965 21.702 483.475
  98 0.975 21.498 489.399
  99 0.985 20.418 502.619
  100 0.995 18.562 504.044
285000 100 2112
  1 0.005 18.586 458.417
  2 0.015 20.458 468.544
  3 0.025 21.428 529.247
  4 0.035 21.58 531.781
  5 0.045 21.36 530.056
  6 0.055 21.46 524.435
  7 0.065 21.81 531.004
  8 0.075 21.88 563.246
  9 0.085 21.99 547.999
  10 0.095 21.96 585.876
  11 0.105 21.79 565.36
  12 0.115 21 543.621
  13 0.125 19.91 540.048
  14 0.135 19.388 581.767
  15 0.145 20.304 580.727
  16 0.155 21.738 573.471
  17 0.165 21.904 601.865
  18 0.175 21.978 620.899
  19 0.185 21.87 643.947
  20 0.195 21.802 620.255
  21 0.205 21.514 619.968
  22 0.215 21.482 588.269
  23 0.225 21.416 613.009
  24 0.235 21.252 638.713
  25 0.245 20.09 629.681
  26 0.255 18.994 652.774
  27 0.265 19.074 645.725
  28 0.275 20.61 657.696
  29 0.285 21.552 645.886
  30 0.295 21.504 648.089
  31 0.305 21.332 679.212
  32 0.315 21.678 683.353
  33 0.325 21.894 683.656
  34 0.335 21.988 673.044
  35 0.345 21.942 639.025
  36 0.355 21.614 668.923
  37 0.365 21.024 667.534
  38 0.375 19.446 666.681
  39 0.385 19.07 733.38
  40 0.395 21.042 734.899
  41 0.405 21.842 716.513
  42 0.415 21.964 733.309
  43 0.425 21.962 716.95
  44 0.435 21.752 740.111
  45 0.445 21.628 723.996
  46 0.455 21.384 704.15
  47 0.465 21.456 738.772
  48 0.475 21.426 700.157
  49 0.485 19.958 703.804
  50 0.495 18.844 725.777
  51 0.505 19.044 741.057
  52 0.515 20.684 704.894
  53 0.525 21.472 669.766
  54 0.535 21.502 638.108
  55 0.545 21.446 689.141
  56 0.555 21.676 744.714
  57 0.565 21.85 707.391
  58 0.575 21.934 699.871
  59 0.585 21.954 636.407
  60 0.595 21.578 629.29
  61 0.605 20.676 638.805
  62 0.615 19.472 667.8
  63 0.625 19.724 681.185
  64 0.635 20.916 692.372
  65 0.645 21.69 689.935
  66 0.655 21.974 680.971
  67 0.665 21.944 635.466
  68 0.675 21.852 655.207
  69 0.685 21.662 731.29
  70 0.695 21.406 731.287
  71 0.705 21.532 678.827
  72 0.715 21.44 639.883
  73 0.725 20.72 633.01
  74 0.735 19.222 635.317
  75 0.745 18.904 629.385
  76 0.755 20.05 632.008
  77 0.765 21.174 620.179
  78 0.775 21.542 609.565
  79 0.785 21.414 627.637
  80 0.795 21.52 589.423
  81 0.805 21.72 611.011
  82 0.815 21.944 593.857
  83 0.825 21.978 554.167
  84 0.835 21.968 560.422
  85 0.845 21.784 580.25
  86 0.855 21.056 566.885
  87 0.865 19.488 536.675
  88 0.875 19.254 562.426
  89 0.885 20.632 582.345
  90 0.895 21.85 544.256
  91 0.905 21.972 532.354
  92 0.915 21.99 572.326
  93 0.925 21.904 536.206
  94 0.935 21.812 538.225
  95 0.945 21.472 547.204
  96 0.955 21.544 534.455
  97 0.965 21.416 513.047
  98 0.975 21.648 505.457
  99 0.985 20.682 485.668
  100 0.995 18.982 491.491
290000 100 2112.000000000001
  1 0.005 18.884 497.944
  2 0.015 20.076 506.145
  3 0.025 21.338 487.563
  4 0.035 21.524 524.064
  5 0.045 21.408 514.505
  6 0.055 21.558 523.254
  7 0.065 21.576 532.935
  8 0.075 21.942 530.205
  9 0.085 21.97 526.27
  10 0.095 21.914 575.015
  11 0.105 21.86 582.383
  12 0.115 21.01 595.473
  13 0.125 20.01 609.929
  14 0.135 19.396 615.455
  15 0.145 20.292 659.76
  16 0.155 21.54 665.064
  17 0.165 21.96 629.088
  18 0.175 21.956 658.18
  19 0.185 21.88 622.654
  20 0.195 21.686 617.672
  21 0.205 21.562 597.456
  22 0.215 21.48 600.974
  23 0.225 21.508 600.411
  24 0.235 21.128 632.319
  25 0.245 19.942 681.213
  26 0.255 18.716 682.731
  27 0.265 19.342 669.629
  28 0.275 20.878 676.926
  29 0.285 21.458 615.504
  30 0.295 21.494 616.249
  31 0.305 21.51 641.409
  32 0.315 21.644 628.058
  33 0.325 21.87 660.47
  34 0.335 21.964 645.152
  35 0.345 21.982 634.373
  36 0.355 21.79 625.217
  37 0.365 20.81 612.58
  38 0.375 19.346 664.915
  39 0.385 19.376 703.356
  40 0.395 20.814 719.888
  41 0.405 21.874 678.193
  42 0.415 21.966 653.264
  43 0.425 21.936 698.575
  44 0.435 21.846 712.897
  45 0.445 21.568 728.503
  46 0.455 21.602 683.662
  47 0.465 21.276 782.027
  48 0.475 21.234 788.474
  49 0.485 20.306 771.93
  50 0.495 18.928 769.228
  51 0.505 19.09 748.878
  52 0.515 20.538 741.689
  53 0.525 21.346 755.818
  54 0.535 21.494 695.46
  55 0.545 21.43 706.468
  56 0.555 21.686 712.727
  57 0.565 21.836 697.584
  58 0.575 21.934 708.582
  59 0.585 21.92 669.057
  60 0.595 21.678 696.475
  61 0.605 20.602 650.765
  62 0.615 19.7 630.184
  63 0.625 19.696 661.586
  64 0.635 20.678 697.215
  65 0.645 21.728 664.215
  66 0.655 21.962 639.798
  67 0.665 21.946 659.695
  68 0.675 21.85 658.433
  69 0.685 21.6 689.216
  70 0.695 21.5 697.487
  71 0.705 21.496 658.937
  72 0.715 21.288 616.948
  73 0.725 20.476 650.633
  74 0.735 19.296 656.284
  75 0.745 19.038 673.316
  76 0.755 20.088 628.047
  77 0.765 21.236 616.192
  78 0.775 21.51 598.721
  79 0.785 21.368 580.007
  80 0.795 21.61 556.661
  81 0.805 21.784 561.666
  82 0.815 21.966 553.579
  83 0.825 21.958 583.258
  84 0.835 21.954 574.53
  85 0.845 21.696 553.608
  86 0.855 20.8 560.831
  87 0.865 19.254 553.89
  88 0.875 19.286 541.27
  89 0.885 21.162 548.238
  90 0.895 21.848 547.901
  91 0.905 21.978 536.875
  92 0.915 22.008 543.988
  93 0.925 21.884 563.619
  94 0.935 21.816 533.924
  95 0.945 21.584 517.37
  96 0.955 21.4 480.443
  97 0.965 21.55 502.502
  98 0.975 21.402 521.749
  99 0.985 20.69 548.695
  100 0.995 19.43 497.113
295000 100 2112.0000000000005
  1 0.005 18.756 487.54
  2 0.015 20.386 514.272
  3 0.025 21.328 553.363
  4 0.035 21.564 523.677
  5 0.045 21.516 528.668
  6 0.055 21.496 542.423
  7 0.065 21.768 557.063
  8 0.075 21.824 553.671
  9 0.085 21.986 552.198
  10 0.095 22.006 559.191
  11 0.105 21.726 566.864
  12 0.115 21.094 569.121
  13 0.125 19.406 598.272
  14 0.135 19.658 623.173
  15 0.145 20.492 648.506
  16 0.155 21.672 635.82
  17 0.165 21.948 601.621
  18 0.175 21.976 619.862
  19 0.185 21.874 606.757
  20 0.195 21.714 614.403
  21 0.205 21.544 649.394
  22 0.215 21.482 637.258
  23 0.225 21.462 668.243
  24 0.235 21.004 710.117
  25 0.245 19.768 692.759
  26 0.255 18.84 701.502
  27 0.265 19.398 675.512
  28 0.275 21.022 692.012
  29 0.285 21.458 667.477
  30 0.295 21.488 668.772
  31 0.305 21.434 638.668
  32 0.315 21.644 647.145
  33 0.325 21.914 670.565
  34 0.335 21.996 638.758
  35 0.345 21.938 666.951
  36 0.355 21.83 656.082
  37 0.365 20.714 666.888
  38 0.375 19.376 645.778
  39 0.385 19.6 676.5
  40 0.395 20.78 659.343
  41 0.405 21.806 623.119
  42 0.415 21.934 697.005
  43 0.425 21.88 707.535
  44 0.435 21.892 741.111
  45 0.445 21.69 714.676
  46 0.455 21.452 744.407
  47 0.465 21.326 726.227
  48 0.475 21.336 691.781
  49 0.485 20.216 752.574
  50 0.495 18.972 732.641
  51 0.505 19.194 753.59
  52 0.515 20.4 729.075
  53 0.525 21.402 734.105
  54 0.535 21.324 737.095
  55 0.545 21.43 680.071
  56 0.555 21.74 636.088
  57 0.565 21.83 632.755
  58 0.575 21.946 702.68
  59 0.585 21.942 706.353
  60 0.595 21.762 683.751
  61 0.605 20.774 703.935
  62 0.615 19.31 714.155
  63 0.625 19.358 684.423
  64 0.635 21.192 681.812
  65 0.645 21.632 704.37
  66 0.655 21.998 682.326
  67 0.665 21.964 662.837
  68 0.675 21.924 611.961
  69 0.685 21.488 659.003
  70 0.695 21.502 674.284
  71 0.705 21.462 637.402
  72 0.715 21.584 621.227
  73 0.725 20.988 616.158
  74 0.735 19.208 618.244
  75 0.745 18.684 577.065
  76 0.755 19.854 581.228
  77 0.765 21.312 615.88
  78 0.775 21.568 571.118
  79 0.785 21.396 560.926
  80 0.795 21.544 574.322
  81 0.805 21.688 603.227
  82 0.815 21.852 628.49
  83 0.825 21.994 588.728
  84 0.835 21.988 586.745
  85 0.845 21.788 584.446
  86 0.855 20.734 577.857
  87 0.865 19.466 526.663
  88 0.875 19.278 544.546
  89 0.885 20.872 540.073
  90 0.895 21.878 534.542
  91 0.905 21.99 532.477
  92 0.915 21.982 540.241
  93 0.925 21.934 514.236
  94 0.935 21.77 508.559
  95 0.945 21.592 505.039
  96 0.955 21.408 496.695
  97 0.965 21.514 499.416
  98 0.975 21.448 536.553
  99 0.985 20.62 535.575
  100 0.995 19.106 511.012
300000 100 2112
  1 0.005 19 503.867
  2 0.015 20.604 503.661
  3 0.025 21.46 488.549
  4 0.035 21.48 508.759
  5 0.045 21.426 527.759
  6 0.055 21.492 543.342
  7 0.065 21.79 546.702
  8 0.075 21.92 542.188
  9 0.085 21.976 555.858
  10 0.095 21.942 541.938
  11 0.105 21.51 587.654
  12 0.115 20.86 555.501
  13 0.125 19.56 581.814
  14 0.135 19.632 615.846
  15 0.145 20.924 624.172
  16 0.155 21.652 626.524
  17 0.165 21.934 645.556
  18 0.175 21.974 633.386
  19 0.185 21.874 613.839
  20 0.195 21.67 604.406
  21 0.205 21.438 626.067
  22 0.215 21.564 668.525
  23 0.225 21.478 656.28
  24 0.235 21.036 640.426
  25 0.245 19.512 647.838
  26 0.255 18.586 651.54
  27 0.265 19.81 668.372
  28 0.275 21.01 632.686
  29 0.285 21.512 638.393
  30 0.295 21.502 614.858
  31 0.305 21.486 656.065
  32 0.315 21.75 654.84
  33 0.325 21.828 685.35
  34 0.335 21.972 640.931
  35 0.345 21.98 659.569
  36 0.355 21.768 654.335
  37 0.365 20.55 658.812
  38 0.375 19.318 696.76
  39 0.385 19.846 711.993
  40 0.395 20.742 736.776
  41 0.405 21.784 726.653
  42 0.415 22 705.248
  43 0.425 21.952 696.622
  44 0.435 21.88 728.495
  45 0.445 21.454 750.228
  46 0.455 21.566 727.338
  47 0.465 21.458 713.181
  48 0.475 21.308 717.969
  49 0.485 20.358 718.805
  50 0.495 19.05 743.171
  51 0.505 19.122 752.2
  52 0.515 20.316 712.448
  53 0.525 21.294 685.362
  54 0.535 21.482 706.797
  55 0.545 21.438 663.912
  56 0.555 21.666 649.877
  57 0.565 21.794 694.956
  58 0.575 21.904 734.573
  59 0.585 21.91 757.603
  60 0.595 21.632 732.221
  61 0.605 20.84 713.476
  62 0.615 19.824 689.648
  63 0.625 19.618 699.763
  64 0.635 20.572 698.776
  65 0.645 21.614 667.312
  66 0.655 21.952 646.673
  67 0.665 21.924 626.505
  68 0.675 21.928 630.098
  69 0.685 21.744 602.44
  70 0.695 21.324 623.524
  71 0.705 21.556 599.81
  72 0.715 21.48 627.603
  73 0.725 20.908 615.338
  74 0.735 19.438 602.204
  75 0.745 18.706 639.905
  76 0.755 19.824 624.903
  77 0.765 21.22 613.363
  78 0.775 21.442 611.83
  79 0.785 21.478 605.238
  80 0.795 21.438 620.012
  81 0.805 21.682 549.668
  82 0.815 21.946 530.187
  83 0.825 21.97 526.218
  84 0.835 21.96 566.699
  85 0.845 21.73 577.037
  86 0.855 21.124 538.756
  87 0.865 19.528 513.224
  88 0.875 19.36 555.42
  89 0.885 20.732 575.596
  90 0.895 21.632 556.526
  91 0.905 21.934 591.685
  92 0.915 21.982 545.787
  93 0.925 21.948 540.452
  94 0.935 21.814 529.216
  95 0.945 21.532 552.166
  96 0.955 21.41 538.521
  97 0.965 21.488 527.346
  98 0.975 21.494 570.041
  99 0.985 20.48 541.953
  100 0.995 18.688 526.487
305000 100 2111.9999999999995
  1 0.005 19.08 481.752
  2 0.015 20.542 456.724
  3 0.025 21.382 471.418
  4 0.035 21.526 488.936
  5 0.045 21.468 499.641
  6 0.055 21.636 534.435
  7 0.065 21.658 558.767
  8 0.075 21.87 548.595
  9 0.085 21.934 575.986
  10 0.095 21.996 574.774
  11 0.105 21.67 560.323
  12 0.115 21.2 553.961
  13 0.125 19.638 570.695
  14 0.135 19.252 597.456
  15 0.145 20.664 609.536
  16 0.155 21.706 617.893
  17 0.165 21.882 634.56
  18 0.175 21.97 643.401
  19 0.185 21.908 645.699
  20 0.195 21.706 603.487
  21 0.205 21.548 623.112
  22 0.215 21.414 621.631
  23 0.225 21.522 602.47
  24 0.235 21.242 610.662
  25 0.245 19.762 636.619
  26 0.255 18.67 662.497
  27 0.265 19.454 612.906
  28 0.275 20.928 599.179
  29 0.285 21.442 638.549
  30 0.295 21.402 665.897
  31 0.305 21.5 676.9
  32 0.315 21.728 656.718
  33 0.325 21.852 683.639
  34 0.335 21.956 676.853
  35 0.345 21.978 697.49
  36 0.355 21.712 675.244
  37 0.365 20.712 681.232
  38 0.375 19.36 697.384
  39 0.385 19.64 670.237
  40 0.395 20.934 734.508
  41 0.405 21.68 725.136
  42 0.415 21.968 724.325
  43 0.425 21.9 746.426
  44 0.435 21.874 737.325
  45 0.445 21.47 698.228
  46 0.455 21.516 741.139
  47 0.465 21.52 705.713
  48 0.475 21.178 745.369
  49 0.485 20.304 715.924
  50 0.495 18.892 666.904
  51 0.505 19.2 686.162
  52 0.515 20.484 743.218
  53 0.525 21.31 734.285
  54 0.535 21.506 748.585
  55 0.545 21.39 765.288
  56 0.555 21.744 726.968
  57 0.565 21.784 761.134
  58 0.575 21.924 787.453
  59 0.585 21.996 776.069
  60 0.595 21.564 710.82
  61 0.605 20.572 721.502
  62 0.615 19.398 691.512
  63 0.625 19.908 661.974
  64 0.635 20.842 651.393
  65 0.645 21.726 594.775
  66 0.655 21.992 618.631
  67 0.665 21.974 621.13
  68 0.675 21.786 653.617
  69 0.685 21.674 643.234
  70 0.695 21.544 628.781
  71 0.705 21.484 648.342
  72 0.715 21.468 641.853
  73 0.725 20.798 633.861
  74 0.735 19.45 627.699
  75 0.745 18.912 618.436
  76 0.755 19.978 629.265
  77 0.765 21.018 644.453
  78 0.775 21.448 633.117
  79 0.785 21.39 624.091
  80 0.795 21.536 570.33
  81 0.805 21.712 566.169
  82 0.815 21.864 592.24
  83 0.825 21.982 596.24
  84 0.835 21.974 593.398
  85 0.845 21.73 557.905
  86 0.855 20.98 537.625
  87 0.865 19.338 564.705
  88 0.875 19.574 555.801
  89 0.885 20.782 564.463
  90 0.895 21.656 537.398
  91 0.905 21.978 502.956
  92 0.915 21.98 520.961
  93 0.925 21.878 512.168
  94 0.935 21.73 520.069
  95 0.945 21.546 529.611
  96 0.955 21.452 516.729
  97 0.965 21.604 517.234
  98 0.975 21.382 518.392
  99 0.985 20.37 531.919
  100 0.995 18.942 514.772
310000 100 2112
  1 0.005 19.19 476.716
  2 0.015 20.184 464.35
  3 0.025 21.106 475.697
  4 0.035 21.486 497.375
  5 0.045 21.532 514.255
  6 0.055 21.408 548.77
  7 0.065 21.702 553.488
  8 0.075 21.884 551.115
  9 0.085 21.942 563.583
  10 0.095 21.924 605.505
  11 0.105 21.858 600.407
  12 0.115 20.982 572.036
  13 0.125 19.74 568.508
  14 0.135 19.426 546.487
  15 0.145 20.574 570.627
  16 0.155 21.582 562.772
  17 0.165 21.914 571.917
  18 0.175 21.992 583.087
  19 0.185 21.88 594.063
  20 0.195 21.806 616.955
  21 0.205 21.504 612.94
  22 0.215 21.49 637.982
  23 0.225 21.488 648.51
  24 0.235 21.15 671.519
  25 0.245 20.05 652.381
  26 0.255 18.648 657.319
  27 0.265 19.38 638.264
  28 0.275 20.766 616.412
  29 0.285 21.476 599.901
  30 0.295 21.518 626.833
  31 0.305 21.378 649.116
  32 0.315 21.662 662.746
  33 0.325 21.9 707.196
  34 0.335 21.926 698.546
  35 0.345 21.954 696.037
  36 0.355 21.774 675.065
  37 0.365 21.01 711.619
  38 0.375 19.036 712.9
  39 0.385 19.672 707.529
  40 0.395 20.856 676.07
  41 0.405 21.688 698.12
  42 0.415 21.994 680.819
  43 0.425 21.932 666.53
  44 0.435 21.908 704.335
  45 0.445 21.516 737.791
  46 0.455 21.612 762.566
  47 0.465 21.336 743.773
  48 0.475 21.194 792.838
  49 0.485 20.318 768.319
  50 0.495 18.754 750.939
  51 0.505 19.34 786.821
  52 0.515 20.48 785.026
  53 0.525 21.118 752.458
  54 0.535 21.622 733.606
  55 0.545 21.428 773.716
  56 0.555 21.68 728.806
  57 0.565 21.828 696.781
  58 0.575 21.96 710.785
  59 0.585 21.812 710.642
  60 0.595 21.5 680.861
  61 0.605 20.328 698.947
  62 0.615 19.444 729.875
  63 0.625 19.982 710.037
  64 0.635 21.088 681.295
  65 0.645 21.876 680.096
  66 0.655 21.908 666.47
  67 0.665 21.976 675.079
  68 0.675 21.822 653.018
  69 0.685 21.426 642.932
  70 0.695 21.634 597.492
  71 0.705 21.39 604.708
  72 0.715 21.464 637.508
  73 0.725 20.52 642.002
  74 0.735 18.868 667.076
  75 0.745 19.09 641.559
  76 0.755 20.318 619.191
  77 0.765 21.416 620.324
  78 0.775 21.442 601.67
  79 0.785 21.41 596.781
  80 0.795 21.59 578.527
  81 0.805 21.76 589.172
  82 0.815 21.928 580.308
  83 0.825 21.974 570.969
  84 0.835 21.94 575.237
  85 0.845 21.816 562.821
  86 0.855 20.84 526.237
  87 0.865 19.334 536.474
  88 0.875 19.7 523.318
  89 0.885 20.798 556.082
  90 0.895 21.664 554.946
  91 0.905 21.898 574.595
  92 0.915 22.002 511.198
  93 0.925 21.908 493.592
  94 0.935 21.808 527.072
  95 0.945 21.466 522.194
  96 0.955 21.61 492.654
  97 0.965 21.546 521.847
  98 0.975 21.404 515.53
  99 0.985 20.478 520.96
  100 0.995 19.364 489.665
315000 100 2112
  1 0.005 18.618 451.571
  2 0.015 20.38 481.368
  3 0.025 21.448 527.509
  4 0.035 21.572 522.858
  5 0.045 21.412 532.445
  6 0.055 21.532 561.819
  7 0.065 21.644 607.036
  8 0.075 21.932 557.127
  9 0.085 21.958 566.313
  10 0.095 21.99 599.776
  11 0.105 21.924 577.611
  12 0.115 21.014 576.493
  13 0.125 19.878 578.887
  14 0.135 19.056 634.639
  15 0.145 20.6 620.062
  16 0.155 21.606 613.909
  17 0.165 21.936 572.473
  18 0.175 21.974 574.427
  19 0.185 21.972 571.421
  20 0.195 21.812 625.866
  21 0.205 21.466 632.548
  22 0.215 21.528 612.783
  23 0.225 21.424 631.444
  24 0.235 21.39 645.237
  25 0.245 20.064 658.835
  26 0.255 18.74 666.304
  27 0.265 19.17 699.497
  28 0.275 20.666 693.741
  29 0.285 21.432 690.349
  30 0.295 21.452 680.257
  31 0.305 21.434 647.26
  32 0.315 21.646 652.136
  33 0.325 21.852 641.946
  34 0.335 21.968 620.021
  35 0.345 22.004 626.839
  36 0.355 21.722 619.53
  37 0.365 20.952 659.004
  38 0.375 19.378 685.438
  39 0.385 19.346 684.614
  40 0.395 20.844 660.26
  41 0.405 21.788 695.443
  42 0.415 21.938 701.429
  43 0.425 21.91 744.568
  44 0.435 21.97 728.348
  45 0.445 21.46 763.408
  46 0.455 21.556 755.421
  47 0.465 21.384 769.576
  48 0.475 21.448 771.409
  49 0.485 20.048 748.32
  50 0.495 18.754 763.53
  51 0.505 19.392 752.161
  52 0.515 20.436 763.943
  53 0.525 21.298 758.304
  54 0.535 21.44 726.718
  55 0.545 21.492 698.461
  56 0.555 21.698 728.087
  57 0.565 21.836 739.811
  58 0.575 21.93 713.579
  59 0.585 21.916 706.034
  60 0.595 21.648 717.097
  61 0.605 20.636 730.316
  62 0.615 19.288 692.71
  63 0.625 19.568 666.786
  64 0.635 21.264 659.978
  65 0.645 21.656 679.207
  66 0.655 21.972 699.187
  67 0.665 21.964 643.073
  68 0.675 21.802 666.167
  69 0.685 21.666 669.528
  70 0.695 21.346 661.481
  71 0.705 21.562 669.443
  72 0.715 21.484 663.628
  73 0.725 20.532 638.261
  74 0.735 18.848 638.168
  75 0.745 18.744 592.78
  76 0.755 20.346 597.118
  77 0.765 21.584 585.677
  78 0.775 21.49 588.486
  79 0.785 21.402 610.854
  80 0.795 21.572 591.756
  81 0.805 21.764 577.605
  82 0.815 21.956 588.451
  83 0.825 21.966 571.038
  84 0.835 21.994 547.172
  85 0.845 21.592 549.186
  86 0.855 20.632 525.356
  87 0.865 19.252 519.769
  88 0.875 19.686 520.911
  89 0.885 21.018 535.101
  90 0.895 21.858 522.038
  91 0.905 21.986 492.056
  92 0.915 21.982 502.278
  93 0.925 21.902 520.781
  94 0.935 21.828 527.841
  95 0.945 21.53 538.46
  96 0.955 21.368 507.987
  97 0.965 21.488 519.883
  98 0.975 21.708 510.711
  99 0.985 20.602 502.993
  100 0.995 19.084 462.695
320000 100 2111.9999999999995
  1 0.005 18.828 479.573
  2 0.015 20.484 497.284
  3 0.025 21.452 495.117
  4 0.035 21.502 522.552
  5 0.045 21.516 527.827
  6 0.055 21.376 590.001
  7 0.065 21.778 583.422
  8 0.075 21.926 570.49
  9 0.085 21.968 597.872
  10 0.095 21.988 579.121
  11 0.105 21.638 569.932
  12 0.115 20.846 554.673
  13 0.125 19.32 563.442
  14 0.135 19.682 578.388
  15 0.145 20.972 599.274
  16 0.155 21.604 578.798
  17 0.165 21.968 556.314
  18 0.175 21.986 553.044
  19 0.185 21.884 581.169
  20 0.195 21.796 609.304
  21 0.205 21.43 617.707
  22 0.215 21.364 662.81
  23 0.225 21.584 636.353
  24 0.235 21.23 633.434
  25 0.245 19.916 615.097
  26 0.255 18.574 624.922
  27 0.265 19.388 649.562
  28 0.275 20.95 665.782
  29 0.285 21.584 641.977
  30 0.295 21.336 677.233
  31 0.305 21.448 670.361
  32 0.315 21.75 674.539
  33 0.325 21.812 678.812
  34 0.335 21.976 653.41
  35 0.345 21.95 651.057
  36 0.355 21.764 646.452
  37 0.365 20.816 687.179
  38 0.375 19.634 709.748
  39 0.385 19.42 723.463
  40 0.395 20.834 728.973
  41 0.405 21.628 709.156
  42 0.415 21.926 725.512
  43 0.425 21.952 694.773
  44 0.435 21.854 677.563
  45 0.445 21.572 671.021
  46 0.455 21.62 675.147
  47 0.465 21.37 697.045
  48 0.475 21.426 713.333
  49 0.485 20.588 693.594
  50 0.495 19.184 683.002
  51 0.505 18.922 723.187
  52 0.515 20.214 759.668
  53 0.525 21.13 729.944
  54 0.535 21.36 767.76
  55 0.545 21.572 754.216
  56 0.555 21.568 754.272
  57 0.565 21.756 784.752
  58 0.575 21.962 734.898
  59 0.585 21.93 736.713
  60 0.595 21.684 707.665
  61 0.605 20.636 754.266
  62 0.615 19.68 691.389
  63 0.625 19.31 677.752
  64 0.635 20.938 711.075
  65 0.645 21.826 677.917
  66 0.655 21.962 668.191
  67 0.665 21.96 662.225
  68 0.675 21.8 624.29
  69 0.685 21.646 648.885
  70 0.695 21.542 619.474
  71 0.705 21.426 602.578
  72 0.715 21.514 630.009
  73 0.725 20.88 630.754
  74 0.735 19.184 653.705
  75 0.745 18.61 664.956
  76 0.755 20.032 632.381
  77 0.765 21.308 647.052
  78 0.775 21.446 654.52
  79 0.785 21.486 631.356
  80 0.795 21.488 629.533
  81 0.805 21.746 593.651
  82 0.815 21.956 593.274
  83 0.825 21.98 568.45
  84 0.835 21.998 559.783
  85 0.845 21.592 541.072
  86 0.855 21.124 496.833
  87 0.865 19.39 537.427
  88 0.875 19.23 547.43
  89 0.885 20.938 562.681
  90 0.895 21.762 530.02
  91 0.905 21.986 538.524
  92 0.915 21.968 556.76
  93 0.925 21.938 570.725
  94 0.935 21.738 571.785
  95 0.945 21.486 537.756
  96 0.955 21.38 494.458
  97 0.965 21.66 499.738
  98 0.975 21.542 491.809
  99 0.985 20.402 512.137
  100 0.995 19.018 475.664
325000 100 2112.0000000000005
  1 0.005 19.312 481.443
  2 0.015 20.498 503.931
  3 0.025 21.204 527.176
  4 0.035 21.598 511.774
  5 0.045 21.442 555.329
  6 0.055 21.528 577.923
  7 0.065 21.776 603.761
  8 0.075 21.884 575.163
  9 0.085 21.974 587.181
  10 0.095 21.902 608.814
  11 0.105 21.664 586.356
  12 0.115 20.7 572.573
  13 0.125 19.764 530.965
  14 0.135 19.414 547.138
  15 0.145 20.878 542.86
  16 0.155 21.67 563.952
  17 0.165 22.018 556.99
  18 0.175 21.952 597.002
  19 0.185 21.892 596.086
  20 0.195 21.738 643.395
  21 0.205 21.532 642.594
  22 0.215 21.38 634.124
  23 0.225 21.492 610.078
  24 0.235 21.216 637.279
  25 0.245 19.922 617.004
  26 0.255 18.478 601.362
  27 0.265 19.352 626.961
  28 0.275 21.026 612.912
  29 0.285 21.532 640.233
  30 0.295 21.526 601.551
  31 0.305 21.428 666.597
  32 0.315 21.588 650.022
  33 0.325 21.954 660.581
  34 0.335 21.97 675.343
  35 0.345 21.978 638.621
  36 0.355 21.898 639.004
  37 0.365 20.832 687.934
  38 0.375 19.38 700.77
  39 0.385 19.408 709.888
  40 0.395 20.928 712.864
  41 0.405 21.652 749.483
  42 0.415 21.906 729.243
  43 0.425 21.93 698.649
  44 0.435 21.892 697.469
  45 0.445 21.53 723.159
  46 0.455 21.48 720.158
  47 0.465 21.452 705.964
  48 0.475 21.344 705.387
  49 0.485 20.226 716.406
  50 0.495 19.092 703.619
  51 0.505 19.172 689.009
  52 0.515 20.342 737.94
  53 0.525 21.23 737.865
  54 0.535 21.476 740.599
  55 0.545 21.494 732.703
  56 0.555 21.604 753.312
  57 0.565 21.83 734.608
  58 0.575 21.93 703.887
  59 0.585 21.892 705.852
  60 0.595 21.764 703.803
  61 0.605 20.82 695.911
  62 0.615 19.72 721.922
  63 0.625 19.33 725.815
  64 0.635 20.756 665.444
  65 0.645 21.822 653.553
  66 0.655 21.884 669.065
  67 0.665 21.942 668.527
  68 0.675 21.844 644.357
  69 0.685 21.764 639.281
  70 0.695 21.546 629.127
  71 0.705 21.35 644.774
  72 0.715 21.424 626.976
  73 0.725 21.048 623.218
  74 0.735 19.592 629.109
  75 0.745 18.356 640.28
  76 0.755 19.838 625.702
  77 0.765 21.238 630.049
  78 0.775 21.598 629.783
  79 0.785 21.312 641.771
  80 0.795 21.472 635.106
  81 0.805 21.778 610.936
  82 0.815 21.928 619.204
  83 0.825 21.968 607.821
  84 0.835 21.986 589.532
  85 0.845 21.826 580.095
  86 0.855 20.81 555.097
  87 0.865 19.288 554.589
  88 0.875 19.49 528.728
  89 0.885 20.908 519.583
  90 0.895 21.772 520.513
  91 0.905 21.916 560.908
  92 0.915 21.998 548.634
  93 0.925 21.912 560.776
  94 0.935 21.814 547.184
  95 0.945 21.44 561.61
  96 0.955 21.52 535.058
  97 0.965 21.462 540.496
  98 0.975 21.476 515.982
  99 0.985 20.356 517.399
  100 0.995 18.83 507.006
330000 100 2112
  1 0.005 19 504.465
  2 0.015 20.428 483.387
  3 0.025 21.392 506.066
  4 0.035 21.564 489.729
  5 0.045 21.444 498.689
  6 0.055 21.428 507.371
  7 0.065 21.87 546.906
  8 0.075 21.83 592.175
  9 0.085 21.978 577.899
  10 0.095 22.008 567.231
  11 0.105 21.708 545.612
  12 0.115 20.942 534.099
  13 0.125 19.838 545.594
  14 0.135 19.372 532.929
  15 0.145 20.534 539.632
  16 0.155 21.676 559.814
  17 0.165 21.944 571.272
  18 0.175 21.978 554.252
  19 0.185 21.95 563.843
  20 0.195 21.75 579.703
  21 0.205 21.484 619.312
  22 0.215 21.566 612.486
  23 0.225 21.41 608.641
  24 0.235 21.27 620.728
  25 0.245 20.308 627.479
  26 0.255 18.576 638.841
  27 0.265 19.246 654.684
  28 0.275 20.594 685.563
  29 0.285 21.55 720.164
  30 0.295 21.266 742.918
  31 0.305 21.63 694.18
  32 0.315 21.54 704.561
  33 0.325 21.948 692.79
  34 0.335 21.95 655.106
  35 0.345 21.938 652.162
  36 0.355 21.812 631.971
  37 0.365 21.088 632.087
  38 0.375 19.198 689.022
  39 0.385 19.346 688.245
  40 0.395 20.804 661.32
  41 0.405 21.796 701.556
  42 0.415 21.974 686.547
  43 0.425 21.968 713.679
  44 0.435 21.768 678.598
  45 0.445 21.766 690.996
  46 0.455 21.37 731.192
  47 0.465 21.488 700.974
  48 0.475 21.404 750.659
  49 0.485 20.232 773.112
  50 0.495 19.006 784.017
  51 0.505 18.836 791.606
  52 0.515 20.598 779.631
  53 0.525 21.232 775.828
  54 0.535 21.506 733.997
  55 0.545 21.354 733.242
  56 0.555 21.696 701.228
  57 0.565 21.832 730.393
  58 0.575 21.96 718.789
  59 0.585 21.874 691.361
  60 0.595 21.602 674.224
  61 0.605 20.562 662.111
  62 0.615 19.408 648.926
  63 0.625 19.804 655.175
  64 0.635 20.92 626.251
  65 0.645 21.896 644.702
  66 0.655 21.934 644.306
  67 0.665 21.932 662.162
  68 0.675 21.862 625.004
  69 0.685 21.606 649.815
  70 0.695 21.414 652.813
  71 0.705 21.468 625.952
  72 0.715 21.564 611.1
  73 0.725 20.63 625.239
  74 0.735 19.384 619.215
  75 0.745 18.824 606.743
  76 0.755 19.894 586.122
  77 0.765 21.302 607.895
  78 0.775 21.54 655.198
  79 0.785 21.424 661.865
  80 0.795 21.462 662.131
  81 0.805 21.806 641.659
  82 0.815 21.898 617.317
  83 0.825 21.992 582.821
  84 0.835 21.96 575.965
  85 0.845 21.832 583.742
  86 0.855 20.738 583.734
  87 0.865 19.392 606.747
  88 0.875 19.478 596.518
  89 0.885 20.836 572.379
  90 0.895 21.788 597.627
  91 0.905 21.966 611.764
  92 0.915 21.992 591.153
  93 0.925 21.924 588.858
  94 0.935 21.764 583.549
  95 0.945 21.572 541.376
  96 0.955 21.294 579.902
  97 0.965 21.61 563.9
  98 0.975 21.448 494.854
  99 0.985 20.418 497.507
  100 0.995 19.042 505.365
335000 100 2112.0000000000005
  1 0.005 19.128 491.564
  2 0.015 20.524 470.661
  3 0.025 21.522 468.465
  4 0.035 21.502 518.466
  5 0.045 21.524 486.045
  6 0.055 21.516 516.633
  7 0.065 21.692 563.638
  8 0.075 21.944 566.618
  9 0.085 21.954 589.511
  10 0.095 22.026 552.564
  11 0.105 21.78 559.804
  12 0.115 20.732 587.732
  13 0.125 19.74 561.57
  14 0.135 19.54 548.142
  15 0.145 20.56 530.962
  16 0.155 21.77 512.138
  17 0.165 21.898 530.852
  18 0.175 21.928 557.879
  19 0.185 21.946 570.583
  20 0.195 21.8 572.973
  21 0.205 21.472 610.396
  22 0.215 21.508 635.407
  23 0.225 21.478 642.364
  24 0.235 21.202 634.421
  25 0.245 20.258 629.51
  26 0.255 18.79 640.879
  27 0.265 19.022 639.401
  28 0.275 20.732 649.425
  29 0.285 21.518 616.939
  30 0.295 21.48 626.564
  31 0.305 21.37 667.903
  32 0.315 21.704 679.768
  33 0.325 21.836 675.815
  34 0.335 21.946 700.769
  35 0.345 21.99 640.02
  36 0.355 21.73 695.462
  37 0.365 20.87 691.093
  38 0.375 19.196 734.88
  39 0.385 19.446 712.556
  40 0.395 20.95 711.556
  41 0.405 21.848 697.538
  42 0.415 21.956 709.107
  43 0.425 21.924 682.636
  44 0.435 21.812 689.522
  45 0.445 21.646 680.288
  46 0.455 21.522 717.519
  47 0.465 21.374 744.211
  48 0.475 21.336 747.208
  49 0.485 20.246 701.448
  50 0.495 18.992 703.608
  51 0.505 19.002 730.728
  52 0.515 20.408 755.092
  53 0.525 21.384 780.191
  54 0.535 21.48 740.473
  55 0.545 21.39 728.782
  56 0.555 21.726 715.932
  57 0.565 21.81 704.104
  58 0.575 21.994 702.156
  59 0.585 21.866 704.658
  60 0.595 21.694 705.499
  61 0.605 20.694 698.538
  62 0.615 19.628 671.937
  63 0.625 19.568 689.12
  64 0.635 20.87 663.97
  65 0.645 21.654 692.012
  66 0.655 21.968 685.953
  67 0.665 21.95 665.7
  68 0.675 21.854 650.535
  69 0.685 21.72 614.016
  70 0.695 21.492 606.546
  71 0.705 21.36 660.831
  72 0.715 21.6 671.599
  73 0.725 20.956 631.504
  74 0.735 19.322 658.589
  75 0.745 18.618 640.458
  76 0.755 19.78 616.867
  77 0.765 21.296 614.31
  78 0.775 21.596 619.361
  79 0.785 21.442 592.391
  80 0.795 21.45 617.23
  81 0.805 21.694 629.266
  82 0.815 21.896 624.53
  83 0.825 21.992 596.944
  84 0.835 21.968 635.7
  85 0.845 21.784 623.082
  86 0.855 20.776 623.341
  87 0.865 19.22 609.302
  88 0.875 19.344 566.812
  89 0.885 21.132 561.068
  90 0.895 21.786 571.03
  91 0.905 21.988 572.175
  92 0.915 21.974 570.682
  93 0.925 21.944 553.357
  94 0.935 21.756 568.362
  95 0.945 21.416 554.423
  96 0.955 21.458 559.811
  97 0.965 21.554 553.654
  98 0.975 21.414 553.41
  99 0.985 20.41 531.563
  100 0.995 18.742 508.963
340000 100 2111.9999999999995
  1 0.005 19.06 488.797
  2 0.015 20.76 492.266
  3 0.025 21.618 469.936
  4 0.035 21.494 483.527
  5 0.045 21.508 505.034
  6 0.055 21.538 538.031
  7 0.065 21.678 519.6
  8 0.075 21.978 516.189
  9 0.085 21.966 550.139
  10 0.095 21.964 545.261
  11 0.105 21.706 574.07
  12 0.115 20.882 571.797
  13 0.125 19.344 568.033
  14 0.135 19.506 562.561
  15 0.145 20.79 559.103
  16 0.155 21.856 568.827
  17 0.165 21.948 604.348
  18 0.175 21.996 556.162
  19 0.185 21.902 590.403
  20 0.195 21.658 599.179
  21 0.205 21.538 604.613
  22 0.215 21.51 607.665
  23 0.225 21.446 630.993
  24 0.235 21.296 641.385
  25 0.245 19.844 624.737
  26 0.255 18.448 617.466
  27 0.265 19.44 591.597
  28 0.275 21.05 580.342
  29 0.285 21.52 646.607
  30 0.295 21.398 651.983
  31 0.305 21.474 692.307
  32 0.315 21.606 718.921
  33 0.325 21.92 657.417
  34 0.335 21.97 644.358
  35 0.345 21.976 648.984
  36 0.355 21.768 691.555
  37 0.365 20.904 736.925
  38 0.375 19.208 722.071
  39 0.385 19.546 744.91
  40 0.395 20.714 747.979
  41 0.405 21.926 722.877
  42 0.415 21.916 745.787
  43 0.425 21.97 677.971
  44 0.435 21.782 680.329
  45 0.445 21.616 711.692
  46 0.455 21.502 676.167
  47 0.465 21.438 681.028
  48 0.475 21.368 716.886
  49 0.485 20.542 746.282
  50 0.495 18.848 759.185
  51 0.505 18.928 768.283
  52 0.515 20.34 746.749
  53 0.525 21.44 730.418
  54 0.535 21.352 725.992
  55 0.545 21.596 740.003
  56 0.555 21.622 757.079
  57 0.565 21.756 751.86
  58 0.575 21.938 730.389
  59 0.585 21.964 685.268
  60 0.595 21.794 679.761
  61 0.605 20.99 671.112
  62 0.615 19.554 656.164
  63 0.625 19.268 663.805
  64 0.635 20.75 705.942
  65 0.645 21.702 676.999
  66 0.655 21.964 646.263
  67 0.665 21.992 625.558
  68 0.675 21.782 644.39
  69 0.685 21.806 614.151
  70 0.695 21.488 614.811
  71 0.705 21.432 614.405
  72 0.715 21.506 609.794
  73 0.725 21.068 628.736
  74 0.735 19.622 638.06
  75 0.745 18.842 627.259
  76 0.755 19.366 622.681
  77 0.765 21.104 631.713
  78 0.775 21.52 616.388
  79 0.785 21.428 577.073
  80 0.795 21.48 609.418
  81 0.805 21.69 620.135
  82 0.815 21.904 625.883
  83 0.825 21.99 656.447
  84 0.835 21.958 658.41
  85 0.845 21.716 625.188
  86 0.855 20.74 607.856
  87 0.865 19.496 601.719
  88 0.875 19.178 556.038
  89 0.885 21.026 598.356
  90 0.895 21.868 578.858
  91 0.905 22 587.987
  92 0.915 21.974 589.942
  93 0.925 21.896 632.94
  94 0.935 21.76 609.374
  95 0.945 21.456 569.714
  96 0.955 21.466 545.665
  97 0.965 21.526 510.3
  98 0.975 21.444 516.116
  99 0.985 20.25 499.829
  100 0.995 18.632 480.424
