# Chunk-averaged data for fix 3 and group all
# Timestep Number-of-chunks Total-count
# Chunk Coord1 Ncount v_temp
45000 100 2112
  1 0.005 18.224 290.54
  2 0.015 21.054 283.299
  3 0.025 21.866 300.391
  4 0.035 21.518 305.847
  5 0.045 21.172 334.166
  6 0.055 21.508 339.997
  7 0.065 21.918 322.526
  8 0.075 21.97 332.654
  9 0.085 21.996 333.438
  10 0.095 22 345.431
  11 0.105 21.918 332.571
  12 0.115 21.206 332.144
  13 0.125 18.784 341.948
  14 0.135 18.832 342.928
  15 0.145 21.324 337.748
  16 0.155 21.936 346.544
  17 0.165 22 337.033
  18 0.175 22 342.943
  19 0.185 21.958 357.911
  20 0.195 21.854 384.553
  21 0.205 21.39 367.968
  22 0.215 21.25 361
  23 0.225 21.588 367.376
  24 0.235 21.818 386.109
  25 0.245 20.394 423.054
  26 0.255 17.492 411.179
  27 0.265 18.88 403.038
  28 0.275 21.4 402.373
  29 0.285 21.766 394.024
  30 0.295 21.292 431.292
  31 0.305 21.346 434.69
  32 0.315 21.642 424.808
  33 0.325 21.942 440.696
  34 0.335 21.988 446.783
  35 0.345 22 435.959
  36 0.355 21.966 436.106
  37 0.365 21.322 449.536
  38 0.375 19.362 433.329
  39 0.385 18.506 445.188
  40 0.395 21.008 452.254
  41 0.405 21.832 482.69
  42 0.415 22.004 486.822
  43 0.425 21.98 506.314
  44 0.435 21.918 479.971
  45 0.445 21.652 539.751
  46 0.455 21.334 498.524
  47 0.465 21.5 491.312
  48 0.475 21.57 537.346
  49 0.485 20.874 547.447
  50 0.495 18.412 545.468
  51 0.505 18.314 536.75
  52 0.515 20.634 521.472
  53 0.525 21.568 521.489
  54 0.535 21.468 547.722
  55 0.545 21.286 510.849
  56 0.555 21.678 510.095
  57 0.565 21.826 498.818
  58 0.575 21.986 481.169
  59 0.585 22 499.666
  60 0.595 21.92 492.462
  61 0.605 21.15 479.112
  62 0.615 18.42 490.007
  63 0.625 19.448 469.878
  64 0.635 21.132 475.536
  65 0.645 21.93 454.882
  66 0.655 22 441.47
  67 0.665 21.998 431.852
  68 0.675 21.836 442.277
  69 0.685 21.778 438.9
  70 0.695 21.312 426.582
  71 0.705 21.344 401.138
  72 0.715 21.722 398.067
  73 0.725 21.244 415.342
  74 0.735 18.846 382.814
  75 0.745 17.614 380.19
  76 0.755 20.416 366.124
  77 0.765 21.828 379.006
  78 0.775 21.514 394.86
  79 0.785 21.292 389.752
  80 0.795 21.412 369.368
  81 0.805 21.87 366.469
  82 0.815 21.976 344.58
  83 0.825 21.998 365.764
  84 0.835 21.984 359.258
  85 0.845 21.842 340.355
  86 0.855 21.448 337.011
  87 0.865 18.762 349.593
  88 0.875 18.592 354.231
  89 0.885 21.41 340.169
  90 0.895 21.962 322.71
  91 0.905 22 317.417
  92 0.915 22 332.208
  93 0.925 21.976 327.809
  94 0.935 21.83 325.882
  95 0.945 21.414 319.887
  96 0.955 21.312 319.54
  97 0.965 21.558 325.493
  98 0.975 21.83 322.119
  99 0.985 20.842 312.314
  100 0.995 18.012 312.295
50000 100 2112
  1 0.005 17.956 299.682
  2 0.015 21.096 294.24
  3 0.025 21.87 273.325
  4 0.035 21.624 285.635
  5 0.045 21.168 281.596
  6 0.055 21.432 304.239
  7 0.065 21.868 317.789
  8 0.075 21.99 330.186
  9 0.085 21.996 319.191
  10 0.095 22 324.262
  11 0.105 21.94 352.262
  12 0.115 21.468 358.266
  13 0.125 18.894 353.491
  14 0.135 18.724 352.415
  15 0.145 21.074 349.373
  16 0.155 21.9 357.868
  17 0.165 22 345.534
  18 0.175 22 349.91
  19 0.185 21.978 361.619
  20 0.195 21.802 385.723
  21 0.205 21.348 389.463
  22 0.215 21.332 385.413
  23 0.225 21.594 414.192
  24 0.235 21.708 400.232
  25 0.245 20.086 389.947
  26 0.255 17.594 406.471
  27 0.265 19.182 405.344
  28 0.275 21.382 387.239
  29 0.285 21.694 405.407
  30 0.295 21.362 412.458
  31 0.305 21.274 418.934
  32 0.315 21.758 416.898
  33 0.325 21.914 423.513
  34 0.335 21.992 425.986
  35 0.345 22 437.902
  36 0.355 21.996 427.44
  37 0.365 21.434 436.616
  38 0.375 18.854 437.901
  39 0.385 18.792 455.063
  40 0.395 20.974 456.753
  41 0.405 21.968 464.104
  42 0.415 21.976 466.37
  43 0.425 22.002 454.072
  44 0.435 21.936 476.126
  45 0.445 21.676 480.779
  46 0.455 21.366 513.055
  47 0.465 21.348 511.775
  48 0.475 21.626 499.033
  49 0.485 21.066 501.132
  50 0.495 18.452 497.483
  51 0.505 18.232 523.098
  52 0.515 20.478 536.968
  53 0.525 21.602 562.358
  54 0.535 21.438 582.455
  55 0.545 21.358 546.044
  56 0.555 21.514 557.852
  57 0.565 21.942 536.972
  58 0.575 21.976 545.947
  59 0.585 21.994 532.86
  60 0.595 21.872 524.375
  61 0.605 20.938 489.945
  62 0.615 18.686 440.648
  63 0.625 19.258 436.824
  64 0.635 21.32 454.839
  65 0.645 21.938 474.935
  66 0.655 21.986 473.662
  67 0.665 21.974 466.935
  68 0.675 21.882 440.408
  69 0.685 21.592 413.417
  70 0.695 21.434 409.896
  71 0.705 21.284 384.957
  72 0.715 21.792 399.617
  73 0.725 21.342 394.623
  74 0.735 18.826 359.928
  75 0.745 17.554 384.875
  76 0.755 20.522 377.733
  77 0.765 21.756 376.745
  78 0.775 21.476 403.537
  79 0.785 21.284 401.414
  80 0.795 21.518 372.341
  81 0.805 21.804 366.244
  82 0.815 21.966 360.014
  83 0.825 21.996 354.718
  84 0.835 22 377.611
  85 0.845 21.834 359.388
  86 0.855 21.176 354.629
  87 0.865 18.786 340.796
  88 0.875 18.862 356.468
  89 0.885 21.384 352.34
  90 0.895 21.958 350.046
  91 0.905 22 336.121
  92 0.915 22 346.534
  93 0.925 21.974 329.404
  94 0.935 21.876 314.965
  95 0.945 21.48 319.033
  96 0.955 21.17 312.477
  97 0.965 21.574 314.396
  98 0.975 21.85 312.905
  99 0.985 21.082 292.117
  100 0.995 17.994 302.987
55000 100 2111.9999999999995
  1 0.005 17.952 263.305
  2 0.015 21.086 267.849
  3 0.025 21.858 276.922
  4 0.035 21.692 273.803
  5 0.045 21.14 290.557
  6 0.055 21.47 290.482
  7 0.065 21.774 307.249
  8 0.075 22 326.231
  9 0.085 22 344.412
  10 0.095 22 350.584
  11 0.105 21.994 352.572
  12 0.115 21.508 339.952
  13 0.125 19.132 370.86
  14 0.135 18.39 378.098
  15 0.145 21.066 379.528
  16 0.155 21.91 368.452
  17 0.165 21.996 366.099
  18 0.175 22.002 381.097
  19 0.185 21.966 397.858
  20 0.195 21.804 399.251
  21 0.205 21.412 396.935
  22 0.215 21.336 390.398
  23 0.225 21.52 400.956
  24 0.235 21.8 391.585
  25 0.245 20.166 369.934
  26 0.255 17.628 378.068
  27 0.265 19.048 393.641
  28 0.275 21.308 405.295
  29 0.285 21.71 405.248
  30 0.295 21.414 420.764
  31 0.305 21.262 419.381
  32 0.315 21.712 418.018
  33 0.325 21.928 431.801
  34 0.335 21.992 419.565
  35 0.345 21.996 426.202
  36 0.355 21.91 449.891
  37 0.365 21.208 456.125
  38 0.375 18.968 450.167
  39 0.385 18.962 444.573
  40 0.395 21.052 491.498
  41 0.405 21.9 476.546
  42 0.415 22 463.797
  43 0.425 21.996 457.172
  44 0.435 21.918 473.588
  45 0.445 21.648 467.707
  46 0.455 21.286 489.64
  47 0.465 21.46 482.207
  48 0.475 21.548 535.028
  49 0.485 20.68 526.169
  50 0.495 18.726 531.617
  51 0.505 18.382 541.488
  52 0.515 20.544 529.302
  53 0.525 21.606 551.482
  54 0.535 21.292 529.088
  55 0.545 21.46 523.579
  56 0.555 21.602 525.712
  57 0.565 21.868 510.243
  58 0.575 21.998 512.619
  59 0.585 21.972 509.508
  60 0.595 21.906 512.331
  61 0.605 21.022 498.028
  62 0.615 18.744 480.184
  63 0.625 19.09 474.171
  64 0.635 21.322 478.832
  65 0.645 21.93 480.286
  66 0.655 22 473.013
  67 0.665 21.972 454.814
  68 0.675 21.95 420.403
  69 0.685 21.622 432.151
  70 0.695 21.306 427.181
  71 0.705 21.404 429.767
  72 0.715 21.728 409.017
  73 0.725 21.218 402.935
  74 0.735 18.818 399.945
  75 0.745 17.776 396.947
  76 0.755 20.37 395.398
  77 0.765 21.742 407.547
  78 0.775 21.494 400.064
  79 0.785 21.29 405.972
  80 0.795 21.476 386.176
  81 0.805 21.872 349.458
  82 0.815 21.972 327.079
  83 0.825 21.99 350.109
  84 0.835 22 347.004
  85 0.845 21.938 337.241
  86 0.855 21.028 321.088
  87 0.865 18.768 324.425
  88 0.875 18.838 310.928
  89 0.885 21.436 305.53
  90 0.895 21.992 316.136
  91 0.905 22 311.494
  92 0.915 22 324.983
  93 0.925 21.988 348.498
  94 0.935 21.844 318.857
  95 0.945 21.442 339.726
  96 0.955 21.264 318.691
  97 0.965 21.564 327.724
  98 0.975 21.842 319.267
  99 0.985 21.084 292.074
  100 0.995 18 286.774
60000 100 2111.9999999999995
  1 0.005 18.016 273.211
  2 0.015 20.724 290.704
  3 0.025 21.878 285.014
  4 0.035 21.566 299.669
  5 0.045 21.386 293.778
  6 0.055 21.348 303.263
  7 0.065 21.8 309.29
  8 0.075 21.948 308.558
  9 0.085 22 334.967
  10 0.095 22 332.208
  11 0.105 21.89 356.166
  12 0.115 21.564 347.794
  13 0.125 18.922 361.902
  14 0.135 18.552 369.953
  15 0.145 21.188 366.122
  16 0.155 21.888 377.004
  17 0.165 21.996 349.418
  18 0.175 22 380.938
  19 0.185 21.938 392.179
  20 0.195 21.804 361.129
  21 0.205 21.452 378.912
  22 0.215 21.24 391.242
  23 0.225 21.658 393.58
  24 0.235 21.712 414.869
  25 0.245 20.368 413.935
  26 0.255 17.652 383.243
  27 0.265 18.932 406.363
  28 0.275 21.286 419.458
  29 0.285 21.69 458.432
  30 0.295 21.46 438.544
  31 0.305 21.194 446.997
  32 0.315 21.686 439.514
  33 0.325 21.932 434.987
  34 0.335 21.996 457.555
  35 0.345 22 447.725
  36 0.355 21.888 436.368
  37 0.365 21.292 432.164
  38 0.375 19.122 462.778
  39 0.385 18.832 485.086
  40 0.395 20.942 455.553
  41 0.405 21.938 481.661
  42 0.415 21.976 521.113
  43 0.425 21.964 488.577
  44 0.435 21.912 483.634
  45 0.445 21.524 526.486
  46 0.455 21.488 524.728
  47 0.465 21.434 507.18
  48 0.475 21.558 507.916
  49 0.485 20.64 510.077
  50 0.495 18.342 528.761
  51 0.505 18.384 547.406
  52 0.515 20.834 531.767
  53 0.525 21.688 506.731
  54 0.535 21.33 466.602
  55 0.545 21.356 468.247
  56 0.555 21.66 493.821
  57 0.565 21.898 483.526
  58 0.575 21.998 458.309
  59 0.585 21.978 471.153
  60 0.595 21.9 483.611
  61 0.605 21.238 469.429
  62 0.615 18.742 457.795
  63 0.625 18.982 489.594
  64 0.635 21.276 489.642
  65 0.645 21.884 459.254
  66 0.655 21.998 457.924
  67 0.665 21.968 451.043
  68 0.675 21.89 432.084
  69 0.685 21.658 427.387
  70 0.695 21.426 421.607
  71 0.705 21.236 429.43
  72 0.715 21.816 434.36
  73 0.725 21.148 416.887
  74 0.735 18.532 413.38
  75 0.745 17.888 400.024
  76 0.755 20.564 408.435
  77 0.765 21.78 397.295
  78 0.775 21.522 399.033
  79 0.785 21.23 396.582
  80 0.795 21.522 370.977
  81 0.805 21.834 375.163
  82 0.815 21.998 348.783
  83 0.825 21.99 351.359
  84 0.835 22 350.538
  85 0.845 21.854 351.977
  86 0.855 21.146 355.676
  87 0.865 18.73 331.938
  88 0.875 19.026 353.655
  89 0.885 21.32 344.994
  90 0.895 21.924 317.748
  91 0.905 22 320.45
  92 0.915 22 315.516
  93 0.925 21.978 306.523
  94 0.935 21.878 303.029
  95 0.945 21.374 305.264
  96 0.955 21.352 295.433
  97 0.965 21.486 302.175
  98 0.975 21.864 304.253
  99 0.985 21.072 292.727
  100 0.995 18.33 277.874
65000 100 2112
  1 0.005 18.264 259.991
  2 0.015 21.178 245.37
  3 0.025 21.854 268.226
  4 0.035 21.51 278.658
  5 0.045 21.316 299.617
  6 0.055 21.35 302.525
  7 0.065 21.918 296.89
  8 0.075 21.966 319.793
  9 0.085 22 321.625
  10 0.095 22 325.593
  11 0.105 21.96 339.135
  12 0.115 21.522 363.676
  13 0.125 19.162 358.353
  14 0.135 18.376 364.014
  15 0.145 21.018 365.817
  16 0.155 21.972 363.817
  17 0.165 21.99 356.06
  18 0.175 22 366.972
  19 0.185 21.994 392.361
  20 0.195 21.858 396.005
  21 0.205 21.39 377.532
  22 0.215 21.334 374.788
  23 0.225 21.546 397.576
  24 0.235 21.584 431.34
  25 0.245 20.35 450.962
  26 0.255 18.252 449.129
  27 0.265 18.744 445.123
  28 0.275 21.036 443.278
  29 0.285 21.656 446.722
  30 0.295 21.434 448.836
  31 0.305 21.23 446.231
  32 0.315 21.714 453.763
  33 0.325 21.88 461.079
  34 0.335 21.998 453.605
  35 0.345 22 444.69
  36 0.355 21.888 444.89
  37 0.365 21.184 456.46
  38 0.375 19.086 467.294
  39 0.385 19.05 474.138
  40 0.395 20.906 463.178
  41 0.405 21.886 466.597
  42 0.415 22 440.895
  43 0.425 21.976 475.255
  44 0.435 21.916 495.347
  45 0.445 21.616 505.261
  46 0.455 21.388 499.536
  47 0.465 21.416 519.103
  48 0.475 21.526 545.897
  49 0.485 20.94 519.684
  50 0.495 18.38 525.287
  51 0.505 18.462 563.029
  52 0.515 20.506 541.783
  53 0.525 21.612 520.066
  54 0.535 21.402 510.385
  55 0.545 21.334 486.628
  56 0.555 21.626 504.761
  57 0.565 21.916 482.752
  58 0.575 21.984 476.592
  59 0.585 21.988 481.197
  60 0.595 21.872 467.569
  61 0.605 21.13 451.226
  62 0.615 18.69 427.913
  63 0.625 19.014 434.043
  64 0.635 21.324 435.418
  65 0.645 21.982 438.3
  66 0.655 22 449.745
  67 0.665 21.996 427.289
  68 0.675 21.924 439.729
  69 0.685 21.67 411.963
  70 0.695 21.25 396.836
  71 0.705 21.492 404.116
  72 0.715 21.664 402.736
  73 0.725 21.292 406.182
  74 0.735 18.886 392.763
  75 0.745 17.948 394.595
  76 0.755 20.128 382.675
  77 0.765 21.672 407.489
  78 0.775 21.586 400.079
  79 0.785 21.194 381.394
  80 0.795 21.526 407.334
  81 0.805 21.784 402.992
  82 0.815 21.988 391.544
  83 0.825 22 361.804
  84 0.835 21.998 362.579
  85 0.845 21.886 350.86
  86 0.855 20.862 356.965
  87 0.865 18.538 353.529
  88 0.875 19.362 349.4
  89 0.885 21.406 325.742
  90 0.895 21.948 312.655
  91 0.905 22 315.525
  92 0.915 21.986 330.844
  93 0.925 21.942 328.295
  94 0.935 21.83 331.3
  95 0.945 21.302 344.537
  96 0.955 21.36 312.688
  97 0.965 21.626 295.2
  98 0.975 21.79 292.751
  99 0.985 20.56 285.043
  100 0.995 18.248 268.987
70000 100 2112
  1 0.005 17.98 295.988
  2 0.015 20.752 283.109
  3 0.025 21.826 297.961
  4 0.035 21.608 312.013
  5 0.045 21.262 330.218
  6 0.055 21.412 303.925
  7 0.065 21.836 318.793
  8 0.075 21.988 321.808
  9 0.085 21.994 313.995
  10 0.095 22 318.76
  11 0.105 21.924 335.228
  12 0.115 21.03 345.46
  13 0.125 19.162 343.36
  14 0.135 18.886 343.871
  15 0.145 21.102 342.957
  16 0.155 21.91 349.752
  17 0.165 21.978 362.981
  18 0.175 22.006 374.698
  19 0.185 21.966 367.874
  20 0.195 21.8 364.114
  21 0.205 21.406 376.024
  22 0.215 21.29 388.203
  23 0.225 21.63 397.96
  24 0.235 21.568 420.243
  25 0.245 20.246 416.677
  26 0.255 17.75 427.984
  27 0.265 19.15 446.577
  28 0.275 21.246 455.437
  29 0.285 21.614 459.392
  30 0.295 21.286 463.58
  31 0.305 21.426 462.918
  32 0.315 21.726 477.121
  33 0.325 21.908 463
  34 0.335 21.99 443.259
  35 0.345 21.998 455.244
  36 0.355 21.878 450.423
  37 0.365 20.912 444.465
  38 0.375 19.23 417.422
  39 0.385 19.062 417.459
  40 0.395 21.058 422.59
  41 0.405 21.862 457.141
  42 0.415 22 467.255
  43 0.425 21.978 467.805
  44 0.435 21.924 495.202
  45 0.445 21.682 515.048
  46 0.455 21.322 533.925
  47 0.465 21.362 517.503
  48 0.475 21.544 523.396
  49 0.485 20.746 516.215
  50 0.495 18.61 527.711
  51 0.505 18.506 530.263
  52 0.515 20.556 554.115
  53 0.525 21.496 548.3
  54 0.535 21.38 537.317
  55 0.545 21.374 511.165
  56 0.555 21.594 531.017
  57 0.565 21.942 497.603
  58 0.575 21.984 470.261
  59 0.585 21.996 455.615
  60 0.595 21.934 466.168
  61 0.605 21.11 441.004
  62 0.615 18.744 463.428
  63 0.625 19.042 449.725
  64 0.635 21.216 446.58
  65 0.645 21.948 432.824
  66 0.655 22.002 428.348
  67 0.665 21.998 446.659
  68 0.675 21.894 448.302
  69 0.685 21.646 413.046
  70 0.695 21.378 407.408
  71 0.705 21.34 409.477
  72 0.715 21.738 399.957
  73 0.725 21.26 407.498
  74 0.735 19.114 388.788
  75 0.745 17.628 381.501
  76 0.755 20.26 367.111
  77 0.765 21.68 389.452
  78 0.775 21.62 377.462
  79 0.785 21.182 379.688
  80 0.795 21.466 377.715
  81 0.805 21.834 376.646
  82 0.815 21.97 371.331
  83 0.825 22 374.403
  84 0.835 21.99 365.027
  85 0.845 21.924 363.013
  86 0.855 20.9 377.078
  87 0.865 19.022 356.715
  88 0.875 19.168 346.803
  89 0.885 21.11 352.334
  90 0.895 21.886 324.402
  91 0.905 22 335.662
  92 0.915 22 337.886
  93 0.925 21.972 333.102
  94 0.935 21.896 315.651
  95 0.945 21.44 312.053
  96 0.955 21.234 293.453
  97 0.965 21.586 270.83
  98 0.975 21.762 290.15
  99 0.985 20.938 298.692
  100 0.995 18.514 291.187
75000 100 2112.0000000000005
  1 0.005 18.08 267.166
  2 0.015 20.64 281.261
  3 0.025 21.826 279.853
  4 0.035 21.712 272.829
  5 0.045 21.192 298.427
  6 0.055 21.43 315.41
  7 0.065 21.748 329.409
  8 0.075 21.98 322.827
  9 0.085 21.99 346.489
  10 0.095 22 332.337
  11 0.105 21.96 339.142
  12 0.115 21.496 339.542
  13 0.125 19.066 347.715
  14 0.135 18.542 344.181
  15 0.145 21.14 355.201
  16 0.155 21.806 368.064
  17 0.165 21.99 356.171
  18 0.175 22 350.426
  19 0.185 21.98 365.02
  20 0.195 21.788 380.003
  21 0.205 21.498 366.772
  22 0.215 21.286 391.704
  23 0.225 21.582 391.04
  24 0.235 21.598 412.179
  25 0.245 20.34 398.497
  26 0.255 17.942 390.738
  27 0.265 18.86 406.245
  28 0.275 21.162 405.413
  29 0.285 21.608 434.559
  30 0.295 21.458 444.996
  31 0.305 21.28 448.437
  32 0.315 21.714 438.566
  33 0.325 21.912 442.002
  34 0.335 21.992 473.266
  35 0.345 22 449.144
  36 0.355 21.956 449.825
  37 0.365 20.784 464.117
  38 0.375 19.044 459.122
  39 0.385 19.074 465.413
  40 0.395 21.258 434.277
  41 0.405 21.908 430.679
  42 0.415 21.976 451.188
  43 0.425 21.958 449.24
  44 0.435 21.932 514.57
  45 0.445 21.576 522.086
  46 0.455 21.37 529.241
  47 0.465 21.432 535.555
  48 0.475 21.49 566.412
  49 0.485 20.268 559.84
  50 0.495 18.56 547.476
  51 0.505 18.738 565.314
  52 0.515 20.722 569.638
  53 0.525 21.558 550.167
  54 0.535 21.374 533.253
  55 0.545 21.366 475.344
  56 0.555 21.73 456.59
  57 0.565 21.928 455.902
  58 0.575 21.998 480.943
  59 0.585 21.984 490.589
  60 0.595 21.876 465.05
  61 0.605 20.79 499.736
  62 0.615 18.946 472.133
  63 0.625 19.01 475.972
  64 0.635 21.426 484.907
  65 0.645 21.968 481.989
  66 0.655 21.998 491.313
  67 0.665 21.978 457.482
  68 0.675 21.97 418.76
  69 0.685 21.532 450.604
  70 0.695 21.428 429.984
  71 0.705 21.3 409.657
  72 0.715 21.818 396.468
  73 0.725 21.292 366.323
  74 0.735 19.012 379.766
  75 0.745 17.996 361.855
  76 0.755 20.054 402.762
  77 0.765 21.59 372.141
  78 0.775 21.54 380.902
  79 0.785 21.312 368.037
  80 0.795 21.464 380.298
  81 0.805 21.744 373.61
  82 0.815 21.972 344.209
  83 0.825 21.988 350.242
  84 0.835 21.998 359.444
  85 0.845 21.866 366.436
  86 0.855 21.052 363.495
  87 0.865 18.982 370.288
  88 0.875 19.07 352.825
  89 0.885 21.142 356.167
  90 0.895 21.902 326.3
  91 0.905 22 322.7
  92 0.915 21.988 326.967
  93 0.925 21.982 344.371
  94 0.935 21.838 326.969
  95 0.945 21.546 307.551
  96 0.955 21.202 310.417
  97 0.965 21.568 304.643
  98 0.975 21.786 292.844
  99 0.985 21.032 283.653
  100 0.995 18.46 285.138
80000 100 2112
  1 0.005 17.99 281.702
  2 0.015 20.772 269.933
  3 0.025 21.942 258.976
  4 0.035 21.608 283.44
  5 0.045 21.232 279.831
  6 0.055 21.36 299.857
  7 0.065 21.83 301.893
  8 0.075 21.988 307.983
  9 0.085 21.998 324.348
  10 0.095 22 332.382
  11 0.105 21.972 331.788
  12 0.115 21.456 320.969
  13 0.125 19.234 329.179
  14 0.135 18.648 341.703
  15 0.145 20.75 342.612
  16 0.155 21.94 337.212
  17 0.165 22 347.505
  18 0.175 21.996 382.101
  19 0.185 21.984 385.964
  20 0.195 21.85 371.088
  21 0.205 21.448 374.122
  22 0.215 21.264 368.583
  23 0.225 21.586 387.245
  24 0.235 21.684 392.807
  25 0.245 20.454 378.592
  26 0.255 18.086 410.152
  27 0.265 18.688 397.025
  28 0.275 21.032 405.017
  29 0.285 21.706 401.361
  30 0.295 21.484 416.795
  31 0.305 21.16 429.826
  32 0.315 21.696 434.386
  33 0.325 21.886 443.982
  34 0.335 21.996 491.565
  35 0.345 22 473.433
  36 0.355 21.906 455.965
  37 0.365 21.2 476.743
  38 0.375 19.39 486.869
  39 0.385 18.932 471.922
  40 0.395 20.738 471.429
  41 0.405 21.846 506.358
  42 0.415 21.982 500.366
  43 0.425 21.998 518.88
  44 0.435 21.91 545.355
  45 0.445 21.604 559.246
  46 0.455 21.328 534.81
  47 0.465 21.388 509.706
  48 0.475 21.596 532.224
  49 0.485 20.528 512.8
  50 0.495 18.476 547.048
  51 0.505 18.558 552.771
  52 0.515 20.696 556.376
  53 0.525 21.582 526.326
  54 0.535 21.364 516.418
  55 0.545 21.402 489.485
  56 0.555 21.656 472.776
  57 0.565 21.946 455.044
  58 0.575 21.974 492.891
  59 0.585 22 455.772
  60 0.595 21.886 475.575
  61 0.605 20.982 488.385
  62 0.615 18.512 490.219
  63 0.625 19.438 466.365
  64 0.635 21.23 466.855
  65 0.645 21.952 451.011
  66 0.655 21.99 453.354
  67 0.665 21.976 455.562
  68 0.675 21.874 426.401
  69 0.685 21.588 468.477
  70 0.695 21.334 434.738
  71 0.705 21.5 436.651
  72 0.715 21.694 427.833
  73 0.725 20.776 435.174
  74 0.735 18.526 399.735
  75 0.745 18.288 400.708
  76 0.755 20.588 394.484
  77 0.765 21.72 391.424
  78 0.775 21.496 374.779
  79 0.785 21.296 384.592
  80 0.795 21.498 389.168
  81 0.805 21.86 385.313
  82 0.815 21.996 379.483
  83 0.825 22 353.43
  84 0.835 22 376.515
  85 0.845 21.884 361.146
  86 0.855 20.736 344.665
  87 0.865 18.794 344.239
  88 0.875 19.286 343.178
  89 0.885 21.304 335.113
  90 0.895 21.996 302.9
  91 0.905 22 310.776
  92 0.915 22 306.83
  93 0.925 21.994 312.967
  94 0.935 21.754 305.26
  95 0.945 21.584 312.034
  96 0.955 21.256 326.346
  97 0.965 21.546 317.223
  98 0.975 21.744 304.336
  99 0.985 20.904 299.952
  100 0.995 18.498 292.581
85000 100 2112
  1 0.005 18.424 273.599
  2 0.015 21.128 252.866
  3 0.025 21.87 288.265
  4 0.035 21.562 290.534
  5 0.045 21.234 288.162
  6 0.055 21.528 281.354
  7 0.065 21.774 293.202
  8 0.075 21.988 313.485
  9 0.085 22 312.258
  10 0.095 21.992 321.539
  11 0.105 21.962 321.524
  12 0.115 21.598 319.525
  13 0.125 19.41 357.246
  14 0.135 18.496 361.123
  15 0.145 20.784 352.549
  16 0.155 21.768 339.365
  17 0.165 21.99 360.056
  18 0.175 21.994 353.706
  19 0.185 21.972 361.982
  20 0.195 21.836 353.268
  21 0.205 21.612 342.678
  22 0.215 21.314 353.357
  23 0.225 21.492 358.777
  24 0.235 21.662 389.963
  25 0.245 20.616 411.263
  26 0.255 18.59 434.269
  27 0.265 18.432 445.558
  28 0.275 20.63 451.366
  29 0.285 21.654 423.14
  30 0.295 21.518 406.349
  31 0.305 21.288 419.619
  32 0.315 21.566 440.632
  33 0.325 21.834 440.815
  34 0.335 21.992 436.471
  35 0.345 21.998 444.723
  36 0.355 21.964 463.116
  37 0.365 21.276 482.747
  38 0.375 19.332 477.36
  39 0.385 18.726 488.469
  40 0.395 20.834 463.473
  41 0.405 21.87 481.879
  42 0.415 21.986 508.917
  43 0.425 21.968 528.124
  44 0.435 21.878 527.302
  45 0.445 21.684 550.03
  46 0.455 21.328 557.743
  47 0.465 21.34 571.312
  48 0.475 21.698 521.452
  49 0.485 20.264 519.421
  50 0.495 18.454 562.573
  51 0.505 18.706 540.629
  52 0.515 20.802 516.619
  53 0.525 21.532 497.274
  54 0.535 21.502 494.414
  55 0.545 21.282 490.857
  56 0.555 21.678 485.02
  57 0.565 21.916 527.319
  58 0.575 21.98 500.172
  59 0.585 22 480.4
  60 0.595 21.912 465.129
  61 0.605 21.008 457.33
  62 0.615 18.63 438.726
  63 0.625 19.362 444.722
  64 0.635 21.136 468.037
  65 0.645 21.98 477.526
  66 0.655 21.958 466.608
  67 0.665 21.966 436.304
  68 0.675 21.88 432.766
  69 0.685 21.626 455.401
  70 0.695 21.41 456.686
  71 0.705 21.42 446.795
  72 0.715 21.666 417.017
  73 0.725 21.06 409.592
  74 0.735 18.748 400.895
  75 0.745 18.01 404.255
  76 0.755 20.458 403.155
  77 0.765 21.6 412.522
  78 0.775 21.584 411.895
  79 0.785 21.288 390.865
  80 0.795 21.488 387.284
  81 0.805 21.86 384.788
  82 0.815 21.95 365.374
  83 0.825 22 378.072
  84 0.835 22 347.759
  85 0.845 21.884 362.765
  86 0.855 20.714 342.298
  87 0.865 18.338 337.545
  88 0.875 19.628 331.785
  89 0.885 21.488 330.539
  90 0.895 21.948 334.931
  91 0.905 22 311.556
  92 0.915 21.996 317.205
  93 0.925 21.908 333.29
  94 0.935 21.872 335.985
  95 0.945 21.356 338.122
  96 0.955 21.274 311.914
  97 0.965 21.662 310.989
  98 0.975 21.812 288.682
  99 0.985 20.414 294.068
  100 0.995 18.198 275.67
90000 100 2112
  1 0.005 18.072 270.153
  2 0.015 20.794 267.334
  3 0.025 21.908 259.738
  4 0.035 21.582 281.391
  5 0.045 21.248 275.748
  6 0.055 21.446 297.799
  7 0.065 21.804 296.863
  8 0.075 21.972 291.974
  9 0.085 21.992 300.166
  10 0.095 22 318.847
  11 0.105 21.972 333.052
  12 0.115 21.354 347.534
  13 0.125 19.12 340.611
  14 0.135 18.8 363.943
  15 0.145 20.904 366.442
  16 0.155 21.882 370.722
  17 0.165 21.968 360.06
  18 0.175 21.994 378.753
  19 0.185 21.952 385.097
  20 0.195 21.746 378.502
  21 0.205 21.572 382.15
  22 0.215 21.304 371
  23 0.225 21.548 384.423
  24 0.235 21.598 400.423
  25 0.245 20.354 397.41
  26 0.255 18.098 395.436
  27 0.265 18.702 413.795
  28 0.275 21.158 437.088
  29 0.285 21.784 412.24
  30 0.295 21.304 416.33
  31 0.305 21.336 420.8
  32 0.315 21.674 414.531
  33 0.325 21.894 433.051
  34 0.335 21.982 457.326
  35 0.345 22.002 473.381
  36 0.355 21.934 500.564
  37 0.365 21.268 485.77
  38 0.375 19.122 470.445
  39 0.385 18.922 447.218
  40 0.395 20.894 457.275
  41 0.405 21.858 463.979
  42 0.415 21.992 499.169
  43 0.425 21.982 489.749
  44 0.435 21.924 485.899
  45 0.445 21.658 497.435
  46 0.455 21.332 539.958
  47 0.465 21.418 570.089
  48 0.475 21.538 523.6
  49 0.485 20.69 534.409
  50 0.495 18.586 545.486
  51 0.505 18.492 548.78
  52 0.515 20.534 570.064
  53 0.525 21.578 534.149
  54 0.535 21.386 518.46
  55 0.545 21.334 504.152
  56 0.555 21.636 509.365
  57 0.565 21.922 482.847
  58 0.575 21.988 497.784
  59 0.585 22 483.423
  60 0.595 21.868 481.479
  61 0.605 20.676 473.197
  62 0.615 18.816 454.85
  63 0.625 19.352 477.367
  64 0.635 21.342 457.523
  65 0.645 21.974 442.945
  66 0.655 21.982 432.922
  67 0.665 21.98 412.263
  68 0.675 21.914 416.502
  69 0.685 21.51 420.312
  70 0.695 21.47 421.808
  71 0.705 21.416 403.008
  72 0.715 21.632 428.166
  73 0.725 20.852 421.533
  74 0.735 18.708 433.363
  75 0.745 18.302 407.97
  76 0.755 20.434 387.483
  77 0.765 21.66 370.613
  78 0.775 21.564 368.552
  79 0.785 21.264 368.053
  80 0.795 21.6 350.409
  81 0.805 21.716 353.786
  82 0.815 21.98 383.82
  83 0.825 21.998 373.822
  84 0.835 22 367.95
  85 0.845 21.95 359.33
  86 0.855 21.118 359.333
  87 0.865 18.646 372.411
  88 0.875 18.994 355.031
  89 0.885 21.328 356.795
  90 0.895 21.964 364.991
  91 0.905 22 358.184
  92 0.915 21.99 349.399
  93 0.925 21.978 352.197
  94 0.935 21.776 349.713
  95 0.945 21.498 337.009
  96 0.955 21.286 327.552
  97 0.965 21.538 320.537
  98 0.975 21.83 299.849
  99 0.985 21.024 269.925
  100 0.995 18.262 277.146
95000 100 2112.0000000000005
  1 0.005 18.41 262.996
  2 0.015 21.162 255.654
  3 0.025 21.864 271.207
  4 0.035 21.518 302.899
  5 0.045 21.256 294.473
  6 0.055 21.476 289.844
  7 0.065 21.84 296.938
  8 0.075 21.972 288.084
  9 0.085 22 303.801
  10 0.095 22 303.325
  11 0.105 21.964 339.465
  12 0.115 21.432 352.302
  13 0.125 19.244 349.107
  14 0.135 18.64 346.402
  15 0.145 20.904 341.479
  16 0.155 21.838 354.22
  17 0.165 21.978 361.26
  18 0.175 21.992 372.586
  19 0.185 21.982 378.998
  20 0.195 21.822 395.079
  21 0.205 21.536 404.979
  22 0.215 21.274 405.172
  23 0.225 21.538 386.936
  24 0.235 21.6 407.672
  25 0.245 20.444 418.369
  26 0.255 18.068 418.867
  27 0.265 18.836 426.893
  28 0.275 20.942 425.63
  29 0.285 21.674 402.183
  30 0.295 21.472 419.363
  31 0.305 21.304 430.321
  32 0.315 21.644 449.357
  33 0.325 21.878 439.334
  34 0.335 21.994 482.279
  35 0.345 22 461.284
  36 0.355 21.922 469.623
  37 0.365 20.948 490.775
  38 0.375 19.162 471.685
  39 0.385 19.044 465.114
  40 0.395 21.006 497.683
  41 0.405 21.918 485.798
  42 0.415 21.996 493.076
  43 0.425 21.968 510.221
  44 0.435 21.836 509.354
  45 0.445 21.656 535.448
  46 0.455 21.3 547.006
  47 0.465 21.468 541.528
  48 0.475 21.446 515.035
  49 0.485 20.418 501.551
  50 0.495 18.298 506.033
  51 0.505 18.692 506.197
  52 0.515 20.966 517.777
  53 0.525 21.608 513.928
  54 0.535 21.404 518.898
  55 0.545 21.348 526.942
  56 0.555 21.716 488.422
  57 0.565 21.888 475.68
  58 0.575 21.992 440.134
  59 0.585 22 413.227
  60 0.595 21.836 451.699
  61 0.605 20.852 511.672
  62 0.615 19.158 502.08
  63 0.625 18.966 482.131
  64 0.635 21.288 456.411
  65 0.645 21.912 425.578
  66 0.655 21.984 417.862
  67 0.665 21.986 442.122
  68 0.675 21.916 442.725
  69 0.685 21.668 435.161
  70 0.695 21.35 429.373
  71 0.705 21.43 420.169
  72 0.715 21.63 400.106
  73 0.725 21.002 416.309
  74 0.735 19.294 410.073
  75 0.745 18.262 397.21
  76 0.755 19.848 400.027
  77 0.765 21.484 400.461
  78 0.775 21.75 398.71
  79 0.785 21.18 391.68
  80 0.795 21.55 386.542
  81 0.805 21.678 370.589
  82 0.815 21.976 390.534
  83 0.825 22 371.005
  84 0.835 21.992 376.917
  85 0.845 21.89 364.96
  86 0.855 21.32 345.325
  87 0.865 18.41 338.476
  88 0.875 19.208 351.892
  89 0.885 21.288 367.625
  90 0.895 21.892 338.927
  91 0.905 22 332.269
  92 0.915 22 349.099
  93 0.925 21.92 333.958
  94 0.935 21.798 333.025
  95 0.945 21.448 330.593
  96 0.955 21.296 324.517
  97 0.965 21.626 318.382
  98 0.975 21.686 294.821
  99 0.985 20.502 288.552
  100 0.995 18.226 284.138
100000 100 2112
  1 0.005 17.922 262.692
  2 0.015 20.752 271.419
  3 0.025 21.82 285.399
  4 0.035 21.658 278.256
  5 0.045 21.25 299.463
  6 0.055 21.444 311.417
  7 0.065 21.766 328.245
  8 0.075 21.982 329.712
  9 0.085 22 326.377
  10 0.095 22 325.664
  11 0.105 21.968 317.162
  12 0.115 21.352 342.814
  13 0.125 19.032 354.184
  14 0.135 18.914 343.019
  15 0.145 20.88 357.644
  16 0.155 21.854 345.246
  17 0.165 22 354.999
  18 0.175 21.994 354.398
  19 0.185 21.93 354.89
  20 0.195 21.8 384.182
  21 0.205 21.49 371.476
  22 0.215 21.308 369.159
  23 0.225 21.6 385.397
  24 0.235 21.662 381.364
  25 0.245 20.226 404.6
  26 0.255 18.142 397.184
  27 0.265 18.824 415.646
  28 0.275 21.054 415.023
  29 0.285 21.74 411.626
  30 0.295 21.36 428.157
  31 0.305 21.348 435.037
  32 0.315 21.638 451.052
  33 0.325 21.888 473.512
  34 0.335 21.996 468.17
  35 0.345 21.968 497.838
  36 0.355 21.854 464.673
  37 0.365 21.196 455.989
  38 0.375 19.31 470.972
  39 0.385 18.966 470.667
  40 0.395 20.844 479.806
  41 0.405 21.862 486.483
  42 0.415 21.988 503.943
  43 0.425 21.974 492.692
  44 0.435 21.844 514.572
  45 0.445 21.658 514.162
  46 0.455 21.368 520.609
  47 0.465 21.436 516.141
  48 0.475 21.546 493.165
  49 0.485 20.58 520.718
  50 0.495 18.558 537.495
  51 0.505 18.584 551.083
  52 0.515 20.526 529.635
  53 0.525 21.648 514.34
  54 0.535 21.418 501.207
  55 0.545 21.378 511.771
  56 0.555 21.534 516.792
  57 0.565 21.988 491.644
  58 0.575 21.972 496.838
  59 0.585 21.994 489.575
  60 0.595 21.874 446.5
  61 0.605 20.914 451.359
  62 0.615 18.714 436.901
  63 0.625 19.3 432.2
  64 0.635 21.248 443.917
  65 0.645 21.966 437.695
  66 0.655 21.99 467.288
  67 0.665 21.972 454.251
  68 0.675 21.936 442.326
  69 0.685 21.58 460.792
  70 0.695 21.304 459.09
  71 0.705 21.504 446.926
  72 0.715 21.676 434.15
  73 0.725 20.79 397.409
  74 0.735 18.936 409.88
  75 0.745 18.184 420.265
  76 0.755 20.352 420.761
  77 0.765 21.642 404.447
  78 0.775 21.548 375.153
  79 0.785 21.29 371.678
  80 0.795 21.466 367.145
  81 0.805 21.866 377.399
  82 0.815 21.954 377.835
  83 0.825 22 388.833
  84 0.835 22 388.216
  85 0.845 21.976 381.907
  86 0.855 20.996 373.361
  87 0.865 18.772 349.807
  88 0.875 19.086 352.74
  89 0.885 21.224 348.699
  90 0.895 21.95 352.14
  91 0.905 21.996 340.404
  92 0.915 22 331.784
  93 0.925 21.962 306.056
  94 0.935 21.856 293.514
  95 0.945 21.46 288.267
  96 0.955 21.302 300.991
  97 0.965 21.538 308.854
  98 0.975 21.744 303.605
  99 0.985 20.938 284.958
  100 0.995 18.606 277.64
105000 100 2112
  1 0.005 18.594 300.355
  2 0.015 21.076 277.755
  3 0.025 21.856 298.066
  4 0.035 21.524 283.705
  5 0.045 21.234 284.115
  6 0.055 21.45 286.667
  7 0.065 21.884 308.117
  8 0.075 21.98 325.041
  9 0.085 22 292.391
  10 0.095 22 306.84
  11 0.105 21.972 323.276
  12 0.115 21.436 346.29
  13 0.125 19.042 355.91
  14 0.135 18.866 338.324
  15 0.145 20.902 343.372
  16 0.155 21.802 366.063
  17 0.165 21.98 384.511
  18 0.175 21.996 389.44
  19 0.185 21.974 367.655
  20 0.195 21.808 370.749
  21 0.205 21.55 371.696
  22 0.215 21.25 401.349
  23 0.225 21.602 371.277
  24 0.235 21.674 388.013
  25 0.245 20.474 400.502
  26 0.255 18.296 418.377
  27 0.265 18.654 424.766
  28 0.275 20.798 422.878
  29 0.285 21.704 416.252
  30 0.295 21.41 411.835
  31 0.305 21.432 432.517
  32 0.315 21.564 449.814
  33 0.325 21.852 430.159
  34 0.335 21.962 436.232
  35 0.345 22 440.058
  36 0.355 21.982 420.783
  37 0.365 21.31 447.058
  38 0.375 19.322 470.189
  39 0.385 18.81 478.266
  40 0.395 20.852 506.545
  41 0.405 21.734 477.701
  42 0.415 21.99 449.319
  43 0.425 21.99 458.729
  44 0.435 21.87 498.198
  45 0.445 21.642 517.841
  46 0.455 21.368 541.13
  47 0.465 21.476 531.239
  48 0.475 21.464 539.312
  49 0.485 20.54 550.756
  50 0.495 18.674 535.853
  51 0.505 18.53 534.39
  52 0.515 20.64 546.333
  53 0.525 21.504 543.235
  54 0.535 21.396 517.786
  55 0.545 21.388 498.268
  56 0.555 21.66 503.784
  57 0.565 21.886 500.192
  58 0.575 21.976 467.956
  59 0.585 21.994 486.403
  60 0.595 21.888 508.364
  61 0.605 21 504.634
  62 0.615 18.93 489.038
  63 0.625 19.21 485.157
  64 0.635 21.084 474.423
  65 0.645 21.898 464.064
  66 0.655 21.988 466.018
  67 0.665 21.958 446.247
  68 0.675 21.95 427.355
  69 0.685 21.508 432.934
  70 0.695 21.494 440.761
  71 0.705 21.388 434.826
  72 0.715 21.598 435.519
  73 0.725 20.986 428.841
  74 0.735 18.858 408.656
  75 0.745 18.074 405.683
  76 0.755 20.45 374.864
  77 0.765 21.566 375.582
  78 0.775 21.616 369.25
  79 0.785 21.31 385.39
  80 0.795 21.434 389.885
  81 0.805 21.84 381.256
  82 0.815 21.974 395.785
  83 0.825 22 397.618
  84 0.835 22 368.881
  85 0.845 21.826 363.188
  86 0.855 20.606 369.15
  87 0.865 18.616 362.898
  88 0.875 19.646 354.106
  89 0.885 21.35 334.39
  90 0.895 21.956 318.996
  91 0.905 22 310.881
  92 0.915 21.992 308.684
  93 0.925 21.96 292.861
  94 0.935 21.738 292.737
  95 0.945 21.426 305.931
  96 0.955 21.404 309.087
  97 0.965 21.582 322.683
  98 0.975 21.586 330.612
  99 0.985 20.494 307.367
  100 0.995 18.22 290.048
110000 100 2112
  1 0.005 18.106 294.937
  2 0.015 21.124 273.792
  3 0.025 21.872 305.596
  4 0.035 21.584 286.006
  5 0.045 21.21 278.552
  6 0.055 21.448 279.773
  7 0.065 21.868 306.191
  8 0.075 21.98 323.536
  9 0.085 22 324.759
  10 0.095 22 317.542
  11 0.105 21.934 334.73
  12 0.115 21.428 332.14
  13 0.125 19.09 366.734
  14 0.135 18.88 371.326
  15 0.145 20.89 353.102
  16 0.155 21.79 380.115
  17 0.165 21.988 361.171
  18 0.175 21.994 362.224
  19 0.185 21.962 391.77
  20 0.195 21.814 390.382
  21 0.205 21.5 370.145
  22 0.215 21.286 367.893
  23 0.225 21.578 378.481
  24 0.235 21.612 374.83
  25 0.245 20.446 385.318
  26 0.255 18.14 406.229
  27 0.265 19.012 419.909
  28 0.275 20.802 448.322
  29 0.285 21.596 454.162
  30 0.295 21.41 436.114
  31 0.305 21.382 421.61
  32 0.315 21.572 448.027
  33 0.325 21.926 439.194
  34 0.335 21.97 425.526
  35 0.345 21.984 424.218
  36 0.355 21.984 425.079
  37 0.365 21.314 436.201
  38 0.375 19.452 465.162
  39 0.385 18.832 435.758
  40 0.395 20.788 466.737
  41 0.405 21.666 474.883
  42 0.415 21.978 508.036
  43 0.425 21.99 488.117
  44 0.435 21.932 482.552
  45 0.445 21.706 505.158
  46 0.455 21.438 497.025
  47 0.465 21.27 504.798
  48 0.475 21.55 522.783
  49 0.485 20.92 537.272
  50 0.495 18.766 527.35
  51 0.505 18.116 526.532
  52 0.515 20.402 533.976
  53 0.525 21.63 522.699
  54 0.535 21.466 540.075
  55 0.545 21.304 547.492
  56 0.555 21.646 548.413
  57 0.565 21.888 509.852
  58 0.575 21.976 503.8
  59 0.585 22 485.168
  60 0.595 21.914 466.542
  61 0.605 20.524 463.897
  62 0.615 18.94 454.303
  63 0.625 19.47 458.564
  64 0.635 21.268 462.823
  65 0.645 21.894 479.864
  66 0.655 21.99 475.907
  67 0.665 21.972 446.176
  68 0.675 21.838 421.515
  69 0.685 21.646 445.503
  70 0.695 21.322 441.27
  71 0.705 21.514 424.261
  72 0.715 21.532 428.014
  73 0.725 20.858 425.691
  74 0.735 18.532 439.842
  75 0.745 18.49 424.748
  76 0.755 20.478 400.587
  77 0.765 21.676 414.761
  78 0.775 21.504 408.403
  79 0.785 21.294 383.116
  80 0.795 21.51 380.046
  81 0.805 21.858 388.793
  82 0.815 21.976 379.811
  83 0.825 22 363.546
  84 0.835 21.982 345.699
  85 0.845 21.944 324.786
  86 0.855 20.618 348.733
  87 0.865 18.73 356.105
  88 0.875 19.604 344.799
  89 0.885 21.216 347.456
  90 0.895 21.906 348.483
  91 0.905 21.994 347.25
  92 0.915 21.998 334.576
  93 0.925 21.954 327.995
  94 0.935 21.854 314.405
  95 0.945 21.388 307.935
  96 0.955 21.29 303.574
  97 0.965 21.576 300.765
  98 0.975 21.816 289.462
  99 0.985 20.616 279.847
  100 0.995 18.322 279.877
115000 100 2111.9999999999995
  1 0.005 18.278 270.312
  2 0.015 21.11 266.889
  3 0.025 21.862 260.05
  4 0.035 21.612 257.215
  5 0.045 21.148 285.425
  6 0.055 21.536 294.605
  7 0.065 21.804 296.234
  8 0.075 21.986 298.957
  9 0.085 22 317.294
  10 0.095 22 319.667
  11 0.105 21.966 324.459
  12 0.115 21.406 341.213
  13 0.125 19.158 328.54
  14 0.135 18.84 337.444
  15 0.145 20.84 337.017
  16 0.155 21.79 346.463
  17 0.165 22 374.896
  18 0.175 22 400.025
  19 0.185 21.978 391.604
  20 0.195 21.834 375.548
  21 0.205 21.508 392.288
  22 0.215 21.29 397.362
  23 0.225 21.546 423.803
  24 0.235 21.528 416.713
  25 0.245 20.316 403.851
  26 0.255 18.092 398.166
  27 0.265 18.868 399.863
  28 0.275 21.142 399.974
  29 0.285 21.604 415.435
  30 0.295 21.372 426.594
  31 0.305 21.372 425.867
  32 0.315 21.656 426.554
  33 0.325 21.9 417.645
  34 0.335 21.994 407.489
  35 0.345 21.984 409.542
  36 0.355 21.92 438.857
  37 0.365 21.222 447.725
  38 0.375 19.106 471.83
  39 0.385 19.174 481.791
  40 0.395 20.774 509.444
  41 0.405 21.832 551.522
  42 0.415 21.984 527.779
  43 0.425 21.986 510.366
  44 0.435 21.83 514.817
  45 0.445 21.624 511.01
  46 0.455 21.372 502.635
  47 0.465 21.408 494.758
  48 0.475 21.57 482.82
  49 0.485 20.632 446.824
  50 0.495 18.518 473.839
  51 0.505 18.52 482.078
  52 0.515 20.674 510.172
  53 0.525 21.594 507.674
  54 0.535 21.446 508.965
  55 0.545 21.246 501.023
  56 0.555 21.73 495.56
  57 0.565 21.876 502.326
  58 0.575 21.984 502.526
  59 0.585 21.994 487.268
  60 0.595 21.892 483.793
  61 0.605 20.866 498.134
  62 0.615 19.43 481.227
  63 0.625 18.986 473.964
  64 0.635 20.994 486.166
  65 0.645 21.832 506.956
  66 0.655 22 474.888
  67 0.665 21.986 468.44
  68 0.675 21.896 462.31
  69 0.685 21.692 484.738
  70 0.695 21.366 460.777
  71 0.705 21.332 468.758
  72 0.715 21.73 417.579
  73 0.725 21.058 418.237
  74 0.735 18.858 414.806
  75 0.745 18.196 396.39
  76 0.755 20.216 389.86
  77 0.765 21.576 399.961
  78 0.775 21.526 390.69
  79 0.785 21.314 394.072
  80 0.795 21.492 380.544
  81 0.805 21.796 376.759
  82 0.815 21.968 371.853
  83 0.825 21.998 380.589
  84 0.835 21.992 382.285
  85 0.845 21.702 362.901
  86 0.855 21.124 341.344
  87 0.865 18.48 351.048
  88 0.875 19.406 342.677
  89 0.885 21.318 348.037
  90 0.895 21.978 356.538
  91 0.905 22 347.824
  92 0.915 21.992 334.957
  93 0.925 21.974 326.98
  94 0.935 21.766 322.908
  95 0.945 21.428 323.539
  96 0.955 21.374 319.636
  97 0.965 21.544 315.413
  98 0.975 21.75 322.374
  99 0.985 20.598 293.213
  100 0.995 18.238 290.563
120000 100 2112
  1 0.005 18.198 255.944
  2 0.015 20.812 275.375
  3 0.025 21.866 299.809
  4 0.035 21.588 307.048
  5 0.045 21.218 306.405
  6 0.055 21.496 294.89
  7 0.065 21.816 284.474
  8 0.075 21.948 310.156
  9 0.085 21.994 338.094
  10 0.095 22 338.333
  11 0.105 21.946 343.125
  12 0.115 21.306 331.215
  13 0.125 18.956 336.265
  14 0.135 18.75 329.927
  15 0.145 21.11 347.243
  16 0.155 21.932 370.523
  17 0.165 22 367.071
  18 0.175 21.994 394.451
  19 0.185 21.93 387.185
  20 0.195 21.852 375.023
  21 0.205 21.392 370.1
  22 0.215 21.358 397.035
  23 0.225 21.558 404.962
  24 0.235 21.696 385.863
  25 0.245 20.196 409.463
  26 0.255 17.84 421.699
  27 0.265 19.006 438.238
  28 0.275 21.248 427.094
  29 0.285 21.622 440.793
  30 0.295 21.366 423.557
  31 0.305 21.32 417.82
  32 0.315 21.684 423.685
  33 0.325 21.938 428.736
  34 0.335 22 434.075
  35 0.345 21.994 431.471
  36 0.355 21.974 442.588
  37 0.365 21.128 456.125
  38 0.375 19.196 465.108
  39 0.385 18.944 480.931
  40 0.395 20.914 467.984
  41 0.405 21.85 451.535
  42 0.415 21.99 476.245
  43 0.425 21.936 484.056
  44 0.435 21.976 485.808
  45 0.445 21.618 522.587
  46 0.455 21.39 496.264
  47 0.465 21.328 517.377
  48 0.475 21.572 526.621
  49 0.485 20.616 536.899
  50 0.495 18.692 503.322
  51 0.505 18.428 525.564
  52 0.515 20.66 533.905
  53 0.525 21.57 526.614
  54 0.535 21.424 506.487
  55 0.545 21.35 486.305
  56 0.555 21.536 496.996
  57 0.565 21.932 488.359
  58 0.575 21.982 518.679
  59 0.585 22 482.818
  60 0.595 21.88 478.276
  61 0.605 21.074 469.724
  62 0.615 18.92 477.325
  63 0.625 18.912 467.793
  64 0.635 21.294 473.49
  65 0.645 21.92 444.547
  66 0.655 21.996 442.683
  67 0.665 21.994 432.588
  68 0.675 21.96 446.604
  69 0.685 21.526 460.808
  70 0.695 21.55 467.692
  71 0.705 21.272 459.459
  72 0.715 21.644 449.451
  73 0.725 21.028 439.977
  74 0.735 18.77 423.484
  75 0.745 18.588 434.82
  76 0.755 20.038 421.42
  77 0.765 21.514 405.379
  78 0.775 21.56 424.683
  79 0.785 21.274 391.744
  80 0.795 21.604 372.303
  81 0.805 21.726 377.901
  82 0.815 21.962 372.678
  83 0.825 21.994 396.493
  84 0.835 22 369.342
  85 0.845 21.88 349.894
  86 0.855 21.098 340.213
  87 0.865 18.704 357.519
  88 0.875 19.122 339.4
  89 0.885 21.246 331.535
  90 0.895 21.95 354.88
  91 0.905 22 337.341
  92 0.915 22 333.533
  93 0.925 21.974 310.018
  94 0.935 21.794 314.261
  95 0.945 21.472 328.483
  96 0.955 21.332 313.087
  97 0.965 21.51 302.513
  98 0.975 21.818 283.864
  99 0.985 20.894 280.707
  100 0.995 18.27 274.726
125000 100 2112
  1 0.005 18.308 273.088
  2 0.015 20.936 285.872
  3 0.025 21.812 287.381
  4 0.035 21.656 295.167
  5 0.045 21.132 302.04
  6 0.055 21.47 313.822
  7 0.065 21.87 319.581
  8 0.075 21.964 322.842
  9 0.085 22 317.26
  10 0.095 22 337.874
  11 0.105 21.932 346.347
  12 0.115 21.408 357.713
  13 0.125 18.994 347.795
  14 0.135 18.986 338.513
  15 0.145 20.914 338.566
  16 0.155 21.766 348.57
  17 0.165 22 367.064
  18 0.175 21.988 357.255
  19 0.185 21.998 383.07
  20 0.195 21.714 401.602
  21 0.205 21.534 397.676
  22 0.215 21.4 393.69
  23 0.225 21.532 399.566
  24 0.235 21.398 404.322
  25 0.245 20.166 421.184
  26 0.255 18.404 417.087
  27 0.265 19.112 425.305
  28 0.275 20.852 420.427
  29 0.285 21.598 433.697
  30 0.295 21.384 442.591
  31 0.305 21.336 459.182
  32 0.315 21.68 441.948
  33 0.325 21.938 444.788
  34 0.335 21.966 430.384
  35 0.345 21.986 426.274
  36 0.355 21.936 447.048
  37 0.365 21.186 432.391
  38 0.375 19.426 452.821
  39 0.385 18.844 451.27
  40 0.395 20.748 475.48
  41 0.405 21.88 463.564
  42 0.415 21.98 484.008
  43 0.425 21.962 486.81
  44 0.435 21.898 498.815
  45 0.445 21.646 508.37
  46 0.455 21.488 510.474
  47 0.465 21.37 527.445
  48 0.475 21.472 503.005
  49 0.485 20.682 520.833
  50 0.495 18.648 567.812
  51 0.505 18.418 563.94
  52 0.515 20.56 546.064
  53 0.525 21.58 553.253
  54 0.535 21.408 532.94
  55 0.545 21.338 531.536
  56 0.555 21.624 514.877
  57 0.565 21.92 481.987
  58 0.575 22 459.103
  59 0.585 22 451.068
  60 0.595 21.896 441.095
  61 0.605 20.962 441.98
  62 0.615 18.964 472.686
  63 0.625 19.016 440.961
  64 0.635 21.244 433.041
  65 0.645 21.918 452.43
  66 0.655 21.974 428.655
  67 0.665 22.026 409.325
  68 0.675 21.908 440.525
  69 0.685 21.58 428.828
  70 0.695 21.454 418.241
  71 0.705 21.434 411.042
  72 0.715 21.55 442.273
  73 0.725 20.964 438.143
  74 0.735 19.15 427.929
  75 0.745 18.334 425.754
  76 0.755 20.102 453.822
  77 0.765 21.444 430.317
  78 0.775 21.442 435.674
  79 0.785 21.324 418.913
  80 0.795 21.59 420.823
  81 0.805 21.782 397.528
  82 0.815 21.944 383.233
  83 0.825 21.998 380.977
  84 0.835 21.988 370.108
  85 0.845 21.838 345.904
  86 0.855 20.57 371.582
  87 0.865 18.92 346.889
  88 0.875 19.526 329.972
  89 0.885 21.198 322.889
  90 0.895 21.96 302.672
  91 0.905 22 306.351
  92 0.915 21.998 303.924
  93 0.925 21.966 323.818
  94 0.935 21.742 341.723
  95 0.945 21.424 353.577
  96 0.955 21.36 308.485
  97 0.965 21.552 304.759
  98 0.975 21.744 293.159
  99 0.985 20.612 288.428
  100 0.995 18.454 275.288
130000 100 2112
  1 0.005 18.202 294.741
  2 0.015 21.058 286.652
  3 0.025 21.852 321.61
  4 0.035 21.562 331.349
  5 0.045 21.162 309.805
  6 0.055 21.576 313.073
  7 0.065 21.82 327.765
  8 0.075 21.956 310.683
  9 0.085 22 318.625
  10 0.095 22 309.1
  11 0.105 21.974 323.605
  12 0.115 21.316 313.994
  13 0.125 19.148 341.012
  14 0.135 18.798 348.882
  15 0.145 20.922 362.213
  16 0.155 21.878 357.849
  17 0.165 21.964 363.906
  18 0.175 21.988 358.329
  19 0.185 21.974 362.928
  20 0.195 21.794 368.521
  21 0.205 21.576 374.527
  22 0.215 21.306 404.195
  23 0.225 21.556 402.259
  24 0.235 21.504 414.495
  25 0.245 20.452 427.135
  26 0.255 18.508 435.473
  27 0.265 18.756 428.35
  28 0.275 20.742 453.715
  29 0.285 21.632 432.197
  30 0.295 21.402 429.505
  31 0.305 21.282 463.377
  32 0.315 21.716 471.79
  33 0.325 21.834 469.112
  34 0.335 21.982 448.218
  35 0.345 21.996 467.924
  36 0.355 21.916 460.817
  37 0.365 21.396 428.753
  38 0.375 19.31 445.22
  39 0.385 18.916 472.983
  40 0.395 20.604 464.718
  41 0.405 21.868 455.188
  42 0.415 21.99 496.486
  43 0.425 21.984 486.889
  44 0.435 21.874 526.923
  45 0.445 21.638 509.76
  46 0.455 21.414 530.288
  47 0.465 21.388 551.65
  48 0.475 21.588 538.236
  49 0.485 20.488 514.603
  50 0.495 18.542 527.089
  51 0.505 18.632 550.186
  52 0.515 20.582 552.86
  53 0.525 21.574 514.316
  54 0.535 21.442 522.426
  55 0.545 21.27 498.443
  56 0.555 21.672 495.153
  57 0.565 21.912 491.892
  58 0.575 22 470.684
  59 0.585 22 436.178
  60 0.595 21.922 434.764
  61 0.605 20.95 440.434
  62 0.615 18.594 460.647
  63 0.625 19.182 449.86
  64 0.635 21.446 460.104
  65 0.645 21.906 449.857
  66 0.655 21.996 446.194
  67 0.665 22.004 435.384
  68 0.675 21.852 427.289
  69 0.685 21.568 413.269
  70 0.695 21.416 387.278
  71 0.705 21.452 395.521
  72 0.715 21.654 413.302
  73 0.725 20.85 416.361
  74 0.735 18.758 436.43
  75 0.745 18.446 437.431
  76 0.755 20.346 420.211
  77 0.765 21.542 430.038
  78 0.775 21.514 405.96
  79 0.785 21.256 388.338
  80 0.795 21.542 375.632
  81 0.805 21.896 397.86
  82 0.815 21.908 361.84
  83 0.825 22 339.521
  84 0.835 22 333.575
  85 0.845 21.922 356.16
  86 0.855 20.876 342.869
  87 0.865 18.936 341.42
  88 0.875 19.378 342.586
  89 0.885 20.95 358.047
  90 0.895 21.962 373.916
  91 0.905 21.976 354.035
  92 0.915 22 336.026
  93 0.925 21.888 335.417
  94 0.935 21.908 318.351
  95 0.945 21.366 318.725
  96 0.955 21.306 315.696
  97 0.965 21.632 300.501
  98 0.975 21.664 296.791
  99 0.985 20.614 305.616
  100 0.995 18.434 293.306
135000 100 2112
  1 0.005 17.97 283.749
  2 0.015 20.734 277.677
  3 0.025 21.866 299.801
  4 0.035 21.556 330.34
  5 0.045 21.212 317.519
  6 0.055 21.45 315.551
  7 0.065 21.862 310.409
  8 0.075 21.97 338.301
  9 0.085 22 349.188
  10 0.095 22 365.282
  11 0.105 21.95 326.848
  12 0.115 21.134 356.714
  13 0.125 19.018 328.998
  14 0.135 19.01 338.048
  15 0.145 20.92 354.205
  16 0.155 21.968 359.388
  17 0.165 22 360.205
  18 0.175 21.986 372.883
  19 0.185 21.946 384.974
  20 0.195 21.808 373.728
  21 0.205 21.446 378.156
  22 0.215 21.332 396.672
  23 0.225 21.646 391.165
  24 0.235 21.44 417.051
  25 0.245 19.842 392.235
  26 0.255 18.278 424.459
  27 0.265 19.32 424.429
  28 0.275 21.082 428.819
  29 0.285 21.532 442.417
  30 0.295 21.364 463.453
  31 0.305 21.39 441.599
  32 0.315 21.712 461.907
  33 0.325 21.898 451.91
  34 0.335 21.978 458.9
  35 0.345 21.98 444.196
  36 0.355 21.914 487.666
  37 0.365 20.636 499.114
  38 0.375 19.18 501.721
  39 0.385 19.446 498.298
  40 0.395 21.048 489.883
  41 0.405 21.83 493.544
  42 0.415 21.964 480.216
  43 0.425 21.958 489.258
  44 0.435 21.836 471.306
  45 0.445 21.688 506.292
  46 0.455 21.264 521.425
  47 0.465 21.52 520.503
  48 0.475 21.41 514.786
  49 0.485 20.548 496.848
  50 0.495 18.438 505.504
  51 0.505 18.73 507.883
  52 0.515 20.702 518.719
  53 0.525 21.616 510.733
  54 0.535 21.374 539.727
  55 0.545 21.266 528.204
  56 0.555 21.768 484.767
  57 0.565 21.924 480.854
  58 0.575 21.974 511.845
  59 0.585 21.98 499.077
  60 0.595 21.898 482.715
  61 0.605 20.594 485.384
  62 0.615 19.292 456.819
  63 0.625 19.136 475.828
  64 0.635 21.23 469.054
  65 0.645 21.872 454.567
  66 0.655 21.984 444.687
  67 0.665 21.976 441.177
  68 0.675 21.862 433.201
  69 0.685 21.654 432.262
  70 0.695 21.378 391.494
  71 0.705 21.474 375.825
  72 0.715 21.612 378.521
  73 0.725 21.002 381.497
  74 0.735 19.094 380.384
  75 0.745 18.33 375.721
  76 0.755 20.12 347.68
  77 0.765 21.476 368.133
  78 0.775 21.622 379.51
  79 0.785 21.306 405.114
  80 0.795 21.372 374.635
  81 0.805 21.754 367.444
  82 0.815 21.968 356.218
  83 0.825 22 341.07
  84 0.835 21.99 370.434
  85 0.845 21.926 362.634
  86 0.855 20.998 366.491
  87 0.865 19.362 351.562
  88 0.875 18.812 363.476
  89 0.885 21.042 370.393
  90 0.895 21.87 377.982
  91 0.905 22 362.19
  92 0.915 22 344.385
  93 0.925 21.972 335.253
  94 0.935 21.81 337.238
  95 0.945 21.578 317.601
  96 0.955 21.218 313.999
  97 0.965 21.56 287.005
  98 0.975 21.752 292.924
  99 0.985 20.998 289.633
  100 0.995 18.492 279.147
140000 100 2111.9999999999995
  1 0.005 18.378 274.903
  2 0.015 20.868 257.206
  3 0.025 21.854 294.831
  4 0.035 21.61 297.349
  5 0.045 21.222 285.505
  6 0.055 21.406 311.272
  7 0.065 21.912 335.073
  8 0.075 21.952 325.812
  9 0.085 22 315.713
  10 0.095 22 324.925
  11 0.105 21.922 347.71
  12 0.115 21.078 348.024
  13 0.125 19.402 346.069
  14 0.135 18.908 350.626
  15 0.145 20.928 363.475
  16 0.155 21.762 353.065
  17 0.165 22 347.952
  18 0.175 21.994 358.38
  19 0.185 21.946 385.246
  20 0.195 21.772 393.308
  21 0.205 21.484 394.862
  22 0.215 21.38 399.111
  23 0.225 21.544 413.74
  24 0.235 21.494 403.647
  25 0.245 19.954 393.657
  26 0.255 18.14 368.421
  27 0.265 19.226 412.156
  28 0.275 21.184 418.693
  29 0.285 21.542 420.492
  30 0.295 21.41 430.126
  31 0.305 21.308 423.946
  32 0.315 21.78 407.127
  33 0.325 21.862 456.747
  34 0.335 21.994 483.535
  35 0.345 21.976 477.636
  36 0.355 21.77 493.439
  37 0.365 21.148 456.798
  38 0.375 19.166 475.33
  39 0.385 18.932 494.184
  40 0.395 21.12 489.841
  41 0.405 21.874 489.159
  42 0.415 21.982 518.507
  43 0.425 21.962 514.486
  44 0.435 21.892 496.667
  45 0.445 21.592 516.442
  46 0.455 21.318 525.201
  47 0.465 21.516 524.612
  48 0.475 21.38 517.291
  49 0.485 20.36 515.502
  50 0.495 18.46 527.568
  51 0.505 18.81 542.675
  52 0.515 20.836 547.562
  53 0.525 21.594 536.244
  54 0.535 21.31 524.816
  55 0.545 21.386 497.338
  56 0.555 21.684 474.301
  57 0.565 21.938 484.799
  58 0.575 21.98 488.565
  59 0.585 22 490.799
  60 0.595 21.826 455.205
  61 0.605 21.026 458.127
  62 0.615 18.812 449.041
  63 0.625 19.44 455.999
  64 0.635 20.98 472.593
  65 0.645 21.916 441.967
  66 0.655 22 433.599
  67 0.665 21.962 457.071
  68 0.675 21.914 451.9
  69 0.685 21.674 446.689
  70 0.695 21.318 422.361
  71 0.705 21.474 399.975
  72 0.715 21.628 398.242
  73 0.725 21.112 400.551
  74 0.735 19.186 409.807
  75 0.745 18.586 382.215
  76 0.755 19.684 393.499
  77 0.765 21.41 378.527
  78 0.775 21.59 346.014
  79 0.785 21.49 372.691
  80 0.795 21.282 401.878
  81 0.805 21.764 397.736
  82 0.815 21.926 388.949
  83 0.825 22 388.558
  84 0.835 22 378.158
  85 0.845 21.91 358.912
  86 0.855 20.96 351.751
  87 0.865 19.234 353.289
  88 0.875 18.904 330.04
  89 0.885 21.118 335.568
  90 0.895 21.896 350.507
  91 0.905 21.978 340.95
  92 0.915 22 343.076
  93 0.925 21.918 338.862
  94 0.935 21.846 312.121
  95 0.945 21.472 333.541
  96 0.955 21.41 333.099
  97 0.965 21.46 324.218
  98 0.975 21.69 318.499
  99 0.985 20.666 299.098
  100 0.995 18.336 284.308
145000 100 2112
  1 0.005 18.324 289.656
  2 0.015 20.746 275.423
  3 0.025 21.888 283.766
  4 0.035 21.508 296.259
  5 0.045 21.234 303.936
  6 0.055 21.49 295.19
  7 0.065 21.854 298.875
  8 0.075 21.948 294.529
  9 0.085 22 307.454
  10 0.095 22 320.119
  11 0.105 21.964 309.704
  12 0.115 21.436 336.528
  13 0.125 19.378 333.661
  14 0.135 18.86 352.196
  15 0.145 20.708 368.278
  16 0.155 21.676 366.322
  17 0.165 21.978 358.155
  18 0.175 22 341.047
  19 0.185 21.956 377.721
  20 0.195 21.878 358.628
  21 0.205 21.48 366.97
  22 0.215 21.246 414.23
  23 0.225 21.628 422.901
  24 0.235 21.52 418.801
  25 0.245 20.128 411.144
  26 0.255 18.402 402.011
  27 0.265 19.034 403.147
  28 0.275 20.892 404.902
  29 0.285 21.572 412.872
  30 0.295 21.392 428.156
  31 0.305 21.458 452.429
  32 0.315 21.54 461.894
  33 0.325 21.898 444.702
  34 0.335 21.98 415.947
  35 0.345 21.996 445.241
  36 0.355 21.976 468.25
  37 0.365 21.326 462.075
  38 0.375 19.512 463.407
  39 0.385 18.65 471.509
  40 0.395 20.806 498.597
  41 0.405 21.732 506.673
  42 0.415 21.998 506.473
  43 0.425 21.994 500.796
  44 0.435 21.908 532.517
  45 0.445 21.688 523.554
  46 0.455 21.342 534.113
  47 0.465 21.372 541.775
  48 0.475 21.448 560.803
  49 0.485 20.532 592.608
  50 0.495 18.5 577.991
  51 0.505 18.61 562.323
  52 0.515 20.748 545.966
  53 0.525 21.502 526.625
  54 0.535 21.406 507.321
  55 0.545 21.332 493.812
  56 0.555 21.686 477.854
  57 0.565 21.932 484.063
  58 0.575 22.006 471.812
  59 0.585 21.974 476.006
  60 0.595 21.826 458.528
  61 0.605 20.602 481.423
  62 0.615 18.68 472.627
  63 0.625 19.46 464.941
  64 0.635 21.522 457.394
  65 0.645 21.926 453.309
  66 0.655 22 443.789
  67 0.665 21.988 443.801
  68 0.675 21.886 452.681
  69 0.685 21.578 459.744
  70 0.695 21.326 428.142
  71 0.705 21.46 411.698
  72 0.715 21.674 399.889
  73 0.725 20.666 385.705
  74 0.735 18.71 392.082
  75 0.745 18.674 422.691
  76 0.755 20.376 411.973
  77 0.765 21.516 365.128
  78 0.775 21.562 376.078
  79 0.785 21.226 376.564
  80 0.795 21.594 377.622
  81 0.805 21.784 359.31
  82 0.815 21.984 352.468
  83 0.825 22 361.548
  84 0.835 22 384.237
  85 0.845 21.84 352.092
  86 0.855 20.778 366.539
  87 0.865 18.892 357.132
  88 0.875 19.25 353.924
  89 0.885 21.256 349.966
  90 0.895 21.984 349.033
  91 0.905 22 323.726
  92 0.915 21.99 330.155
  93 0.925 21.978 340.389
  94 0.935 21.816 344.396
  95 0.945 21.416 340.456
  96 0.955 21.35 340.18
  97 0.965 21.602 312.93
  98 0.975 21.712 322.07
  99 0.985 20.634 299.305
  100 0.995 18.51 300.028
150000 100 2112
  1 0.005 18.392 295.953
  2 0.015 21.122 269.217
  3 0.025 21.852 302.767
  4 0.035 21.656 311.508
  5 0.045 21.074 310.249
  6 0.055 21.506 298.201
  7 0.065 21.908 305.171
  8 0.075 21.962 301.974
  9 0.085 22 302.507
  10 0.095 22 323.011
  11 0.105 21.986 323.421
  12 0.115 21.15 319.898
  13 0.125 19.448 324.315
  14 0.135 19.212 327.15
  15 0.145 20.458 345.026
  16 0.155 21.768 343.932
  17 0.165 21.978 341.108
  18 0.175 22 365.09
  19 0.185 21.966 376.503
  20 0.195 21.788 399.47
  21 0.205 21.488 393.38
  22 0.215 21.434 382.057
  23 0.225 21.516 389.024
  24 0.235 21.562 403.523
  25 0.245 20.218 422.084
  26 0.255 18.674 437.017
  27 0.265 18.95 421.083
  28 0.275 20.632 425.138
  29 0.285 21.476 445.104
  30 0.295 21.552 421.474
  31 0.305 21.302 426.809
  32 0.315 21.53 461.441
  33 0.325 21.932 432.186
  34 0.335 21.98 460.656
  35 0.345 21.986 441.064
  36 0.355 21.924 443.396
  37 0.365 21.366 439.514
  38 0.375 19.322 442.225
  39 0.385 18.744 451.444
  40 0.395 20.836 484.235
  41 0.405 21.822 458.939
  42 0.415 22 464.845
  43 0.425 21.978 487.777
  44 0.435 21.81 522.629
  45 0.445 21.734 519.612
  46 0.455 21.324 549.055
  47 0.465 21.448 550.285
  48 0.475 21.468 577.271
  49 0.485 20.484 521.326
  50 0.495 18.496 512.55
  51 0.505 18.74 534.264
  52 0.515 20.674 534.423
  53 0.525 21.544 533.032
  54 0.535 21.45 522.286
  55 0.545 21.246 533.139
  56 0.555 21.74 538.417
  57 0.565 21.89 513.046
  58 0.575 21.978 517.692
  59 0.585 21.966 509.889
  60 0.595 21.858 479.819
  61 0.605 20.968 492.123
  62 0.615 18.502 496.98
  63 0.625 19.532 475.407
  64 0.635 21.286 454.361
  65 0.645 21.908 440.093
  66 0.655 21.976 423.491
  67 0.665 21.936 417.599
  68 0.675 21.998 396.928
  69 0.685 21.526 417.308
  70 0.695 21.45 434.928
  71 0.705 21.43 424.168
  72 0.715 21.608 419.381
  73 0.725 21.024 402.211
  74 0.735 18.848 421.416
  75 0.745 18.446 413.971
  76 0.755 20.204 411.806
  77 0.765 21.406 419.661
  78 0.775 21.546 399.361
  79 0.785 21.398 407.631
  80 0.795 21.384 400.88
  81 0.805 21.828 371.027
  82 0.815 21.972 340.093
  83 0.825 21.996 347.578
  84 0.835 22 368.792
  85 0.845 21.88 354.26
  86 0.855 20.934 352.186
  87 0.865 18.824 348.49
  88 0.875 19.198 340.155
  89 0.885 21.254 341.512
  90 0.895 21.91 361.357
  91 0.905 21.996 352.86
  92 0.915 22.002 347.957
  93 0.925 21.93 354.431
  94 0.935 21.756 335.406
  95 0.945 21.436 313.647
  96 0.955 21.34 314.661
  97 0.965 21.606 326.917
  98 0.975 21.716 314.219
  99 0.985 20.41 287.121
  100 0.995 18.336 288.534
155000 100 2112.0000000000005
  1 0.005 18.366 283.263
  2 0.015 20.752 276.948
  3 0.025 21.808 309.537
  4 0.035 21.472 324.185
  5 0.045 21.34 322.356
  6 0.055 21.514 320.021
  7 0.065 21.774 334.212
  8 0.075 21.978 320.071
  9 0.085 21.994 299.073
  10 0.095 22 329.819
  11 0.105 21.964 340.733
  12 0.115 21.094 351.939
  13 0.125 18.78 357.845
  14 0.135 19.504 367.761
  15 0.145 20.836 362.612
  16 0.155 21.826 352.815
  17 0.165 21.996 346.519
  18 0.175 21.974 350.583
  19 0.185 21.964 384.051
  20 0.195 21.71 396.082
  21 0.205 21.476 392.624
  22 0.215 21.324 409.319
  23 0.225 21.636 415.401
  24 0.235 21.422 409.692
  25 0.245 19.578 421.13
  26 0.255 18.276 402.797
  27 0.265 19.56 464.934
  28 0.275 21.124 419.577
  29 0.285 21.586 415.68
  30 0.295 21.406 409.935
  31 0.305 21.428 431.084
  32 0.315 21.694 423.706
  33 0.325 21.86 419.762
  34 0.335 21.99 420.974
  35 0.345 21.974 424.065
  36 0.355 21.96 440.98
  37 0.365 21.314 416.985
  38 0.375 19.07 438.85
  39 0.385 19.062 428.648
  40 0.395 20.764 437.506
  41 0.405 21.86 437.2
  42 0.415 21.988 448.192
  43 0.425 21.98 480.18
  44 0.435 21.922 502.927
  45 0.445 21.638 542.87
  46 0.455 21.384 552.462
  47 0.465 21.376 551.39
  48 0.475 21.584 522.347
  49 0.485 20.72 534.602
  50 0.495 18.678 583.042
  51 0.505 18.56 542.812
  52 0.515 20.308 531.735
  53 0.525 21.594 527.935
  54 0.535 21.464 505.89
  55 0.545 21.348 492.855
  56 0.555 21.538 511.588
  57 0.565 21.944 486.479
  58 0.575 21.962 494.514
  59 0.585 21.99 512.583
  60 0.595 21.908 498.401
  61 0.605 20.882 485.676
  62 0.615 18.956 497.144
  63 0.625 19.45 456.544
  64 0.635 20.972 458.217
  65 0.645 21.856 470.783
  66 0.655 21.98 447.974
  67 0.665 21.968 436.448
  68 0.675 21.886 444.074
  69 0.685 21.586 458.555
  70 0.695 21.372 446.919
  71 0.705 21.536 437.41
  72 0.715 21.552 428.456
  73 0.725 20.806 424.807
  74 0.735 18.854 423.207
  75 0.745 18.558 395.28
  76 0.755 20.308 396.029
  77 0.765 21.486 372.5
  78 0.775 21.596 363.347
  79 0.785 21.272 375.995
  80 0.795 21.434 371.002
  81 0.805 21.89 370.069
  82 0.815 21.902 383.406
  83 0.825 22 377.062
  84 0.835 21.976 388.534
  85 0.845 21.99 367.94
  86 0.855 21.108 395.188
  87 0.865 18.918 392.479
  88 0.875 19.07 380.897
  89 0.885 21.07 353.027
  90 0.895 21.868 347.717
  91 0.905 22 326.468
  92 0.915 21.988 353.63
  93 0.925 21.972 340.417
  94 0.935 21.838 334.242
  95 0.945 21.486 316.917
  96 0.955 21.296 304.99
  97 0.965 21.482 289.395
  98 0.975 21.8 280.986
  99 0.985 20.924 269.58
  100 0.995 18.216 278.418
160000 100 2112.0000000000005
  1 0.005 18.492 287.029
  2 0.015 21.032 291.496
  3 0.025 21.836 308.906
  4 0.035 21.554 300.996
  5 0.045 21.264 324.558
  6 0.055 21.486 327.435
  7 0.065 21.822 339.956
  8 0.075 21.984 331.3
  9 0.085 21.992 333.442
  10 0.095 21.98 357.328
  11 0.105 21.892 346.659
  12 0.115 21.008 368.733
  13 0.125 19.06 367.921
  14 0.135 19.164 360.707
  15 0.145 20.994 359.575
  16 0.155 21.91 358.056
  17 0.165 21.992 345.396
  18 0.175 22 373.53
  19 0.185 21.946 386.279
  20 0.195 21.718 408.47
  21 0.205 21.468 402.24
  22 0.215 21.32 404.121
  23 0.225 21.624 391.768
  24 0.235 21.506 393.182
  25 0.245 19.594 397.008
  26 0.255 18.378 390.461
  27 0.265 19.272 424.268
  28 0.275 21.19 403.068
  29 0.285 21.62 419.118
  30 0.295 21.38 387.672
  31 0.305 21.352 401.295
  32 0.315 21.724 408.949
  33 0.325 21.908 418.576
  34 0.335 22.002 415.583
  35 0.345 21.976 447.003
  36 0.355 21.86 448.276
  37 0.365 21.144 438.985
  38 0.375 18.898 460.432
  39 0.385 19.256 441.554
  40 0.395 21.032 431.023
  41 0.405 21.832 453.281
  42 0.415 21.994 463.639
  43 0.425 21.992 474.167
  44 0.435 21.866 476.416
  45 0.445 21.664 487.173
  46 0.455 21.372 514.43
  47 0.465 21.474 530.794
  48 0.475 21.47 523.024
  49 0.485 20.718 532.716
  50 0.495 18.558 550.482
  51 0.505 18.614 593.165
  52 0.515 20.554 599.582
  53 0.525 21.442 617.476
  54 0.535 21.366 557.88
  55 0.545 21.356 539.481
  56 0.555 21.688 484.525
  57 0.565 21.882 470.654
  58 0.575 21.992 459.987
  59 0.585 21.972 478.713
  60 0.595 21.902 488.889
  61 0.605 21.13 474.128
  62 0.615 19.25 477.732
  63 0.625 19.188 476.348
  64 0.635 20.714 455.687
  65 0.645 21.846 435.754
  66 0.655 21.992 419.321
  67 0.665 21.974 417.721
  68 0.675 21.952 422.708
  69 0.685 21.644 443.58
  70 0.695 21.472 456.374
  71 0.705 21.372 438.099
  72 0.715 21.684 432.623
  73 0.725 21.124 425.108
  74 0.735 19.226 411.251
  75 0.745 18.448 399.544
  76 0.755 19.7 404.012
  77 0.765 21.324 403.043
  78 0.775 21.622 404.657
  79 0.785 21.36 404.293
  80 0.795 21.446 409.152
  81 0.805 21.72 396.62
  82 0.815 21.936 385.233
  83 0.825 22 378.834
  84 0.835 21.982 370.755
  85 0.845 21.954 382.235
  86 0.855 20.904 371.759
  87 0.865 18.902 367.109
  88 0.875 18.888 373.111
  89 0.885 21.392 345.308
  90 0.895 21.978 323.88
  91 0.905 22 308.804
  92 0.915 21.992 312.233
  93 0.925 21.948 311.977
  94 0.935 21.852 305.989
  95 0.945 21.374 315.106
  96 0.955 21.336 328.443
  97 0.965 21.568 306.321
  98 0.975 21.778 314.427
  99 0.985 20.532 297.831
  100 0.995 18.158 296.324
165000 100 2112
  1 0.005 18.19 297.476
  2 0.015 20.852 301.827
  3 0.025 21.774 306.006
  4 0.035 21.596 302.415
  5 0.045 21.348 299.769
  6 0.055 21.286 302.452
  7 0.065 21.908 311.136
  8 0.075 21.958 326.356
  9 0.085 22 322.047
  10 0.095 22 324.705
  11 0.105 21.868 327.112
  12 0.115 21.14 332.425
  13 0.125 19.262 333.023
  14 0.135 19.122 346.168
  15 0.145 20.794 357.052
  16 0.155 21.828 364.012
  17 0.165 21.986 350.231
  18 0.175 21.998 372.575
  19 0.185 21.96 398.656
  20 0.195 21.72 394.876
  21 0.205 21.51 401.134
  22 0.215 21.386 383.848
  23 0.225 21.612 396.094
  24 0.235 21.508 403.495
  25 0.245 20.112 403.039
  26 0.255 18.258 395.044
  27 0.265 18.944 417.599
  28 0.275 21.036 424.328
  29 0.285 21.694 420.98
  30 0.295 21.43 418.172
  31 0.305 21.368 413.951
  32 0.315 21.582 414.1
  33 0.325 21.886 411.09
  34 0.335 22.004 418.427
  35 0.345 21.984 423.025
  36 0.355 21.972 449.214
  37 0.365 21.182 494.555
  38 0.375 19.454 484.209
  39 0.385 18.728 482.588
  40 0.395 20.864 469.341
  41 0.405 21.808 481.144
  42 0.415 21.998 481.481
  43 0.425 21.984 496.936
  44 0.435 21.856 494.126
  45 0.445 21.756 494.689
  46 0.455 21.408 524.175
  47 0.465 21.286 516.151
  48 0.475 21.622 495.168
  49 0.485 20.874 495.501
  50 0.495 18.72 538.026
  51 0.505 18.426 541.543
  52 0.515 20.276 539.309
  53 0.525 21.554 530.605
  54 0.535 21.422 547.589
  55 0.545 21.278 552.327
  56 0.555 21.648 550.563
  57 0.565 21.908 509.28
  58 0.575 21.984 535.886
  59 0.585 21.982 529.205
  60 0.595 21.734 523.276
  61 0.605 20.678 496.046
  62 0.615 18.726 473.025
  63 0.625 19.648 452.764
  64 0.635 21.296 444.04
  65 0.645 21.936 446.059
  66 0.655 22 436.652
  67 0.665 21.996 401.485
  68 0.675 21.792 436.548
  69 0.685 21.644 432.879
  70 0.695 21.394 444.331
  71 0.705 21.446 440.579
  72 0.715 21.626 440.453
  73 0.725 20.698 407.605
  74 0.735 18.688 367.648
  75 0.745 18.488 368.38
  76 0.755 20.544 366.469
  77 0.765 21.58 390.688
  78 0.775 21.534 399.551
  79 0.785 21.244 394.842
  80 0.795 21.58 391.608
  81 0.805 21.79 398.402
  82 0.815 21.964 375.227
  83 0.825 21.992 401.853
  84 0.835 21.986 400.35
  85 0.845 21.854 382.529
  86 0.855 20.982 362.919
  87 0.865 18.782 338.152
  88 0.875 19.15 336.929
  89 0.885 21.306 328.592
  90 0.895 21.94 351.585
  91 0.905 22 341.688
  92 0.915 22 336.825
  93 0.925 21.99 323.31
  94 0.935 21.808 325.854
  95 0.945 21.522 318.332
  96 0.955 21.25 317.72
  97 0.965 21.508 323.015
  98 0.975 21.744 317.206
  99 0.985 20.772 313.581
  100 0.995 18.494 313.859
170000 100 2111.9999999999995
  1 0.005 18.344 292.186
  2 0.015 20.91 264.523
  3 0.025 21.816 293.723
  4 0.035 21.518 314.769
  5 0.045 21.366 321.107
  6 0.055 21.434 345.111
  7 0.065 21.792 341.194
  8 0.075 21.972 371.335
  9 0.085 21.994 337.238
  10 0.095 22 334.438
  11 0.105 21.924 328.17
  12 0.115 21.054 335.724
  13 0.125 19.484 342.179
  14 0.135 19.326 367.269
  15 0.145 20.34 373.933
  16 0.155 21.872 385.298
  17 0.165 22 397.743
  18 0.175 21.99 388.307
  19 0.185 21.962 384.484
  20 0.195 21.84 371.447
  21 0.205 21.368 378.956
  22 0.215 21.464 377.021
  23 0.225 21.54 400.868
  24 0.235 21.38 395.22
  25 0.245 20.062 404.482
  26 0.255 18.454 426.192
  27 0.265 19.128 433.06
  28 0.275 20.908 422.982
  29 0.285 21.582 430.072
  30 0.295 21.536 426.689
  31 0.305 21.214 413.568
  32 0.315 21.716 414.91
  33 0.325 21.876 420.073
  34 0.335 21.98 417.591
  35 0.345 22 406.2
  36 0.355 21.924 412.586
  37 0.365 21.166 421.849
  38 0.375 19.092 427.777
  39 0.385 19.136 434.902
  40 0.395 20.81 479.399
  41 0.405 21.87 483.052
  42 0.415 22.002 489.845
  43 0.425 21.996 479.181
  44 0.435 21.9 471.969
  45 0.445 21.598 481.801
  46 0.455 21.312 486.979
  47 0.465 21.468 473.669
  48 0.475 21.564 485.54
  49 0.485 20.61 517.798
  50 0.495 18.5 547.744
  51 0.505 18.662 546.401
  52 0.515 20.562 554.498
  53 0.525 21.504 533.762
  54 0.535 21.42 512.215
  55 0.545 21.408 513.539
  56 0.555 21.618 489.82
  57 0.565 21.882 520.428
  58 0.575 21.984 492.169
  59 0.585 21.994 504.066
  60 0.595 21.776 481.771
  61 0.605 20.828 483.84
  62 0.615 19.134 481.15
  63 0.625 19.254 480.854
  64 0.635 21.166 490.549
  65 0.645 21.86 470.626
  66 0.655 21.994 467.7
  67 0.665 21.964 487.483
  68 0.675 21.918 479.197
  69 0.685 21.636 449.584
  70 0.695 21.442 424.685
  71 0.705 21.3 435.593
  72 0.715 21.668 415.062
  73 0.725 21.074 404.415
  74 0.735 18.944 393.26
  75 0.745 18.258 393.809
  76 0.755 20.188 413.743
  77 0.765 21.49 396.912
  78 0.775 21.576 384.715
  79 0.785 21.292 387.915
  80 0.795 21.594 369.039
  81 0.805 21.726 388.682
  82 0.815 21.936 369.766
  83 0.825 22 359.614
  84 0.835 22 379.706
  85 0.845 21.844 384.611
  86 0.855 20.884 385.475
  87 0.865 18.918 367.294
  88 0.875 19.304 353.358
  89 0.885 21.118 346.656
  90 0.895 21.932 361.783
  91 0.905 22 349.264
  92 0.915 22 333.398
  93 0.925 21.962 327.101
  94 0.935 21.776 339.948
  95 0.945 21.504 326.31
  96 0.955 21.244 324.677
  97 0.965 21.6 310.812
  98 0.975 21.816 315.825
  99 0.985 20.794 319.594
  100 0.995 18.158 297.1
175000 100 2112
  1 0.005 18.496 284.563
  2 0.015 21.038 268.522
  3 0.025 21.87 281.235
  4 0.035 21.506 283.136
  5 0.045 21.314 285.915
  6 0.055 21.418 310.726
  7 0.065 21.878 325.133
  8 0.075 21.948 350.418
  9 0.085 22 334.463
  10 0.095 22 352.884
  11 0.105 21.856 358.128
  12 0.115 21 369.015
  13 0.125 18.77 381.978
  14 0.135 19.616 374.668
  15 0.145 20.858 382.108
  16 0.155 21.906 378.376
  17 0.165 21.992 374.859
  18 0.175 21.978 393.084
  19 0.185 21.95 386.805
  20 0.195 21.754 387.727
  21 0.205 21.368 375.968
  22 0.215 21.35 390.543
  23 0.225 21.65 393.198
  24 0.235 21.326 393.837
  25 0.245 19.946 380.277
  26 0.255 17.972 405.486
  27 0.265 19.434 404.604
  28 0.275 21.342 415.63
  29 0.285 21.642 413.552
  30 0.295 21.29 386.254
  31 0.305 21.454 379.293
  32 0.315 21.584 422.271
  33 0.325 21.968 412.233
  34 0.335 21.996 417.339
  35 0.345 21.984 425.7
  36 0.355 21.936 428.292
  37 0.365 21.312 414.57
  38 0.375 19.242 428.626
  39 0.385 18.64 425.902
  40 0.395 20.97 439.077
  41 0.405 21.914 452.811
  42 0.415 21.996 464.381
  43 0.425 22 479.194
  44 0.435 21.916 493.432
  45 0.445 21.708 483.867
  46 0.455 21.4 483.697
  47 0.465 21.36 502.71
  48 0.475 21.63 507.454
  49 0.485 21.076 513.425
  50 0.495 19.026 521.39
  51 0.505 18.092 539.534
  52 0.515 20.156 538.628
  53 0.525 21.53 536.606
  54 0.535 21.342 534.966
  55 0.545 21.32 547.149
  56 0.555 21.61 527.181
  57 0.565 21.858 531.066
  58 0.575 21.98 484.23
  59 0.585 22 489.084
  60 0.595 21.884 512.76
  61 0.605 21.006 490.845
  62 0.615 19.172 506.897
  63 0.625 19.284 531.58
  64 0.635 20.81 508.301
  65 0.645 21.84 482.107
  66 0.655 22.004 452.027
  67 0.665 22 443.216
  68 0.675 21.878 449.216
  69 0.685 21.678 449.649
  70 0.695 21.218 437.009
  71 0.705 21.594 434.959
  72 0.715 21.516 441.362
  73 0.725 20.826 417.669
  74 0.735 18.994 425.796
  75 0.745 18.39 403.3
  76 0.755 20.264 405.072
  77 0.765 21.514 373.374
  78 0.775 21.594 369.495
  79 0.785 21.294 395.049
  80 0.795 21.506 382.099
  81 0.805 21.766 385.527
  82 0.815 21.976 377.043
  83 0.825 21.992 378.871
  84 0.835 21.98 377.157
  85 0.845 21.906 383.999
  86 0.855 20.778 385.023
  87 0.865 19.062 365.246
  88 0.875 19.146 383.437
  89 0.885 21.18 375.207
  90 0.895 21.948 351.839
  91 0.905 22 377.909
  92 0.915 22 335.31
  93 0.925 21.956 335.595
  94 0.935 21.832 323.493
  95 0.945 21.534 328.875
  96 0.955 21.16 331.653
  97 0.965 21.592 320.882
  98 0.975 21.804 293.9
  99 0.985 20.606 288.273
  100 0.995 18.048 297.175
180000 100 2112
  1 0.005 18.7 290.908
  2 0.015 21.174 289.95
  3 0.025 21.774 304.093
  4 0.035 21.556 309.581
  5 0.045 21.262 314.648
  6 0.055 21.514 326.942
  7 0.065 21.872 316.081
  8 0.075 21.978 330.177
  9 0.085 21.994 331.984
  10 0.095 21.982 342.362
  11 0.105 21.846 347.993
  12 0.115 20.51 330.947
  13 0.125 19.26 325.325
  14 0.135 19.532 366.97
  15 0.145 20.99 377.754
  16 0.155 21.9 387.082
  17 0.165 21.98 389.067
  18 0.175 21.968 414.311
  19 0.185 21.936 393.726
  20 0.195 21.594 398.515
  21 0.205 21.628 399.163
  22 0.215 21.354 393.087
  23 0.225 21.548 387.099
  24 0.235 21.336 397.11
  25 0.245 19.358 414.138
  26 0.255 18.546 428.056
  27 0.265 19.492 410.121
  28 0.275 21.23 404.969
  29 0.285 21.64 391.76
  30 0.295 21.284 408.678
  31 0.305 21.444 414.682
  32 0.315 21.736 411.082
  33 0.325 21.942 413.519
  34 0.335 21.964 437.012
  35 0.345 21.996 443.77
  36 0.355 21.842 421.423
  37 0.365 21.034 416.699
  38 0.375 19.09 418.319
  39 0.385 19.172 440.116
  40 0.395 21.04 457.324
  41 0.405 21.834 474.998
  42 0.415 21.984 476.72
  43 0.425 22.008 462.557
  44 0.435 21.932 449.929
  45 0.445 21.608 495.317
  46 0.455 21.442 511.796
  47 0.465 21.318 512.339
  48 0.475 21.596 548.574
  49 0.485 20.966 517.88
  50 0.495 18.682 545.937
  51 0.505 18.376 539.494
  52 0.515 20.274 526.421
  53 0.525 21.638 500.26
  54 0.535 21.412 488.427
  55 0.545 21.41 488.794
  56 0.555 21.576 493.515
  57 0.565 21.804 497.722
  58 0.575 21.966 491.772
  59 0.585 22 468.447
  60 0.595 21.828 481.31
  61 0.605 21.12 488.584
  62 0.615 19.622 468.869
  63 0.625 19.42 471.001
  64 0.635 20.35 470.211
  65 0.645 21.672 478.96
  66 0.655 21.988 474.523
  67 0.665 21.988 453.949
  68 0.675 21.892 436.776
  69 0.685 21.694 469.33
  70 0.695 21.418 447.41
  71 0.705 21.514 429.648
  72 0.715 21.5 417.316
  73 0.725 20.982 410.108
  74 0.735 19.694 384.871
  75 0.745 18.6 422.161
  76 0.755 19.504 421.554
  77 0.765 21.122 403.288
  78 0.775 21.636 388.838
  79 0.785 21.316 393.622
  80 0.795 21.438 394.119
  81 0.805 21.748 403.767
  82 0.815 21.954 403.562
  83 0.825 22 397.413
  84 0.835 21.986 387.928
  85 0.845 21.794 379.972
  86 0.855 21.122 369.79
  87 0.865 19.078 357.892
  88 0.875 19.026 369.555
  89 0.885 21.06 353.699
  90 0.895 21.934 338.53
  91 0.905 22 347.163
  92 0.915 21.996 366.118
  93 0.925 21.946 359.11
  94 0.935 21.824 351.089
  95 0.945 21.356 347.404
  96 0.955 21.278 337.993
  97 0.965 21.664 315.004
  98 0.975 21.776 313.241
  99 0.985 20.446 298.623
  100 0.995 17.89 295.557
185000 100 2112
  1 0.005 18.576 328.41
  2 0.015 20.982 308.09
  3 0.025 21.77 290.845
  4 0.035 21.538 294.853
  5 0.045 21.286 320.769
  6 0.055 21.528 300.228
  7 0.065 21.872 300.064
  8 0.075 21.942 316.561
  9 0.085 22 342.231
  10 0.095 21.988 333.318
  11 0.105 21.782 334.789
  12 0.115 20.532 347.446
  13 0.125 19.178 360.905
  14 0.135 19.832 377.43
  15 0.145 21.05 376.453
  16 0.155 21.644 393.965
  17 0.165 22.004 387.904
  18 0.175 21.972 402.25
  19 0.185 21.892 418.449
  20 0.195 21.702 392.084
  21 0.205 21.404 422.499
  22 0.215 21.44 391.488
  23 0.225 21.614 399.135
  24 0.235 21.216 375.37
  25 0.245 19.55 387.352
  26 0.255 18.72 384.279
  27 0.265 19.282 389.76
  28 0.275 21.25 381.759
  29 0.285 21.56 408.573
  30 0.295 21.45 410.559
  31 0.305 21.35 423.172
  32 0.315 21.682 410.775
  33 0.325 21.916 409.349
  34 0.335 21.994 415.882
  35 0.345 21.996 445.249
  36 0.355 21.942 477.204
  37 0.365 21.184 486.385
  38 0.375 18.984 490.829
  39 0.385 18.852 504.619
  40 0.395 21.162 474.901
  41 0.405 21.876 464.87
  42 0.415 21.986 491.621
  43 0.425 21.98 527.288
  44 0.435 21.92 474.628
  45 0.445 21.666 471.474
  46 0.455 21.306 494.162
  47 0.465 21.462 486.202
  48 0.475 21.632 496.223
  49 0.485 20.876 486.655
  50 0.495 18.866 531.846
  51 0.505 18.244 538.145
  52 0.515 20.264 522.499
  53 0.525 21.592 504.961
  54 0.535 21.4 510.604
  55 0.545 21.382 494.943
  56 0.555 21.574 472.492
  57 0.565 21.89 491.951
  58 0.575 21.96 472.787
  59 0.585 21.972 449.239
  60 0.595 21.88 459.396
  61 0.605 20.986 444.313
  62 0.615 19.34 447.125
  63 0.625 19.58 432.588
  64 0.635 20.6 446.49
  65 0.645 21.642 481.483
  66 0.655 22 463.448
  67 0.665 21.974 447.268
  68 0.675 21.936 438.747
  69 0.685 21.72 425.86
  70 0.695 21.332 434.927
  71 0.705 21.49 406.36
  72 0.715 21.612 406.426
  73 0.725 21.218 421.952
  74 0.735 19.49 411.458
  75 0.745 18.246 414.744
  76 0.755 19.634 437.016
  77 0.765 21.35 408.222
  78 0.775 21.518 406.901
  79 0.785 21.384 418.962
  80 0.795 21.422 412.75
  81 0.805 21.714 393.428
  82 0.815 21.996 385.842
  83 0.825 21.964 391.955
  84 0.835 21.988 389.393
  85 0.845 21.912 427.901
  86 0.855 20.868 420.151
  87 0.865 19.054 394.766
  88 0.875 19.158 385.535
  89 0.885 21.078 393.225
  90 0.895 21.942 364.672
  91 0.905 22 349.908
  92 0.915 21.996 338.433
  93 0.925 21.982 350.013
  94 0.935 21.826 327.239
  95 0.945 21.394 319.888
  96 0.955 21.326 318.928
  97 0.965 21.54 315.63
  98 0.975 21.816 309.904
  99 0.985 20.44 307.196
  100 0.995 18.186 311.236
190000 100 2112
  1 0.005 18.236 312.258
  2 0.015 20.71 303.809
  3 0.025 21.76 325.975
  4 0.035 21.636 341.826
  5 0.045 21.264 344.936
  6 0.055 21.506 370.782
  7 0.065 21.726 370.048
  8 0.075 21.958 348.113
  9 0.085 22 353.229
  10 0.095 21.984 341.311
  11 0.105 21.888 334.333
  12 0.115 20.872 355.692
  13 0.125 19.764 343.663
  14 0.135 19.388 342.378
  15 0.145 20.418 361.702
  16 0.155 21.708 373.444
  17 0.165 21.978 366.129
  18 0.175 22 386.669
  19 0.185 21.956 362.665
  20 0.195 21.766 376.061
  21 0.205 21.55 376.555
  22 0.215 21.28 379.384
  23 0.225 21.526 368.244
  24 0.235 21.55 387.321
  25 0.245 20.324 372.23
  26 0.255 18.36 387.984
  27 0.265 18.766 363.307
  28 0.275 21.03 395.743
  29 0.285 21.584 435.988
  30 0.295 21.502 437.771
  31 0.305 21.274 438.702
  32 0.315 21.658 446.108
  33 0.325 21.884 453.751
  34 0.335 21.99 475.541
  35 0.345 21.988 494.188
  36 0.355 21.904 513.033
  37 0.365 21.156 478.879
  38 0.375 19.02 444.723
  39 0.385 19.04 448.627
  40 0.395 20.972 446.927
  41 0.405 21.92 443.696
  42 0.415 22 467.475
  43 0.425 21.97 472.053
  44 0.435 21.896 460.534
  45 0.445 21.682 511.781
  46 0.455 21.278 505.597
  47 0.465 21.352 500.913
  48 0.475 21.558 520.308
  49 0.485 20.588 462.988
  50 0.495 18.344 490.529
  51 0.505 18.732 486.276
  52 0.515 20.742 523.582
  53 0.525 21.538 506.919
  54 0.535 21.346 512.768
  55 0.545 21.402 515.302
  56 0.555 21.716 532.23
  57 0.565 21.884 511.828
  58 0.575 21.98 471.425
  59 0.585 21.976 446.497
  60 0.595 21.756 481.563
  61 0.605 20.58 482.556
  62 0.615 19.114 451.912
  63 0.625 19.814 441.915
  64 0.635 20.954 459.285
  65 0.645 21.83 454.886
  66 0.655 21.96 442.848
  67 0.665 22 438.338
  68 0.675 21.892 435.239
  69 0.685 21.714 421.308
  70 0.695 21.342 409.971
  71 0.705 21.4 401.594
  72 0.715 21.618 399.761
  73 0.725 20.948 421.838
  74 0.735 19.172 418.703
  75 0.745 18.358 409.218
  76 0.755 19.968 436.113
  77 0.765 21.486 412.817
  78 0.775 21.574 426.899
  79 0.785 21.318 423.023
  80 0.795 21.468 417.88
  81 0.805 21.824 409.513
  82 0.815 21.938 408.6
  83 0.825 21.99 404.07
  84 0.835 21.972 395.679
  85 0.845 21.824 362.775
  86 0.855 20.83 365.872
  87 0.865 18.912 369.503
  88 0.875 19.346 365.971
  89 0.885 21.192 370.065
  90 0.895 21.926 342.166
  91 0.905 21.996 339.812
  92 0.915 21.994 342.164
  93 0.925 21.972 334.745
  94 0.935 21.87 328.189
  95 0.945 21.374 317.647
  96 0.955 21.336 308.177
  97 0.965 21.536 304.789
  98 0.975 21.872 313.01
  99 0.985 20.958 313.711
  100 0.995 18.292 309.97
195000 100 2112
  1 0.005 18.368 331.156
  2 0.015 20.766 315.331
  3 0.025 21.788 328.634
  4 0.035 21.51 341.194
  5 0.045 21.322 314.231
  6 0.055 21.504 330.027
  7 0.065 21.79 348.215
  8 0.075 21.98 358.335
  9 0.085 21.998 347.373
  10 0.095 21.998 358.242
  11 0.105 21.758 349.329
  12 0.115 20.864 354.186
  13 0.125 19.136 366.982
  14 0.135 19.296 372.401
  15 0.145 21.08 376.269
  16 0.155 21.868 382.825
  17 0.165 21.994 376.768
  18 0.175 21.992 380.752
  19 0.185 21.888 373.512
  20 0.195 21.792 379.264
  21 0.205 21.404 385.86
  22 0.215 21.38 367.472
  23 0.225 21.594 366.744
  24 0.235 21.456 368.834
  25 0.245 19.872 386.686
  26 0.255 18.22 374.107
  27 0.265 19.324 399.295
  28 0.275 21.126 396.891
  29 0.285 21.602 422.689
  30 0.295 21.44 427.878
  31 0.305 21.414 427.646
  32 0.315 21.584 427.759
  33 0.325 21.932 421.631
  34 0.335 21.986 449.721
  35 0.345 22 428.584
  36 0.355 21.894 456.823
  37 0.365 21.03 463.566
  38 0.375 19.248 476.961
  39 0.385 18.89 477.573
  40 0.395 21.104 454.209
  41 0.405 21.834 457.92
  42 0.415 21.992 450.806
  43 0.425 21.998 447.807
  44 0.435 21.906 476.118
  45 0.445 21.576 512.988
  46 0.455 21.478 486.907
  47 0.465 21.434 505.869
  48 0.475 21.516 534.639
  49 0.485 20.738 510.001
  50 0.495 18.7 525.5
  51 0.505 18.296 536.956
  52 0.515 20.586 506.718
  53 0.525 21.466 514.559
  54 0.535 21.502 500.343
  55 0.545 21.368 486.905
  56 0.555 21.632 476.638
  57 0.565 21.83 513.701
  58 0.575 21.982 495.848
  59 0.585 22 486.174
  60 0.595 21.812 462.209
  61 0.605 20.994 453.003
  62 0.615 19.216 464.899
  63 0.625 19.418 438.351
  64 0.635 20.79 453.906
  65 0.645 21.838 472.477
  66 0.655 21.932 461.263
  67 0.665 21.978 456.623
  68 0.675 21.904 444.744
  69 0.685 21.626 452.145
  70 0.695 21.43 440.782
  71 0.705 21.426 434.359
  72 0.715 21.592 408.462
  73 0.725 21.062 413.084
  74 0.735 19.232 397.933
  75 0.745 18.342 386.389
  76 0.755 19.958 409.507
  77 0.765 21.41 408.802
  78 0.775 21.57 415.23
  79 0.785 21.19 425.813
  80 0.795 21.508 430.918
  81 0.805 21.822 424.407
  82 0.815 21.956 418.952
  83 0.825 21.996 411.257
  84 0.835 21.998 365.222
  85 0.845 21.828 370.235
  86 0.855 21.09 355.506
  87 0.865 18.838 350.428
  88 0.875 19.292 354.279
  89 0.885 21.028 354.833
  90 0.895 21.946 354.752
  91 0.905 21.978 359.595
  92 0.915 22 345.424
  93 0.925 21.976 326.926
  94 0.935 21.842 333.568
  95 0.945 21.488 323.438
  96 0.955 21.212 322.312
  97 0.965 21.594 317.418
  98 0.975 21.794 310.907
  99 0.985 20.856 328.17
  100 0.995 18.212 313.1
200000 100 2112
  1 0.005 18.666 281.005
  2 0.015 21.006 264.786
  3 0.025 21.79 278.266
  4 0.035 21.45 308.844
  5 0.045 21.34 301.761
  6 0.055 21.582 318.261
  7 0.065 21.768 320.659
  8 0.075 21.982 321.715
  9 0.085 21.994 340.834
  10 0.095 21.922 346.386
  11 0.105 21.902 327.396
  12 0.115 20.862 349.485
  13 0.125 19.2 368.862
  14 0.135 19.372 386.11
  15 0.145 20.872 376.485
  16 0.155 21.87 387.589
  17 0.165 22 407.677
  18 0.175 22 388.765
  19 0.185 21.912 397.264
  20 0.195 21.744 406.235
  21 0.205 21.478 404.013
  22 0.215 21.316 399.146
  23 0.225 21.62 398.931
  24 0.235 21.532 376.215
  25 0.245 19.79 384.422
  26 0.255 17.784 381.545
  27 0.265 19.5 386.431
  28 0.275 21.298 390.752
  29 0.285 21.712 400.764
  30 0.295 21.386 421.344
  31 0.305 21.37 413.911
  32 0.315 21.668 421.66
  33 0.325 21.904 453.852
  34 0.335 21.974 442.731
  35 0.345 21.988 439.805
  36 0.355 21.906 422.599
  37 0.365 21.138 456.362
  38 0.375 19.05 476.371
  39 0.385 19.16 503.619
  40 0.395 20.892 483.958
  41 0.405 21.878 485.219
  42 0.415 22 460.411
  43 0.425 21.976 493.021
  44 0.435 21.94 473.544
  45 0.445 21.608 488.558
  46 0.455 21.434 480.067
  47 0.465 21.382 522.234
  48 0.475 21.582 521.123
  49 0.485 20.618 533.384
  50 0.495 18.792 523.699
  51 0.505 18.42 514.69
  52 0.515 20.434 542.881
  53 0.525 21.48 528.587
  54 0.535 21.546 507.269
  55 0.545 21.302 484.092
  56 0.555 21.662 467.339
  57 0.565 21.882 459.447
  58 0.575 21.95 469.079
  59 0.585 21.97 477.153
  60 0.595 21.92 457.863
  61 0.605 21.012 467.429
  62 0.615 19.548 461.443
  63 0.625 19.168 467.457
  64 0.635 20.708 447.551
  65 0.645 21.69 428.698
  66 0.655 21.976 462.384
  67 0.665 21.982 460.785
  68 0.675 21.944 445.251
  69 0.685 21.746 450.911
  70 0.695 21.454 440.396
  71 0.705 21.28 437.84
  72 0.715 21.676 408.816
  73 0.725 21.2 423.361
  74 0.735 19.508 421.282
  75 0.745 18.126 427.853
  76 0.755 19.588 443.995
  77 0.765 21.456 432.806
  78 0.775 21.56 427.403
  79 0.785 21.322 434.87
  80 0.795 21.44 431.701
  81 0.805 21.774 418.369
  82 0.815 21.95 423.234
  83 0.825 21.994 403.137
  84 0.835 22 369.587
  85 0.845 21.908 367.231
  86 0.855 21.222 343.556
  87 0.865 18.42 374.559
  88 0.875 19.158 370.739
  89 0.885 21.338 380.096
  90 0.895 21.954 370.271
  91 0.905 22 351.993
  92 0.915 22 339.087
  93 0.925 21.962 347.702
  94 0.935 21.77 329.876
  95 0.945 21.49 309.962
  96 0.955 21.224 314.027
  97 0.965 21.67 323.633
  98 0.975 21.554 325.71
  99 0.985 20.362 311.127
  100 0.995 18.39 292.936
205000 100 2112
  1 0.005 18.484 277.05
  2 0.015 21.014 277.983
  3 0.025 21.792 284.989
  4 0.035 21.572 296.744
  5 0.045 21.258 314.948
  6 0.055 21.504 316.687
  7 0.065 21.858 322.477
  8 0.075 21.946 330.342
  9 0.085 22 351.852
  10 0.095 22 341.973
  11 0.105 21.834 342.343
  12 0.115 20.702 363.116
  13 0.125 19.186 357.959
  14 0.135 19.46 364.523
  15 0.145 20.916 394.479
  16 0.155 21.902 380.422
  17 0.165 22 415.655
  18 0.175 21.974 411.618
  19 0.185 21.938 415.226
  20 0.195 21.706 395.24
  21 0.205 21.404 397.001
  22 0.215 21.404 390.61
  23 0.225 21.608 382.29
  24 0.235 21.508 378.31
  25 0.245 19.75 399.71
  26 0.255 17.81 400.335
  27 0.265 19.412 393.863
  28 0.275 21.474 388.796
  29 0.285 21.668 401.268
  30 0.295 21.352 419.46
  31 0.305 21.402 435.125
  32 0.315 21.694 429.896
  33 0.325 21.924 439.642
  34 0.335 21.98 442.611
  35 0.345 21.992 451.771
  36 0.355 21.948 447.483
  37 0.365 21.204 448.594
  38 0.375 19.27 453.819
  39 0.385 18.612 467.793
  40 0.395 21.052 447.799
  41 0.405 21.914 446.928
  42 0.415 22 457.127
  43 0.425 21.956 450.199
  44 0.435 21.948 453.719
  45 0.445 21.738 484.396
  46 0.455 21.328 486.511
  47 0.465 21.442 509.098
  48 0.475 21.472 520.26
  49 0.485 20.838 520.144
  50 0.495 19.102 540.246
  51 0.505 18.264 547.099
  52 0.515 20.246 557.092
  53 0.525 21.406 527.228
  54 0.535 21.536 512.55
  55 0.545 21.356 527.489
  56 0.555 21.538 504.703
  57 0.565 21.86 493.591
  58 0.575 21.974 478.698
  59 0.585 21.972 492.739
  60 0.595 21.938 499.957
  61 0.605 20.974 502.87
  62 0.615 19.302 477.271
  63 0.625 19.19 461.451
  64 0.635 20.804 464.595
  65 0.645 21.816 472.408
  66 0.655 22 444.287
  67 0.665 21.99 435.627
  68 0.675 21.926 439.388
  69 0.685 21.768 414.905
  70 0.695 21.354 435.93
  71 0.705 21.376 439.37
  72 0.715 21.564 443.057
  73 0.725 21.374 438.871
  74 0.735 19.488 394.512
  75 0.745 17.744 405.267
  76 0.755 19.822 410.117
  77 0.765 21.526 406.049
  78 0.775 21.63 392.374
  79 0.785 21.344 422.33
  80 0.795 21.444 404.456
  81 0.805 21.69 416.424
  82 0.815 21.98 405.907
  83 0.825 21.98 421.022
  84 0.835 22 428.364
  85 0.845 21.78 423.887
  86 0.855 21.088 387.894
  87 0.865 18.814 369.483
  88 0.875 19.134 362.722
  89 0.885 21.26 365.349
  90 0.895 21.924 367.72
  91 0.905 22 352.622
  92 0.915 21.98 344.789
  93 0.925 21.962 340.621
  94 0.935 21.764 308.027
  95 0.945 21.446 297.244
  96 0.955 21.286 311.165
  97 0.965 21.64 296.52
  98 0.975 21.718 303.388
  99 0.985 20.504 278.784
  100 0.995 18.272 271.514
210000 100 2112.0000000000005
  1 0.005 18.374 269.662
  2 0.015 20.72 289.802
  3 0.025 21.758 301.543
  4 0.035 21.598 296.861
  5 0.045 21.346 313.399
  6 0.055 21.486 328.938
  7 0.065 21.748 340.981
  8 0.075 21.948 358.975
  9 0.085 21.994 336.078
  10 0.095 21.992 334.634
  11 0.105 21.778 348.453
  12 0.115 21.088 336.584
  13 0.125 19.422 339.2
  14 0.135 18.844 344.921
  15 0.145 20.99 345.369
  16 0.155 21.886 349.041
  17 0.165 22 377.456
  18 0.175 22 368.963
  19 0.185 21.956 345.953
  20 0.195 21.848 348.857
  21 0.205 21.436 366.15
  22 0.215 21.224 387.338
  23 0.225 21.59 393.822
  24 0.235 21.726 412.463
  25 0.245 20.17 393.147
  26 0.255 17.734 418.467
  27 0.265 19.07 401.318
  28 0.275 21.292 432.022
  29 0.285 21.646 446.619
  30 0.295 21.446 419.823
  31 0.305 21.234 435.2
  32 0.315 21.7 444.617
  33 0.325 21.944 454.343
  34 0.335 21.984 460.586
  35 0.345 22 429.072
  36 0.355 21.908 420.27
  37 0.365 21.15 430.239
  38 0.375 19.138 433.206
  39 0.385 18.962 439.79
  40 0.395 20.972 466.459
  41 0.405 21.886 480.246
  42 0.415 21.984 506.657
  43 0.425 21.996 465.902
  44 0.435 21.846 483.97
  45 0.445 21.81 487.19
  46 0.455 21.244 500.567
  47 0.465 21.354 504.438
  48 0.475 21.584 483.698
  49 0.485 20.618 484.322
  50 0.495 19.018 523.6
  51 0.505 18.438 572.465
  52 0.515 20.37 547.855
  53 0.525 21.49 518.662
  54 0.535 21.424 505.154
  55 0.545 21.384 484.13
  56 0.555 21.584 508.695
  57 0.565 21.88 501.642
  58 0.575 21.97 533.614
  59 0.585 21.962 509.426
  60 0.595 21.898 506.479
  61 0.605 20.854 512.111
  62 0.615 19.104 520.859
  63 0.625 19.268 517.224
  64 0.635 20.988 474.811
  65 0.645 21.928 458.968
  66 0.655 21.986 467.159
  67 0.665 21.988 438.295
  68 0.675 21.916 433.265
  69 0.685 21.694 438.715
  70 0.695 21.432 420.731
  71 0.705 21.252 424.093
  72 0.715 21.744 408.517
  73 0.725 21.338 410.722
  74 0.735 19 435.897
  75 0.745 17.886 435.232
  76 0.755 20.078 445.914
  77 0.765 21.606 406.44
  78 0.775 21.57 378.475
  79 0.785 21.268 381.175
  80 0.795 21.468 375.754
  81 0.805 21.776 399.654
  82 0.815 21.99 402.521
  83 0.825 21.996 387.771
  84 0.835 22 391.833
  85 0.845 21.844 404.913
  86 0.855 21.04 397.07
  87 0.865 18.876 388.035
  88 0.875 19.034 398.572
  89 0.885 21.248 361.888
  90 0.895 21.958 374.016
  91 0.905 22 352.608
  92 0.915 22 338.382
  93 0.925 21.942 354.24
  94 0.935 21.864 338.261
  95 0.945 21.51 325.614
  96 0.955 21.194 343.919
  97 0.965 21.58 321.564
  98 0.975 21.588 311.945
  99 0.985 20.628 296.948
  100 0.995 18.722 278.603
215000 100 2112
  1 0.005 18.426 280.691
  2 0.015 20.578 271.692
  3 0.025 21.738 292.447
  4 0.035 21.592 291.943
  5 0.045 21.32 309.423
  6 0.055 21.464 318.557
  7 0.065 21.762 332.934
  8 0.075 21.968 338.388
  9 0.085 21.996 342.929
  10 0.095 21.988 327.884
  11 0.105 21.826 336.691
  12 0.115 21.254 338.948
  13 0.125 19.404 356.374
  14 0.135 19.044 361.093
  15 0.145 20.64 361.376
  16 0.155 21.848 360.84
  17 0.165 21.996 364.573
  18 0.175 21.998 344.748
  19 0.185 21.982 362.335
  20 0.195 21.758 366.983
  21 0.205 21.656 375.43
  22 0.215 21.212 386.331
  23 0.225 21.522 404.1
  24 0.235 21.658 408.877
  25 0.245 20.53 396.695
  26 0.255 18.09 403.096
  27 0.265 18.654 430.696
  28 0.275 20.998 429.729
  29 0.285 21.656 428.475
  30 0.295 21.49 424.313
  31 0.305 21.232 458.094
  32 0.315 21.76 445.004
  33 0.325 21.808 465.478
  34 0.335 21.996 474.955
  35 0.345 22 463.957
  36 0.355 21.864 473.861
  37 0.365 20.922 460.85
  38 0.375 19.2 423.993
  39 0.385 19.228 428.814
  40 0.395 20.97 465.47
  41 0.405 21.836 471.963
  42 0.415 21.98 459.496
  43 0.425 21.99 464.467
  44 0.435 21.892 471.449
  45 0.445 21.66 492.862
  46 0.455 21.36 495.577
  47 0.465 21.45 506.22
  48 0.475 21.33 555.411
  49 0.485 20.596 541.031
  50 0.495 18.624 547.979
  51 0.505 18.896 578.432
  52 0.515 20.442 557.603
  53 0.525 21.422 565.671
  54 0.535 21.408 556.553
  55 0.545 21.422 537.434
  56 0.555 21.616 536.576
  57 0.565 21.906 517.846
  58 0.575 21.986 516.417
  59 0.585 21.924 495.995
  60 0.595 21.652 465.98
  61 0.605 20.492 490.731
  62 0.615 18.932 493.965
  63 0.625 19.868 492.277
  64 0.635 21.194 470.012
  65 0.645 21.938 433.447
  66 0.655 22 449.382
  67 0.665 21.972 431.227
  68 0.675 21.884 451.604
  69 0.685 21.614 454.614
  70 0.695 21.398 448.726
  71 0.705 21.39 421.186
  72 0.715 21.69 442.219
  73 0.725 21.164 419.608
  74 0.735 18.764 436.48
  75 0.745 17.954 444.999
  76 0.755 20.39 434.344
  77 0.765 21.654 416.606
  78 0.775 21.528 435.977
  79 0.785 21.214 373.992
  80 0.795 21.564 362.04
  81 0.805 21.852 363.091
  82 0.815 21.972 379.351
  83 0.825 21.996 376.936
  84 0.835 22 359.399
  85 0.845 21.932 361.108
  86 0.855 21.094 360.98
  87 0.865 18.942 345.58
  88 0.875 19.04 344.717
  89 0.885 21.1 331.749
  90 0.895 21.892 361.291
  91 0.905 22 343.912
  92 0.915 22 352.275
  93 0.925 21.942 337.682
  94 0.935 21.804 335.27
  95 0.945 21.524 328.111
  96 0.955 21.3 317.911
  97 0.965 21.534 313.33
  98 0.975 21.684 312.62
  99 0.985 20.758 302.407
  100 0.995 18.61 279.994
220000 100 2112
  1 0.005 18.796 279.059
  2 0.015 20.632 275.938
  3 0.025 21.592 295.554
  4 0.035 21.54 311.178
  5 0.045 21.45 295.884
  6 0.055 21.504 323.348
  7 0.065 21.748 325.309
  8 0.075 21.96 332.761
  9 0.085 21.968 337.52
  10 0.095 21.996 344.38
  11 0.105 21.852 342.509
  12 0.115 20.954 345.624
  13 0.125 19.094 317.552
  14 0.135 19.672 332.895
  15 0.145 20.622 344.213
  16 0.155 21.81 347.753
  17 0.165 21.992 357.675
  18 0.175 21.992 355.51
  19 0.185 21.95 380.977
  20 0.195 21.81 398.134
  21 0.205 21.558 391.076
  22 0.215 21.292 410.993
  23 0.225 21.48 419.207
  24 0.235 21.746 398.2
  25 0.245 20.288 414.642
  26 0.255 17.976 423.173
  27 0.265 18.822 418.578
  28 0.275 21.164 407.682
  29 0.285 21.706 405.005
  30 0.295 21.462 403.27
  31 0.305 21.276 417.444
  32 0.315 21.584 424.052
  33 0.325 21.92 451.47
  34 0.335 21.978 438.364
  35 0.345 22 445.1
  36 0.355 21.794 474.038
  37 0.365 21.246 492.766
  38 0.375 19.502 478.473
  39 0.385 18.784 479.146
  40 0.395 20.858 470.349
  41 0.405 21.85 502.86
  42 0.415 21.954 524.41
  43 0.425 21.986 528.062
  44 0.435 21.866 514.714
  45 0.445 21.598 522.218
  46 0.455 21.412 546.04
  47 0.465 21.54 531.845
  48 0.475 21.348 519.753
  49 0.485 20.614 555.512
  50 0.495 19.086 541.628
  51 0.505 18.628 535.328
  52 0.515 20.204 516.352
  53 0.525 21.442 514.977
  54 0.535 21.508 507.581
  55 0.545 21.382 466.043
  56 0.555 21.606 498.891
  57 0.565 21.842 509.386
  58 0.575 21.95 503.105
  59 0.585 22 494.167
  60 0.595 21.692 500.132
  61 0.605 20.78 517.036
  62 0.615 19.59 481.967
  63 0.625 19.556 484.711
  64 0.635 20.634 478.135
  65 0.645 21.784 451.842
  66 0.655 21.964 440.983
  67 0.665 22 427.359
  68 0.675 21.906 403.074
  69 0.685 21.722 422.414
  70 0.695 21.31 428.862
  71 0.705 21.384 404.806
  72 0.715 21.638 426.412
  73 0.725 21.1 436.488
  74 0.735 18.964 468.355
  75 0.745 17.92 416.719
  76 0.755 20.306 417.397
  77 0.765 21.662 428.159
  78 0.775 21.574 391.491
  79 0.785 21.222 400.497
  80 0.795 21.54 407.309
  81 0.805 21.762 391.58
  82 0.815 21.992 411.465
  83 0.825 21.998 404.788
  84 0.835 22 390.692
  85 0.845 21.816 388.6
  86 0.855 20.544 382.71
  87 0.865 18.676 393.71
  88 0.875 19.55 360.41
  89 0.885 21.458 348.725
  90 0.895 21.956 352.915
  91 0.905 22 335.69
  92 0.915 22 311.842
  93 0.925 21.944 293.992
  94 0.935 21.718 326.374
  95 0.945 21.452 333.258
  96 0.955 21.292 316.178
  97 0.965 21.638 299.469
  98 0.975 21.538 292.374
  99 0.985 20.334 284.308
  100 0.995 18.898 271.998
225000 100 2112.0000000000005
  1 0.005 18.942 271.968
  2 0.015 20.87 271.119
  3 0.025 21.67 289.693
  4 0.035 21.552 294.637
  5 0.045 21.33 285.947
  6 0.055 21.494 291.594
  7 0.065 21.852 299.16
  8 0.075 21.962 321.763
  9 0.085 22.002 313.033
  10 0.095 21.992 341.802
  11 0.105 21.864 343.547
  12 0.115 20.922 343.472
  13 0.125 19.056 357.76
  14 0.135 19.396 363.633
  15 0.145 21.046 355.433
  16 0.155 21.728 352.745
  17 0.165 21.988 362.498
  18 0.175 21.996 377.514
  19 0.185 21.972 372.988
  20 0.195 21.748 392.388
  21 0.205 21.456 401.442
  22 0.215 21.35 410.009
  23 0.225 21.55 406.989
  24 0.235 21.682 400.574
  25 0.245 20.176 394.262
  26 0.255 18.098 410.229
  27 0.265 18.85 394.958
  28 0.275 21.19 451.209
  29 0.285 21.646 429.183
  30 0.295 21.398 432.706
  31 0.305 21.382 427.87
  32 0.315 21.66 437.38
  33 0.325 21.862 453.718
  34 0.335 21.992 444.213
  35 0.345 21.99 461.001
  36 0.355 21.974 485.464
  37 0.365 21.128 508.554
  38 0.375 19.684 475.857
  39 0.385 18.802 503.101
  40 0.395 20.638 470.058
  41 0.405 21.792 477.781
  42 0.415 21.984 483.406
  43 0.425 21.976 450.837
  44 0.435 21.938 475.14
  45 0.445 21.638 519.185
  46 0.455 21.488 521.935
  47 0.465 21.322 535.674
  48 0.475 21.454 567.595
  49 0.485 20.602 537.55
  50 0.495 18.952 539.308
  51 0.505 18.494 526.019
  52 0.515 20.404 527.321
  53 0.525 21.446 507.819
  54 0.535 21.528 488.961
  55 0.545 21.348 478.564
  56 0.555 21.562 495.894
  57 0.565 21.902 514.094
  58 0.575 21.95 509.149
  59 0.585 22.01 516.424
  60 0.595 21.852 488.887
  61 0.605 20.972 480.768
  62 0.615 19.352 498.55
  63 0.625 19.154 490.644
  64 0.635 20.838 482.613
  65 0.645 21.87 462.765
  66 0.655 21.948 455.297
  67 0.665 21.954 429.131
  68 0.675 21.958 457.52
  69 0.685 21.716 452.352
  70 0.695 21.302 458.792
  71 0.705 21.398 429.52
  72 0.715 21.688 443.197
  73 0.725 21.188 421.772
  74 0.735 19.328 405.026
  75 0.745 17.918 399.505
  76 0.755 19.964 432.192
  77 0.765 21.536 423.911
  78 0.775 21.546 433.454
  79 0.785 21.232 398.887
  80 0.795 21.554 394.872
  81 0.805 21.752 392.526
  82 0.815 21.968 394.808
  83 0.825 21.998 395.041
  84 0.835 21.982 383.968
  85 0.845 21.862 381.453
  86 0.855 20.686 404.633
  87 0.865 18.766 375.195
  88 0.875 19.562 338.955
  89 0.885 21.282 345.175
  90 0.895 21.86 361.381
  91 0.905 22 353.288
  92 0.915 21.996 337.721
  93 0.925 21.94 327.141
  94 0.935 21.704 334.74
  95 0.945 21.444 312.857
  96 0.955 21.332 300.99
  97 0.965 21.62 302.325
  98 0.975 21.606 286.933
  99 0.985 20.152 292.65
  100 0.995 18.54 286.676
230000 100 2112.0000000000005
  1 0.005 18.118 273.332
  2 0.015 20.622 246.528
  3 0.025 21.752 263.16
  4 0.035 21.58 268.862
  5 0.045 21.392 296.079
  6 0.055 21.396 292.732
  7 0.065 21.768 294.372
  8 0.075 21.926 322.245
  9 0.085 21.998 317.568
  10 0.095 22 335.515
  11 0.105 21.87 350.578
  12 0.115 21.348 369.089
  13 0.125 19.508 367.733
  14 0.135 19.104 357.336
  15 0.145 20.474 351.603
  16 0.155 21.696 379.573
  17 0.165 22 410.368
  18 0.175 21.996 399.305
  19 0.185 21.95 402.247
  20 0.195 21.866 399.883
  21 0.205 21.49 405.075
  22 0.215 21.18 428.608
  23 0.225 21.618 407.602
  24 0.235 21.682 386.164
  25 0.245 20.122 379.96
  26 0.255 17.534 413.234
  27 0.265 19.136 415.536
  28 0.275 21.42 417.307
  29 0.285 21.708 421.713
  30 0.295 21.334 431.986
  31 0.305 21.358 446.806
  32 0.315 21.688 447.173
  33 0.325 21.926 451.784
  34 0.335 21.992 426.526
  35 0.345 21.996 436.743
  36 0.355 21.906 469.496
  37 0.365 20.892 468.788
  38 0.375 19.042 449.87
  39 0.385 19.388 440.177
  40 0.395 20.918 449.419
  41 0.405 21.858 471.315
  42 0.415 22 481.485
  43 0.425 21.952 521.835
  44 0.435 21.888 512.836
  45 0.445 21.702 521.514
  46 0.455 21.348 546.209
  47 0.465 21.42 545.831
  48 0.475 21.436 560.881
  49 0.485 20.692 504.011
  50 0.495 18.664 511.549
  51 0.505 18.592 543.323
  52 0.515 20.528 541.044
  53 0.525 21.492 542.351
  54 0.535 21.428 540.884
  55 0.545 21.302 502.241
  56 0.555 21.75 474.57
  57 0.565 21.81 488.003
  58 0.575 22.004 487.142
  59 0.585 21.974 476.666
  60 0.595 21.886 463.491
  61 0.605 21.106 449.215
  62 0.615 18.94 480.004
  63 0.625 19.214 470.682
  64 0.635 21.1 467.427
  65 0.645 21.82 453.69
  66 0.655 21.952 491.727
  67 0.665 21.994 488.786
  68 0.675 21.848 454.646
  69 0.685 21.654 446.793
  70 0.695 21.39 479.469
  71 0.705 21.372 457.489
  72 0.715 21.67 447.964
  73 0.725 21.028 439.785
  74 0.735 18.87 411.11
  75 0.745 17.712 419.941
  76 0.755 20.62 404.331
  77 0.765 21.73 410.208
  78 0.775 21.548 402.838
  79 0.785 21.21 412.417
  80 0.795 21.55 394.232
  81 0.805 21.84 385.532
  82 0.815 21.964 371.171
  83 0.825 22 378.457
  84 0.835 21.984 355.743
  85 0.845 21.888 369.57
  86 0.855 20.712 376.609
  87 0.865 18.868 374.466
  88 0.875 19.304 380.347
  89 0.885 21.286 370.975
  90 0.895 21.958 372.534
  91 0.905 22 367.121
  92 0.915 22 347.203
  93 0.925 21.944 314.974
  94 0.935 21.8 341.836
  95 0.945 21.508 323.055
  96 0.955 21.278 311.817
  97 0.965 21.566 284.454
  98 0.975 21.708 305.341
  99 0.985 20.78 305.606
  100 0.995 18.864 296.817
235000 100 2111.9999999999995
  1 0.005 18.06 294.831
  2 0.015 20.502 268.876
  3 0.025 21.782 282.473
  4 0.035 21.546 291.541
  5 0.045 21.372 302.448
  6 0.055 21.418 305.324
  7 0.065 21.786 314.856
  8 0.075 21.96 339.621
  9 0.085 21.992 351.761
  10 0.095 22 341.792
  11 0.105 21.898 337.579
  12 0.115 21.302 352.356
  13 0.125 19.466 354.965
  14 0.135 18.874 369.907
  15 0.145 20.648 363.963
  16 0.155 21.852 369.092
  17 0.165 21.96 380.055
  18 0.175 22 383.514
  19 0.185 21.98 364.604
  20 0.195 21.85 386.424
  21 0.205 21.46 406.602
  22 0.215 21.308 400.476
  23 0.225 21.524 410.734
  24 0.235 21.746 406.754
  25 0.245 20.176 417.215
  26 0.255 18.124 425.077
  27 0.265 18.746 439.686
  28 0.275 21.136 433.19
  29 0.285 21.626 462.257
  30 0.295 21.358 425.623
  31 0.305 21.344 413.403
  32 0.315 21.718 423.322
  33 0.325 21.906 428.315
  34 0.335 22.008 462.813
  35 0.345 21.99 456.139
  36 0.355 21.922 426.718
  37 0.365 21.246 438.531
  38 0.375 19.154 446.775
  39 0.385 18.974 447.497
  40 0.395 20.89 459.103
  41 0.405 21.834 486.301
  42 0.415 21.98 487.956
  43 0.425 21.972 498.437
  44 0.435 21.918 501.5
  45 0.445 21.552 532.105
  46 0.455 21.388 520.25
  47 0.465 21.422 540.163
  48 0.475 21.426 525.135
  49 0.485 20.252 534.657
  50 0.495 18.83 539.915
  51 0.505 18.946 561.2
  52 0.515 20.51 591.133
  53 0.525 21.306 579.393
  54 0.535 21.504 543.313
  55 0.545 21.35 537.935
  56 0.555 21.746 516.718
  57 0.565 21.934 503.328
  58 0.575 21.944 475.074
  59 0.585 21.958 494.364
  60 0.595 21.696 486.437
  61 0.605 20.738 497.214
  62 0.615 18.862 485.996
  63 0.625 19.504 485.527
  64 0.635 21.412 469.266
  65 0.645 21.84 501.026
  66 0.655 21.99 446.349
  67 0.665 21.986 439.484
  68 0.675 21.9 439.961
  69 0.685 21.6 430.801
  70 0.695 21.344 443.654
  71 0.705 21.432 419.561
  72 0.715 21.652 424.659
  73 0.725 21.266 388.36
  74 0.735 18.942 396.077
  75 0.745 17.818 381.368
  76 0.755 20.24 392.329
  77 0.765 21.718 422.117
  78 0.775 21.594 408.362
  79 0.785 21.284 405.182
  80 0.795 21.424 403.437
  81 0.805 21.822 389.597
  82 0.815 21.986 376.216
  83 0.825 21.992 369.623
  84 0.835 22 397.915
  85 0.845 21.82 391.087
  86 0.855 20.972 367.926
  87 0.865 19.114 355.438
  88 0.875 19.208 339.983
  89 0.885 20.996 356.547
  90 0.895 21.898 350.893
  91 0.905 21.992 355.645
  92 0.915 21.99 345.745
  93 0.925 21.934 342.465
  94 0.935 21.848 342.417
  95 0.945 21.5 302.09
  96 0.955 21.28 315.362
  97 0.965 21.544 296.126
  98 0.975 21.638 299.595
  99 0.985 20.828 278.693
  100 0.995 19.02 300.2
240000 100 2112
  1 0.005 18.37 274.417
  2 0.015 20.808 275.592
  3 0.025 21.708 294.946
  4 0.035 21.514 298.806
  5 0.045 21.318 309.727
  6 0.055 21.516 315.408
  7 0.065 21.816 336.381
  8 0.075 21.97 324.096
  9 0.085 21.994 359.077
  10 0.095 21.99 364.923
  11 0.105 21.912 340.858
  12 0.115 21.066 340.891
  13 0.125 18.758 354.618
  14 0.135 19.584 331.165
  15 0.145 20.908 337.554
  16 0.155 21.804 376.597
  17 0.165 21.978 399.5
  18 0.175 21.998 365.341
  19 0.185 21.946 386.489
  20 0.195 21.758 405.551
  21 0.205 21.476 391.68
  22 0.215 21.312 392.834
  23 0.225 21.586 409.007
  24 0.235 21.578 392.71
  25 0.245 20.22 398.545
  26 0.255 17.966 395.095
  27 0.265 19.01 400.521
  28 0.275 21.19 410.192
  29 0.285 21.68 430.789
  30 0.295 21.37 442.29
  31 0.305 21.38 460.847
  32 0.315 21.604 436.917
  33 0.325 21.944 465.948
  34 0.335 21.982 465.831
  35 0.345 22 457.386
  36 0.355 21.94 492.24
  37 0.365 21.262 464.884
  38 0.375 19.306 440.985
  39 0.385 18.862 464.527
  40 0.395 20.798 467.366
  41 0.405 21.836 497.25
  42 0.415 21.982 501.515
  43 0.425 22 513.53
  44 0.435 21.89 473.013
  45 0.445 21.626 480.025
  46 0.455 21.336 528.167
  47 0.465 21.49 496.24
  48 0.475 21.488 505.069
  49 0.485 20.818 512.103
  50 0.495 19.006 551.429
  51 0.505 18.668 567.975
  52 0.515 20.056 573.93
  53 0.525 21.354 574.291
  54 0.535 21.424 580.593
  55 0.545 21.492 553.218
  56 0.555 21.538 533.624
  57 0.565 21.87 500.221
  58 0.575 21.966 501.04
  59 0.585 21.984 497.767
  60 0.595 21.79 498.02
  61 0.605 20.812 488.645
  62 0.615 19.356 456.354
  63 0.625 19.298 455.981
  64 0.635 20.992 435.385
  65 0.645 21.76 447.581
  66 0.655 21.998 449.77
  67 0.665 21.994 445.158
  68 0.675 21.89 439.622
  69 0.685 21.66 449.842
  70 0.695 21.314 462.002
  71 0.705 21.438 460.576
  72 0.715 21.634 442.237
  73 0.725 21.054 431.982
  74 0.735 19.026 427.752
  75 0.745 17.692 410.588
  76 0.755 20.538 410.082
  77 0.765 21.644 398.92
  78 0.775 21.646 368.78
  79 0.785 21.124 377.406
  80 0.795 21.516 354.242
  81 0.805 21.852 378.462
  82 0.815 21.986 369.938
  83 0.825 21.994 383.251
  84 0.835 21.95 369.006
  85 0.845 21.91 351.989
  86 0.855 20.832 359.611
  87 0.865 18.854 353.457
  88 0.875 19.084 348.789
  89 0.885 21.456 358.253
  90 0.895 21.924 354.508
  91 0.905 21.99 345.061
  92 0.915 21.996 347.968
  93 0.925 21.942 344.467
  94 0.935 21.754 343.607
  95 0.945 21.448 330.389
  96 0.955 21.356 327.683
  97 0.965 21.566 321.801
  98 0.975 21.664 311.301
  99 0.985 20.506 296.921
  100 0.995 18.754 303.037
245000 100 2112
  1 0.005 18.984 287.209
  2 0.015 20.788 294.155
  3 0.025 21.684 304.448
  4 0.035 21.474 303.578
  5 0.045 21.402 308.117
  6 0.055 21.566 310.816
  7 0.065 21.796 332.093
  8 0.075 21.946 348.178
  9 0.085 21.994 360.989
  10 0.095 21.982 363.818
  11 0.105 21.874 335.02
  12 0.115 20.748 339.895
  13 0.125 19.134 329.772
  14 0.135 19.55 355.735
  15 0.145 20.97 339.398
  16 0.155 21.752 352.773
  17 0.165 21.99 347.349
  18 0.175 21.992 382.164
  19 0.185 21.922 407.038
  20 0.195 21.748 424.922
  21 0.205 21.516 403.166
  22 0.215 21.294 390.354
  23 0.225 21.674 396.748
  24 0.235 21.528 399.394
  25 0.245 20.166 449.936
  26 0.255 18.166 411.986
  27 0.265 18.97 424.258
  28 0.275 21.068 425.786
  29 0.285 21.632 451.024
  30 0.295 21.376 436.075
  31 0.305 21.42 439.073
  32 0.315 21.624 448.588
  33 0.325 21.914 445.774
  34 0.335 22.002 447.504
  35 0.345 21.988 455.882
  36 0.355 21.824 468.588
  37 0.365 21.222 488.695
  38 0.375 19.172 474.496
  39 0.385 19.2 469.685
  40 0.395 20.846 465.163
  41 0.405 21.764 491.595
  42 0.415 21.972 484.299
  43 0.425 21.97 472.5
  44 0.435 21.932 485.678
  45 0.445 21.688 495.909
  46 0.455 21.358 501.295
  47 0.465 21.416 532.731
  48 0.475 21.522 542.296
  49 0.485 20.748 547.152
  50 0.495 18.718 575.775
  51 0.505 18.6 557.697
  52 0.515 20.306 556.411
  53 0.525 21.474 530.814
  54 0.535 21.432 522.586
  55 0.545 21.372 492.279
  56 0.555 21.748 499.867
  57 0.565 21.756 489.711
  58 0.575 21.974 517.241
  59 0.585 21.98 505.699
  60 0.595 21.79 492.638
  61 0.605 21.066 454.851
  62 0.615 19.286 471.629
  63 0.625 19.364 475.974
  64 0.635 20.778 465.127
  65 0.645 21.722 473.754
  66 0.655 21.976 469.201
  67 0.665 21.99 482.95
  68 0.675 21.954 459.428
  69 0.685 21.596 464.969
  70 0.695 21.408 458.515
  71 0.705 21.434 427.318
  72 0.715 21.592 415.071
  73 0.725 21.084 405.459
  74 0.735 19.412 417.097
  75 0.745 18.124 394.025
  76 0.755 19.862 398.865
  77 0.765 21.546 390.702
  78 0.775 21.544 408.016
  79 0.785 21.336 420.316
  80 0.795 21.352 392.776
  81 0.805 21.822 370.419
  82 0.815 21.968 382.821
  83 0.825 22 387.454
  84 0.835 22 355.977
  85 0.845 21.928 359.377
  86 0.855 21.034 359.031
  87 0.865 18.464 354.784
  88 0.875 19.382 341.613
  89 0.885 21.276 349.141
  90 0.895 21.916 355.654
  91 0.905 22 332.539
  92 0.915 21.996 313.384
  93 0.925 21.926 311.737
  94 0.935 21.79 326.903
  95 0.945 21.404 334.868
  96 0.955 21.326 346.205
  97 0.965 21.628 315.64
  98 0.975 21.546 306.753
  99 0.985 20.164 311.098
  100 0.995 18.586 293.308
250000 100 2112.0000000000005
  1 0.005 18.41 289.008
  2 0.015 20.538 281.517
  3 0.025 21.754 308.289
  4 0.035 21.564 321.999
  5 0.045 21.462 337.34
  6 0.055 21.324 336.631
  7 0.065 21.806 326.983
  8 0.075 21.946 331.966
  9 0.085 21.996 303.383
  10 0.095 22 302.443
  11 0.105 21.9 316.426
  12 0.115 21.05 327.317
  13 0.125 19.262 351.541
  14 0.135 19.494 350.244
  15 0.145 20.838 339.781
  16 0.155 21.552 360.168
  17 0.165 21.912 369.044
  18 0.175 21.992 370.892
  19 0.185 21.956 379.319
  20 0.195 21.788 382.88
  21 0.205 21.48 380.842
  22 0.215 21.416 389.722
  23 0.225 21.538 407.006
  24 0.235 21.45 406.357
  25 0.245 20.404 412.195
  26 0.255 18.6 385.919
  27 0.265 18.436 397.41
  28 0.275 20.97 407.266
  29 0.285 21.772 406.468
  30 0.295 21.394 421.142
  31 0.305 21.328 422.027
  32 0.315 21.596 423.062
  33 0.325 21.892 437.486
  34 0.335 21.98 428.931
  35 0.345 22 454.512
  36 0.355 21.93 439.055
  37 0.365 21.44 447.191
  38 0.375 19.456 481.436
  39 0.385 18.706 513.342
  40 0.395 20.598 507.44
  41 0.405 21.87 491.705
  42 0.415 21.998 515.311
  43 0.425 21.998 528.136
  44 0.435 21.85 537.789
  45 0.445 21.722 524
  46 0.455 21.4 563.313
  47 0.465 21.306 565.658
  48 0.475 21.546 533.824
  49 0.485 20.506 549.59
  50 0.495 18.682 571.768
  51 0.505 18.682 593.689
  52 0.515 20.442 563.072
  53 0.525 21.59 539.769
  54 0.535 21.442 525.151
  55 0.545 21.318 535.372
  56 0.555 21.668 495.049
  57 0.565 21.876 498.426
  58 0.575 21.974 489.698
  59 0.585 21.964 478.905
  60 0.595 21.848 493.248
  61 0.605 20.512 475.337
  62 0.615 18.924 481.844
  63 0.625 19.83 486.904
  64 0.635 21.194 455.805
  65 0.645 21.758 471.578
  66 0.655 21.966 434.161
  67 0.665 21.948 436.346
  68 0.675 21.888 445.416
  69 0.685 21.622 426.998
  70 0.695 21.256 425.121
  71 0.705 21.598 413.975
  72 0.715 21.406 424.046
  73 0.725 20.444 451.426
  74 0.735 18.962 449.927
  75 0.745 18.726 436.499
  76 0.755 20.396 450.296
  77 0.765 21.536 412.928
  78 0.775 21.48 401.164
  79 0.785 21.344 393.934
  80 0.795 21.578 365.106
  81 0.805 21.826 379.419
  82 0.815 21.994 372.878
  83 0.825 22 357.239
  84 0.835 21.99 342.953
  85 0.845 21.912 354.275
  86 0.855 20.882 346.204
  87 0.865 18.746 348.932
  88 0.875 19.246 344.059
  89 0.885 21.328 345.416
  90 0.895 21.896 345.379
  91 0.905 22 349.34
  92 0.915 21.99 335.535
  93 0.925 21.968 340.744
  94 0.935 21.852 356.281
  95 0.945 21.444 349.009
  96 0.955 21.23 353.887
  97 0.965 21.62 331.086
  98 0.975 21.742 334.951
  99 0.985 20.59 321.345
  100 0.995 18.764 306.763
255000 100 2112
  1 0.005 18.538 275.051
  2 0.015 20.648 287.239
  3 0.025 21.65 300.432
  4 0.035 21.58 303.385
  5 0.045 21.392 307.992
  6 0.055 21.436 300.855
  7 0.065 21.764 304.261
  8 0.075 21.966 314.412
  9 0.085 21.988 312.989
  10 0.095 22 329.921
  11 0.105 21.852 352.009
  12 0.115 21.102 362.886
  13 0.125 19.444 361.243
  14 0.135 19.614 354.563
  15 0.145 20.528 361.717
  16 0.155 21.528 363.884
  17 0.165 21.932 365.957
  18 0.175 21.996 382.046
  19 0.185 21.968 372.356
  20 0.195 21.816 373.202
  21 0.205 21.544 390.518
  22 0.215 21.346 365.425
  23 0.225 21.486 386.857
  24 0.235 21.536 417.729
  25 0.245 20.372 406.492
  26 0.255 18.702 405.954
  27 0.265 18.518 397.862
  28 0.275 20.786 376.225
  29 0.285 21.704 397.574
  30 0.295 21.488 383.383
  31 0.305 21.258 395.954
  32 0.315 21.66 418.701
  33 0.325 21.85 411.818
  34 0.335 21.974 431.95
  35 0.345 21.996 446
  36 0.355 21.928 464.776
  37 0.365 21.502 469.15
  38 0.375 19.404 500.288
  39 0.385 18.704 490.366
  40 0.395 20.772 494.35
  41 0.405 21.72 503.212
  42 0.415 21.97 529.256
  43 0.425 21.946 499.66
  44 0.435 21.998 531.576
  45 0.445 21.628 540.621
  46 0.455 21.25 564.152
  47 0.465 21.406 592.516
  48 0.475 21.44 573.712
  49 0.485 20.114 530.791
  50 0.495 18.738 545.119
  51 0.505 19 570.081
  52 0.515 20.666 545.223
  53 0.525 21.392 557.929
  54 0.535 21.372 545.88
  55 0.545 21.524 506.312
  56 0.555 21.656 513.177
  57 0.565 21.892 512.877
  58 0.575 21.98 496.652
  59 0.585 21.946 467.993
  60 0.595 21.644 460.726
  61 0.605 20.266 488.743
  62 0.615 19.188 475.403
  63 0.625 20.086 478.003
  64 0.635 21.066 466.444
  65 0.645 21.832 460.331
  66 0.655 21.966 479.163
  67 0.665 21.994 468.574
  68 0.675 21.848 457.376
  69 0.685 21.616 458.424
  70 0.695 21.374 465.987
  71 0.705 21.478 472.404
  72 0.715 21.456 493.227
  73 0.725 20.722 463.959
  74 0.735 18.664 465.134
  75 0.745 18.7 450.178
  76 0.755 20.394 432.756
  77 0.765 21.498 409.521
  78 0.775 21.584 382.046
  79 0.785 21.362 380.733
  80 0.795 21.498 363.678
  81 0.805 21.852 339.705
  82 0.815 21.964 366.175
  83 0.825 22 349.313
  84 0.835 21.988 347.467
  85 0.845 21.73 352.909
  86 0.855 21.112 344.569
  87 0.865 18.788 335.558
  88 0.875 19.528 331.846
  89 0.885 21.026 334.603
  90 0.895 21.838 351.469
  91 0.905 21.988 339.205
  92 0.915 22.002 331.281
  93 0.925 21.966 326.108
  94 0.935 21.818 354.897
  95 0.945 21.452 359.208
  96 0.955 21.316 355.752
  97 0.965 21.51 349.293
  98 0.975 21.696 330.254
  99 0.985 20.676 295.659
  100 0.995 18.604 298.891
260000 100 2112
  1 0.005 18.528 279.75
  2 0.015 20.964 289.659
  3 0.025 21.688 308.356
  4 0.035 21.508 316.807
  5 0.045 21.392 323.204
  6 0.055 21.456 322.028
  7 0.065 21.866 314.94
  8 0.075 21.956 323.884
  9 0.085 22.006 331.413
  10 0.095 21.994 352.259
  11 0.105 21.736 337.392
  12 0.115 20.722 320.509
  13 0.125 19.01 314.937
  14 0.135 19.756 330.401
  15 0.145 21.152 337.384
  16 0.155 21.67 332.9
  17 0.165 21.954 350.87
  18 0.175 22 363.033
  19 0.185 21.944 372.147
  20 0.195 21.716 377.485
  21 0.205 21.476 371.45
  22 0.215 21.378 388.788
  23 0.225 21.594 403.295
  24 0.235 21.388 390.943
  25 0.245 19.86 411.142
  26 0.255 18.586 428.734
  27 0.265 19.222 407.126
  28 0.275 20.866 427.258
  29 0.285 21.532 419.649
  30 0.295 21.516 437.438
  31 0.305 21.384 427.963
  32 0.315 21.732 424.937
  33 0.325 21.822 440.996
  34 0.335 21.992 462.913
  35 0.345 21.992 449.81
  36 0.355 21.93 451.058
  37 0.365 21.188 469.355
  38 0.375 19.232 476.25
  39 0.385 19.17 479.449
  40 0.395 20.716 524.569
  41 0.405 21.802 538.386
  42 0.415 21.956 544.671
  43 0.425 21.938 498.263
  44 0.435 21.974 501.799
  45 0.445 21.642 494.945
  46 0.455 21.436 501.676
  47 0.465 21.45 520.448
  48 0.475 21.496 543.029
  49 0.485 20.878 528.816
  50 0.495 18.716 566.157
  51 0.505 18.684 572.271
  52 0.515 20.194 552.637
  53 0.525 21.316 541.811
  54 0.535 21.484 522.737
  55 0.545 21.426 517.298
  56 0.555 21.584 522.191
  57 0.565 21.828 504.649
  58 0.575 21.966 514.602
  59 0.585 21.994 474.806
  60 0.595 21.772 461.657
  61 0.605 20.966 475.46
  62 0.615 19.242 486.968
  63 0.625 19.548 492.876
  64 0.635 20.864 492.954
  65 0.645 21.628 489.78
  66 0.655 21.98 446.355
  67 0.665 21.988 476.295
  68 0.675 21.818 475.413
  69 0.685 21.64 444.075
  70 0.695 21.47 442.95
  71 0.705 21.424 461.229
  72 0.715 21.518 456.797
  73 0.725 20.84 472.222
  74 0.735 19.408 465.454
  75 0.745 18.164 451.421
  76 0.755 20.052 443.572
  77 0.765 21.502 401.096
  78 0.775 21.662 391.831
  79 0.785 21.242 381.717
  80 0.795 21.544 373.775
  81 0.805 21.774 404.043
  82 0.815 21.96 385.544
  83 0.825 21.994 374.604
  84 0.835 21.992 352.525
  85 0.845 21.73 350.115
  86 0.855 20.982 333.679
  87 0.865 18.528 325.939
  88 0.875 19.782 341.245
  89 0.885 21.088 352.111
  90 0.895 21.898 346.629
  91 0.905 22 326.616
  92 0.915 21.992 327.794
  93 0.925 21.994 334.681
  94 0.935 21.756 317.46
  95 0.945 21.432 336.005
  96 0.955 21.244 323.017
  97 0.965 21.648 328.138
  98 0.975 21.8 319.269
  99 0.985 20.548 311.185
  100 0.995 18.228 300.66
265000 100 2111.9999999999995
  1 0.005 18.994 270.868
  2 0.015 21.234 272.696
  3 0.025 21.736 271.2
  4 0.035 21.51 288.854
  5 0.045 21.328 315.873
  6 0.055 21.524 320.14
  7 0.065 21.866 333.224
  8 0.075 21.954 339.302
  9 0.085 21.996 334.067
  10 0.095 22 366.014
  11 0.105 21.782 360.755
  12 0.115 20.548 339.73
  13 0.125 18.966 343.007
  14 0.135 20.036 343.948
  15 0.145 21.056 346.965
  16 0.155 21.626 345.551
  17 0.165 21.986 331.061
  18 0.175 21.99 337.26
  19 0.185 21.984 330.031
  20 0.195 21.696 352.236
  21 0.205 21.624 380.251
  22 0.215 21.29 392.256
  23 0.225 21.6 389.247
  24 0.235 21.468 407.789
  25 0.245 20.214 403.662
  26 0.255 18.488 431.683
  27 0.265 19.076 421.975
  28 0.275 20.706 445.682
  29 0.285 21.602 438.349
  30 0.295 21.396 434.354
  31 0.305 21.362 443.716
  32 0.315 21.688 454.162
  33 0.325 21.846 448.5
  34 0.335 21.97 434.124
  35 0.345 22 448.129
  36 0.355 21.842 469.315
  37 0.365 21.268 484.841
  38 0.375 19.166 500.503
  39 0.385 18.972 493.211
  40 0.395 20.978 465.205
  41 0.405 21.786 482.348
  42 0.415 21.986 492.828
  43 0.425 21.992 528.453
  44 0.435 21.942 499.973
  45 0.445 21.668 508.461
  46 0.455 21.354 528.001
  47 0.465 21.318 548.399
  48 0.475 21.588 563.813
  49 0.485 20.892 557.863
  50 0.495 18.694 545.47
  51 0.505 18.468 571.226
  52 0.515 20.51 559.388
  53 0.525 21.348 549.197
  54 0.535 21.42 520.925
  55 0.545 21.388 515.527
  56 0.555 21.586 486.969
  57 0.565 21.93 482.231
  58 0.575 21.924 500.454
  59 0.585 21.974 504.384
  60 0.595 21.772 486.892
  61 0.605 20.68 497.871
  62 0.615 19.48 467.345
  63 0.625 19.888 461.916
  64 0.635 20.614 461.435
  65 0.645 21.598 461.119
  66 0.655 21.962 439.171
  67 0.665 21.98 447.349
  68 0.675 21.888 450.157
  69 0.685 21.674 434.271
  70 0.695 21.48 432.536
  71 0.705 21.418 442.448
  72 0.715 21.514 433.857
  73 0.725 21.084 443.606
  74 0.735 19.198 462.969
  75 0.745 18.412 437.201
  76 0.755 19.846 457.549
  77 0.765 21.364 449.296
  78 0.775 21.574 428.866
  79 0.785 21.27 405.495
  80 0.795 21.624 408.39
  81 0.805 21.716 373.265
  82 0.815 21.998 383.712
  83 0.825 21.972 396.816
  84 0.835 21.992 365.298
  85 0.845 21.87 347.98
  86 0.855 20.848 374.548
  87 0.865 18.49 353.362
  88 0.875 19.404 347.017
  89 0.885 21.462 344.517
  90 0.895 21.934 334.752
  91 0.905 22 329.115
  92 0.915 22 333.129
  93 0.925 21.98 339.542
  94 0.935 21.724 356.625
  95 0.945 21.394 345.544
  96 0.955 21.24 321.388
  97 0.965 21.734 327.018
  98 0.975 21.702 303.529
  99 0.985 20.086 292.516
  100 0.995 17.998 281.931
270000 100 2112
  1 0.005 18.908 291.316
  2 0.015 20.69 300.254
  3 0.025 21.614 311.718
  4 0.035 21.52 303.641
  5 0.045 21.434 301.762
  6 0.055 21.422 310.601
  7 0.065 21.842 319.446
  8 0.075 21.956 330.742
  9 0.085 21.984 344.477
  10 0.095 21.984 371.274
  11 0.105 21.836 349.112
  12 0.115 20.848 354.474
  13 0.125 19.076 352.085
  14 0.135 19.764 329.687
  15 0.145 20.848 344.45
  16 0.155 21.686 339.347
  17 0.165 21.958 325.588
  18 0.175 21.984 328.439
  19 0.185 21.952 364.205
  20 0.195 21.814 378.911
  21 0.205 21.526 374.781
  22 0.215 21.42 371.976
  23 0.225 21.426 391.155
  24 0.235 21.472 398.614
  25 0.245 20.496 397.07
  26 0.255 18.904 410.332
  27 0.265 18.63 393.035
  28 0.275 20.55 415.66
  29 0.285 21.614 436.392
  30 0.295 21.474 451.773
  31 0.305 21.338 440.668
  32 0.315 21.568 450.247
  33 0.325 21.85 458.418
  34 0.335 21.996 463.158
  35 0.345 21.974 473.022
  36 0.355 21.89 511.701
  37 0.365 21.266 502.855
  38 0.375 19.43 506.947
  39 0.385 18.986 497.185
  40 0.395 20.574 504.634
  41 0.405 21.868 507.709
  42 0.415 21.998 517.285
  43 0.425 21.982 496.17
  44 0.435 21.928 517.175
  45 0.445 21.712 497.863
  46 0.455 21.234 529.437
  47 0.465 21.498 520.601
  48 0.475 21.462 523.59
  49 0.485 20.506 565.448
  50 0.495 18.6 560.779
  51 0.505 18.66 559.082
  52 0.515 20.624 569.891
  53 0.525 21.49 523.775
  54 0.535 21.406 517.274
  55 0.545 21.362 487.893
  56 0.555 21.696 479.557
  57 0.565 21.906 476.718
  58 0.575 21.938 489.862
  59 0.585 21.98 471.941
  60 0.595 21.73 458.706
  61 0.605 20.684 476.496
  62 0.615 18.824 462.924
  63 0.625 20.048 455.332
  64 0.635 21.104 466.474
  65 0.645 21.686 474.852
  66 0.655 21.936 485.201
  67 0.665 21.964 458.122
  68 0.675 21.834 451.659
  69 0.685 21.672 455.568
  70 0.695 21.37 464.284
  71 0.705 21.51 437.882
  72 0.715 21.48 430.961
  73 0.725 20.64 426.905
  74 0.735 19.07 427.072
  75 0.745 18.602 424.843
  76 0.755 20.286 428.351
  77 0.765 21.364 438.235
  78 0.775 21.55 439.56
  79 0.785 21.266 426.888
  80 0.795 21.672 407.845
  81 0.805 21.758 422.563
  82 0.815 21.966 431.663
  83 0.825 21.994 387.33
  84 0.835 21.998 359.916
  85 0.845 21.782 352.575
  86 0.855 20.768 352.889
  87 0.865 18.668 333.237
  88 0.875 19.324 334.404
  89 0.885 21.496 345.502
  90 0.895 21.97 345.392
  91 0.905 22 329.269
  92 0.915 22 310.258
  93 0.925 21.976 324.142
  94 0.935 21.816 333.415
  95 0.945 21.428 326.618
  96 0.955 21.264 311.139
  97 0.965 21.59 314.925
  98 0.975 21.784 311.776
  99 0.985 20.432 301.017
  100 0.995 18.34 303.14
275000 100 2112
  1 0.005 18.232 275.297
  2 0.015 20.514 260.836
  3 0.025 21.734 289.014
  4 0.035 21.656 308.378
  5 0.045 21.326 314.705
  6 0.055 21.49 328.226
  7 0.065 21.686 324.996
  8 0.075 21.918 313.287
  9 0.085 21.986 330.689
  10 0.095 22 340.1
  11 0.105 21.894 336.808
  12 0.115 21.044 367.328
  13 0.125 19.688 361.051
  14 0.135 19.886 370.745
  15 0.145 20.338 367.535
  16 0.155 21.356 370.117
  17 0.165 21.794 367.981
  18 0.175 22 373.004
  19 0.185 21.982 368.186
  20 0.195 21.78 385.499
  21 0.205 21.488 385.838
  22 0.215 21.536 386.385
  23 0.225 21.412 380.593
  24 0.235 21.456 374.564
  25 0.245 20.43 404.363
  26 0.255 18.788 385.064
  27 0.265 18.626 401.397
  28 0.275 20.688 401.69
  29 0.285 21.586 426.259
  30 0.295 21.468 432.987
  31 0.305 21.238 439.697
  32 0.315 21.682 434.983
  33 0.325 21.868 459.187
  34 0.335 21.972 458.541
  35 0.345 21.984 479.863
  36 0.355 21.962 490.8
  37 0.365 21.212 484.236
  38 0.375 19.224 479.083
  39 0.385 18.61 463.428
  40 0.395 21.164 456.738
  41 0.405 21.864 472.592
  42 0.415 21.98 485.854
  43 0.425 21.992 491.912
  44 0.435 21.906 482.424
  45 0.445 21.648 492.249
  46 0.455 21.35 490.54
  47 0.465 21.422 522.515
  48 0.475 21.492 540.127
  49 0.485 20.456 574.007
  50 0.495 18.498 567.761
  51 0.505 18.768 577.273
  52 0.515 20.674 545.115
  53 0.525 21.368 528.643
  54 0.535 21.528 506.705
  55 0.545 21.436 534.462
  56 0.555 21.608 522.827
  57 0.565 21.894 525.7
  58 0.575 21.982 499.852
  59 0.585 21.946 491.616
  60 0.595 21.654 486.82
  61 0.605 20.16 487.809
  62 0.615 19.194 468.324
  63 0.625 20.308 487.076
  64 0.635 21.002 493.077
  65 0.645 21.73 476.13
  66 0.655 21.976 463.475
  67 0.665 21.982 465.782
  68 0.675 21.79 473.649
  69 0.685 21.56 462.452
  70 0.695 21.422 467.214
  71 0.705 21.546 439.768
  72 0.715 21.434 423
  73 0.725 20.356 402.033
  74 0.735 18.892 401.265
  75 0.745 18.81 409.343
  76 0.755 20.43 419.51
  77 0.765 21.562 425.027
  78 0.775 21.522 436.466
  79 0.785 21.326 449.916
  80 0.795 21.558 405.046
  81 0.805 21.852 390.414
  82 0.815 21.966 377.06
  83 0.825 22 370.366
  84 0.835 21.968 372.788
  85 0.845 21.854 394.2
  86 0.855 20.834 366.006
  87 0.865 18.382 360.904
  88 0.875 19.568 333.933
  89 0.885 21.43 352.327
  90 0.895 21.988 338.49
  91 0.905 21.976 349.881
  92 0.915 21.996 334.97
  93 0.925 21.984 323.032
  94 0.935 21.86 338.262
  95 0.945 21.498 334.68
  96 0.955 21.17 340.549
  97 0.965 21.578 315.407
  98 0.975 21.79 294.461
  99 0.985 20.928 298.855
  100 0.995 18.654 287.873
280000 100 2111.9999999999995
  1 0.005 18.658 270.237
  2 0.015 21.096 270.479
  3 0.025 21.754 291.035
  4 0.035 21.524 308.444
  5 0.045 21.282 302.752
  6 0.055 21.568 303.822
  7 0.065 21.844 305.055
  8 0.075 21.948 306.243
  9 0.085 22 315.102
  10 0.095 22 330.878
  11 0.105 21.91 342.271
  12 0.115 20.838 346.915
  13 0.125 19.026 359.528
  14 0.135 19.672 371.008
  15 0.145 20.792 371.06
  16 0.155 21.876 374.208
  17 0.165 21.886 395.59
  18 0.175 22 386.532
  19 0.185 21.92 364.988
  20 0.195 21.808 362.218
  21 0.205 21.378 374.539
  22 0.215 21.406 398.264
  23 0.225 21.586 394.212
  24 0.235 21.368 410.202
  25 0.245 19.9 426.037
  26 0.255 18.64 404.401
  27 0.265 19.012 407.414
  28 0.275 20.998 413.662
  29 0.285 21.718 381.16
  30 0.295 21.476 397.873
  31 0.305 21.206 416.799
  32 0.315 21.724 416.729
  33 0.325 21.87 418.819
  34 0.335 21.992 442.771
  35 0.345 21.98 482.346
  36 0.355 21.928 462.689
  37 0.365 21.158 466.654
  38 0.375 19.482 478.973
  39 0.385 18.73 502.71
  40 0.395 20.932 474.934
  41 0.405 21.788 482.093
  42 0.415 22 496.242
  43 0.425 21.978 495.944
  44 0.435 21.926 473.125
  45 0.445 21.63 494.505
  46 0.455 21.532 506.491
  47 0.465 21.278 519.653
  48 0.475 21.544 545.465
  49 0.485 20.642 554.479
  50 0.495 18.816 583.105
  51 0.505 18.546 586.964
  52 0.515 20.44 564.94
  53 0.525 21.356 556.476
  54 0.535 21.49 527.178
  55 0.545 21.322 510.356
  56 0.555 21.764 527.221
  57 0.565 21.764 498.09
  58 0.575 21.974 502.329
  59 0.585 21.984 490.517
  60 0.595 21.866 492.021
  61 0.605 20.688 494.676
  62 0.615 19.5 475.062
  63 0.625 19.422 473.911
  64 0.635 20.906 469.915
  65 0.645 21.664 462.126
  66 0.655 21.968 447.532
  67 0.665 21.99 468.295
  68 0.675 21.842 448.833
  69 0.685 21.774 421.901
  70 0.695 21.408 427.6
  71 0.705 21.436 451.96
  72 0.715 21.542 465.888
  73 0.725 20.816 493.363
  74 0.735 19.314 456.951
  75 0.745 18.498 429.864
  76 0.755 19.8 444.092
  77 0.765 21.422 417.352
  78 0.775 21.668 400.035
  79 0.785 21.358 392.412
  80 0.795 21.418 382.026
  81 0.805 21.788 385.484
  82 0.815 21.936 370.745
  83 0.825 21.99 388.21
  84 0.835 22 397.091
  85 0.845 21.902 390.958
  86 0.855 20.856 390.372
  87 0.865 18.614 401.501
  88 0.875 19.182 381.104
  89 0.885 21.47 359.707
  90 0.895 21.976 359.451
  91 0.905 22 354.575
  92 0.915 22 338.108
  93 0.925 21.99 346.328
  94 0.935 21.81 338.781
  95 0.945 21.414 312.67
  96 0.955 21.2 300.658
  97 0.965 21.662 316.704
  98 0.975 21.738 302.969
  99 0.985 20.394 295.389
  100 0.995 18.118 289.815
285000 100 2112.0000000000005
  1 0.005 19.012 280.578
  2 0.015 21.26 274.301
  3 0.025 21.824 292.463
  4 0.035 21.45 299.054
  5 0.045 21.146 299.201
  6 0.055 21.716 286.434
  7 0.065 21.826 297.314
  8 0.075 21.982 311.15
  9 0.085 21.99 322.018
  10 0.095 21.992 335.286
  11 0.105 21.918 343.743
  12 0.115 20.552 349.31
  13 0.125 19.028 350.773
  14 0.135 19.688 355.557
  15 0.145 21.034 344.1
  16 0.155 21.802 357.527
  17 0.165 21.986 368.032
  18 0.175 21.988 383.192
  19 0.185 21.928 416.814
  20 0.195 21.662 401.641
  21 0.205 21.468 394.28
  22 0.215 21.474 402.541
  23 0.225 21.566 407.487
  24 0.235 21.428 387.521
  25 0.245 19.662 391.887
  26 0.255 18.546 393.642
  27 0.265 19.154 400.768
  28 0.275 21.134 411.646
  29 0.285 21.664 431.705
  30 0.295 21.374 421.619
  31 0.305 21.358 437.86
  32 0.315 21.74 423.725
  33 0.325 21.89 431.352
  34 0.335 21.964 424.102
  35 0.345 21.994 453.614
  36 0.355 21.962 450.155
  37 0.365 21.09 499.008
  38 0.375 19.414 433.285
  39 0.385 18.726 445.747
  40 0.395 21.018 457.972
  41 0.405 21.796 469.179
  42 0.415 22 454.916
  43 0.425 21.986 474.708
  44 0.435 21.954 489.499
  45 0.445 21.704 491.353
  46 0.455 21.364 529.126
  47 0.465 21.356 514.866
  48 0.475 21.6 543.841
  49 0.485 21.11 561.84
  50 0.495 18.824 559.445
  51 0.505 18.33 596.027
  52 0.515 20.272 575.26
  53 0.525 21.274 574.796
  54 0.535 21.618 538.4
  55 0.545 21.188 546.49
  56 0.555 21.64 519.376
  57 0.565 21.846 531.725
  58 0.575 21.94 509.735
  59 0.585 21.992 482.788
  60 0.595 21.902 512.72
  61 0.605 20.882 498.972
  62 0.615 19.4 507.455
  63 0.625 19.48 465.552
  64 0.635 20.698 453.699
  65 0.645 21.648 464.399
  66 0.655 21.982 465.957
  67 0.665 21.994 459.739
  68 0.675 21.9 453.045
  69 0.685 21.704 466.557
  70 0.695 21.328 484.319
  71 0.705 21.48 453.579
  72 0.715 21.492 454.494
  73 0.725 21.022 435.758
  74 0.735 19.382 449.747
  75 0.745 18.29 445.917
  76 0.755 19.806 434.112
  77 0.765 21.476 398.954
  78 0.775 21.644 393.709
  79 0.785 21.304 375.126
  80 0.795 21.404 396.007
  81 0.805 21.87 399.132
  82 0.815 21.914 391.489
  83 0.825 22 376.818
  84 0.835 21.98 385.007
  85 0.845 21.818 384.62
  86 0.855 20.996 368.977
  87 0.865 18.74 372.253
  88 0.875 18.992 374.939
  89 0.885 21.488 354.261
  90 0.895 21.986 358.979
  91 0.905 22 350.898
  92 0.915 22 328.776
  93 0.925 21.942 349.161
  94 0.935 21.814 336.628
  95 0.945 21.386 361.742
  96 0.955 21.234 339.196
  97 0.965 21.67 317.181
  98 0.975 21.848 302.996
  99 0.985 20.34 293.982
  100 0.995 17.56 297.024
290000 100 2112
  1 0.005 18.816 267.72
  2 0.015 21.022 263.468
  3 0.025 21.748 291.508
  4 0.035 21.552 300.17
  5 0.045 21.34 303.906
  6 0.055 21.462 293.282
  7 0.065 21.832 308.219
  8 0.075 21.942 315.113
  9 0.085 21.996 316.649
  10 0.095 22 313.623
  11 0.105 21.85 346.522
  12 0.115 21.17 328.123
  13 0.125 19.608 332.682
  14 0.135 19.3 338.112
  15 0.145 20.29 343.009
  16 0.155 21.8 361.887
  17 0.165 21.982 381.214
  18 0.175 21.994 408.632
  19 0.185 21.962 403.487
  20 0.195 21.758 407.58
  21 0.205 21.53 401.995
  22 0.215 21.46 399.67
  23 0.225 21.346 400.64
  24 0.235 21.54 393.161
  25 0.245 20.424 373.686
  26 0.255 18.78 371.421
  27 0.265 18.614 422.119
  28 0.275 20.694 424.656
  29 0.285 21.64 407.102
  30 0.295 21.48 441.004
  31 0.305 21.332 444.461
  32 0.315 21.546 437.107
  33 0.325 21.93 461.121
  34 0.335 21.982 450.476
  35 0.345 21.988 458.638
  36 0.355 21.932 462.902
  37 0.365 21.232 445.364
  38 0.375 19.578 435.402
  39 0.385 18.796 442.128
  40 0.395 20.59 478.229
  41 0.405 21.872 475.316
  42 0.415 22 469.542
  43 0.425 21.992 487.168
  44 0.435 21.91 509.475
  45 0.445 21.694 514.527
  46 0.455 21.354 536.655
  47 0.465 21.404 554.461
  48 0.475 21.55 547.362
  49 0.485 20.942 544.41
  50 0.495 18.414 569.195
  51 0.505 18.386 589.516
  52 0.515 20.568 559.409
  53 0.525 21.474 549.314
  54 0.535 21.51 532.251
  55 0.545 21.298 516.815
  56 0.555 21.654 505.248
  57 0.565 21.88 506.59
  58 0.575 21.978 523.055
  59 0.585 21.982 523.072
  60 0.595 21.728 496.552
  61 0.605 20.64 504.113
  62 0.615 19.084 525.999
  63 0.625 19.772 508.681
  64 0.635 21.046 471.923
  65 0.645 21.756 453.617
  66 0.655 21.982 475.695
  67 0.665 21.97 472.712
  68 0.675 21.802 452.291
  69 0.685 21.668 435.455
  70 0.695 21.32 423.61
  71 0.705 21.482 416.897
  72 0.715 21.52 412.195
  73 0.725 20.634 418.272
  74 0.735 19.148 430.039
  75 0.745 18.692 422.062
  76 0.755 20.152 440.895
  77 0.765 21.452 429.857
  78 0.775 21.522 411.828
  79 0.785 21.36 420.484
  80 0.795 21.522 421.605
  81 0.805 21.798 389.32
  82 0.815 21.96 388.255
  83 0.825 22 392.125
  84 0.835 21.946 399.666
  85 0.845 21.93 348.568
  86 0.855 20.746 364.667
  87 0.865 18.592 361.928
  88 0.875 19.184 361.778
  89 0.885 21.646 360.19
  90 0.895 21.956 347.781
  91 0.905 22 355.772
  92 0.915 22 358.163
  93 0.925 21.966 360.946
  94 0.935 21.8 357.959
  95 0.945 21.282 350.952
  96 0.955 21.35 330.969
  97 0.965 21.694 331.737
  98 0.975 21.762 307.843
  99 0.985 20.614 287.306
  100 0.995 17.822 278.404
295000 100 2112
  1 0.005 18.67 253.214
  2 0.015 20.974 243.855
  3 0.025 21.81 279.162
  4 0.035 21.616 299.693
  5 0.045 21.274 301.927
  6 0.055 21.446 315.546
  7 0.065 21.79 326.645
  8 0.075 21.946 322.326
  9 0.085 22 305.246
  10 0.095 22 306.516
  11 0.105 21.914 311.675
  12 0.115 21.09 328.836
  13 0.125 19.886 357.08
  14 0.135 19.172 361.172
  15 0.145 20.338 364.327
  16 0.155 21.638 375.634
  17 0.165 21.956 362.542
  18 0.175 21.988 385.679
  19 0.185 21.938 383.317
  20 0.195 21.866 365.716
  21 0.205 21.478 390.807
  22 0.215 21.456 409.4
  23 0.225 21.414 410.62
  24 0.235 21.456 407.86
  25 0.245 20.364 419.28
  26 0.255 18.682 445.358
  27 0.265 18.78 434.388
  28 0.275 20.698 439.108
  29 0.285 21.56 418.079
  30 0.295 21.496 403.683
  31 0.305 21.346 396.315
  32 0.315 21.664 404.82
  33 0.325 21.864 418.681
  34 0.335 21.956 419.241
  35 0.345 22 422.653
  36 0.355 21.986 422.587
  37 0.365 21.286 444.269
  38 0.375 19.682 444.469
  39 0.385 18.664 471.172
  40 0.395 20.556 462.321
  41 0.405 21.82 444.335
  42 0.415 22.006 483.024
  43 0.425 21.982 489.308
  44 0.435 21.89 525.227
  45 0.445 21.726 536.107
  46 0.455 21.414 538.26
  47 0.465 21.33 553.476
  48 0.475 21.568 560.246
  49 0.485 20.788 544.295
  50 0.495 18.45 554.72
  51 0.505 18.568 585.461
  52 0.515 20.454 557.305
  53 0.525 21.636 530.339
  54 0.535 21.278 531.738
  55 0.545 21.49 495.366
  56 0.555 21.556 502.919
  57 0.565 21.882 484.256
  58 0.575 21.988 482.678
  59 0.585 22 508.226
  60 0.595 21.876 519.854
  61 0.605 20.47 539.634
  62 0.615 19.288 510.068
  63 0.625 19.602 501.899
  64 0.635 21.056 474.604
  65 0.645 21.71 505.763
  66 0.655 21.998 486.962
  67 0.665 21.972 478.001
  68 0.675 21.79 456.182
  69 0.685 21.632 477.78
  70 0.695 21.306 463.08
  71 0.705 21.622 448.247
  72 0.715 21.408 451.672
  73 0.725 20.43 443.764
  74 0.735 19.018 424.575
  75 0.745 18.824 422.026
  76 0.755 20.388 408.021
  77 0.765 21.346 430.633
  78 0.775 21.6 402.689
  79 0.785 21.352 392.153
  80 0.795 21.488 397.075
  81 0.805 21.878 414.424
  82 0.815 21.946 423.46
  83 0.825 22 416.711
  84 0.835 21.952 412.065
  85 0.845 21.766 385.659
  86 0.855 20.366 391.594
  87 0.865 18.664 389.322
  88 0.875 19.666 391.833
  89 0.885 21.64 380.435
  90 0.895 21.946 378.438
  91 0.905 22 358.416
  92 0.915 22 359.031
  93 0.925 21.968 345.826
  94 0.935 21.692 330.105
  95 0.945 21.484 305.895
  96 0.955 21.224 299.641
  97 0.965 21.678 286.844
  98 0.975 21.874 285.317
  99 0.985 20.696 273.781
  100 0.995 17.858 281.243
300000 100 2111.9999999999995
  1 0.005 18.696 282.559
  2 0.015 21.386 263.783
  3 0.025 21.884 287.857
  4 0.035 21.458 281.422
  5 0.045 21.176 301.675
  6 0.055 21.592 297.129
  7 0.065 21.89 314.423
  8 0.075 21.978 324.069
  9 0.085 22 337.964
  10 0.095 21.974 342.763
  11 0.105 21.912 344.177
  12 0.115 20.492 359.399
  13 0.125 19.126 352.446
  14 0.135 19.414 370.165
  15 0.145 21.348 348.311
  16 0.155 21.734 369.454
  17 0.165 22 357.697
  18 0.175 21.986 359.863
  19 0.185 21.902 351.778
  20 0.195 21.692 378.11
  21 0.205 21.592 359.546
  22 0.215 21.422 369.056
  23 0.225 21.518 383.201
  24 0.235 21.386 374.885
  25 0.245 20.01 381.473
  26 0.255 18.624 392.037
  27 0.265 19.104 412.015
  28 0.275 20.876 422.486
  29 0.285 21.686 405.385
  30 0.295 21.424 419.402
  31 0.305 21.288 445.883
  32 0.315 21.614 420.952
  33 0.325 21.896 409.532
  34 0.335 21.988 422.78
  35 0.345 21.992 457.232
  36 0.355 21.874 465.073
  37 0.365 21.242 446.499
  38 0.375 19.54 453.313
  39 0.385 18.688 462.088
  40 0.395 20.784 453.382
  41 0.405 21.872 456.7
  42 0.415 21.992 460.361
  43 0.425 21.988 457.676
  44 0.435 21.912 473.851
  45 0.445 21.708 508.89
  46 0.455 21.432 514.17
  47 0.465 21.332 516.103
  48 0.475 21.616 538.827
  49 0.485 21.044 528.995
  50 0.495 19.05 534.879
  51 0.505 18.162 580.534
  52 0.515 20.142 578.079
  53 0.525 21.46 603.335
  54 0.535 21.402 568.323
  55 0.545 21.39 559.267
  56 0.555 21.56 547.64
  57 0.565 21.85 525.302
  58 0.575 21.962 520.768
  59 0.585 21.982 510.464
  60 0.595 21.824 496.193
  61 0.605 21.22 472.252
  62 0.615 19.228 475.619
  63 0.625 19.416 467.253
  64 0.635 20.496 462.923
  65 0.645 21.852 477.179
  66 0.655 21.97 472.463
  67 0.665 21.964 491.69
  68 0.675 21.932 474.952
  69 0.685 21.682 480.426
  70 0.695 21.408 481.013
  71 0.705 21.45 473.376
  72 0.715 21.398 471.733
  73 0.725 20.898 456.897
  74 0.735 19.518 463.089
  75 0.745 18.492 463.059
  76 0.755 19.792 439.394
  77 0.765 21.354 422.289
  78 0.775 21.588 423.043
  79 0.785 21.242 415.895
  80 0.795 21.636 405.021
  81 0.805 21.706 405.093
  82 0.815 21.95 381.201
  83 0.825 22 377.958
  84 0.835 21.984 393.137
  85 0.845 21.946 377.838
  86 0.855 20.556 391.755
  87 0.865 18.872 382.354
  88 0.875 19.39 378.64
  89 0.885 21.304 379.203
  90 0.895 21.948 383.63
  91 0.905 22 359.496
  92 0.915 22 318.151
  93 0.925 21.966 332.54
  94 0.935 21.814 314.386
  95 0.945 21.358 334.98
  96 0.955 21.19 315.003
  97 0.965 21.73 304.513
  98 0.975 21.776 325.558
  99 0.985 20.374 295.489
  100 0.995 17.732 286.524
305000 100 2112
  1 0.005 18.4 305.241
  2 0.015 21.168 293.197
  3 0.025 21.862 312.935
  4 0.035 21.414 319.392
  5 0.045 21.228 308.504
  6 0.055 21.614 313.943
  7 0.065 21.826 316.917
  8 0.075 21.978 320.751
  9 0.085 22 339.683
  10 0.095 22 361.95
  11 0.105 21.792 381.661
  12 0.115 20.672 388.438
  13 0.125 18.748 365.061
  14 0.135 19.542 371.621
  15 0.145 21.294 348.486
  16 0.155 21.952 332.8
  17 0.165 22 345.152
  18 0.175 21.994 348.372
  19 0.185 21.966 334.017
  20 0.195 21.662 346.815
  21 0.205 21.468 359.403
  22 0.215 21.374 368.981
  23 0.225 21.578 356.348
  24 0.235 21.112 389.697
  25 0.245 19.784 397.621
  26 0.255 18.744 387.803
  27 0.265 19.338 402.077
  28 0.275 20.946 418.622
  29 0.285 21.658 400.831
  30 0.295 21.478 396.549
  31 0.305 21.306 446.424
  32 0.315 21.728 422.188
  33 0.325 21.876 433.491
  34 0.335 21.988 455.766
  35 0.345 22 445.914
  36 0.355 21.854 478.786
  37 0.365 21.196 437.056
  38 0.375 19.382 431.324
  39 0.385 18.882 447.759
  40 0.395 20.844 449.16
  41 0.405 21.846 439.33
  42 0.415 21.996 449.743
  43 0.425 21.992 474.388
  44 0.435 21.894 472.663
  45 0.445 21.81 509.568
  46 0.455 21.348 533.14
  47 0.465 21.344 534.5
  48 0.475 21.61 525.951
  49 0.485 21.038 537.764
  50 0.495 19.25 558.182
  51 0.505 18.072 574.005
  52 0.515 20.078 593.004
  53 0.525 21.42 602.305
  54 0.535 21.404 597.677
  55 0.545 21.326 575.158
  56 0.555 21.6 531.78
  57 0.565 21.854 495.017
  58 0.575 21.96 508.391
  59 0.585 21.99 491.503
  60 0.595 21.818 491.82
  61 0.605 21.31 496.997
  62 0.615 19.268 497.29
  63 0.625 19.072 494.128
  64 0.635 20.702 485.317
  65 0.645 21.846 449.382
  66 0.655 21.994 443.096
  67 0.665 21.976 456.696
  68 0.675 21.926 450.876
  69 0.685 21.762 453.099
  70 0.695 21.38 465.873
  71 0.705 21.304 491.397
  72 0.715 21.52 447.014
  73 0.725 20.992 438.269
  74 0.735 19.402 417.776
  75 0.745 18.256 443.913
  76 0.755 19.992 451.439
  77 0.765 21.356 462.822
  78 0.775 21.552 431.718
  79 0.785 21.338 422.117
  80 0.795 21.576 378.692
  81 0.805 21.734 386.988
  82 0.815 21.934 380.454
  83 0.825 22 373.425
  84 0.835 21.99 373.451
  85 0.845 21.912 375.711
  86 0.855 20.804 375.374
  87 0.865 18.988 369.05
  88 0.875 19.186 343.849
  89 0.885 21.17 366.378
  90 0.895 21.96 354.366
  91 0.905 21.99 349.568
  92 0.915 22 347.954
  93 0.925 21.958 357.817
  94 0.935 21.726 339.825
  95 0.945 21.41 334.723
  96 0.955 21.42 324.57
  97 0.965 21.616 323.942
  98 0.975 21.712 331.741
  99 0.985 20.522 326.553
  100 0.995 18.146 297.768
310000 100 2112
  1 0.005 18.778 299.307
  2 0.015 21.362 305.296
  3 0.025 21.804 313.88
  4 0.035 21.45 302.645
  5 0.045 21.268 303.252
  6 0.055 21.592 332.939
  7 0.065 21.85 329.007
  8 0.075 21.98 351.045
  9 0.085 21.992 329.788
  10 0.095 22 344.011
  11 0.105 21.93 313.136
  12 0.115 20.96 317.757
  13 0.125 19.232 349.969
  14 0.135 19.096 345.25
  15 0.145 20.976 329.077
  16 0.155 21.86 350.177
  17 0.165 21.946 334.689
  18 0.175 22 350.058
  19 0.185 21.896 349.271
  20 0.195 21.908 360.679
  21 0.205 21.446 385.586
  22 0.215 21.318 393.484
  23 0.225 21.534 366.394
  24 0.235 21.412 375.435
  25 0.245 20.42 402.068
  26 0.255 18.712 411.087
  27 0.265 18.822 411.6
  28 0.275 20.654 436.822
  29 0.285 21.58 442.502
  30 0.295 21.478 448.059
  31 0.305 21.378 427.584
  32 0.315 21.566 435.43
  33 0.325 21.898 435.987
  34 0.335 21.978 441.108
  35 0.345 22 476.779
  36 0.355 21.95 492.615
  37 0.365 21.236 481.69
  38 0.375 19.168 471.159
  39 0.385 18.984 465.416
  40 0.395 20.804 459.78
  41 0.405 21.872 446.65
  42 0.415 21.986 461.281
  43 0.425 21.98 458.873
  44 0.435 21.914 475.014
  45 0.445 21.688 492.704
  46 0.455 21.378 485.633
  47 0.465 21.42 477.287
  48 0.475 21.582 510.943
  49 0.485 20.976 551.53
  50 0.495 18.502 574.896
  51 0.505 18.494 570.874
  52 0.515 20.334 591.236
  53 0.525 21.446 606.403
  54 0.535 21.422 585.526
  55 0.545 21.344 542.46
  56 0.555 21.672 517.68
  57 0.565 21.892 498.219
  58 0.575 21.96 495.705
  59 0.585 21.954 492.947
  60 0.595 21.79 490.181
  61 0.605 20.992 503.348
  62 0.615 19.13 489.899
  63 0.625 19.326 457.316
  64 0.635 20.984 441.953
  65 0.645 21.82 427.703
  66 0.655 21.994 431.02
  67 0.665 21.986 456.808
  68 0.675 21.878 448.779
  69 0.685 21.63 463.165
  70 0.695 21.624 432.329
  71 0.705 21.228 442.962
  72 0.715 21.59 453.809
  73 0.725 21.02 424.801
  74 0.735 19.446 442.945
  75 0.745 18.452 417.458
  76 0.755 19.608 403.686
  77 0.765 21.388 414.431
  78 0.775 21.69 427.017
  79 0.785 21.354 430.716
  80 0.795 21.37 414.859
  81 0.805 21.806 395.031
  82 0.815 21.96 382.724
  83 0.825 21.976 386.096
  84 0.835 21.978 381.89
  85 0.845 21.866 373.312
  86 0.855 20.852 392.348
  87 0.865 18.63 372.593
  88 0.875 19.328 364.865
  89 0.885 21.414 348.44
  90 0.895 21.932 366.261
  91 0.905 22 362.294
  92 0.915 21.996 365.253
  93 0.925 21.966 362.986
  94 0.935 21.768 361.037
  95 0.945 21.398 365.787
  96 0.955 21.282 367.409
  97 0.965 21.632 356.173
  98 0.975 21.688 326.292
  99 0.985 20.372 303.838
  100 0.995 17.822 299.558
315000 100 2112
  1 0.005 18.842 288.38
  2 0.015 21.104 289.047
  3 0.025 21.856 284.416
  4 0.035 21.486 294.877
  5 0.045 21.246 299.604
  6 0.055 21.56 299.586
  7 0.065 21.82 296.89
  8 0.075 21.992 323.232
  9 0.085 21.994 325.008
  10 0.095 22 335.418
  11 0.105 21.878 332.861
  12 0.115 20.966 335.038
  13 0.125 19.51 343.261
  14 0.135 18.942 369.546
  15 0.145 20.828 343.744
  16 0.155 21.884 347.9
  17 0.165 21.992 354.592
  18 0.175 21.992 371.336
  19 0.185 21.964 360.337
  20 0.195 21.81 353.957
  21 0.205 21.548 363.451
  22 0.215 21.382 375.858
  23 0.225 21.44 373.87
  24 0.235 21.47 406.413
  25 0.245 20.41 367.297
  26 0.255 18.772 391.212
  27 0.265 18.738 404.843
  28 0.275 20.608 440.156
  29 0.285 21.604 459.057
  30 0.295 21.506 437.674
  31 0.305 21.334 422.707
  32 0.315 21.58 436.18
  33 0.325 21.87 437.251
  34 0.335 21.972 445.038
  35 0.345 22 430.96
  36 0.355 21.966 438.843
  37 0.365 21.422 445.766
  38 0.375 19.594 466.32
  39 0.385 18.842 469.255
  40 0.395 20.43 467.704
  41 0.405 21.756 460.897
  42 0.415 21.99 443.062
  43 0.425 22 444.568
  44 0.435 21.976 487.972
  45 0.445 21.726 507.359
  46 0.455 21.382 500.14
  47 0.465 21.296 513.593
  48 0.475 21.616 522.721
  49 0.485 21.106 542.546
  50 0.495 18.758 577.444
  51 0.505 18.19 572.617
  52 0.515 20.21 569.839
  53 0.525 21.512 591.676
  54 0.535 21.418 568.083
  55 0.545 21.402 580.423
  56 0.555 21.596 584.045
  57 0.565 21.854 563.541
  58 0.575 21.958 535.681
  59 0.585 21.99 494.461
  60 0.595 21.894 517.794
  61 0.605 20.578 487.468
  62 0.615 18.856 458.521
  63 0.625 19.396 441.516
  64 0.635 21.364 432.72
  65 0.645 21.922 408.431
  66 0.655 22 427.143
  67 0.665 21.988 425.071
  68 0.675 21.796 428.022
  69 0.685 21.716 448.963
  70 0.695 21.402 437.486
  71 0.705 21.432 441.141
  72 0.715 21.55 421.779
  73 0.725 20.572 436.324
  74 0.735 19.044 460.102
  75 0.745 18.644 444.194
  76 0.755 20.208 419.677
  77 0.765 21.492 414.775
  78 0.775 21.466 421.212
  79 0.785 21.382 430.993
  80 0.795 21.566 421.912
  81 0.805 21.786 402.501
  82 0.815 21.97 405.703
  83 0.825 21.984 409.041
  84 0.835 21.986 404.466
  85 0.845 21.772 405.161
  86 0.855 20.36 404.936
  87 0.865 18.668 397.926
  88 0.875 19.876 387.534
  89 0.885 21.392 394.384
  90 0.895 21.948 387.726
  91 0.905 22 366.73
  92 0.915 21.99 368.58
  93 0.925 21.942 361.508
  94 0.935 21.784 334.068
  95 0.945 21.418 333.861
  96 0.955 21.266 331.559
  97 0.965 21.654 327.617
  98 0.975 21.728 332.994
  99 0.985 20.332 318.262
  100 0.995 17.986 297.046
320000 100 2112
  1 0.005 18.596 273.027
  2 0.015 21.452 264.107
  3 0.025 21.842 286.62
  4 0.035 21.456 306.975
  5 0.045 21.206 288.122
  6 0.055 21.578 305.47
  7 0.065 21.874 297.562
  8 0.075 21.962 313.709
  9 0.085 22 304.113
  10 0.095 21.98 335.036
  11 0.105 21.826 356.507
  12 0.115 21.03 340.45
  13 0.125 19.178 349.688
  14 0.135 19.156 345.662
  15 0.145 20.952 331.446
  16 0.155 21.878 358.722
  17 0.165 22 348.493
  18 0.175 22 364.546
  19 0.185 21.95 372.593
  20 0.195 21.762 372.079
  21 0.205 21.544 391.169
  22 0.215 21.366 389.244
  23 0.225 21.536 401.146
  24 0.235 21.486 399.225
  25 0.245 20.228 411.383
  26 0.255 18.426 423.856
  27 0.265 19.036 452.309
  28 0.275 20.812 480.702
  29 0.285 21.524 461.613
  30 0.295 21.414 437.835
  31 0.305 21.378 427.786
  32 0.315 21.67 433.931
  33 0.325 21.892 455.521
  34 0.335 21.976 483.686
  35 0.345 22 471.857
  36 0.355 21.874 449.395
  37 0.365 21.16 458.009
  38 0.375 19.074 459.367
  39 0.385 19.13 434.123
  40 0.395 20.956 442.584
  41 0.405 21.798 474.618
  42 0.415 22.008 472.945
  43 0.425 21.978 479.303
  44 0.435 21.876 502.507
  45 0.445 21.582 517.12
  46 0.455 21.452 477.673
  47 0.465 21.44 497.326
  48 0.475 21.472 528.203
  49 0.485 20.682 548.316
  50 0.495 18.57 567.533
  51 0.505 18.684 577.725
  52 0.515 20.438 574.838
  53 0.525 21.54 545.031
  54 0.535 21.446 537.094
  55 0.545 21.308 526.784
  56 0.555 21.648 524.899
  57 0.565 21.896 509.665
  58 0.575 21.992 513.019
  59 0.585 21.998 484.738
  60 0.595 21.85 479.52
  61 0.605 21.018 454.707
  62 0.615 19.298 479.013
  63 0.625 18.98 484.504
  64 0.635 21.06 474.076
  65 0.645 21.798 478.129
  66 0.655 21.986 456.956
  67 0.665 21.986 455.357
  68 0.675 21.904 423.601
  69 0.685 21.724 413.09
  70 0.695 21.372 431.521
  71 0.705 21.438 410.12
  72 0.715 21.63 411.479
  73 0.725 21.012 430.667
  74 0.735 19.544 406.62
  75 0.745 18.598 408.597
  76 0.755 19.592 420.231
  77 0.765 21.178 428.328
  78 0.775 21.54 446.322
  79 0.785 21.338 466.102
  80 0.795 21.548 455.578
  81 0.805 21.68 450.047
  82 0.815 21.926 439.556
  83 0.825 21.998 412.315
  84 0.835 21.982 409.749
  85 0.845 21.682 398.665
  86 0.855 20.698 399.925
  87 0.865 18.892 379.201
  88 0.875 19.452 361.555
  89 0.885 21.364 348.643
  90 0.895 21.93 364.124
  91 0.905 22 366.485
  92 0.915 21.99 360.571
  93 0.925 21.98 343.964
  94 0.935 21.774 340.536
  95 0.945 21.286 331.01
  96 0.955 21.36 330.073
  97 0.965 21.668 328.382
  98 0.975 21.734 317.502
  99 0.985 20.528 305.295
  100 0.995 17.714 290.887
325000 100 2112
  1 0.005 18.318 283.265
  2 0.015 21.066 277.549
  3 0.025 21.8 296.681
  4 0.035 21.554 304.46
  5 0.045 21.174 292.111
  6 0.055 21.544 296.458
  7 0.065 21.864 303.666
  8 0.075 21.972 301.187
  9 0.085 21.996 307.68
  10 0.095 22 308.504
  11 0.105 21.908 328.558
  12 0.115 21.126 324.499
  13 0.125 18.954 350.857
  14 0.135 19.314 338.741
  15 0.145 20.91 345.745
  16 0.155 21.818 361.447
  17 0.165 21.97 385.024
  18 0.175 21.992 348.703
  19 0.185 21.946 372.988
  20 0.195 21.704 365.276
  21 0.205 21.546 392.914
  22 0.215 21.406 415.391
  23 0.225 21.512 430.831
  24 0.235 21.218 425.858
  25 0.245 19.892 454.059
  26 0.255 18.62 430.506
  27 0.265 19.238 448.163
  28 0.275 21.022 461.629
  29 0.285 21.474 468.165
  30 0.295 21.394 472.608
  31 0.305 21.518 480.255
  32 0.315 21.63 487.356
  33 0.325 21.91 463.296
  34 0.335 21.982 433.396
  35 0.345 21.996 462.748
  36 0.355 21.89 469.119
  37 0.365 20.788 476.605
  38 0.375 19.016 466.625
  39 0.385 19.16 463.736
  40 0.395 21.212 477.298
  41 0.405 21.962 473.443
  42 0.415 21.972 488.979
  43 0.425 21.994 477.7
  44 0.435 21.878 512.431
  45 0.445 21.626 505.725
  46 0.455 21.368 469.687
  47 0.465 21.47 491.915
  48 0.475 21.542 495.549
  49 0.485 20.772 535.219
  50 0.495 18.802 517.203
  51 0.505 18.418 546.961
  52 0.515 20.47 547.184
  53 0.525 21.388 537.175
  54 0.535 21.452 556.452
  55 0.545 21.402 541.938
  56 0.555 21.61 494.144
  57 0.565 21.872 525.688
  58 0.575 21.942 537.584
  59 0.585 21.994 534.746
  60 0.595 21.86 480.305
  61 0.605 21.232 457.82
  62 0.615 19.21 480.325
  63 0.625 18.714 488.927
  64 0.635 21.128 459.59
  65 0.645 21.874 467.947
  66 0.655 21.974 444.88
  67 0.665 21.984 443.66
  68 0.675 21.92 446.009
  69 0.685 21.584 445.536
  70 0.695 21.482 455.921
  71 0.705 21.374 454.373
  72 0.715 21.594 442.572
  73 0.725 21.072 445.89
  74 0.735 19.26 439.038
  75 0.745 18.306 425.989
  76 0.755 19.904 415.237
  77 0.765 21.382 443.053
  78 0.775 21.538 413.098
  79 0.785 21.4 411.187
  80 0.795 21.45 438.403
  81 0.805 21.804 413.549
  82 0.815 21.954 418.93
  83 0.825 22 385.741
  84 0.835 22 373.611
  85 0.845 21.854 364.324
  86 0.855 20.796 356.563
  87 0.865 19.094 345.455
  88 0.875 19.156 344.571
  89 0.885 21.226 345.997
  90 0.895 21.874 331.287
  91 0.905 22 322.967
  92 0.915 22 338.777
  93 0.925 21.954 341.265
  94 0.935 21.846 343.208
  95 0.945 21.506 336.782
  96 0.955 21.226 336.613
  97 0.965 21.582 333.728
  98 0.975 21.778 318.395
  99 0.985 20.78 308.86
  100 0.995 18.04 298.378
330000 100 2112
  1 0.005 18.414 281.227
  2 0.015 20.986 281.682
  3 0.025 21.788 308.789
  4 0.035 21.546 309.56
  5 0.045 21.34 321.552
  6 0.055 21.428 317.965
  7 0.065 21.848 316.401
  8 0.075 21.958 315.618
  9 0.085 22 313.847
  10 0.095 22 325.683
  11 0.105 21.924 346.394
  12 0.115 21.326 325.044
  13 0.125 19.57 341.908
  14 0.135 18.944 356.946
  15 0.145 20.47 369.615
  16 0.155 21.766 386.688
  17 0.165 22 381.377
  18 0.175 21.994 386.927
  19 0.185 21.97 398.665
  20 0.195 21.862 386.472
  21 0.205 21.408 388.295
  22 0.215 21.448 404.198
  23 0.225 21.482 420.417
  24 0.235 21.51 434.073
  25 0.245 20.41 435.438
  26 0.255 18.58 444.498
  27 0.265 18.69 424.696
  28 0.275 20.76 431.39
  29 0.285 21.676 456.052
  30 0.295 21.422 414.751
  31 0.305 21.374 444.167
  32 0.315 21.64 446.904
  33 0.325 21.796 449.071
  34 0.335 21.984 461.678
  35 0.345 21.98 467.072
  36 0.355 21.87 451.159
  37 0.365 21.248 485.211
  38 0.375 19.454 496.372
  39 0.385 19.072 494.686
  40 0.395 20.66 494.324
  41 0.405 21.72 475.887
  42 0.415 21.99 465.022
  43 0.425 21.984 476.916
  44 0.435 21.888 516.225
  45 0.445 21.566 532.012
  46 0.455 21.588 505.26
  47 0.465 21.292 534.473
  48 0.475 21.54 552.6
  49 0.485 20.702 572.192
  50 0.495 18.636 530.192
  51 0.505 18.376 572.82
  52 0.515 20.584 569.137
  53 0.525 21.558 543.788
  54 0.535 21.408 516.035
  55 0.545 21.288 491.944
  56 0.555 21.718 491.557
  57 0.565 21.912 512.466
  58 0.575 21.962 492.221
  59 0.585 21.992 485.51
  60 0.595 21.918 494.138
  61 0.605 21.012 496.704
  62 0.615 18.866 499.564
  63 0.625 19.316 497.169
  64 0.635 21.002 484.434
  65 0.645 21.892 469.783
  66 0.655 21.992 457.365
  67 0.665 21.94 480.316
  68 0.675 21.868 471.211
  69 0.685 21.66 439.842
  70 0.695 21.384 450.18
  71 0.705 21.428 460.129
  72 0.715 21.542 420.765
  73 0.725 20.834 443.225
  74 0.735 18.974 428.863
  75 0.745 18.558 416.976
  76 0.755 20.204 408.287
  77 0.765 21.498 409.975
  78 0.775 21.542 429.83
  79 0.785 21.356 404.886
  80 0.795 21.522 400.037
  81 0.805 21.708 393.924
  82 0.815 21.994 401.992
  83 0.825 21.996 375.971
  84 0.835 21.982 394.15
  85 0.845 21.85 385.968
  86 0.855 20.566 347.715
  87 0.865 18.726 352.957
  88 0.875 19.486 339.62
  89 0.885 21.462 315.624
  90 0.895 21.928 317.338
  91 0.905 22 313.819
  92 0.915 21.998 312.955
  93 0.925 21.948 314.061
  94 0.935 21.844 321.919
  95 0.945 21.366 325.096
  96 0.955 21.308 308.863
  97 0.965 21.598 319.88
  98 0.975 21.756 317.269
  99 0.985 20.536 296.18
  100 0.995 18.338 282.986
335000 100 2112.0000000000005
  1 0.005 18.158 262.486
  2 0.015 20.484 263.966
  3 0.025 21.706 298.272
  4 0.035 21.652 315.309
  5 0.045 21.296 330.74
  6 0.055 21.394 325.827
  7 0.065 21.762 329.59
  8 0.075 21.966 323.66
  9 0.085 22.002 345.322
  10 0.095 21.998 367.834
  11 0.105 21.926 344.679
  12 0.115 21.36 334.464
  13 0.125 19.71 336.477
  14 0.135 19.084 367.456
  15 0.145 20.166 366.95
  16 0.155 21.788 368.416
  17 0.165 21.97 378.474
  18 0.175 21.99 366.048
  19 0.185 21.958 383.777
  20 0.195 21.866 402.786
  21 0.205 21.576 393.622
  22 0.215 21.346 425.902
  23 0.225 21.43 440.635
  24 0.235 21.414 436.391
  25 0.245 20.37 441.675
  26 0.255 18.8 431.449
  27 0.265 18.916 425.889
  28 0.275 20.598 425.449
  29 0.285 21.476 461.001
  30 0.295 21.392 432.707
  31 0.305 21.48 440.792
  32 0.315 21.614 447.468
  33 0.325 21.802 437.12
  34 0.335 21.986 443.903
  35 0.345 21.984 436.546
  36 0.355 21.964 443.661
  37 0.365 21.142 470.958
  38 0.375 19.46 476.371
  39 0.385 18.992 466.309
  40 0.395 20.676 461
  41 0.405 21.79 501.309
  42 0.415 21.974 549.393
  43 0.425 21.95 557.972
  44 0.435 21.908 513.82
  45 0.445 21.52 536.867
  46 0.455 21.354 544.957
  47 0.465 21.576 518.615
  48 0.475 21.548 514.604
  49 0.485 20.506 523.151
  50 0.495 18.506 528.343
  51 0.505 18.522 527.633
  52 0.515 20.786 534.101
  53 0.525 21.442 549.816
  54 0.535 21.492 523.411
  55 0.545 21.326 495.054
  56 0.555 21.728 486.138
  57 0.565 21.838 488.578
  58 0.575 22.004 499.204
  59 0.585 21.98 503.287
  60 0.595 21.83 457.29
  61 0.605 20.516 453.098
  62 0.615 19.148 472.238
  63 0.625 19.598 487.529
  64 0.635 21.1 461.982
  65 0.645 21.846 486.406
  66 0.655 21.97 486.362
  67 0.665 21.992 479.479
  68 0.675 21.768 487.689
  69 0.685 21.638 465.568
  70 0.695 21.412 436.435
  71 0.705 21.462 445.652
  72 0.715 21.458 435.551
  73 0.725 20.422 441.343
  74 0.735 18.662 423.113
  75 0.745 18.976 420.124
  76 0.755 20.498 418.968
  77 0.765 21.52 401.974
  78 0.775 21.434 386.567
  79 0.785 21.414 399.221
  80 0.795 21.552 378.767
  81 0.805 21.824 405.377
  82 0.815 21.98 414.737
  83 0.825 21.994 403.943
  84 0.835 21.97 397.524
  85 0.845 21.798 379.272
  86 0.855 20.294 385.45
  87 0.865 18.794 361.546
  88 0.875 19.938 351.406
  89 0.885 21.27 349.11
  90 0.895 21.936 338.159
  91 0.905 22 331.145
  92 0.915 21.996 338.022
  93 0.925 21.95 314.297
  94 0.935 21.844 304.783
  95 0.945 21.466 298.801
  96 0.955 21.28 278.789
  97 0.965 21.572 296.039
  98 0.975 21.78 282.411
  99 0.985 20.972 298.613
  100 0.995 18.722 290.545
340000 100 2112
  1 0.005 18.09 287.935
  2 0.015 20.68 265.804
  3 0.025 21.72 276.663
  4 0.035 21.548 315.824
  5 0.045 21.354 322.088
  6 0.055 21.422 328.41
  7 0.065 21.824 326.199
  8 0.075 21.94 329.089
  9 0.085 21.988 343.082
  10 0.095 21.978 352.887
  11 0.105 21.804 339.586
  12 0.115 21.324 327.75
  13 0.125 19.23 364.421
  14 0.135 19.316 390.923
  15 0.145 20.584 382.539
  16 0.155 21.766 366.969
  17 0.165 21.998 356.587
  18 0.175 21.998 345.925
  19 0.185 21.91 376.039
  20 0.195 21.826 406.633
  21 0.205 21.512 382.773
  22 0.215 21.408 411.946
  23 0.225 21.506 411.103
  24 0.235 21.354 429.982
  25 0.245 20.088 423.023
  26 0.255 18.556 428.809
  27 0.265 19.194 453.936
  28 0.275 20.788 456.528
  29 0.285 21.474 459.027
  30 0.295 21.504 446.511
  31 0.305 21.388 439.419
  32 0.315 21.632 439.556
  33 0.325 21.938 458.908
  34 0.335 21.924 460.027
  35 0.345 22 449.761
  36 0.355 21.792 452.093
  37 0.365 20.582 462.073
  38 0.375 19.428 444.778
  39 0.385 19.86 459.063
  40 0.395 20.652 499.644
  41 0.405 21.686 476.228
  42 0.415 22 476.46
  43 0.425 21.958 506.532
  44 0.435 21.846 501.922
  45 0.445 21.77 502.675
  46 0.455 21.226 502.826
  47 0.465 21.532 502.444
  48 0.475 21.336 546.087
  49 0.485 20.374 577.429
  50 0.495 18.646 579.646
  51 0.505 18.802 590.093
  52 0.515 20.62 588.857
  53 0.525 21.584 538.226
  54 0.535 21.298 534.68
  55 0.545 21.464 511.887
  56 0.555 21.714 538.52
  57 0.565 21.854 558.247
  58 0.575 21.996 512.778
  59 0.585 21.964 493.029
  60 0.595 21.83 505.174
  61 0.605 20.5 486.818
  62 0.615 19.152 486.285
  63 0.625 19.56 484.414
  64 0.635 21.12 478.948
  65 0.645 21.854 452.357
  66 0.655 22 463.599
  67 0.665 21.98 435.847
  68 0.675 21.83 448.598
  69 0.685 21.646 432.031
  70 0.695 21.518 416.815
  71 0.705 21.4 408.164
  72 0.715 21.498 415.559
  73 0.725 20.876 416.11
  74 0.735 19.47 437.045
  75 0.745 18.424 398.562
  76 0.755 19.99 391.535
  77 0.765 21.262 387.682
  78 0.775 21.604 379.861
  79 0.785 21.446 386.734
  80 0.795 21.4 399.225
  81 0.805 21.752 395.191
  82 0.815 21.906 396.978
  83 0.825 21.992 379.74
  84 0.835 21.994 385.715
  85 0.845 21.796 390.876
  86 0.855 20.73 379.961
  87 0.865 19.608 406.129
  88 0.875 19.086 405.247
  89 0.885 20.968 387.236
  90 0.895 21.83 353.603
  91 0.905 21.992 330.27
  92 0.915 22.002 311.533
  93 0.925 21.966 304.914
  94 0.935 21.786 314.935
  95 0.945 21.476 304.238
  96 0.955 21.426 303.207
  97 0.965 21.486 301.492
  98 0.975 21.662 292.247
  99 0.985 20.952 299.094
  100 0.995 18.68 294.001
