# Chunk-averaged data for fix 3 and group all
# Timestep Number-of-chunks Total-count
# Chunk Coord1 Ncount v_temp
45000 100 2112
  1 0.005 19.818 1131.5
  2 0.015 20.678 1139.34
  3 0.025 21.192 1136.85
  4 0.035 21.388 1143.34
  5 0.045 21.606 1200.52
  6 0.055 21.746 1103.11
  7 0.065 21.686 1138.18
  8 0.075 21.808 1189.8
  9 0.085 21.926 1196.55
  10 0.095 21.692 1179.46
  11 0.105 21.564 1190.66
  12 0.115 20.748 1177.69
  13 0.125 20.336 1180.01
  14 0.135 20.314 1266.87
  15 0.145 20.788 1221.26
  16 0.155 21.226 1233.99
  17 0.165 21.472 1264.31
  18 0.175 21.748 1261.78
  19 0.185 21.804 1345.11
  20 0.195 21.738 1363.91
  21 0.205 21.592 1502.28
  22 0.215 21.48 1423.76
  23 0.225 21.334 1408.35
  24 0.235 20.724 1369.17
  25 0.245 20.334 1295.33
  26 0.255 20.124 1336.05
  27 0.265 19.886 1319.88
  28 0.275 20.286 1341.22
  29 0.285 20.824 1404.19
  30 0.295 21.382 1430.13
  31 0.305 21.408 1443.33
  32 0.315 21.66 1449.96
  33 0.325 21.814 1423.68
  34 0.335 21.76 1464.57
  35 0.345 21.628 1411.99
  36 0.355 21.484 1416.85
  37 0.365 20.818 1331.16
  38 0.375 20.504 1332.76
  39 0.385 19.924 1397.34
  40 0.395 20.546 1350.25
  41 0.405 21.228 1370.77
  42 0.415 21.72 1361.76
  43 0.425 21.84 1389.27
  44 0.435 21.892 1390.11
  45 0.445 21.712 1452.31
  46 0.455 21.504 1391.07
  47 0.465 21.394 1427.41
  48 0.475 21.046 1459.33
  49 0.485 20.332 1504.39
  50 0.495 19.784 1416.47
  51 0.505 19.644 1368.04
  52 0.515 20.1 1401.6
  53 0.525 20.89 1431.89
  54 0.535 21.194 1461.87
  55 0.545 21.662 1371.75
  56 0.555 21.656 1448.06
  57 0.565 21.702 1373.23
  58 0.575 21.772 1361.92
  59 0.585 21.856 1369.81
  60 0.595 21.366 1409.06
  61 0.605 20.45 1441.6
  62 0.615 20.436 1422.08
  63 0.625 20.02 1524.37
  64 0.635 20.948 1412.26
  65 0.645 21.338 1365.36
  66 0.655 21.544 1454.47
  67 0.665 21.804 1449.74
  68 0.675 21.768 1488.07
  69 0.685 21.638 1480.91
  70 0.695 21.37 1446.68
  71 0.705 21.346 1452.58
  72 0.715 20.846 1413.15
  73 0.725 20.286 1360.35
  74 0.735 19.836 1367.8
  75 0.745 20.002 1301.01
  76 0.755 20.248 1296.47
  77 0.765 20.894 1309.32
  78 0.775 21.4 1312.05
  79 0.785 21.546 1317.19
  80 0.795 21.518 1373.63
  81 0.805 21.758 1306.96
  82 0.815 21.844 1320.3
  83 0.825 21.828 1341.13
  84 0.835 21.502 1363.28
  85 0.845 21.112 1292.99
  86 0.855 20.594 1301.76
  87 0.865 20.124 1283.95
  88 0.875 20.37 1262.18
  89 0.885 20.954 1231.93
  90 0.895 21.676 1220.35
  91 0.905 21.658 1218.13
  92 0.915 21.89 1191.53
  93 0.925 21.86 1266.1
  94 0.935 21.616 1235.08
  95 0.945 21.594 1290.49
  96 0.955 21.494 1225.79
  97 0.965 21.248 1277.17
  98 0.975 20.732 1244.7
  99 0.985 20.158 1223.44
  100 0.995 19.666 1142.53
50000 100 2111.9999999999995
  1 0.005 19.818 1181.08
  2 0.015 20.474 1146.83
  3 0.025 21.124 1145.67
  4 0.035 21.268 1125.34
  5 0.045 21.6 1154.58
  6 0.055 21.572 1142.71
  7 0.065 21.692 1152.16
  8 0.075 21.814 1164.98
  9 0.085 21.878 1189.95
  10 0.095 21.822 1148.78
  11 0.105 21.62 1152.09
  12 0.115 20.97 1197.93
  13 0.125 20.62 1222.22
  14 0.135 20.21 1247.65
  15 0.145 20.594 1239.09
  16 0.155 20.92 1251.05
  17 0.165 21.388 1335.97
  18 0.175 21.722 1377.52
  19 0.185 21.904 1300.97
  20 0.195 21.672 1371.84
  21 0.205 21.722 1273.13
  22 0.215 21.634 1331.25
  23 0.225 21.322 1398.41
  24 0.235 20.698 1521.02
  25 0.245 20.41 1506.89
  26 0.255 19.856 1358.76
  27 0.265 19.786 1380.35
  28 0.275 20.302 1410.13
  29 0.285 20.964 1387.17
  30 0.295 21.26 1440.02
  31 0.305 21.356 1521.59
  32 0.315 21.776 1539.87
  33 0.325 21.66 1501.41
  34 0.335 21.7 1446.72
  35 0.345 21.636 1303.17
  36 0.355 21.288 1308.89
  37 0.365 20.924 1362.94
  38 0.375 20.244 1365.71
  39 0.385 19.994 1421.02
  40 0.395 20.688 1411.69
  41 0.405 21.488 1451.11
  42 0.415 21.748 1436.63
  43 0.425 21.812 1374.27
  44 0.435 21.734 1434.02
  45 0.445 21.754 1410.67
  46 0.455 21.386 1409.75
  47 0.465 21.264 1397.49
  48 0.475 20.822 1409.71
  49 0.485 20.254 1440.1
  50 0.495 19.536 1422.2
  51 0.505 19.85 1413.84
  52 0.515 20.324 1322.68
  53 0.525 21.202 1412.2
  54 0.535 21.306 1357.89
  55 0.545 21.668 1403.12
  56 0.555 21.61 1386.68
  57 0.565 21.798 1450.14
  58 0.575 21.87 1388.59
  59 0.585 21.554 1431.51
  60 0.595 21.338 1458.11
  61 0.605 20.728 1454.43
  62 0.615 20.104 1488.47
  63 0.625 20.432 1467.42
  64 0.635 20.766 1442.47
  65 0.645 21.248 1420.65
  66 0.655 21.664 1455.61
  67 0.665 21.832 1379.96
  68 0.675 21.77 1427.42
  69 0.685 21.632 1383.67
  70 0.695 21.446 1387.46
  71 0.705 21.41 1368.38
  72 0.715 20.834 1329.57
  73 0.725 20.386 1266.38
  74 0.735 19.972 1296.61
  75 0.745 19.796 1363.57
  76 0.755 20.31 1272.6
  77 0.765 20.868 1338.36
  78 0.775 21.238 1350.08
  79 0.785 21.71 1348.72
  80 0.795 21.46 1364.04
  81 0.805 21.664 1301.53
  82 0.815 21.9 1338.42
  83 0.825 21.662 1416.02
  84 0.835 21.694 1334.76
  85 0.845 21.174 1340.41
  86 0.855 20.502 1321.32
  87 0.865 20.232 1309.63
  88 0.875 20.344 1279.03
  89 0.885 20.75 1264.26
  90 0.895 21.596 1209.62
  91 0.905 21.808 1173.51
  92 0.915 21.928 1173.37
  93 0.925 21.832 1202.97
  94 0.935 21.678 1259.45
  95 0.945 21.534 1242.98
  96 0.955 21.608 1212.4
  97 0.965 21.328 1197.98
  98 0.975 20.868 1151.72
  99 0.985 20.14 1226.09
  100 0.995 19.932 1198.69
55000 100 2112
  1 0.005 19.944 1193.8
  2 0.015 20.422 1151.63
  3 0.025 21.114 1266.2
  4 0.035 21.308 1236.1
  5 0.045 21.562 1199.52
  6 0.055 21.62 1189.08
  7 0.065 21.656 1241.7
  8 0.075 21.81 1088.11
  9 0.085 21.958 1105.97
  10 0.095 21.694 1143.33
  11 0.105 21.638 1226.17
  12 0.115 20.964 1237.98
  13 0.125 20.688 1241.47
  14 0.135 20.234 1258.32
  15 0.145 20.52 1218.65
  16 0.155 21.124 1280.73
  17 0.165 21.278 1321.19
  18 0.175 21.672 1296.18
  19 0.185 21.86 1302.06
  20 0.195 21.702 1274.81
  21 0.205 21.726 1358.2
  22 0.215 21.658 1330.94
  23 0.225 21.2 1271.3
  24 0.235 21.046 1323.99
  25 0.245 20.244 1295.7
  26 0.255 20.326 1370.38
  27 0.265 19.526 1356.06
  28 0.275 20.178 1385.95
  29 0.285 20.828 1427.79
  30 0.295 21.15 1420.04
  31 0.305 21.588 1393.07
  32 0.315 21.596 1345.39
  33 0.325 21.732 1405.89
  34 0.335 21.764 1336.2
  35 0.345 21.74 1376.93
  36 0.355 21.408 1387.25
  37 0.365 21.034 1391.62
  38 0.375 20.398 1399.55
  39 0.385 20.206 1456.63
  40 0.395 20.26 1526.48
  41 0.405 21.242 1536.2
  42 0.415 21.65 1540.59
  43 0.425 21.762 1493.14
  44 0.435 21.876 1466.96
  45 0.445 21.564 1487.69
  46 0.455 21.618 1435.99
  47 0.465 21.376 1447.42
  48 0.475 20.968 1510.09
  49 0.485 20.118 1418.3
  50 0.495 19.524 1386.36
  51 0.505 19.836 1375.82
  52 0.515 20.278 1371.85
  53 0.525 21.1 1459.69
  54 0.535 21.31 1452.04
  55 0.545 21.396 1478.12
  56 0.555 21.738 1396.42
  57 0.565 21.804 1395.86
  58 0.575 21.818 1403.22
  59 0.585 21.796 1444.78
  60 0.595 21.068 1442.96
  61 0.605 20.636 1364.9
  62 0.615 20.22 1362.78
  63 0.625 20.42 1425.69
  64 0.635 20.674 1307.44
  65 0.645 21.496 1244.71
  66 0.655 21.66 1347.64
  67 0.665 21.752 1362.51
  68 0.675 21.792 1391.99
  69 0.685 21.682 1446.9
  70 0.695 21.31 1560
  71 0.705 21.252 1496.09
  72 0.715 20.692 1460.78
  73 0.725 20.384 1307.42
  74 0.735 19.956 1351.5
  75 0.745 20.038 1293.02
  76 0.755 20.184 1313.7
  77 0.765 20.866 1285.95
  78 0.775 21.382 1305.96
  79 0.785 21.456 1254.42
  80 0.795 21.856 1273.4
  81 0.805 21.6 1273.34
  82 0.815 21.904 1261.14
  83 0.825 21.498 1312.37
  84 0.835 21.236 1341.12
  85 0.845 21.356 1313.51
  86 0.855 20.462 1350.2
  87 0.865 20.562 1395.57
  88 0.875 20.248 1407.74
  89 0.885 21.072 1319.85
  90 0.895 21.594 1348.51
  91 0.905 21.748 1353.44
  92 0.915 21.804 1309.58
  93 0.925 21.796 1241.52
  94 0.935 21.706 1187.33
  95 0.945 21.718 1131.77
  96 0.955 21.478 1149.63
  97 0.965 21.372 1159.62
  98 0.975 20.992 1179.63
  99 0.985 20.25 1142.04
  100 0.995 19.678 1127.68
60000 100 2111.9999999999995
  1 0.005 19.848 1166.26
  2 0.015 20.43 1167.71
  3 0.025 21.132 1251.41
  4 0.035 21.29 1281.72
  5 0.045 21.64 1256.41
  6 0.055 21.596 1267.55
  7 0.065 21.818 1174.41
  8 0.075 21.8 1273.49
  9 0.085 21.804 1254.36
  10 0.095 21.548 1259.86
  11 0.105 21.178 1288.69
  12 0.115 20.864 1237.64
  13 0.125 20.276 1252.3
  14 0.135 20.624 1211.55
  15 0.145 20.966 1230.32
  16 0.155 20.974 1267.37
  17 0.165 21.706 1232.13
  18 0.175 21.788 1274.5
  19 0.185 21.68 1290.27
  20 0.195 21.79 1246.51
  21 0.205 21.638 1263.81
  22 0.215 21.516 1227.64
  23 0.225 21.238 1261.98
  24 0.235 20.96 1328.37
  25 0.245 20.296 1385.35
  26 0.255 20.018 1368.91
  27 0.265 19.978 1338.35
  28 0.275 20.176 1396.68
  29 0.285 20.872 1344.14
  30 0.295 21.37 1321.09
  31 0.305 21.488 1378.75
  32 0.315 21.592 1408.4
  33 0.325 21.622 1413.25
  34 0.335 21.924 1430.51
  35 0.345 21.486 1380.76
  36 0.355 21.436 1401.05
  37 0.365 20.946 1391.12
  38 0.375 20.786 1405.24
  39 0.385 19.84 1471.35
  40 0.395 20.558 1500.76
  41 0.405 20.994 1475.69
  42 0.415 21.828 1457.13
  43 0.425 21.788 1469.54
  44 0.435 21.774 1445.62
  45 0.445 21.636 1455.39
  46 0.455 21.55 1370.27
  47 0.465 21.284 1377.49
  48 0.475 20.904 1456.25
  49 0.485 20.06 1447.51
  50 0.495 19.57 1487.39
  51 0.505 19.802 1471.03
  52 0.515 20.346 1454.57
  53 0.525 21.142 1414
  54 0.535 21.34 1385.55
  55 0.545 21.466 1417.35
  56 0.555 21.89 1399.4
  57 0.565 21.698 1403.4
  58 0.575 21.808 1337.24
  59 0.585 21.558 1318.44
  60 0.595 21.376 1391.79
  61 0.605 20.548 1410.48
  62 0.615 20.312 1406.47
  63 0.625 20.388 1425.08
  64 0.635 20.78 1406.98
  65 0.645 21.466 1461.62
  66 0.655 21.504 1415.65
  67 0.665 21.838 1386.08
  68 0.675 21.616 1430.98
  69 0.685 21.808 1375.38
  70 0.695 21.476 1366.29
  71 0.705 21.274 1346.51
  72 0.715 20.836 1360.04
  73 0.725 20.462 1396.24
  74 0.735 20.23 1363.59
  75 0.745 19.856 1401.13
  76 0.755 20.448 1357.51
  77 0.765 20.552 1266.38
  78 0.775 21.31 1334.99
  79 0.785 21.382 1333.41
  80 0.795 21.65 1298.41
  81 0.805 21.742 1306.28
  82 0.815 21.642 1382.52
  83 0.825 21.71 1324.3
  84 0.835 21.702 1300.81
  85 0.845 21.14 1272.97
  86 0.855 20.834 1308.49
  87 0.865 20.384 1323.72
  88 0.875 20.236 1248.95
  89 0.885 20.928 1310.36
  90 0.895 21.17 1377.67
  91 0.905 21.75 1323.34
  92 0.915 21.89 1273.92
  93 0.925 21.846 1187.51
  94 0.935 21.666 1246.65
  95 0.945 21.612 1183.39
  96 0.955 21.518 1210.24
  97 0.965 21.412 1176.97
  98 0.975 20.848 1211.39
  99 0.985 20.27 1174.21
  100 0.995 19.658 1167.81
65000 100 2112.0000000000005
  1 0.005 19.922 1176.85
  2 0.015 20.304 1148.07
  3 0.025 21.032 1181.31
  4 0.035 21.2 1220.93
  5 0.045 21.462 1247.71
  6 0.055 21.814 1290.25
  7 0.065 21.646 1284.12
  8 0.075 21.788 1281.46
  9 0.085 21.748 1224.37
  10 0.095 21.688 1209.89
  11 0.105 21.28 1258.79
  12 0.115 20.748 1242.77
  13 0.125 20.35 1284.54
  14 0.135 20.304 1309.24
  15 0.145 20.78 1240.32
  16 0.155 21.354 1202.11
  17 0.165 21.738 1230.07
  18 0.175 21.73 1281.8
  19 0.185 21.832 1359.07
  20 0.195 21.748 1354.75
  21 0.205 21.58 1298.05
  22 0.215 21.332 1341.97
  23 0.225 21.104 1379.32
  24 0.235 20.768 1362.6
  25 0.245 20.216 1388.2
  26 0.255 19.754 1397.38
  27 0.265 20.176 1434.71
  28 0.275 20.424 1391.47
  29 0.285 21.012 1328.31
  30 0.295 21.428 1281.02
  31 0.305 21.502 1304.29
  32 0.315 21.736 1262.27
  33 0.325 21.848 1281.93
  34 0.335 21.718 1339.62
  35 0.345 21.636 1367.18
  36 0.355 21.298 1396.5
  37 0.365 20.99 1383.2
  38 0.375 20.422 1393.78
  39 0.385 19.864 1446.51
  40 0.395 20.72 1397.27
  41 0.405 21.37 1382.46
  42 0.415 21.692 1495.27
  43 0.425 21.738 1424.72
  44 0.435 21.794 1382.49
  45 0.445 21.69 1416.15
  46 0.455 21.668 1452.26
  47 0.465 21.222 1449.49
  48 0.475 21.02 1456.62
  49 0.485 20.214 1510.48
  50 0.495 19.728 1508.67
  51 0.505 19.544 1464.61
  52 0.515 20.446 1436.54
  53 0.525 20.914 1462.64
  54 0.535 21.212 1396.31
  55 0.545 21.636 1401.57
  56 0.555 21.598 1403.93
  57 0.565 21.832 1375.57
  58 0.575 21.71 1426.37
  59 0.585 21.634 1463.88
  60 0.595 21.258 1465.8
  61 0.605 20.442 1488.53
  62 0.615 20.3 1439.54
  63 0.625 20.516 1364.95
  64 0.635 20.822 1375.93
  65 0.645 21.248 1419.46
  66 0.655 21.738 1387.02
  67 0.665 21.864 1375.49
  68 0.675 21.62 1414.75
  69 0.685 21.746 1359.47
  70 0.695 21.524 1378.7
  71 0.705 21.266 1372.7
  72 0.715 21.106 1330.03
  73 0.725 20.44 1334.36
  74 0.735 20.06 1379.14
  75 0.745 19.93 1447.84
  76 0.755 19.972 1430.45
  77 0.765 20.756 1383.95
  78 0.775 21.318 1352.22
  79 0.785 21.404 1369.62
  80 0.795 21.66 1287.51
  81 0.805 21.644 1316.44
  82 0.815 21.784 1265.9
  83 0.825 21.832 1206.72
  84 0.835 21.556 1238.35
  85 0.845 21.192 1269.96
  86 0.855 21.042 1234.65
  87 0.865 20.382 1237.6
  88 0.875 20.03 1247.58
  89 0.885 20.87 1260.25
  90 0.895 21.322 1303.05
  91 0.905 21.718 1282.45
  92 0.915 21.794 1257.54
  93 0.925 21.878 1275.93
  94 0.935 21.82 1281.68
  95 0.945 21.546 1264.01
  96 0.955 21.624 1230.47
  97 0.965 21.224 1249.88
  98 0.975 20.938 1231.89
  99 0.985 20.478 1165.85
  100 0.995 19.678 1165.06
70000 100 2112.0000000000005
  1 0.005 19.684 1125.06
  2 0.015 20.538 1160.32
  3 0.025 20.908 1171.86
  4 0.035 21.244 1222.82
  5 0.045 21.444 1215.35
  6 0.055 21.632 1223.4
  7 0.065 21.78 1264.35
  8 0.075 21.766 1189.11
  9 0.085 21.948 1225.01
  10 0.095 21.756 1207.03
  11 0.105 21.374 1182.57
  12 0.115 21.066 1204.66
  13 0.125 20.166 1292.93
  14 0.135 20.336 1341.17
  15 0.145 20.446 1346.09
  16 0.155 21.162 1309.16
  17 0.165 21.672 1293.85
  18 0.175 21.782 1291.65
  19 0.185 21.61 1379.88
  20 0.195 21.75 1327.15
  21 0.205 21.75 1295.05
  22 0.215 21.292 1342.75
  23 0.225 21.088 1352.99
  24 0.235 20.302 1453.98
  25 0.245 20.186 1454.8
  26 0.255 19.9 1436.96
  27 0.265 20.078 1398.61
  28 0.275 20.63 1338.94
  29 0.285 21.192 1268
  30 0.295 21.416 1350.79
  31 0.305 21.66 1366.18
  32 0.315 21.712 1336.31
  33 0.325 21.716 1305.62
  34 0.335 21.68 1299.83
  35 0.345 21.554 1337.15
  36 0.355 21.056 1392.76
  37 0.365 20.884 1433.56
  38 0.375 20.178 1414.6
  39 0.385 20.276 1342.69
  40 0.395 20.914 1395.2
  41 0.405 21.522 1397.03
  42 0.415 21.746 1442.17
  43 0.425 21.888 1454.72
  44 0.435 21.662 1449.52
  45 0.445 21.704 1451.22
  46 0.455 21.496 1451.47
  47 0.465 21.464 1450.98
  48 0.475 20.85 1474.26
  49 0.485 20.26 1518.14
  50 0.495 19.788 1548.03
  51 0.505 19.77 1457.58
  52 0.515 20.154 1487.74
  53 0.525 20.89 1391.72
  54 0.535 21.436 1354.26
  55 0.545 21.504 1387.18
  56 0.555 21.714 1458.1
  57 0.565 21.8 1448.39
  58 0.575 21.694 1471.83
  59 0.585 21.71 1490.88
  60 0.595 21.164 1483.48
  61 0.605 20.678 1425.53
  62 0.615 20.314 1442.51
  63 0.625 20.306 1390.82
  64 0.635 20.88 1414.94
  65 0.645 21.298 1389.55
  66 0.655 21.516 1308.88
  67 0.665 21.91 1260.63
  68 0.675 21.698 1299.42
  69 0.685 21.766 1355.49
  70 0.695 21.57 1356.42
  71 0.705 21.226 1436.06
  72 0.715 21.008 1437.11
  73 0.725 20.438 1372.16
  74 0.735 20.132 1294.53
  75 0.745 20.082 1349.79
  76 0.755 19.972 1391.05
  77 0.765 20.75 1330.69
  78 0.775 21.128 1285.05
  79 0.785 21.482 1245.4
  80 0.795 21.694 1253.27
  81 0.805 21.634 1305.88
  82 0.815 21.806 1286.38
  83 0.825 21.77 1268.31
  84 0.835 21.622 1248.65
  85 0.845 21.596 1284.45
  86 0.855 20.878 1242.17
  87 0.865 20.502 1269.28
  88 0.875 20.006 1267.54
  89 0.885 20.468 1315.41
  90 0.895 21.298 1334.38
  91 0.905 21.65 1324.7
  92 0.915 21.89 1327.87
  93 0.925 21.854 1255.53
  94 0.935 21.68 1254.51
  95 0.945 21.676 1267.7
  96 0.955 21.534 1247.16
  97 0.965 21.422 1254.94
  98 0.975 20.916 1200.92
  99 0.985 20.462 1221.1
  100 0.995 19.744 1172.89
75000 100 2112.0000000000005
  1 0.005 19.812 1195.52
  2 0.015 20.306 1208.78
  3 0.025 21.078 1230.64
  4 0.035 21.338 1241.95
  5 0.045 21.574 1225.28
  6 0.055 21.698 1218.89
  7 0.065 21.702 1157.02
  8 0.075 21.814 1132.33
  9 0.085 21.872 1168.3
  10 0.095 21.886 1227.22
  11 0.105 21.292 1228.65
  12 0.115 20.732 1237.12
  13 0.125 20.374 1231.51
  14 0.135 20.276 1270.72
  15 0.145 20.754 1285.66
  16 0.155 21.19 1308.73
  17 0.165 21.606 1316.04
  18 0.175 21.84 1326.38
  19 0.185 21.802 1214.08
  20 0.195 21.656 1252.66
  21 0.205 21.634 1247.48
  22 0.215 21.504 1327.88
  23 0.225 21.134 1338.81
  24 0.235 20.812 1283.7
  25 0.245 20.286 1379.5
  26 0.255 20.146 1441.45
  27 0.265 20.058 1480.01
  28 0.275 20.4 1463.55
  29 0.285 20.776 1426.92
  30 0.295 21.224 1434.66
  31 0.305 21.582 1430.33
  32 0.315 21.59 1540.43
  33 0.325 21.622 1536.15
  34 0.335 21.702 1474.27
  35 0.345 21.616 1434.76
  36 0.355 21.258 1421.65
  37 0.365 20.832 1370.42
  38 0.375 20.328 1408.3
  39 0.385 20.236 1365.94
  40 0.395 20.506 1375.25
  41 0.405 21.594 1330.83
  42 0.415 21.68 1395.43
  43 0.425 21.966 1367.71
  44 0.435 21.644 1386.07
  45 0.445 21.726 1470.47
  46 0.455 21.574 1402.74
  47 0.465 21.232 1434.32
  48 0.475 21.028 1501.01
  49 0.485 20.18 1468.55
  50 0.495 19.644 1463.71
  51 0.505 19.626 1454.48
  52 0.515 20.324 1450.56
  53 0.525 21.026 1548.06
  54 0.535 21.322 1517.47
  55 0.545 21.508 1388.18
  56 0.555 21.686 1375.44
  57 0.565 21.8 1393.06
  58 0.575 21.798 1406.24
  59 0.585 21.822 1414.03
  60 0.595 21.138 1410.76
  61 0.605 20.78 1376.92
  62 0.615 20.248 1368.24
  63 0.625 20.368 1389.85
  64 0.635 20.73 1375.66
  65 0.645 21.276 1360.76
  66 0.655 21.642 1361.39
  67 0.665 21.82 1252.62
  68 0.675 21.696 1368.58
  69 0.685 21.648 1413.75
  70 0.695 21.648 1340.67
  71 0.705 21.332 1342.33
  72 0.715 20.964 1359.45
  73 0.725 20.584 1421.79
  74 0.735 20.396 1359.46
  75 0.745 20.132 1346.92
  76 0.755 20.018 1343.28
  77 0.765 20.36 1382.15
  78 0.775 21.038 1381.29
  79 0.785 21.506 1369.68
  80 0.795 21.636 1360.38
  81 0.805 21.548 1370.87
  82 0.815 21.852 1299.81
  83 0.825 21.774 1283.23
  84 0.835 21.568 1275.51
  85 0.845 21.194 1335.03
  86 0.855 20.91 1291.43
  87 0.865 20.23 1308.15
  88 0.875 20.138 1247.82
  89 0.885 20.786 1246.12
  90 0.895 21.514 1236.31
  91 0.905 21.74 1275.24
  92 0.915 21.83 1226.46
  93 0.925 21.8 1274.04
  94 0.935 21.824 1190.42
  95 0.945 21.604 1149.65
  96 0.955 21.468 1229.05
  97 0.965 21.474 1229.72
  98 0.975 20.844 1272.34
  99 0.985 20.416 1265.96
  100 0.995 19.498 1234.02
80000 100 2112
  1 0.005 19.942 1109.04
  2 0.015 20.606 1134.76
  3 0.025 21.048 1135.13
  4 0.035 21.382 1184.09
  5 0.045 21.572 1210.13
  6 0.055 21.578 1207.19
  7 0.065 21.83 1239.65
  8 0.075 21.77 1230.84
  9 0.085 21.868 1217.93
  10 0.095 21.858 1264.42
  11 0.105 21.362 1237.66
  12 0.115 21.108 1213.64
  13 0.125 20.322 1261.22
  14 0.135 20.426 1201.09
  15 0.145 20.4 1295.57
  16 0.155 21.016 1303.03
  17 0.165 21.62 1253.86
  18 0.175 21.834 1251.21
  19 0.185 21.798 1336.39
  20 0.195 21.72 1284.48
  21 0.205 21.626 1376.78
  22 0.215 21.508 1350.73
  23 0.225 21.25 1396.77
  24 0.235 20.826 1433.02
  25 0.245 20.304 1495.34
  26 0.255 19.952 1496.14
  27 0.265 19.922 1434.92
  28 0.275 20.276 1445.17
  29 0.285 20.868 1367.34
  30 0.295 21.286 1427.77
  31 0.305 21.552 1401.79
  32 0.315 21.618 1377.82
  33 0.325 21.69 1420
  34 0.335 21.808 1459.84
  35 0.345 21.524 1432.78
  36 0.355 21.366 1392.53
  37 0.365 20.848 1361.04
  38 0.375 20.098 1389.52
  39 0.385 20.274 1394.01
  40 0.395 20.656 1429.65
  41 0.405 21.408 1423.54
  42 0.415 21.774 1346.76
  43 0.425 21.916 1244.85
  44 0.435 21.738 1315.04
  45 0.445 21.742 1354.75
  46 0.455 21.382 1403.81
  47 0.465 21.522 1506.14
  48 0.475 20.83 1483.76
  49 0.485 20.562 1466.72
  50 0.495 19.246 1505.71
  51 0.505 19.864 1521.65
  52 0.515 20.324 1516.12
  53 0.525 20.838 1579.94
  54 0.535 21.34 1536.31
  55 0.545 21.418 1462.36
  56 0.555 21.77 1366.61
  57 0.565 21.758 1424.91
  58 0.575 21.902 1366.65
  59 0.585 21.716 1306.48
  60 0.595 21.14 1390.51
  61 0.605 20.874 1317.82
  62 0.615 20.116 1342.53
  63 0.625 20.326 1319.67
  64 0.635 20.73 1364.08
  65 0.645 21.33 1383.2
  66 0.655 21.708 1321.51
  67 0.665 21.84 1315.8
  68 0.675 21.782 1288.6
  69 0.685 21.738 1225.63
  70 0.695 21.438 1330.63
  71 0.705 21.326 1443.08
  72 0.715 21.042 1394.06
  73 0.725 20.484 1348.72
  74 0.735 20.048 1375.04
  75 0.745 20.06 1338.23
  76 0.755 20.086 1347.66
  77 0.765 20.628 1376.74
  78 0.775 21.1 1431.81
  79 0.785 21.424 1481.37
  80 0.795 21.668 1394.67
  81 0.805 21.664 1333.03
  82 0.815 21.736 1423.12
  83 0.825 21.69 1339.94
  84 0.835 21.6 1311.84
  85 0.845 21.188 1227.19
  86 0.855 20.758 1281.18
  87 0.865 20.404 1263.62
  88 0.875 20.154 1272.92
  89 0.885 20.93 1276.02
  90 0.895 21.388 1231.82
  91 0.905 21.738 1282.19
  92 0.915 21.942 1208.69
  93 0.925 21.746 1235.41
  94 0.935 21.804 1233.59
  95 0.945 21.616 1206.34
  96 0.955 21.502 1290.04
  97 0.965 21.27 1293.92
  98 0.975 20.87 1279.09
  99 0.985 20.162 1220.64
  100 0.995 19.588 1145.17
85000 100 2111.9999999999995
  1 0.005 19.78 1166.23
  2 0.015 20.456 1142.18
  3 0.025 20.834 1188.62
  4 0.035 21.396 1196.26
  5 0.045 21.506 1200.33
  6 0.055 21.756 1186.1
  7 0.065 21.49 1240.18
  8 0.075 21.776 1249.68
  9 0.085 22.014 1302.39
  10 0.095 21.73 1288.1
  11 0.105 21.502 1292.67
  12 0.115 21.018 1317.33
  13 0.125 20.436 1308.18
  14 0.135 20.174 1254.91
  15 0.145 20.494 1249.7
  16 0.155 20.876 1252.72
  17 0.165 21.678 1306.48
  18 0.175 21.856 1341.17
  19 0.185 21.8 1365.16
  20 0.195 21.67 1348.91
  21 0.205 21.73 1351.33
  22 0.215 21.388 1410.19
  23 0.225 21.162 1531.78
  24 0.235 20.772 1422.49
  25 0.245 20.368 1347.74
  26 0.255 20.01 1355.9
  27 0.265 20.066 1397.29
  28 0.275 20.42 1377.13
  29 0.285 20.708 1355.11
  30 0.295 21.368 1317.75
  31 0.305 21.506 1358.94
  32 0.315 21.69 1370.1
  33 0.325 21.716 1367.09
  34 0.335 21.752 1363.97
  35 0.345 21.616 1297.15
  36 0.355 21.464 1308.87
  37 0.365 20.904 1412.89
  38 0.375 20.44 1436.91
  39 0.385 20.254 1384.99
  40 0.395 20.19 1408.79
  41 0.405 21.362 1464.97
  42 0.415 21.634 1396.94
  43 0.425 21.858 1378.09
  44 0.435 21.788 1456.07
  45 0.445 21.734 1486.13
  46 0.455 21.43 1498.45
  47 0.465 21.37 1447.47
  48 0.475 20.974 1409.56
  49 0.485 20.222 1465.22
  50 0.495 19.64 1460.83
  51 0.505 19.722 1512.72
  52 0.515 20.276 1554.38
  53 0.525 20.852 1612.47
  54 0.535 21.306 1590.4
  55 0.545 21.58 1444.89
  56 0.555 21.708 1378.72
  57 0.565 21.784 1374.56
  58 0.575 21.818 1363.89
  59 0.585 21.786 1336.05
  60 0.595 21.486 1358.65
  61 0.605 20.362 1330.68
  62 0.615 20.13 1273.87
  63 0.625 19.88 1287.96
  64 0.635 21.08 1311
  65 0.645 21.552 1313.63
  66 0.655 21.718 1316.9
  67 0.665 21.808 1358.28
  68 0.675 21.804 1361.79
  69 0.685 21.712 1357.99
  70 0.695 21.478 1413.56
  71 0.705 21.354 1461.8
  72 0.715 20.77 1536.84
  73 0.725 20.366 1413.67
  74 0.735 19.926 1452.14
  75 0.745 19.724 1430.24
  76 0.755 20.212 1382.83
  77 0.765 21.02 1367.48
  78 0.775 21.184 1325.23
  79 0.785 21.586 1405.09
  80 0.795 21.618 1429.04
  81 0.805 21.736 1398.08
  82 0.815 21.782 1308.09
  83 0.825 21.706 1293.69
  84 0.835 21.364 1227.66
  85 0.845 21.05 1212.95
  86 0.855 20.78 1223.72
  87 0.865 20.34 1228.4
  88 0.875 20.562 1203.78
  89 0.885 20.884 1278.72
  90 0.895 21.348 1240.89
  91 0.905 21.806 1222.67
  92 0.915 21.89 1189.7
  93 0.925 21.664 1240.57
  94 0.935 21.876 1234.86
  95 0.945 21.606 1280.82
  96 0.955 21.448 1226.89
  97 0.965 21.406 1228.05
  98 0.975 21.098 1185.96
  99 0.985 20.444 1172.01
  100 0.995 19.83 1194
90000 100 2112
  1 0.005 19.882 1099.91
  2 0.015 20.108 1122.58
  3 0.025 21.02 1131.89
  4 0.035 21.252 1224.48
  5 0.045 21.534 1239.71
  6 0.055 21.54 1285.11
  7 0.065 21.708 1191
  8 0.075 21.852 1243.59
  9 0.085 21.902 1259.3
  10 0.095 21.77 1237.62
  11 0.105 21.596 1213.75
  12 0.115 21.052 1265.09
  13 0.125 20.35 1299.04
  14 0.135 20.156 1363.83
  15 0.145 20.396 1358.33
  16 0.155 21.152 1328.29
  17 0.165 21.544 1287.52
  18 0.175 21.726 1335.76
  19 0.185 21.898 1329.88
  20 0.195 21.544 1373.62
  21 0.205 21.73 1410.53
  22 0.215 21.58 1318.35
  23 0.225 21.214 1286.38
  24 0.235 20.908 1301.47
  25 0.245 20.402 1271.64
  26 0.255 19.924 1405.85
  27 0.265 19.892 1408.27
  28 0.275 20.248 1409.84
  29 0.285 21.032 1271.43
  30 0.295 21.146 1348.32
  31 0.305 21.488 1352.71
  32 0.315 21.682 1431.87
  33 0.325 21.696 1374.04
  34 0.335 21.952 1388.59
  35 0.345 21.58 1395.23
  36 0.355 21.5 1359.17
  37 0.365 20.92 1385.88
  38 0.375 20.29 1406.96
  39 0.385 20.032 1404.31
  40 0.395 20.424 1443.12
  41 0.405 21.388 1390.11
  42 0.415 21.624 1453.87
  43 0.425 21.9 1336.15
  44 0.435 21.73 1405.3
  45 0.445 21.742 1388.4
  46 0.455 21.582 1443.05
  47 0.465 21.238 1510.39
  48 0.475 20.962 1534.68
  49 0.485 20.206 1543.78
  50 0.495 19.852 1508.85
  51 0.505 19.792 1399.07
  52 0.515 20.126 1496.82
  53 0.525 20.81 1543.88
  54 0.535 21.356 1519.16
  55 0.545 21.46 1492.69
  56 0.555 21.746 1491.45
  57 0.565 21.786 1496.64
  58 0.575 21.656 1508.83
  59 0.585 21.832 1501.86
  60 0.595 20.976 1447.99
  61 0.605 20.57 1357.69
  62 0.615 20.048 1310.09
  63 0.625 20.194 1307.25
  64 0.635 21.086 1365.29
  65 0.645 21.582 1349.95
  66 0.655 21.718 1247.6
  67 0.665 21.894 1254.43
  68 0.675 21.688 1266.86
  69 0.685 21.64 1371.45
  70 0.695 21.668 1386.63
  71 0.705 21.114 1400.07
  72 0.715 20.718 1437.09
  73 0.725 20.194 1400.62
  74 0.735 20.102 1421.8
  75 0.745 20.05 1439.21
  76 0.755 20.258 1452.38
  77 0.765 20.75 1414.33
  78 0.775 21.428 1393.08
  79 0.785 21.442 1336.05
  80 0.795 21.65 1356.34
  81 0.805 21.818 1378.7
  82 0.815 21.814 1351.56
  83 0.825 21.686 1369.22
  84 0.835 21.53 1347.85
  85 0.845 21.148 1325.46
  86 0.855 20.514 1251.84
  87 0.865 20.248 1288.21
  88 0.875 20.358 1258.96
  89 0.885 20.918 1250.5
  90 0.895 21.576 1191.88
  91 0.905 21.866 1295.19
  92 0.915 21.802 1226.43
  93 0.925 21.856 1241.46
  94 0.935 21.702 1241.02
  95 0.945 21.694 1145.84
  96 0.955 21.456 1172.57
  97 0.965 21.376 1172.61
  98 0.975 21.112 1169.92
  99 0.985 20.528 1112.36
  100 0.995 19.818 1147.56
95000 100 2112
  1 0.005 19.632 1102.78
  2 0.015 20.472 1104.81
  3 0.025 20.896 1113.33
  4 0.035 21.562 1107.01
  5 0.045 21.462 1091.02
  6 0.055 21.566 1113.08
  7 0.065 21.734 1190.56
  8 0.075 21.774 1213.89
  9 0.085 21.912 1269.7
  10 0.095 21.8 1309.31
  11 0.105 21.762 1272.04
  12 0.115 20.754 1362.89
  13 0.125 20.49 1330.51
  14 0.135 20.002 1386.27
  15 0.145 20.514 1340.94
  16 0.155 21.022 1393.35
  17 0.165 21.588 1381.04
  18 0.175 21.912 1356.59
  19 0.185 21.706 1421.32
  20 0.195 21.726 1423.41
  21 0.205 21.606 1462.04
  22 0.215 21.456 1341.02
  23 0.225 21.17 1355.44
  24 0.235 20.45 1335.99
  25 0.245 20.366 1296.38
  26 0.255 19.792 1343.21
  27 0.265 20.204 1392.84
  28 0.275 20.366 1413.16
  29 0.285 21.04 1438.06
  30 0.295 21.284 1450.23
  31 0.305 21.73 1383.4
  32 0.315 21.584 1395.15
  33 0.325 21.762 1408.75
  34 0.335 21.842 1385.85
  35 0.345 21.764 1333.6
  36 0.355 21.52 1206.21
  37 0.365 20.802 1269.16
  38 0.375 20.414 1281.31
  39 0.385 20.25 1323.63
  40 0.395 20.47 1314.39
  41 0.405 21.216 1357.36
  42 0.415 21.578 1451.66
  43 0.425 21.838 1455.82
  44 0.435 21.798 1495.04
  45 0.445 21.694 1435.72
  46 0.455 21.516 1377.85
  47 0.465 21.37 1431.57
  48 0.475 21.202 1473.87
  49 0.485 20.306 1513.35
  50 0.495 19.786 1487.63
  51 0.505 19.57 1494.51
  52 0.515 20.088 1467.06
  53 0.525 20.74 1423.3
  54 0.535 21.352 1412.84
  55 0.545 21.532 1368.93
  56 0.555 21.622 1397.1
  57 0.565 21.842 1358.55
  58 0.575 21.772 1410.04
  59 0.585 21.894 1419.75
  60 0.595 21.278 1390.47
  61 0.605 20.744 1486.35
  62 0.615 20.006 1543.04
  63 0.625 20.064 1499.57
  64 0.635 20.53 1497.45
  65 0.645 21.564 1483.43
  66 0.655 21.83 1443.52
  67 0.665 21.794 1394.6
  68 0.675 21.838 1317.93
  69 0.685 21.666 1343.44
  70 0.695 21.392 1359.24
  71 0.705 21.486 1432.82
  72 0.715 20.746 1512.67
  73 0.725 20.354 1485.21
  74 0.735 19.58 1403.68
  75 0.745 19.91 1408.54
  76 0.755 20.294 1292.17
  77 0.765 21.166 1273.13
  78 0.775 21.226 1325.86
  79 0.785 21.416 1379.05
  80 0.795 21.67 1404.62
  81 0.805 21.76 1409.84
  82 0.815 21.82 1329.09
  83 0.825 21.766 1310.85
  84 0.835 21.402 1361.9
  85 0.845 21.312 1326.32
  86 0.855 20.492 1217.27
  87 0.865 20.376 1233.86
  88 0.875 20.086 1252.08
  89 0.885 21.074 1180.93
  90 0.895 21.564 1220.62
  91 0.905 21.818 1268.1
  92 0.915 21.834 1272.7
  93 0.925 21.766 1282.2
  94 0.935 21.776 1240.06
  95 0.945 21.522 1210.6
  96 0.955 21.518 1195.02
  97 0.965 21.352 1152.36
  98 0.975 21.032 1148.36
  99 0.985 20.418 1172.73
  100 0.995 19.884 1138.95
100000 100 2112.0000000000005
  1 0.005 19.676 1177.5
  2 0.015 20.348 1102.31
  3 0.025 21.022 1105.86
  4 0.035 21.398 1120.79
  5 0.045 21.518 1126.96
  6 0.055 21.646 1132.07
  7 0.065 21.64 1174.41
  8 0.075 21.9 1196.55
  9 0.085 21.862 1263.53
  10 0.095 21.84 1292.42
  11 0.105 21.612 1392.37
  12 0.115 21.076 1342.03
  13 0.125 20.21 1360.03
  14 0.135 20.006 1308.19
  15 0.145 20.26 1282.81
  16 0.155 21.392 1218.69
  17 0.165 21.566 1333.71
  18 0.175 21.82 1336.34
  19 0.185 21.862 1274.19
  20 0.195 21.646 1362.43
  21 0.205 21.618 1310.08
  22 0.215 21.448 1321.45
  23 0.225 21.264 1301.72
  24 0.235 20.77 1356.14
  25 0.245 20.238 1393.37
  26 0.255 19.718 1383.95
  27 0.265 20.044 1416.94
  28 0.275 20.312 1465.08
  29 0.285 20.996 1521.37
  30 0.295 21.306 1513.38
  31 0.305 21.566 1520.91
  32 0.315 21.676 1481.76
  33 0.325 21.862 1366.49
  34 0.335 21.704 1366.63
  35 0.345 21.592 1329.66
  36 0.355 21.424 1357.01
  37 0.365 20.58 1389.23
  38 0.375 20.312 1356.69
  39 0.385 20.02 1400.8
  40 0.395 20.928 1325.36
  41 0.405 21.508 1375.39
  42 0.415 21.626 1412.76
  43 0.425 21.844 1433.52
  44 0.435 21.728 1454.54
  45 0.445 21.706 1414.47
  46 0.455 21.538 1422.76
  47 0.465 21.312 1402.3
  48 0.475 20.894 1422.97
  49 0.485 20.376 1432.23
  50 0.495 19.662 1504.91
  51 0.505 19.598 1447.02
  52 0.515 20.322 1438.15
  53 0.525 20.982 1440.45
  54 0.535 21.444 1466.94
  55 0.545 21.47 1446.52
  56 0.555 21.588 1427.54
  57 0.565 21.91 1409.08
  58 0.575 21.786 1455.41
  59 0.585 21.812 1471.54
  60 0.595 21.374 1475.08
  61 0.605 20.892 1412.2
  62 0.615 20.124 1397.71
  63 0.625 19.968 1465.32
  64 0.635 20.596 1485
  65 0.645 21.382 1440.57
  66 0.655 21.692 1408.27
  67 0.665 21.912 1433.47
  68 0.675 21.698 1345.36
  69 0.685 21.73 1290.83
  70 0.695 21.668 1350.23
  71 0.705 21.354 1338.43
  72 0.715 20.818 1438.45
  73 0.725 20.532 1434
  74 0.735 19.744 1512.94
  75 0.745 19.794 1426.48
  76 0.755 20.284 1318.99
  77 0.765 20.672 1361.4
  78 0.775 21.408 1334.9
  79 0.785 21.326 1369.98
  80 0.795 21.74 1358.64
  81 0.805 21.722 1343.96
  82 0.815 21.814 1333.54
  83 0.825 21.874 1294.2
  84 0.835 21.566 1268.65
  85 0.845 21.066 1252.96
  86 0.855 20.728 1249.03
  87 0.865 20.066 1315.8
  88 0.875 20.424 1325.63
  89 0.885 20.802 1305.69
  90 0.895 21.496 1259.08
  91 0.905 21.764 1261.12
  92 0.915 21.97 1219.63
  93 0.925 21.768 1225.9
  94 0.935 21.632 1180.2
  95 0.945 21.834 1166.6
  96 0.955 21.376 1224.38
  97 0.965 21.382 1157.57
  98 0.975 20.992 1203.15
  99 0.985 20.522 1201.48
  100 0.995 19.71 1157.84
105000 100 2112.0000000000005
  1 0.005 19.63 1097.22
  2 0.015 20.394 1125.96
  3 0.025 20.9 1158.62
  4 0.035 21.434 1128.84
  5 0.045 21.468 1168.36
  6 0.055 21.736 1145.77
  7 0.065 21.676 1215.25
  8 0.075 21.826 1246.98
  9 0.085 21.882 1238.68
  10 0.095 21.852 1288.16
  11 0.105 21.51 1365.76
  12 0.115 20.626 1342.74
  13 0.125 20.494 1235.01
  14 0.135 20.096 1251.74
  15 0.145 20.434 1213.1
  16 0.155 21.04 1263.62
  17 0.165 21.918 1252.55
  18 0.175 21.874 1284.17
  19 0.185 21.802 1366.55
  20 0.195 21.74 1318.61
  21 0.205 21.598 1300.92
  22 0.215 21.594 1380.71
  23 0.225 21.172 1432.07
  24 0.235 20.876 1412.63
  25 0.245 19.852 1400.42
  26 0.255 19.816 1434.84
  27 0.265 19.936 1409.13
  28 0.275 20.47 1400.57
  29 0.285 20.982 1393.94
  30 0.295 21.362 1306.39
  31 0.305 21.63 1357.43
  32 0.315 21.608 1412.52
  33 0.325 21.896 1409.9
  34 0.335 21.83 1413.13
  35 0.345 21.69 1417.06
  36 0.355 21.264 1445.49
  37 0.365 20.704 1370.44
  38 0.375 20.398 1361.98
  39 0.385 20.118 1393.61
  40 0.395 20.642 1345.96
  41 0.405 21.266 1376.39
  42 0.415 21.756 1388.84
  43 0.425 21.782 1543.11
  44 0.435 21.74 1551.3
  45 0.445 21.664 1506.94
  46 0.455 21.446 1475.75
  47 0.465 21.368 1443.27
  48 0.475 20.97 1428.37
  49 0.485 20.172 1385.72
  50 0.495 19.52 1460.33
  51 0.505 19.852 1474.15
  52 0.515 20.238 1489.86
  53 0.525 21.012 1482.1
  54 0.535 21.524 1427.39
  55 0.545 21.522 1470.39
  56 0.555 21.54 1451.09
  57 0.565 21.882 1441.67
  58 0.575 21.802 1388.89
  59 0.585 21.798 1452.79
  60 0.595 21.406 1481.48
  61 0.605 20.442 1533.11
  62 0.615 19.764 1456.14
  63 0.625 20.188 1395.5
  64 0.635 20.928 1436.91
  65 0.645 21.746 1435.38
  66 0.655 21.632 1346.33
  67 0.665 21.872 1281.37
  68 0.675 21.79 1310.98
  69 0.685 21.786 1303.68
  70 0.695 21.456 1325.04
  71 0.705 21.546 1391.54
  72 0.715 20.976 1429.11
  73 0.725 20.474 1418.15
  74 0.735 19.868 1403.85
  75 0.745 19.972 1371.39
  76 0.755 20.048 1465.47
  77 0.765 20.596 1452.5
  78 0.775 21.274 1381.08
  79 0.785 21.368 1389.28
  80 0.795 21.66 1362.66
  81 0.805 21.728 1363.47
  82 0.815 21.878 1345.97
  83 0.825 21.786 1290.57
  84 0.835 21.642 1266.52
  85 0.845 21.28 1274.93
  86 0.855 20.78 1275.15
  87 0.865 19.996 1299.95
  88 0.875 20.356 1295.28
  89 0.885 20.79 1313.82
  90 0.895 21.42 1258.4
  91 0.905 21.714 1190.54
  92 0.915 21.886 1227.33
  93 0.925 21.81 1293.67
  94 0.935 21.722 1254.48
  95 0.945 21.644 1177.18
  96 0.955 21.516 1180.15
  97 0.965 21.326 1172.14
  98 0.975 21.002 1157.12
  99 0.985 20.416 1163.74
  100 0.995 19.892 1131.07
110000 100 2111.9999999999995
  1 0.005 19.738 1209.87
  2 0.015 20.458 1155.9
  3 0.025 21.262 1109.85
  4 0.035 21.362 1167.25
  5 0.045 21.568 1137.37
  6 0.055 21.694 1176
  7 0.065 21.716 1127.99
  8 0.075 21.846 1197.5
  9 0.085 21.904 1183.95
  10 0.095 21.85 1248.55
  11 0.105 21.568 1252.54
  12 0.115 20.81 1285.8
  13 0.125 20.016 1314.98
  14 0.135 20.104 1235.54
  15 0.145 20.622 1202.54
  16 0.155 21.3 1194.34
  17 0.165 21.708 1250.61
  18 0.175 21.914 1271.61
  19 0.185 21.872 1301.64
  20 0.195 21.648 1327.86
  21 0.205 21.674 1375.91
  22 0.215 21.566 1270.66
  23 0.225 21.302 1272.27
  24 0.235 21.156 1216.62
  25 0.245 20.516 1289.84
  26 0.255 19.898 1348.35
  27 0.265 19.638 1417.21
  28 0.275 20.348 1463.87
  29 0.285 20.678 1436.08
  30 0.295 21.362 1375.27
  31 0.305 21.368 1339.83
  32 0.315 21.7 1389.72
  33 0.325 21.638 1424.34
  34 0.335 21.816 1393.67
  35 0.345 21.778 1426.66
  36 0.355 21.654 1413.71
  37 0.365 20.898 1478.52
  38 0.375 20.174 1441.15
  39 0.385 20.156 1454.38
  40 0.395 20.536 1466.57
  41 0.405 20.998 1510.85
  42 0.415 21.698 1463.72
  43 0.425 21.82 1469.69
  44 0.435 21.802 1529.78
  45 0.445 21.588 1505.4
  46 0.455 21.568 1532.05
  47 0.465 21.248 1485.54
  48 0.475 20.984 1506.62
  49 0.485 20.268 1474.33
  50 0.495 19.55 1428.39
  51 0.505 19.898 1484.34
  52 0.515 20.096 1426.73
  53 0.525 20.992 1432.38
  54 0.535 21.44 1423.03
  55 0.545 21.512 1351.37
  56 0.555 21.564 1389.08
  57 0.565 21.91 1373.52
  58 0.575 21.842 1424.17
  59 0.585 21.794 1451.31
  60 0.595 21.29 1502.78
  61 0.605 20.66 1487.48
  62 0.615 20.088 1422.45
  63 0.625 20.028 1438.52
  64 0.635 20.76 1420.99
  65 0.645 21.418 1418.67
  66 0.655 21.878 1486.29
  67 0.665 21.758 1379.43
  68 0.675 21.734 1439.09
  69 0.685 21.738 1334.24
  70 0.695 21.448 1359.15
  71 0.705 21.366 1415.73
  72 0.715 20.776 1451.48
  73 0.725 20.31 1463.54
  74 0.735 19.5 1466.77
  75 0.745 19.786 1438.71
  76 0.755 20.488 1430.43
  77 0.765 20.92 1430.55
  78 0.775 21.466 1300.3
  79 0.785 21.578 1262.84
  80 0.795 21.554 1340.46
  81 0.805 21.742 1305.53
  82 0.815 21.86 1282.56
  83 0.825 21.884 1294.4
  84 0.835 21.528 1275.18
  85 0.845 21.11 1276.65
  86 0.855 20.566 1250.81
  87 0.865 19.968 1293.19
  88 0.875 20.69 1212.77
  89 0.885 20.808 1300.8
  90 0.895 21.616 1236.78
  91 0.905 21.756 1247.61
  92 0.915 21.854 1278.81
  93 0.925 21.744 1259.14
  94 0.935 21.844 1261.08
  95 0.945 21.576 1242.17
  96 0.955 21.438 1239.43
  97 0.965 21.278 1218.46
  98 0.975 21.044 1186.39
  99 0.985 20.124 1230.54
  100 0.995 19.638 1232.03
115000 100 2112.0000000000005
  1 0.005 19.844 1219.25
  2 0.015 20.468 1153.44
  3 0.025 21.05 1166.45
  4 0.035 21.57 1122.43
  5 0.045 21.562 1174.32
  6 0.055 21.504 1191.86
  7 0.065 21.812 1158.79
  8 0.075 21.836 1187.02
  9 0.085 21.896 1194.56
  10 0.095 21.932 1173.63
  11 0.105 21.554 1231.2
  12 0.115 20.962 1271.95
  13 0.125 20.43 1264.04
  14 0.135 20.02 1254
  15 0.145 20.432 1175.52
  16 0.155 21.312 1153.06
  17 0.165 21.704 1225.8
  18 0.175 21.53 1292.57
  19 0.185 21.834 1291.69
  20 0.195 21.794 1306.78
  21 0.205 21.716 1323.24
  22 0.215 21.578 1244.27
  23 0.225 21.284 1303.48
  24 0.235 21.074 1352.38
  25 0.245 20.538 1367.09
  26 0.255 20.118 1365.56
  27 0.265 19.662 1366.87
  28 0.275 20.106 1312.18
  29 0.285 20.772 1309.13
  30 0.295 21.156 1341.46
  31 0.305 21.486 1436.95
  32 0.315 21.584 1527.49
  33 0.325 21.73 1513.21
  34 0.335 21.738 1460.9
  35 0.345 21.818 1402.86
  36 0.355 21.29 1381.02
  37 0.365 21.27 1387.1
  38 0.375 20.36 1452.8
  39 0.385 20.008 1467.27
  40 0.395 20.284 1467.18
  41 0.405 21.202 1440.86
  42 0.415 21.644 1542.64
  43 0.425 21.742 1577.96
  44 0.435 21.774 1540.92
  45 0.445 21.598 1531.5
  46 0.455 21.524 1545.5
  47 0.465 21.37 1472.98
  48 0.475 20.866 1460.81
  49 0.485 20.37 1487.03
  50 0.495 19.472 1490.71
  51 0.505 19.792 1489.31
  52 0.515 20.432 1470.5
  53 0.525 20.768 1508.69
  54 0.535 21.406 1466.67
  55 0.545 21.586 1527.04
  56 0.555 21.662 1478.23
  57 0.565 21.832 1499.09
  58 0.575 21.82 1467.3
  59 0.585 21.566 1392.38
  60 0.595 21.534 1353.07
  61 0.605 20.384 1391.11
  62 0.615 19.918 1396.91
  63 0.625 20.308 1447.33
  64 0.635 20.866 1437.1
  65 0.645 21.57 1425.08
  66 0.655 21.788 1449.02
  67 0.665 21.814 1361.35
  68 0.675 21.808 1332.91
  69 0.685 21.55 1441.01
  70 0.695 21.59 1440.52
  71 0.705 21.192 1470.82
  72 0.715 20.796 1411.19
  73 0.725 20.172 1388.74
  74 0.735 19.874 1356.54
  75 0.745 19.99 1291.68
  76 0.755 20.208 1350.54
  77 0.765 21.012 1281.97
  78 0.775 21.418 1239.76
  79 0.785 21.602 1299.3
  80 0.795 21.552 1321.7
  81 0.805 21.822 1278.55
  82 0.815 21.886 1323.56
  83 0.825 21.728 1265.08
  84 0.835 21.648 1240.82
  85 0.845 20.892 1313.61
  86 0.855 20.73 1323.47
  87 0.865 20.05 1366.97
  88 0.875 20.366 1338.88
  89 0.885 20.938 1263.4
  90 0.895 21.628 1277.57
  91 0.905 21.796 1293.83
  92 0.915 21.798 1245.7
  93 0.925 21.734 1212.35
  94 0.935 21.752 1225.15
  95 0.945 21.664 1200.56
  96 0.955 21.364 1181.66
  97 0.965 21.28 1217.22
  98 0.975 20.762 1201.16
  99 0.985 20.226 1226.64
  100 0.995 19.946 1253.33
120000 100 2112
  1 0.005 19.956 1161.21
  2 0.015 20.466 1192.13
  3 0.025 21.174 1156.17
  4 0.035 21.46 1175.06
  5 0.045 21.504 1185.07
  6 0.055 21.628 1156.02
  7 0.065 21.786 1130.01
  8 0.075 21.888 1151.8
  9 0.085 21.836 1177.39
  10 0.095 21.924 1173.92
  11 0.105 21.428 1196.11
  12 0.115 21.278 1228.9
  13 0.125 20.118 1256.49
  14 0.135 20.338 1241.8
  15 0.145 20.506 1275.13
  16 0.155 21.052 1224.09
  17 0.165 21.414 1221.77
  18 0.175 21.896 1223.07
  19 0.185 21.788 1228.3
  20 0.195 21.768 1307.55
  21 0.205 21.758 1297.61
  22 0.215 21.572 1273.92
  23 0.225 21.284 1395.14
  24 0.235 21.114 1406.99
  25 0.245 20.53 1418.26
  26 0.255 20.098 1336.16
  27 0.265 19.892 1325.46
  28 0.275 19.92 1310.26
  29 0.285 20.77 1333.59
  30 0.295 21.09 1386.06
  31 0.305 21.524 1428.55
  32 0.315 21.438 1466.55
  33 0.325 21.756 1423.09
  34 0.335 21.858 1436.43
  35 0.345 21.614 1497.73
  36 0.355 21.434 1517.79
  37 0.365 21.118 1474.1
  38 0.375 20.392 1403.75
  39 0.385 20.04 1423.05
  40 0.395 20.332 1437.62
  41 0.405 21.224 1408.04
  42 0.415 21.762 1449.01
  43 0.425 21.708 1523.97
  44 0.435 21.72 1552.65
  45 0.445 21.832 1519.26
  46 0.455 21.394 1426.65
  47 0.465 21.296 1486.7
  48 0.475 20.852 1510.21
  49 0.485 20.484 1405.4
  50 0.495 19.546 1401.11
  51 0.505 19.754 1371.13
  52 0.515 20.444 1479.88
  53 0.525 20.928 1461.4
  54 0.535 21.276 1514.3
  55 0.545 21.526 1515.58
  56 0.555 21.674 1441.83
  57 0.565 21.786 1452.59
  58 0.575 21.758 1446.39
  59 0.585 21.864 1404.55
  60 0.595 21.138 1408.31
  61 0.605 20.724 1403.44
  62 0.615 20.204 1516.69
  63 0.625 20.148 1529.4
  64 0.635 20.736 1539.18
  65 0.645 21.4 1477.35
  66 0.655 21.666 1409.98
  67 0.665 21.836 1343.69
  68 0.675 21.75 1375.87
  69 0.685 21.49 1419.69
  70 0.695 21.426 1478.76
  71 0.705 21.456 1393.65
  72 0.715 20.758 1332.77
  73 0.725 20.426 1322.59
  74 0.735 19.706 1368.41
  75 0.745 20.068 1311.36
  76 0.755 20.244 1302.97
  77 0.765 20.982 1275.22
  78 0.775 21.282 1340.99
  79 0.785 21.432 1350.17
  80 0.795 21.752 1376.65
  81 0.805 21.64 1386.42
  82 0.815 21.926 1343.03
  83 0.825 21.676 1317.62
  84 0.835 21.522 1287.8
  85 0.845 20.994 1313.64
  86 0.855 20.39 1341.92
  87 0.865 20.194 1365.01
  88 0.875 20.502 1335.91
  89 0.885 21.004 1422.42
  90 0.895 21.732 1364.95
  91 0.905 21.77 1309.06
  92 0.915 21.918 1200.61
  93 0.925 21.75 1228.31
  94 0.935 21.65 1190.19
  95 0.945 21.614 1148.93
  96 0.955 21.566 1137.41
  97 0.965 21.112 1217.21
  98 0.975 20.792 1193.03
  99 0.985 20.248 1231.48
  100 0.995 19.806 1175.87
125000 100 2112.0000000000005
  1 0.005 19.776 1076.8
  2 0.015 20.318 1129.22
  3 0.025 20.98 1087.12
  4 0.035 21.426 1102.23
  5 0.045 21.578 1140.8
  6 0.055 21.542 1194.95
  7 0.065 21.742 1201.4
  8 0.075 21.784 1231.56
  9 0.085 21.77 1312.07
  10 0.095 21.742 1350.05
  11 0.105 21.37 1325.9
  12 0.115 20.838 1285.04
  13 0.125 20.518 1179.36
  14 0.135 20.236 1240.26
  15 0.145 20.646 1251.21
  16 0.155 21.198 1229.03
  17 0.165 21.514 1219.97
  18 0.175 21.888 1220.04
  19 0.185 21.79 1321.24
  20 0.195 21.676 1373.1
  21 0.205 21.628 1382.49
  22 0.215 21.488 1419
  23 0.225 21.246 1339.13
  24 0.235 20.664 1402.68
  25 0.245 20.216 1366.16
  26 0.255 19.836 1343.73
  27 0.265 20.16 1326.24
  28 0.275 20.474 1337.62
  29 0.285 20.846 1330.86
  30 0.295 21.38 1379.4
  31 0.305 21.532 1348.77
  32 0.315 21.56 1357.85
  33 0.325 21.804 1431.16
  34 0.335 21.774 1460.56
  35 0.345 21.766 1374.43
  36 0.355 21.806 1376.78
  37 0.365 20.688 1369.69
  38 0.375 20.386 1422.18
  39 0.385 20.132 1341.24
  40 0.395 20.456 1391.3
  41 0.405 21.03 1421.31
  42 0.415 21.692 1364.92
  43 0.425 21.882 1433.05
  44 0.435 21.738 1514.46
  45 0.445 21.678 1547.28
  46 0.455 21.644 1428.8
  47 0.465 21.324 1476.35
  48 0.475 21.156 1483.89
  49 0.485 20.342 1524.9
  50 0.495 19.9 1480.34
  51 0.505 19.934 1463.8
  52 0.515 19.908 1487.39
  53 0.525 20.68 1549.41
  54 0.535 21.166 1537.31
  55 0.545 21.58 1480.56
  56 0.555 21.53 1498.04
  57 0.565 21.746 1448.65
  58 0.575 21.88 1441.23
  59 0.585 21.516 1510.79
  60 0.595 21.164 1574.15
  61 0.605 20.484 1565.41
  62 0.615 19.942 1561.31
  63 0.625 20.226 1490.11
  64 0.635 21.214 1390.52
  65 0.645 21.434 1390.66
  66 0.655 21.772 1375.86
  67 0.665 21.882 1403.04
  68 0.675 21.562 1446.99
  69 0.685 21.728 1402.35
  70 0.695 21.352 1436.57
  71 0.705 21.178 1394.02
  72 0.715 20.784 1307
  73 0.725 20.182 1289.63
  74 0.735 20.034 1316.79
  75 0.745 20.058 1308.12
  76 0.755 20.604 1316.74
  77 0.765 20.894 1384.15
  78 0.775 21.23 1435.27
  79 0.785 21.506 1424.89
  80 0.795 21.692 1319.78
  81 0.805 21.77 1415.21
  82 0.815 21.84 1328.45
  83 0.825 21.708 1288.47
  84 0.835 21.638 1250.62
  85 0.845 21.482 1271.85
  86 0.855 20.288 1283.98
  87 0.865 20.208 1293.82
  88 0.875 20.178 1333.56
  89 0.885 20.85 1347.04
  90 0.895 21.58 1265.77
  91 0.905 21.898 1250.65
  92 0.915 21.842 1259.48
  93 0.925 21.854 1273.83
  94 0.935 21.786 1232.94
  95 0.945 21.496 1260.49
  96 0.955 21.486 1227.23
  97 0.965 21.386 1162.78
  98 0.975 21.01 1091.51
  99 0.985 20.492 1060.68
  100 0.995 19.786 1142.97
130000 100 2111.9999999999995
  1 0.005 19.74 1074.43
  2 0.015 20.682 1048.73
  3 0.025 21.128 1101.53
  4 0.035 21.512 1146.6
  5 0.045 21.566 1227.22
  6 0.055 21.574 1271.21
  7 0.065 21.712 1252.42
  8 0.075 21.944 1229.05
  9 0.085 21.786 1233.15
  10 0.095 21.674 1202.35
  11 0.105 21.316 1190.22
  12 0.115 20.79 1199.92
  13 0.125 20.428 1245.58
  14 0.135 20.424 1312.34
  15 0.145 20.694 1230.21
  16 0.155 21.236 1211.02
  17 0.165 21.566 1207.21
  18 0.175 21.796 1242.15
  19 0.185 21.742 1240.83
  20 0.195 21.822 1274.25
  21 0.205 21.678 1310.5
  22 0.215 21.57 1348.12
  23 0.225 21.12 1338.6
  24 0.235 20.844 1392.21
  25 0.245 20.264 1344.41
  26 0.255 19.81 1375.15
  27 0.265 19.944 1428.95
  28 0.275 20.308 1421.71
  29 0.285 21.028 1373.95
  30 0.295 21.308 1324.74
  31 0.305 21.438 1299.46
  32 0.315 21.832 1338.75
  33 0.325 21.736 1370.5
  34 0.335 21.754 1447.1
  35 0.345 21.8 1379.67
  36 0.355 21.642 1334.69
  37 0.365 20.784 1414
  38 0.375 20.416 1381.12
  39 0.385 20.008 1381.24
  40 0.395 20.468 1347.59
  41 0.405 21.11 1343.89
  42 0.415 21.682 1370.74
  43 0.425 21.868 1409.66
  44 0.435 21.852 1423.85
  45 0.445 21.612 1437.47
  46 0.455 21.644 1482.6
  47 0.465 21.462 1462.02
  48 0.475 21.13 1470.8
  49 0.485 20.488 1428.18
  50 0.495 19.836 1512.92
  51 0.505 19.606 1450.54
  52 0.515 19.924 1488.85
  53 0.525 20.64 1605.63
  54 0.535 21.378 1589.53
  55 0.545 21.378 1640.19
  56 0.555 21.634 1604.07
  57 0.565 21.756 1621.76
  58 0.575 21.76 1576.33
  59 0.585 21.79 1561.02
  60 0.595 20.932 1613.66
  61 0.605 20.502 1476.25
  62 0.615 20.39 1410.63
  63 0.625 20.468 1437.88
  64 0.635 20.752 1455.87
  65 0.645 21.506 1393.74
  66 0.655 21.66 1364.63
  67 0.665 21.702 1392.74
  68 0.675 21.806 1389.17
  69 0.685 21.652 1382.24
  70 0.695 21.524 1374.82
  71 0.705 21.464 1391.93
  72 0.715 20.798 1339.53
  73 0.725 20.512 1378.13
  74 0.735 19.966 1397.85
  75 0.745 19.934 1367.55
  76 0.755 20.18 1364.58
  77 0.765 20.788 1383.73
  78 0.775 21.118 1400.97
  79 0.785 21.464 1374.45
  80 0.795 21.686 1391.55
  81 0.805 21.702 1327.01
  82 0.815 21.856 1384.78
  83 0.825 21.61 1438.62
  84 0.835 21.634 1362.03
  85 0.845 20.934 1397.73
  86 0.855 20.636 1390.11
  87 0.865 20.102 1373.39
  88 0.875 20.438 1274.17
  89 0.885 20.934 1296.17
  90 0.895 21.752 1237.05
  91 0.905 21.75 1268.99
  92 0.915 21.8 1266.59
  93 0.925 21.81 1258.34
  94 0.935 21.65 1254.26
  95 0.945 21.618 1187.12
  96 0.955 21.432 1153.46
  97 0.965 21.386 1092.31
  98 0.975 20.846 1062.38
  99 0.985 20.156 1085
  100 0.995 19.716 1117.32
135000 100 2112.0000000000005
  1 0.005 20.088 1127.78
  2 0.015 20.754 1116.97
  3 0.025 21.418 1090.51
  4 0.035 21.426 1187.97
  5 0.045 21.554 1172.3
  6 0.055 21.716 1124.66
  7 0.065 21.718 1189.65
  8 0.075 21.862 1181.52
  9 0.085 21.918 1129.46
  10 0.095 21.738 1184.42
  11 0.105 21.384 1160.78
  12 0.115 20.808 1174.31
  13 0.125 20.512 1203.99
  14 0.135 19.994 1211.47
  15 0.145 20.83 1219.2
  16 0.155 21.18 1254.25
  17 0.165 21.742 1255.42
  18 0.175 21.692 1272.43
  19 0.185 21.876 1286.11
  20 0.195 21.858 1222.58
  21 0.205 21.596 1285.13
  22 0.215 21.48 1323.7
  23 0.225 21.448 1273.36
  24 0.235 21.056 1302.48
  25 0.245 20.366 1275.44
  26 0.255 19.868 1323.4
  27 0.265 19.722 1337.14
  28 0.275 20.19 1373.08
  29 0.285 20.692 1403.56
  30 0.295 21.388 1406.27
  31 0.305 21.468 1454.09
  32 0.315 21.62 1456.54
  33 0.325 21.724 1406.63
  34 0.335 21.926 1360.93
  35 0.345 21.736 1325.74
  36 0.355 21.476 1309.14
  37 0.365 20.986 1307.07
  38 0.375 20.498 1290.97
  39 0.385 20.08 1350.34
  40 0.395 20.588 1330.47
  41 0.405 21.052 1295.55
  42 0.415 21.536 1354.73
  43 0.425 21.776 1364.14
  44 0.435 21.898 1412.16
  45 0.445 21.65 1452.33
  46 0.455 21.544 1492.92
  47 0.465 21.474 1480.12
  48 0.475 21.288 1463.01
  49 0.485 20.742 1443.14
  50 0.495 20.078 1436.59
  51 0.505 19.584 1562.11
  52 0.515 19.792 1600.6
  53 0.525 20.478 1576.91
  54 0.535 21.22 1579.53
  55 0.545 21.402 1593.21
  56 0.555 21.52 1492.68
  57 0.565 21.802 1563.11
  58 0.575 21.69 1533.43
  59 0.585 21.728 1577.51
  60 0.595 21.35 1531.64
  61 0.605 20.874 1544.44
  62 0.615 20.27 1502
  63 0.625 20.08 1524.45
  64 0.635 20.776 1462.55
  65 0.645 21.242 1471.23
  66 0.655 21.538 1456.58
  67 0.665 21.868 1447.01
  68 0.675 21.732 1461.14
  69 0.685 21.642 1406.1
  70 0.695 21.536 1443.99
  71 0.705 21.196 1469.14
  72 0.715 20.67 1454.36
  73 0.725 20.208 1495.41
  74 0.735 19.956 1377.97
  75 0.745 19.834 1304.8
  76 0.755 20.458 1324.21
  77 0.765 20.958 1362.44
  78 0.775 21.324 1353.53
  79 0.785 21.558 1324.59
  80 0.795 21.592 1352.56
  81 0.805 21.808 1395.46
  82 0.815 21.838 1455.91
  83 0.825 21.734 1376.98
  84 0.835 21.578 1383.5
  85 0.845 20.764 1363.21
  86 0.855 20.228 1320.35
  87 0.865 20.112 1251.28
  88 0.875 20.646 1314.85
  89 0.885 21.108 1341.91
  90 0.895 21.884 1330.24
  91 0.905 21.744 1308.55
  92 0.915 21.778 1244.81
  93 0.925 21.862 1171.89
  94 0.935 21.596 1209.36
  95 0.945 21.614 1245.32
  96 0.955 21.376 1269.54
  97 0.965 21.206 1183.25
  98 0.975 20.534 1179.14
  99 0.985 20.01 1174.36
  100 0.995 19.688 1199.99
140000 100 2112
  1 0.005 20.1 1192.4
  2 0.015 20.972 1154.15
  3 0.025 21.336 1070.76
  4 0.035 21.592 1099.15
  5 0.045 21.53 1092.4
  6 0.055 21.768 1045.61
  7 0.065 21.774 1096.37
  8 0.075 21.92 1140.78
  9 0.085 21.768 1211.4
  10 0.095 21.746 1235.58
  11 0.105 21.306 1243.62
  12 0.115 20.742 1276.5
  13 0.125 20.42 1251
  14 0.135 20.436 1269.47
  15 0.145 20.612 1302.19
  16 0.155 21.196 1270.44
  17 0.165 21.612 1220.49
  18 0.175 21.778 1255.81
  19 0.185 21.976 1230.85
  20 0.195 21.688 1260.71
  21 0.205 21.478 1285.47
  22 0.215 21.644 1302.97
  23 0.225 21.394 1285.97
  24 0.235 20.688 1346.37
  25 0.245 20.336 1346.98
  26 0.255 19.712 1271.64
  27 0.265 19.868 1331.16
  28 0.275 20.43 1331.33
  29 0.285 21.018 1286.35
  30 0.295 21.398 1288.7
  31 0.305 21.458 1332.18
  32 0.315 21.674 1373.32
  33 0.325 21.656 1425.23
  34 0.335 21.84 1394.77
  35 0.345 21.714 1344.4
  36 0.355 21.714 1300.74
  37 0.365 21.092 1293.87
  38 0.375 20.466 1314.13
  39 0.385 20.366 1344.94
  40 0.395 20.354 1390.03
  41 0.405 20.866 1377.1
  42 0.415 21.492 1404.66
  43 0.425 21.718 1393.34
  44 0.435 21.874 1408.57
  45 0.445 21.714 1445.76
  46 0.455 21.686 1430.94
  47 0.465 21.59 1442.45
  48 0.475 21.266 1438.22
  49 0.485 20.576 1559.63
  50 0.495 20.074 1616.38
  51 0.505 19.406 1578.89
  52 0.515 19.842 1645.94
  53 0.525 20.444 1542.74
  54 0.535 21.292 1498.05
  55 0.545 21.31 1454.48
  56 0.555 21.744 1487.74
  57 0.565 21.644 1582.04
  58 0.575 21.766 1511
  59 0.585 21.678 1532.8
  60 0.595 21.51 1572.26
  61 0.605 20.556 1528.67
  62 0.615 20.556 1526.62
  63 0.625 20.1 1528.06
  64 0.635 20.624 1514.27
  65 0.645 21.164 1435.14
  66 0.655 21.676 1356.41
  67 0.665 21.79 1459.42
  68 0.675 21.762 1469.46
  69 0.685 21.662 1467.18
  70 0.695 21.506 1442
  71 0.705 21.29 1517.91
  72 0.715 20.896 1488.14
  73 0.725 20.26 1428.63
  74 0.735 19.756 1403.98
  75 0.745 19.884 1331.18
  76 0.755 20.216 1350.96
  77 0.765 21.014 1390.98
  78 0.775 21.312 1462.78
  79 0.785 21.548 1405.72
  80 0.795 21.63 1438.63
  81 0.805 21.684 1414.96
  82 0.815 21.852 1383.58
  83 0.825 21.576 1383.72
  84 0.835 21.582 1297.34
  85 0.845 21.028 1201.97
  86 0.855 20.062 1304.16
  87 0.865 20.428 1248.01
  88 0.875 20.56 1271.42
  89 0.885 21.062 1294.43
  90 0.895 21.734 1292.18
  91 0.905 21.776 1270.39
  92 0.915 21.86 1260.45
  93 0.925 21.798 1274.82
  94 0.935 21.674 1302.1
  95 0.945 21.446 1291.92
  96 0.955 21.42 1200.27
  97 0.965 21.148 1206.35
  98 0.975 20.388 1220.56
  99 0.985 20.066 1204.69
  100 0.995 19.59 1230.33
145000 100 2112
  1 0.005 19.784 1185.23
  2 0.015 20.74 1195.19
  3 0.025 21.16 1138.66
  4 0.035 21.444 1180.63
  5 0.045 21.688 1230.11
  6 0.055 21.554 1209.13
  7 0.065 21.794 1141.14
  8 0.075 21.856 1204.93
  9 0.085 21.712 1241.23
  10 0.095 21.68 1263.61
  11 0.105 21.076 1303.28
  12 0.115 20.586 1237.39
  13 0.125 20.608 1177.98
  14 0.135 20.26 1188.83
  15 0.145 21.006 1213.52
  16 0.155 21.314 1224.88
  17 0.165 21.606 1273.15
  18 0.175 21.906 1215.65
  19 0.185 21.828 1272.6
  20 0.195 21.722 1243.61
  21 0.205 21.786 1258.34
  22 0.215 21.462 1240.85
  23 0.225 21.398 1228.83
  24 0.235 21.084 1260.96
  25 0.245 20.522 1300.95
  26 0.255 19.86 1360.34
  27 0.265 19.87 1357.47
  28 0.275 20.282 1415.52
  29 0.285 20.618 1432.57
  30 0.295 21.26 1423
  31 0.305 21.428 1415.88
  32 0.315 21.636 1386.16
  33 0.325 21.642 1393.47
  34 0.335 21.88 1374.52
  35 0.345 21.73 1390.12
  36 0.355 21.542 1286.64
  37 0.365 21.358 1280.82
  38 0.375 20.41 1287.29
  39 0.385 20.212 1283.67
  40 0.395 20.49 1346.95
  41 0.405 20.802 1391.6
  42 0.415 21.466 1392.08
  43 0.425 21.736 1390.98
  44 0.435 21.802 1428.93
  45 0.445 21.73 1477.09
  46 0.455 21.552 1500.38
  47 0.465 21.346 1480.03
  48 0.475 21.266 1456.52
  49 0.485 20.642 1446.15
  50 0.495 19.908 1481.56
  51 0.505 19.632 1485.52
  52 0.515 19.94 1513.37
  53 0.525 20.574 1495.88
  54 0.535 21.226 1554.07
  55 0.545 21.434 1534.41
  56 0.555 21.678 1545.87
  57 0.565 21.666 1605.58
  58 0.575 21.758 1521.51
  59 0.585 21.598 1506.14
  60 0.595 21.186 1590.16
  61 0.605 20.692 1575.36
  62 0.615 20.17 1544.95
  63 0.625 20.226 1543.5
  64 0.635 21.034 1494.29
  65 0.645 21.282 1459.16
  66 0.655 21.69 1486.06
  67 0.665 21.8 1455.96
  68 0.675 21.74 1396.96
  69 0.685 21.66 1385.87
  70 0.695 21.532 1356.29
  71 0.705 21.314 1416.13
  72 0.715 20.838 1425.66
  73 0.725 20.254 1420.53
  74 0.735 19.664 1368.87
  75 0.745 19.852 1412.36
  76 0.755 20.426 1357.99
  77 0.765 20.954 1468.84
  78 0.775 21.24 1407.58
  79 0.785 21.634 1405.63
  80 0.795 21.628 1418.06
  81 0.805 21.82 1355.08
  82 0.815 21.722 1380.53
  83 0.825 21.724 1404.86
  84 0.835 21.478 1379.9
  85 0.845 20.836 1297.1
  86 0.855 20.388 1246.19
  87 0.865 20.456 1239.29
  88 0.875 20.584 1264.84
  89 0.885 21.154 1283.16
  90 0.895 21.494 1270.1
  91 0.905 21.766 1323.44
  92 0.915 21.934 1303.17
  93 0.925 21.776 1303.6
  94 0.935 21.518 1259.08
  95 0.945 21.726 1160.13
  96 0.955 21.424 1216.06
  97 0.965 21.21 1174.7
  98 0.975 20.71 1132.08
  99 0.985 20.092 1163.84
  100 0.995 19.822 1186.53
150000 100 2112
  1 0.005 20.088 1130
  2 0.015 20.756 1137.8
  3 0.025 21.122 1110.02
  4 0.035 21.486 1155.75
  5 0.045 21.452 1197.8
  6 0.055 21.658 1187.4
  7 0.065 21.842 1205.45
  8 0.075 21.714 1281.78
  9 0.085 21.806 1262.75
  10 0.095 21.808 1260.26
  11 0.105 21.29 1261.32
  12 0.115 20.758 1276.15
  13 0.125 20.15 1318.57
  14 0.135 20.346 1306.95
  15 0.145 20.636 1291.48
  16 0.155 21.35 1325.12
  17 0.165 21.75 1295.34
  18 0.175 21.758 1257.29
  19 0.185 21.936 1247.73
  20 0.195 21.686 1302.61
  21 0.205 21.69 1285.5
  22 0.215 21.544 1294.66
  23 0.225 21.218 1246.75
  24 0.235 21.09 1295.89
  25 0.245 20.346 1272.78
  26 0.255 19.68 1307.32
  27 0.265 19.914 1332.23
  28 0.275 20.298 1356.39
  29 0.285 20.91 1386.39
  30 0.295 21.276 1414.64
  31 0.305 21.534 1432.38
  32 0.315 21.594 1421.01
  33 0.325 21.728 1363.6
  34 0.335 21.874 1305.1
  35 0.345 21.826 1256.48
  36 0.355 21.678 1301.08
  37 0.365 21.256 1379.88
  38 0.375 20.292 1368.2
  39 0.385 19.928 1461.8
  40 0.395 20.172 1459.49
  41 0.405 21.144 1409.99
  42 0.415 21.648 1404.79
  43 0.425 21.84 1374.14
  44 0.435 21.872 1388.19
  45 0.445 21.71 1435.24
  46 0.455 21.61 1419.72
  47 0.465 21.438 1431.55
  48 0.475 21.17 1437.6
  49 0.485 20.726 1465.12
  50 0.495 20.002 1523.72
  51 0.505 19.53 1699.16
  52 0.515 19.66 1585.11
  53 0.525 20.628 1507.24
  54 0.535 21.29 1420.16
  55 0.545 21.46 1561.49
  56 0.555 21.574 1528.24
  57 0.565 21.642 1577.47
  58 0.575 21.86 1555.99
  59 0.585 21.622 1499.84
  60 0.595 21.3 1483.52
  61 0.605 20.52 1494.35
  62 0.615 20.462 1445.86
  63 0.625 20.198 1445.65
  64 0.635 20.574 1467.75
  65 0.645 21.374 1431.8
  66 0.655 21.832 1447.4
  67 0.665 21.8 1449.79
  68 0.675 21.78 1384.58
  69 0.685 21.656 1371.43
  70 0.695 21.496 1374.9
  71 0.705 21.476 1327
  72 0.715 20.938 1369.06
  73 0.725 20.36 1349.29
  74 0.735 19.904 1342.01
  75 0.745 19.88 1354.18
  76 0.755 20.082 1366.24
  77 0.765 20.928 1369.12
  78 0.775 21.228 1374.76
  79 0.785 21.528 1385.57
  80 0.795 21.648 1381.42
  81 0.805 21.66 1481.17
  82 0.815 21.816 1384.44
  83 0.825 21.728 1364.41
  84 0.835 21.786 1267.73
  85 0.845 21.002 1252.39
  86 0.855 20.442 1276.13
  87 0.865 20.078 1291.15
  88 0.875 20.276 1316.31
  89 0.885 21.024 1308.34
  90 0.895 21.612 1314.38
  91 0.905 21.898 1311.57
  92 0.915 21.794 1381.71
  93 0.925 21.742 1340.64
  94 0.935 21.638 1264.27
  95 0.945 21.626 1217.34
  96 0.955 21.392 1240.11
  97 0.965 21.088 1185.38
  98 0.975 20.736 1204.17
  99 0.985 20.306 1188.27
  100 0.995 19.726 1219.93
155000 100 2112
  1 0.005 19.622 1245.72
  2 0.015 20.482 1231.69
  3 0.025 20.766 1243.85
  4 0.035 21.498 1225.33
  5 0.045 21.418 1194.88
  6 0.055 21.736 1244.97
  7 0.065 21.666 1288.78
  8 0.075 21.688 1225.41
  9 0.085 21.858 1292.49
  10 0.095 21.902 1185
  11 0.105 21.352 1313.21
  12 0.115 20.782 1367.9
  13 0.125 20.356 1372.72
  14 0.135 20.244 1357.64
  15 0.145 20.454 1366.61
  16 0.155 21.338 1331.05
  17 0.165 21.702 1355.85
  18 0.175 21.808 1363.45
  19 0.185 21.738 1357.3
  20 0.195 21.734 1322.02
  21 0.205 21.572 1285.62
  22 0.215 21.596 1237.43
  23 0.225 21.27 1229.21
  24 0.235 20.688 1285.87
  25 0.245 20.422 1318.66
  26 0.255 19.826 1327.78
  27 0.265 19.806 1259.47
  28 0.275 20.496 1283.07
  29 0.285 20.952 1240.25
  30 0.295 21.324 1215.6
  31 0.305 21.734 1202.4
  32 0.315 21.484 1327.64
  33 0.325 21.804 1355.94
  34 0.335 21.776 1398.95
  35 0.345 21.796 1409.25
  36 0.355 21.622 1393.85
  37 0.365 20.862 1337.08
  38 0.375 20.428 1311.4
  39 0.385 20.066 1374.49
  40 0.395 20.54 1396.62
  41 0.405 21.08 1346.5
  42 0.415 21.478 1393.11
  43 0.425 21.878 1483.07
  44 0.435 21.774 1514.05
  45 0.445 21.624 1473.21
  46 0.455 21.602 1506.48
  47 0.465 21.52 1487.43
  48 0.475 21.02 1456.98
  49 0.485 20.364 1460.27
  50 0.495 19.694 1482.27
  51 0.505 19.936 1607.4
  52 0.515 20.02 1627.79
  53 0.525 20.792 1614.14
  54 0.535 21.196 1587.92
  55 0.545 21.37 1594.55
  56 0.555 21.692 1460.29
  57 0.565 21.782 1457.23
  58 0.575 21.74 1511.65
  59 0.585 21.564 1487.77
  60 0.595 21.272 1475.6
  61 0.605 20.796 1473.62
  62 0.615 20.12 1523.12
  63 0.625 20.27 1509.71
  64 0.635 20.774 1504.72
  65 0.645 21.422 1434.32
  66 0.655 21.718 1425.07
  67 0.665 21.808 1400.3
  68 0.675 21.696 1382.41
  69 0.685 21.718 1362.39
  70 0.695 21.416 1376.64
  71 0.705 21.232 1361.49
  72 0.715 20.83 1319.42
  73 0.725 20.436 1346.32
  74 0.735 19.848 1364.66
  75 0.745 19.786 1370.63
  76 0.755 20.13 1362.29
  77 0.765 21.054 1377.08
  78 0.775 21.394 1346.35
  79 0.785 21.59 1319.59
  80 0.795 21.594 1341.84
  81 0.805 21.784 1238.77
  82 0.815 21.806 1336.61
  83 0.825 21.798 1314.47
  84 0.835 21.618 1267.24
  85 0.845 21.188 1315.62
  86 0.855 20.532 1331.99
  87 0.865 20.014 1328.63
  88 0.875 20.444 1322.19
  89 0.885 21.07 1273.23
  90 0.895 21.468 1222.1
  91 0.905 21.866 1226.66
  92 0.915 21.75 1312.18
  93 0.925 21.85 1246.26
  94 0.935 21.75 1252.2
  95 0.945 21.628 1198.68
  96 0.955 21.466 1195.75
  97 0.965 21.47 1135.53
  98 0.975 20.916 1206.55
  99 0.985 20.52 1223.74
  100 0.995 19.824 1260.89
160000 100 2111.9999999999995
  1 0.005 19.798 1147.03
  2 0.015 20.162 1206.03
  3 0.025 20.91 1255.7
  4 0.035 21.232 1235.79
  5 0.045 21.424 1272.05
  6 0.055 21.562 1227.88
  7 0.065 21.73 1249.53
  8 0.075 21.822 1301.66
  9 0.085 21.8 1269.47
  10 0.095 21.69 1225.44
  11 0.105 21.434 1250.33
  12 0.115 20.812 1325.19
  13 0.125 20.542 1297.98
  14 0.135 20.274 1341.04
  15 0.145 20.376 1335.79
  16 0.155 21.198 1319.25
  17 0.165 21.688 1331.53
  18 0.175 21.882 1328.33
  19 0.185 21.742 1382.7
  20 0.195 21.716 1372.12
  21 0.205 21.608 1335.92
  22 0.215 21.576 1299.61
  23 0.225 21.278 1315.2
  24 0.235 20.788 1284.08
  25 0.245 20.23 1243.74
  26 0.255 19.814 1216.99
  27 0.265 19.748 1309.06
  28 0.275 20.546 1270.73
  29 0.285 21.016 1278.8
  30 0.295 21.304 1242.83
  31 0.305 21.576 1334.55
  32 0.315 21.69 1399.04
  33 0.325 21.734 1484.72
  34 0.335 21.8 1349.85
  35 0.345 21.754 1318.91
  36 0.355 21.622 1394.25
  37 0.365 20.908 1399.77
  38 0.375 20.148 1446.19
  39 0.385 20.002 1467.21
  40 0.395 20.638 1460.43
  41 0.405 21.046 1430.9
  42 0.415 21.838 1410.68
  43 0.425 21.8 1412.89
  44 0.435 21.842 1478.23
  45 0.445 21.668 1451.22
  46 0.455 21.524 1501.48
  47 0.465 21.318 1539.38
  48 0.475 21.046 1501.79
  49 0.485 20.314 1457.79
  50 0.495 19.916 1486.8
  51 0.505 19.706 1505.7
  52 0.515 20.2 1432.97
  53 0.525 20.742 1500.86
  54 0.535 21.286 1538.24
  55 0.545 21.45 1535.23
  56 0.555 21.71 1531.58
  57 0.565 21.636 1576.51
  58 0.575 21.78 1474.57
  59 0.585 21.65 1451.15
  60 0.595 21.262 1433.66
  61 0.605 20.608 1457.63
  62 0.615 20.316 1513.3
  63 0.625 20.136 1519.11
  64 0.635 20.674 1493.6
  65 0.645 21.592 1427.63
  66 0.655 21.7 1438.35
  67 0.665 21.806 1491.66
  68 0.675 21.732 1375.58
  69 0.685 21.644 1428.18
  70 0.695 21.592 1415.46
  71 0.705 21.166 1391.29
  72 0.715 20.848 1404.6
  73 0.725 20.182 1433.35
  74 0.735 19.908 1416.01
  75 0.745 19.742 1415.97
  76 0.755 20.408 1371.34
  77 0.765 21.008 1337.87
  78 0.775 21.39 1286.27
  79 0.785 21.508 1302.11
  80 0.795 21.76 1284.5
  81 0.805 21.688 1296.28
  82 0.815 21.848 1232.16
  83 0.825 21.914 1257.84
  84 0.835 21.576 1211.6
  85 0.845 21.28 1238.38
  86 0.855 20.76 1273.38
  87 0.865 20.12 1255.91
  88 0.875 20.192 1323.53
  89 0.885 20.746 1336.91
  90 0.895 21.5 1323.3
  91 0.905 21.828 1250.73
  92 0.915 21.78 1267.72
  93 0.925 21.846 1256.24
  94 0.935 21.69 1272.1
  95 0.945 21.61 1227.59
  96 0.955 21.488 1237.69
  97 0.965 21.354 1182.95
  98 0.975 21.136 1147.38
  99 0.985 20.386 1134.17
  100 0.995 20.23 1113.41
165000 100 2112
  1 0.005 20.076 1119.74
  2 0.015 20.554 1124.08
  3 0.025 21.064 1131.07
  4 0.035 21.298 1206.21
  5 0.045 21.464 1178.93
  6 0.055 21.548 1213.38
  7 0.065 21.81 1253.93
  8 0.075 21.836 1265.37
  9 0.085 21.832 1276.11
  10 0.095 21.766 1270.05
  11 0.105 21.282 1287.51
  12 0.115 21.02 1292.07
  13 0.125 20.112 1362.85
  14 0.135 20.098 1363.68
  15 0.145 20.676 1392.9
  16 0.155 21.326 1398.69
  17 0.165 21.754 1415.15
  18 0.175 21.654 1425.09
  19 0.185 21.892 1309.39
  20 0.195 21.778 1312.39
  21 0.205 21.558 1313.8
  22 0.215 21.514 1365.39
  23 0.225 21.136 1307.65
  24 0.235 20.856 1221.15
  25 0.245 20.406 1180.26
  26 0.255 19.824 1231.87
  27 0.265 19.952 1294.09
  28 0.275 20.232 1351.53
  29 0.285 21.036 1389.47
  30 0.295 21.384 1395.1
  31 0.305 21.582 1357.18
  32 0.315 21.648 1370.66
  33 0.325 21.756 1389.71
  34 0.335 21.84 1317.61
  35 0.345 21.736 1281.2
  36 0.355 21.584 1305.4
  37 0.365 21.086 1360.07
  38 0.375 20.202 1342.24
  39 0.385 20.148 1375.15
  40 0.395 20.228 1415.99
  41 0.405 21.156 1377.15
  42 0.415 21.792 1475.37
  43 0.425 21.786 1450.75
  44 0.435 21.78 1476.77
  45 0.445 21.632 1443.78
  46 0.455 21.644 1391.87
  47 0.465 21.4 1424.64
  48 0.475 20.906 1490.32
  49 0.485 20.512 1467.99
  50 0.495 19.706 1521.21
  51 0.505 19.848 1547.2
  52 0.515 20.144 1542.2
  53 0.525 20.762 1514.27
  54 0.535 21.13 1606.82
  55 0.545 21.538 1542.01
  56 0.555 21.552 1542.85
  57 0.565 21.842 1578.51
  58 0.575 21.856 1561.43
  59 0.585 21.552 1592.89
  60 0.595 20.946 1536.99
  61 0.605 20.576 1458.84
  62 0.615 20.228 1466.13
  63 0.625 20.198 1502.72
  64 0.635 21.028 1438.47
  65 0.645 21.586 1372.09
  66 0.655 21.734 1341.96
  67 0.665 21.93 1332.62
  68 0.675 21.554 1415.04
  69 0.685 21.678 1455.62
  70 0.695 21.596 1495.9
  71 0.705 21.21 1514.77
  72 0.715 20.964 1391.66
  73 0.725 20.336 1320.57
  74 0.735 19.732 1321.52
  75 0.745 19.888 1343.96
  76 0.755 20.366 1333.72
  77 0.765 20.814 1418.13
  78 0.775 21.282 1356.08
  79 0.785 21.61 1287.57
  80 0.795 21.616 1213.19
  81 0.805 21.774 1205.84
  82 0.815 21.848 1256.08
  83 0.825 21.878 1239.35
  84 0.835 21.75 1267.27
  85 0.845 21.236 1252.74
  86 0.855 20.852 1289.95
  87 0.865 20 1372.01
  88 0.875 20.284 1301.07
  89 0.885 20.708 1274.34
  90 0.895 21.626 1274.32
  91 0.905 21.582 1250.56
  92 0.915 21.87 1282
  93 0.925 21.818 1297.94
  94 0.935 21.686 1298.49
  95 0.945 21.548 1306.61
  96 0.955 21.402 1293.83
  97 0.965 21.248 1216.01
  98 0.975 20.86 1210.65
  99 0.985 20.24 1224.34
  100 0.995 19.832 1190.83
170000 100 2112.0000000000005
  1 0.005 20.014 1238.76
  2 0.015 20.508 1170.87
  3 0.025 21.18 1165.11
  4 0.035 21.45 1124.88
  5 0.045 21.578 1180.04
  6 0.055 21.536 1230.65
  7 0.065 21.778 1197.03
  8 0.075 21.772 1216.53
  9 0.085 21.898 1218
  10 0.095 21.596 1221.47
  11 0.105 21.388 1239.9
  12 0.115 20.926 1274.21
  13 0.125 20.122 1336.19
  14 0.135 20.42 1325.47
  15 0.145 20.822 1337.93
  16 0.155 21.022 1414.68
  17 0.165 21.734 1418.3
  18 0.175 21.874 1380.15
  19 0.185 21.706 1318.65
  20 0.195 21.752 1263.18
  21 0.205 21.648 1285.27
  22 0.215 21.598 1306.84
  23 0.225 21.192 1310.29
  24 0.235 20.936 1345.13
  25 0.245 20.388 1281.93
  26 0.255 19.682 1255.33
  27 0.265 19.818 1277.98
  28 0.275 20.36 1323.82
  29 0.285 20.82 1341.5
  30 0.295 21.552 1306.24
  31 0.305 21.544 1353.31
  32 0.315 21.54 1310.66
  33 0.325 21.894 1313.95
  34 0.335 21.786 1381.61
  35 0.345 21.806 1370.17
  36 0.355 21.336 1421.33
  37 0.365 21.16 1345.49
  38 0.375 20.546 1308.6
  39 0.385 20.036 1362.59
  40 0.395 20.22 1384.88
  41 0.405 21.182 1367.49
  42 0.415 21.572 1350.96
  43 0.425 21.96 1440.54
  44 0.435 21.764 1504.85
  45 0.445 21.66 1546.79
  46 0.455 21.618 1545.59
  47 0.465 21.35 1552.65
  48 0.475 21.03 1632.24
  49 0.485 20.32 1659.32
  50 0.495 19.724 1710.97
  51 0.505 19.756 1598.7
  52 0.515 20.244 1586
  53 0.525 20.632 1520.74
  54 0.535 21.31 1518.31
  55 0.545 21.348 1461.53
  56 0.555 21.742 1472.74
  57 0.565 21.83 1437.77
  58 0.575 21.774 1448.89
  59 0.585 21.516 1476.79
  60 0.595 21.45 1468.34
  61 0.605 20.398 1453.72
  62 0.615 20.338 1427.57
  63 0.625 20.088 1455.49
  64 0.635 20.982 1412.19
  65 0.645 21.406 1341.15
  66 0.655 21.746 1335.22
  67 0.665 21.822 1323.85
  68 0.675 21.75 1300.22
  69 0.685 21.66 1325.54
  70 0.695 21.698 1383.59
  71 0.705 21.224 1393.79
  72 0.715 20.942 1428.29
  73 0.725 20.496 1461.26
  74 0.735 19.816 1496.04
  75 0.745 19.754 1505.96
  76 0.755 20.048 1513.54
  77 0.765 20.822 1462.22
  78 0.775 21.278 1381.64
  79 0.785 21.52 1328.11
  80 0.795 21.634 1373.71
  81 0.805 21.796 1362.12
  82 0.815 21.81 1364.34
  83 0.825 21.902 1294.65
  84 0.835 21.522 1306.64
  85 0.845 21.304 1243.74
  86 0.855 20.294 1228.65
  87 0.865 19.754 1203.1
  88 0.875 20.526 1206.94
  89 0.885 21.09 1176.67
  90 0.895 21.662 1163.11
  91 0.905 21.872 1239.98
  92 0.915 21.878 1247.53
  93 0.925 21.748 1257.38
  94 0.935 21.668 1244.49
  95 0.945 21.664 1302.96
  96 0.955 21.478 1295.82
  97 0.965 21.166 1295.85
  98 0.975 20.684 1311.47
  99 0.985 20.132 1245.43
  100 0.995 19.908 1170.57
175000 100 2112
  1 0.005 20.026 1199.97
  2 0.015 20.536 1156.28
  3 0.025 21.024 1146.68
  4 0.035 21.32 1126.71
  5 0.045 21.62 1221.4
  6 0.055 21.524 1219.1
  7 0.065 21.788 1182.32
  8 0.075 21.808 1277.25
  9 0.085 21.852 1211.26
  10 0.095 21.624 1284.07
  11 0.105 21.418 1281.82
  12 0.115 20.846 1275
  13 0.125 20.182 1341.4
  14 0.135 20.316 1341.16
  15 0.145 20.5 1291.88
  16 0.155 21.356 1300.26
  17 0.165 21.83 1312.95
  18 0.175 21.686 1350.63
  19 0.185 21.804 1312.48
  20 0.195 21.722 1331.92
  21 0.205 21.614 1375.38
  22 0.215 21.374 1367.47
  23 0.225 21.354 1328.77
  24 0.235 20.61 1304.39
  25 0.245 20.432 1269.06
  26 0.255 19.768 1298.4
  27 0.265 19.814 1340.63
  28 0.275 20.482 1284.4
  29 0.285 21.05 1360.52
  30 0.295 21.548 1261.86
  31 0.305 21.552 1326.29
  32 0.315 21.596 1371.54
  33 0.325 21.75 1361.6
  34 0.335 21.834 1385.09
  35 0.345 21.878 1422
  36 0.355 21.542 1381.35
  37 0.365 21.128 1329.18
  38 0.375 20.19 1375.99
  39 0.385 20.092 1405.19
  40 0.395 20.262 1433.84
  41 0.405 21.01 1467.35
  42 0.415 21.882 1469.22
  43 0.425 21.836 1456.01
  44 0.435 21.716 1485.44
  45 0.445 21.706 1521.47
  46 0.455 21.556 1545.77
  47 0.465 21.386 1500.65
  48 0.475 20.916 1530.16
  49 0.485 20.564 1597.31
  50 0.495 19.692 1598.1
  51 0.505 19.91 1539.56
  52 0.515 20.162 1494.57
  53 0.525 20.674 1531.52
  54 0.535 21.22 1554.97
  55 0.545 21.404 1500.62
  56 0.555 21.738 1486.48
  57 0.565 21.738 1414.67
  58 0.575 21.734 1423.99
  59 0.585 21.776 1412.06
  60 0.595 21.16 1461.47
  61 0.605 20.894 1480.58
  62 0.615 20.388 1521.83
  63 0.625 20.216 1499.3
  64 0.635 20.604 1478.05
  65 0.645 21.24 1450.51
  66 0.655 21.616 1384.25
  67 0.665 21.914 1394.54
  68 0.675 21.672 1432.32
  69 0.685 21.58 1469.9
  70 0.695 21.596 1430.24
  71 0.705 21.288 1359.14
  72 0.715 20.824 1356.33
  73 0.725 20.336 1371.63
  74 0.735 19.832 1433.39
  75 0.745 19.706 1395.64
  76 0.755 20.194 1345.73
  77 0.765 21.102 1408.41
  78 0.775 21.284 1391.91
  79 0.785 21.478 1314.47
  80 0.795 21.758 1331.77
  81 0.805 21.77 1319.9
  82 0.815 21.836 1324.24
  83 0.825 21.786 1282.79
  84 0.835 21.768 1275.1
  85 0.845 21.25 1276.05
  86 0.855 20.41 1261.75
  87 0.865 20.098 1230.96
  88 0.875 20.228 1235.35
  89 0.885 20.848 1341.32
  90 0.895 21.646 1273.49
  91 0.905 21.822 1317.26
  92 0.915 21.864 1287.04
  93 0.925 21.832 1193.75
  94 0.935 21.72 1153.43
  95 0.945 21.61 1161.46
  96 0.955 21.42 1281.76
  97 0.965 21.33 1230.02
  98 0.975 20.54 1200.2
  99 0.985 20.338 1196.61
  100 0.995 19.93 1232.72
180000 100 2112
  1 0.005 19.972 1170.09
  2 0.015 20.228 1130.62
  3 0.025 21.014 1146.41
  4 0.035 21.304 1133.73
  5 0.045 21.582 1157.51
  6 0.055 21.536 1221.48
  7 0.065 21.748 1237.12
  8 0.075 21.746 1273.94
  9 0.085 21.896 1212.74
  10 0.095 21.826 1238.33
  11 0.105 21.364 1285.6
  12 0.115 20.836 1318.96
  13 0.125 20.208 1338.71
  14 0.135 20.278 1295.86
  15 0.145 20.748 1327.36
  16 0.155 20.964 1340.12
  17 0.165 21.74 1300.8
  18 0.175 21.8 1318.16
  19 0.185 21.904 1314.03
  20 0.195 21.718 1274.23
  21 0.205 21.636 1277.18
  22 0.215 21.368 1331.07
  23 0.225 21.476 1316.06
  24 0.235 20.752 1322.75
  25 0.245 20.294 1265.44
  26 0.255 20.088 1307.41
  27 0.265 19.638 1330.17
  28 0.275 20.306 1383.66
  29 0.285 20.94 1300.97
  30 0.295 21.342 1406.19
  31 0.305 21.538 1361.68
  32 0.315 21.596 1345.94
  33 0.325 21.878 1417.73
  34 0.335 21.766 1393.26
  35 0.345 21.942 1434.92
  36 0.355 21.502 1449.24
  37 0.365 21.3 1421.63
  38 0.375 20.116 1468.13
  39 0.385 19.914 1445.05
  40 0.395 20.396 1470.93
  41 0.405 21.08 1506.41
  42 0.415 21.654 1506.12
  43 0.425 21.888 1525.5
  44 0.435 21.702 1448.74
  45 0.445 21.774 1370.97
  46 0.455 21.598 1464.37
  47 0.465 21.39 1486.14
  48 0.475 20.998 1548.25
  49 0.485 20.446 1548.59
  50 0.495 19.694 1541.35
  51 0.505 19.724 1606.68
  52 0.515 19.924 1610.63
  53 0.525 20.924 1524.04
  54 0.535 21.164 1441.91
  55 0.545 21.598 1501.3
  56 0.555 21.572 1441.52
  57 0.565 21.922 1435.6
  58 0.575 21.784 1554.31
  59 0.585 21.658 1488.47
  60 0.595 21.124 1427.67
  61 0.605 20.416 1494.59
  62 0.615 20.25 1490.68
  63 0.625 20.344 1572.52
  64 0.635 20.828 1576.65
  65 0.645 21.414 1587.69
  66 0.655 21.868 1491.47
  67 0.665 21.676 1508.74
  68 0.675 21.77 1453.31
  69 0.685 21.552 1376.91
  70 0.695 21.628 1345.52
  71 0.705 21.114 1370.83
  72 0.715 20.904 1408.97
  73 0.725 20.42 1361.5
  74 0.735 19.966 1359.92
  75 0.745 19.664 1375.09
  76 0.755 20.444 1338.74
  77 0.765 20.882 1407.65
  78 0.775 21.358 1352.14
  79 0.785 21.592 1295.14
  80 0.795 21.564 1337.22
  81 0.805 21.652 1361.91
  82 0.815 21.926 1346.48
  83 0.825 21.678 1356.31
  84 0.835 21.688 1276.85
  85 0.845 21.106 1222.23
  86 0.855 20.31 1244.06
  87 0.865 20.006 1299.08
  88 0.875 20.36 1212.19
  89 0.885 21.242 1208.79
  90 0.895 21.562 1256.85
  91 0.905 21.9 1240.66
  92 0.915 21.86 1240.85
  93 0.925 21.848 1193.79
  94 0.935 21.648 1234.9
  95 0.945 21.62 1213.64
  96 0.955 21.566 1159.34
  97 0.965 21.166 1149.82
  98 0.975 21.024 1113.69
  99 0.985 20.42 1141.7
  100 0.995 19.946 1180.55
185000 100 2112.000000000001
  1 0.005 20.22 1082.32
  2 0.015 20.444 1095.85
  3 0.025 20.908 1153.16
  4 0.035 21.166 1194.79
  5 0.045 21.57 1177.13
  6 0.055 21.534 1216.06
  7 0.065 21.722 1302.16
  8 0.075 21.804 1351.51
  9 0.085 21.85 1307.12
  10 0.095 21.73 1349.08
  11 0.105 21.238 1383.04
  12 0.115 21.052 1408.68
  13 0.125 20.186 1422.17
  14 0.135 20.554 1276.43
  15 0.145 20.568 1214.69
  16 0.155 21.254 1248.59
  17 0.165 21.414 1299.41
  18 0.175 21.826 1263.43
  19 0.185 21.794 1227.59
  20 0.195 21.796 1348.06
  21 0.205 21.618 1373.86
  22 0.215 21.402 1388.04
  23 0.225 21.18 1372.85
  24 0.235 20.848 1360.54
  25 0.245 20.58 1336.74
  26 0.255 20.028 1370.79
  27 0.265 19.976 1301.35
  28 0.275 20.394 1312.92
  29 0.285 20.786 1242.12
  30 0.295 21.256 1229.75
  31 0.305 21.486 1267.45
  32 0.315 21.496 1366.25
  33 0.325 21.76 1441.71
  34 0.335 21.86 1491.99
  35 0.345 21.712 1486.15
  36 0.355 21.588 1490.62
  37 0.365 21.184 1404.82
  38 0.375 19.982 1443.63
  39 0.385 19.95 1406.36
  40 0.395 20.354 1392.4
  41 0.405 21.292 1392.01
  42 0.415 21.766 1535.21
  43 0.425 21.878 1460.11
  44 0.435 21.802 1467.97
  45 0.445 21.64 1442.53
  46 0.455 21.512 1448.77
  47 0.465 21.338 1514.95
  48 0.475 20.906 1572.01
  49 0.485 20.222 1565.91
  50 0.495 19.87 1435.8
  51 0.505 19.978 1479.43
  52 0.515 20.34 1489.33
  53 0.525 20.782 1500.68
  54 0.535 21.31 1538.45
  55 0.545 21.332 1579.62
  56 0.555 21.68 1554.22
  57 0.565 21.71 1558.42
  58 0.575 21.758 1494.94
  59 0.585 21.642 1460.3
  60 0.595 21.298 1441.1
  61 0.605 20.51 1469.56
  62 0.615 20.1 1534.19
  63 0.625 20.358 1485.7
  64 0.635 20.936 1464.88
  65 0.645 21.434 1458.38
  66 0.655 21.574 1471.05
  67 0.665 21.844 1465.92
  68 0.675 21.772 1417.48
  69 0.685 21.532 1479.57
  70 0.695 21.378 1345.86
  71 0.705 21.202 1411.13
  72 0.715 20.832 1408.07
  73 0.725 20.14 1429.3
  74 0.735 19.848 1424.97
  75 0.745 19.934 1406.69
  76 0.755 20.63 1416.99
  77 0.765 20.922 1334.95
  78 0.775 21.39 1313.6
  79 0.785 21.566 1294.85
  80 0.795 21.522 1315.92
  81 0.805 21.808 1298.4
  82 0.815 21.898 1303.71
  83 0.825 21.626 1281.47
  84 0.835 21.628 1303.48
  85 0.845 21.014 1274.9
  86 0.855 20.528 1261.3
  87 0.865 20.346 1236.28
  88 0.875 20.02 1317.36
  89 0.885 21.226 1279
  90 0.895 21.484 1250.81
  91 0.905 21.932 1223.37
  92 0.915 21.886 1228.75
  93 0.925 21.83 1160.16
  94 0.935 21.682 1172.26
  95 0.945 21.582 1193.58
  96 0.955 21.462 1212.04
  97 0.965 21.318 1154.91
  98 0.975 20.918 1169
  99 0.985 20.222 1168.07
  100 0.995 20.04 1092.78
190000 100 2112
  1 0.005 20.312 1212.01
  2 0.015 20.362 1232.28
  3 0.025 20.924 1184.33
  4 0.035 21.156 1212.81
  5 0.045 21.264 1157.58
  6 0.055 21.636 1189.67
  7 0.065 21.64 1164.7
  8 0.075 21.692 1214.66
  9 0.085 21.792 1267.03
  10 0.095 21.778 1325.31
  11 0.105 21.366 1347.92
  12 0.115 20.804 1384.11
  13 0.125 20.65 1367.21
  14 0.135 20.692 1350.64
  15 0.145 20.632 1274.26
  16 0.155 20.778 1270.74
  17 0.165 21.448 1258.74
  18 0.175 21.682 1226.25
  19 0.185 21.89 1211.05
  20 0.195 21.672 1209.69
  21 0.205 21.7 1282.48
  22 0.215 21.556 1286.77
  23 0.225 21.294 1339.13
  24 0.235 20.98 1408.79
  25 0.245 20.472 1377.06
  26 0.255 19.92 1383.38
  27 0.265 19.814 1351.61
  28 0.275 20.228 1346.84
  29 0.285 20.686 1346.92
  30 0.295 21.394 1388.44
  31 0.305 21.41 1305.34
  32 0.315 21.71 1357.93
  33 0.325 21.634 1417.03
  34 0.335 21.872 1489.4
  35 0.345 21.846 1562.64
  36 0.355 21.612 1574.17
  37 0.365 20.832 1504.82
  38 0.375 20.226 1513.51
  39 0.385 19.912 1471.64
  40 0.395 20.532 1473.34
  41 0.405 21.152 1468.84
  42 0.415 21.818 1391.22
  43 0.425 21.744 1502.13
  44 0.435 21.784 1552.64
  45 0.445 21.636 1476.5
  46 0.455 21.426 1469.66
  47 0.465 21.406 1367.84
  48 0.475 20.894 1424.86
  49 0.485 20.182 1409.13
  50 0.495 19.588 1460.88
  51 0.505 20.134 1493.57
  52 0.515 20.44 1480.95
  53 0.525 20.776 1559.25
  54 0.535 21.212 1553.86
  55 0.545 21.462 1449.6
  56 0.555 21.764 1450
  57 0.565 21.824 1439.43
  58 0.575 21.576 1461.09
  59 0.585 21.458 1503.4
  60 0.595 20.942 1475.25
  61 0.605 20.414 1483.05
  62 0.615 20.34 1496.53
  63 0.625 20.812 1496.26
  64 0.635 21.104 1455.64
  65 0.645 21.196 1510.61
  66 0.655 21.724 1445.39
  67 0.665 21.706 1435.53
  68 0.675 21.714 1462.27
  69 0.685 21.514 1444.62
  70 0.695 21.41 1426.39
  71 0.705 21.044 1425.73
  72 0.715 20.728 1413.37
  73 0.725 20.26 1353.51
  74 0.735 20.01 1337.86
  75 0.745 20.048 1321.26
  76 0.755 20.574 1374.38
  77 0.765 21.012 1363.81
  78 0.775 21.33 1321.15
  79 0.785 21.402 1249.17
  80 0.795 21.846 1251.24
  81 0.805 21.632 1258.72
  82 0.815 22.004 1285.58
  83 0.825 21.684 1267.1
  84 0.835 21.762 1324.18
  85 0.845 21.238 1266.78
  86 0.855 20.414 1268.8
  87 0.865 19.872 1267.28
  88 0.875 20.516 1217.67
  89 0.885 20.938 1312.38
  90 0.895 21.518 1307.68
  91 0.905 21.842 1306.27
  92 0.915 21.84 1360.71
  93 0.925 21.934 1297.85
  94 0.935 21.614 1246.79
  95 0.945 21.726 1191.39
  96 0.955 21.328 1227.28
  97 0.965 21.392 1224.21
  98 0.975 20.906 1147.14
  99 0.985 20.546 1144.36
  100 0.995 20.088 1143.54
195000 100 2111.9999999999995
  1 0.005 20.208 1126.37
  2 0.015 20.654 1156.64
  3 0.025 20.67 1143.77
  4 0.035 21.124 1176.41
  5 0.045 21.266 1191.15
  6 0.055 21.556 1179.64
  7 0.065 21.718 1236.14
  8 0.075 21.766 1210.33
  9 0.085 21.66 1247.26
  10 0.095 21.672 1302.2
  11 0.105 21.142 1401.76
  12 0.115 20.8 1402.31
  13 0.125 20.86 1376.57
  14 0.135 20.61 1364.04
  15 0.145 20.792 1352.8
  16 0.155 20.914 1340.49
  17 0.165 21.4 1266.34
  18 0.175 21.676 1210.14
  19 0.185 21.838 1271.74
  20 0.195 21.716 1231.53
  21 0.205 21.57 1306.97
  22 0.215 21.584 1299.79
  23 0.225 21.144 1308.17
  24 0.235 20.926 1345.07
  25 0.245 20.426 1287.99
  26 0.255 20.034 1400.72
  27 0.265 19.9 1459.79
  28 0.275 20.466 1448.25
  29 0.285 20.65 1538.08
  30 0.295 21.166 1381.99
  31 0.305 21.628 1402.29
  32 0.315 21.686 1395.82
  33 0.325 21.644 1435.71
  34 0.335 21.822 1406.71
  35 0.345 21.922 1470.39
  36 0.355 21.422 1501.06
  37 0.365 20.984 1399.54
  38 0.375 19.802 1393.82
  39 0.385 20.238 1413.07
  40 0.395 20.396 1413.04
  41 0.405 21.492 1399.11
  42 0.415 21.744 1463.98
  43 0.425 21.786 1472.98
  44 0.435 21.78 1473.43
  45 0.445 21.65 1470.9
  46 0.455 21.542 1464.56
  47 0.465 21.218 1458.19
  48 0.475 20.944 1497.93
  49 0.485 20.336 1474.75
  50 0.495 19.936 1465.59
  51 0.505 19.978 1513.63
  52 0.515 20.262 1532.83
  53 0.525 20.876 1531.75
  54 0.535 21.176 1559.49
  55 0.545 21.466 1583.89
  56 0.555 21.502 1533.9
  57 0.565 21.704 1551.11
  58 0.575 21.698 1512.15
  59 0.585 21.234 1438.63
  60 0.595 21.016 1409.37
  61 0.605 20.596 1492.06
  62 0.615 20.702 1474.86
  63 0.625 20.784 1415
  64 0.635 20.776 1394.03
  65 0.645 21.264 1436.52
  66 0.655 21.628 1435.48
  67 0.665 21.682 1375.2
  68 0.675 21.688 1397.07
  69 0.685 21.67 1357.88
  70 0.695 21.332 1386.17
  71 0.705 20.97 1459.11
  72 0.715 20.806 1431.12
  73 0.725 20.394 1371.86
  74 0.735 20.196 1323.44
  75 0.745 20.232 1286.18
  76 0.755 20.536 1316.11
  77 0.765 20.73 1315.41
  78 0.775 21.292 1321.79
  79 0.785 21.554 1306.54
  80 0.795 21.432 1355.89
  81 0.805 21.87 1422.2
  82 0.815 21.82 1328.28
  83 0.825 21.94 1222.59
  84 0.835 21.646 1268.76
  85 0.845 21.384 1243.65
  86 0.855 20.642 1289.56
  87 0.865 20.044 1289.87
  88 0.875 20.356 1274.79
  89 0.885 20.726 1284.88
  90 0.895 21.376 1279.88
  91 0.905 21.76 1335.09
  92 0.915 21.896 1280.61
  93 0.925 21.762 1271.68
  94 0.935 21.776 1265.84
  95 0.945 21.586 1273.77
  96 0.955 21.506 1157.93
  97 0.965 21.332 1153.76
  98 0.975 20.87 1176.94
  99 0.985 20.358 1214.07
  100 0.995 20.294 1168.47
200000 100 2112.0000000000005
  1 0.005 20.402 1148.73
  2 0.015 20.614 1181.29
  3 0.025 20.94 1209.5
  4 0.035 21.152 1211.48
  5 0.045 21.436 1244.22
  6 0.055 21.538 1319.84
  7 0.065 21.622 1312.35
  8 0.075 21.848 1304.87
  9 0.085 21.81 1296.86
  10 0.095 21.528 1302.48
  11 0.105 21.166 1234.52
  12 0.115 20.948 1261.9
  13 0.125 21.028 1261.02
  14 0.135 20.774 1250.38
  15 0.145 20.536 1347.51
  16 0.155 20.754 1329.32
  17 0.165 21.274 1251.29
  18 0.175 21.896 1229.88
  19 0.185 21.686 1268.99
  20 0.195 21.798 1247.52
  21 0.205 21.648 1288.68
  22 0.215 21.43 1322.52
  23 0.225 21.34 1367.07
  24 0.235 20.978 1374.47
  25 0.245 20.496 1334.71
  26 0.255 20.06 1354.62
  27 0.265 20.094 1350.22
  28 0.275 20.15 1420.19
  29 0.285 20.71 1346.75
  30 0.295 21.178 1345.71
  31 0.305 21.41 1419.1
  32 0.315 21.668 1397.14
  33 0.325 21.698 1471.87
  34 0.335 21.78 1510.64
  35 0.345 21.902 1482.89
  36 0.355 21.552 1549.49
  37 0.365 21.076 1476.37
  38 0.375 19.93 1482.24
  39 0.385 19.842 1449.13
  40 0.395 20.514 1452.8
  41 0.405 21.304 1532.32
  42 0.415 21.706 1483.26
  43 0.425 21.88 1462.68
  44 0.435 21.668 1434.01
  45 0.445 21.728 1496.35
  46 0.455 21.368 1567.3
  47 0.465 21.102 1542.95
  48 0.475 20.568 1537.42
  49 0.485 20.274 1466.28
  50 0.495 20.2 1417.23
  51 0.505 20.12 1454.28
  52 0.515 20.592 1479.77
  53 0.525 20.732 1471.14
  54 0.535 21.256 1487.41
  55 0.545 21.434 1500.1
  56 0.555 21.716 1628.05
  57 0.565 21.67 1501.86
  58 0.575 21.702 1508.64
  59 0.585 21.344 1543.96
  60 0.595 20.94 1534.52
  61 0.605 20.722 1471.69
  62 0.615 20.706 1501.96
  63 0.625 20.42 1479.84
  64 0.635 20.82 1450.83
  65 0.645 21.334 1406.13
  66 0.655 21.678 1430.7
  67 0.665 21.752 1355.57
  68 0.675 21.79 1365.21
  69 0.685 21.586 1349.83
  70 0.695 21.284 1438.52
  71 0.705 21.256 1365.7
  72 0.715 20.784 1355.89
  73 0.725 20.46 1366.89
  74 0.735 20.19 1379.78
  75 0.745 20.054 1344.44
  76 0.755 20.254 1311.98
  77 0.765 20.908 1301.32
  78 0.775 21.142 1243.03
  79 0.785 21.534 1254.82
  80 0.795 21.752 1322.09
  81 0.805 21.626 1362.25
  82 0.815 21.812 1408.63
  83 0.825 21.942 1359.8
  84 0.835 21.58 1377.91
  85 0.845 21.212 1354.19
  86 0.855 20.168 1331.51
  87 0.865 19.988 1316
  88 0.875 20.212 1256.82
  89 0.885 21.266 1252.34
  90 0.895 21.634 1237.25
  91 0.905 21.81 1268.78
  92 0.915 21.918 1258.6
  93 0.925 21.716 1243.7
  94 0.935 21.762 1250.28
  95 0.945 21.554 1206.99
  96 0.955 21.538 1122.77
  97 0.965 21.196 1078.45
  98 0.975 20.688 1165.78
  99 0.985 20.322 1100.52
  100 0.995 20.12 1117.74
205000 100 2112
  1 0.005 20.542 1192.05
  2 0.015 20.592 1197.52
  3 0.025 20.912 1220.18
  4 0.035 21.344 1169.11
  5 0.045 21.31 1136.35
  6 0.055 21.69 1119.48
  7 0.065 21.65 1188.17
  8 0.075 21.856 1161.44
  9 0.085 21.78 1187.86
  10 0.095 21.56 1209.95
  11 0.105 21.034 1304.16
  12 0.115 20.972 1320.52
  13 0.125 21.048 1328.39
  14 0.135 20.51 1376.04
  15 0.145 20.526 1484.88
  16 0.155 21.006 1425.08
  17 0.165 21.258 1413.37
  18 0.175 21.842 1343.77
  19 0.185 21.736 1384.87
  20 0.195 21.7 1336.74
  21 0.205 21.554 1342.82
  22 0.215 21.38 1273.34
  23 0.225 21.074 1232.63
  24 0.235 20.92 1242.14
  25 0.245 20.62 1240.06
  26 0.255 20.258 1219.97
  27 0.265 20.06 1289.92
  28 0.275 20.222 1340.46
  29 0.285 20.728 1373.77
  30 0.295 21.256 1397.03
  31 0.305 21.492 1387.6
  32 0.315 21.682 1337.59
  33 0.325 21.73 1368.27
  34 0.335 21.842 1437.44
  35 0.345 21.942 1449.89
  36 0.355 21.526 1482.34
  37 0.365 21.032 1520.04
  38 0.375 19.858 1522.65
  39 0.385 20.066 1475.13
  40 0.395 20.736 1455.03
  41 0.405 21.208 1688.23
  42 0.415 21.416 1648.6
  43 0.425 22.012 1541.71
  44 0.435 21.542 1531.14
  45 0.445 21.722 1548.57
  46 0.455 21.448 1578.95
  47 0.465 21.182 1489.33
  48 0.475 20.628 1553.43
  49 0.485 20.15 1531.37
  50 0.495 20.034 1549.52
  51 0.505 20.216 1549.67
  52 0.515 20.43 1517.41
  53 0.525 20.848 1494.35
  54 0.535 21.21 1429.86
  55 0.545 21.564 1349.43
  56 0.555 21.654 1363.26
  57 0.565 21.766 1376.36
  58 0.575 21.784 1383.78
  59 0.585 21.328 1455.95
  60 0.595 21.226 1457.37
  61 0.605 20.62 1492.79
  62 0.615 20.742 1418.98
  63 0.625 20.702 1359.5
  64 0.635 20.45 1384.79
  65 0.645 21.372 1371.58
  66 0.655 21.482 1412.94
  67 0.665 21.736 1415.35
  68 0.675 21.79 1366.95
  69 0.685 21.628 1359.53
  70 0.695 21.532 1480.09
  71 0.705 21.1 1463.25
  72 0.715 21.062 1376.87
  73 0.725 20.52 1362.32
  74 0.735 20.406 1333.35
  75 0.745 19.77 1314.21
  76 0.755 20.132 1345.46
  77 0.765 20.792 1300.99
  78 0.775 21.064 1301.67
  79 0.785 21.626 1266.41
  80 0.795 21.512 1319.69
  81 0.805 21.636 1319.85
  82 0.815 21.852 1367.89
  83 0.825 21.828 1346.15
  84 0.835 21.88 1313.84
  85 0.845 21.226 1365.6
  86 0.855 20.55 1383.35
  87 0.865 19.766 1306.6
  88 0.875 20.08 1294.34
  89 0.885 21.104 1223.3
  90 0.895 21.686 1249.08
  91 0.905 21.724 1321.13
  92 0.915 21.854 1289.57
  93 0.925 21.774 1208.28
  94 0.935 21.72 1207.02
  95 0.945 21.632 1242.71
  96 0.955 21.47 1256.73
  97 0.965 21.08 1250.12
  98 0.975 20.71 1273.92
  99 0.985 20.012 1221.42
  100 0.995 20.164 1268.79
210000 100 2112
  1 0.005 20.192 1209.22
  2 0.015 20.528 1211.62
  3 0.025 20.924 1163.4
  4 0.035 21.288 1144.32
  5 0.045 21.41 1109.02
  6 0.055 21.658 1153.5
  7 0.065 21.934 1131.73
  8 0.075 21.682 1203.06
  9 0.085 21.682 1278.04
  10 0.095 21.46 1308.72
  11 0.105 21.24 1339.22
  12 0.115 20.968 1329.54
  13 0.125 20.64 1289.72
  14 0.135 20.75 1326.38
  15 0.145 20.724 1352.01
  16 0.155 20.972 1361.04
  17 0.165 21.342 1391.33
  18 0.175 21.68 1435.71
  19 0.185 21.808 1445.96
  20 0.195 21.732 1348.71
  21 0.205 21.63 1295.8
  22 0.215 21.166 1343.86
  23 0.225 21.186 1277.28
  24 0.235 20.668 1280.26
  25 0.245 20.446 1308.56
  26 0.255 20.218 1315.73
  27 0.265 20.22 1330.07
  28 0.275 20.446 1346.47
  29 0.285 20.854 1324.59
  30 0.295 21.24 1375.63
  31 0.305 21.552 1346.74
  32 0.315 21.65 1365.87
  33 0.325 21.832 1382.11
  34 0.335 21.78 1481.62
  35 0.345 21.768 1524.9
  36 0.355 21.656 1465.34
  37 0.365 20.556 1601.92
  38 0.375 20.568 1525.8
  39 0.385 19.77 1550.54
  40 0.395 20.69 1513.51
  41 0.405 21.25 1505.5
  42 0.415 21.658 1483
  43 0.425 21.75 1468.17
  44 0.435 21.718 1497.66
  45 0.445 21.636 1592.91
  46 0.455 21.308 1615.73
  47 0.465 21.256 1578.93
  48 0.475 20.872 1534.53
  49 0.485 20.216 1527.63
  50 0.495 19.886 1631.87
  51 0.505 19.896 1597.37
  52 0.515 20.504 1586.1
  53 0.525 20.874 1500.58
  54 0.535 21.338 1452.01
  55 0.545 21.5 1419.47
  56 0.555 21.684 1334.91
  57 0.565 21.76 1314.36
  58 0.575 21.732 1314.95
  59 0.585 21.42 1344.35
  60 0.595 21.196 1342.24
  61 0.605 21.066 1400.72
  62 0.615 20.472 1492.71
  63 0.625 20.504 1430.57
  64 0.635 20.552 1398.51
  65 0.645 20.99 1438.64
  66 0.655 21.744 1373.67
  67 0.665 21.806 1406.05
  68 0.675 21.686 1375.78
  69 0.685 21.706 1335.51
  70 0.695 21.372 1369.16
  71 0.705 21.34 1367.15
  72 0.715 20.866 1377.07
  73 0.725 20.402 1394.29
  74 0.735 20.284 1382.69
  75 0.745 19.99 1382.65
  76 0.755 20.44 1333.86
  77 0.765 20.538 1338.43
  78 0.775 21.14 1252.33
  79 0.785 21.452 1291.43
  80 0.795 21.712 1244.07
  81 0.805 21.7 1408.86
  82 0.815 21.804 1373.06
  83 0.825 21.864 1358.81
  84 0.835 21.758 1313.15
  85 0.845 21.39 1277.21
  86 0.855 20.886 1237.99
  87 0.865 19.966 1357.56
  88 0.875 20.066 1378.24
  89 0.885 20.946 1302.62
  90 0.895 21.354 1222.55
  91 0.905 21.586 1240.23
  92 0.915 21.88 1260.64
  93 0.925 21.698 1301.23
  94 0.935 21.706 1257.21
  95 0.945 21.648 1294.33
  96 0.955 21.55 1224.7
  97 0.965 21.222 1230.99
  98 0.975 20.812 1216.22
  99 0.985 20.156 1235.44
  100 0.995 19.982 1211.15
215000 100 2112
  1 0.005 20.06 1237.95
  2 0.015 20.486 1252.87
  3 0.025 20.818 1171.79
  4 0.035 21.394 1159.95
  5 0.045 21.334 1203.62
  6 0.055 21.628 1266.17
  7 0.065 21.67 1288.37
  8 0.075 21.758 1276.52
  9 0.085 21.658 1270.13
  10 0.095 21.704 1293.33
  11 0.105 21.186 1331.21
  12 0.115 21.136 1281.19
  13 0.125 20.88 1239.59
  14 0.135 20.688 1315.54
  15 0.145 20.466 1296.6
  16 0.155 20.922 1309.26
  17 0.165 21.416 1246.2
  18 0.175 21.678 1267.99
  19 0.185 21.7 1353.18
  20 0.195 21.666 1378.5
  21 0.205 21.554 1386.76
  22 0.215 21.454 1445.43
  23 0.225 21.02 1456.89
  24 0.235 20.77 1418.65
  25 0.245 20.334 1352.98
  26 0.255 20.278 1365.88
  27 0.265 19.924 1438.45
  28 0.275 20.444 1505.34
  29 0.285 20.972 1531.97
  30 0.295 21.226 1472.61
  31 0.305 21.574 1385.9
  32 0.315 21.72 1322.71
  33 0.325 21.636 1381.69
  34 0.335 21.806 1364.11
  35 0.345 21.782 1284.58
  36 0.355 21.592 1395.6
  37 0.365 20.686 1361.56
  38 0.375 20.408 1359.88
  39 0.385 19.958 1404.59
  40 0.395 20.714 1430.97
  41 0.405 21.252 1436.5
  42 0.415 21.67 1435.22
  43 0.425 21.692 1435.21
  44 0.435 21.816 1411.54
  45 0.445 21.696 1462.02
  46 0.455 21.498 1503.89
  47 0.465 21.236 1564.08
  48 0.475 20.788 1592.55
  49 0.485 20.266 1569.31
  50 0.495 20.024 1651.59
  51 0.505 19.848 1633.53
  52 0.515 20.24 1608.21
  53 0.525 20.86 1562.2
  54 0.535 21.204 1514.11
  55 0.545 21.642 1538.93
  56 0.555 21.556 1516.14
  57 0.565 21.704 1415.78
  58 0.575 21.806 1291.28
  59 0.585 21.42 1380.67
  60 0.595 20.968 1441.11
  61 0.605 20.898 1469.52
  62 0.615 20.53 1458.75
  63 0.625 20.348 1508.54
  64 0.635 21.008 1429.09
  65 0.645 21.028 1434.47
  66 0.655 21.81 1400.69
  67 0.665 21.634 1414.44
  68 0.675 21.83 1322.12
  69 0.685 21.54 1287.23
  70 0.695 21.308 1386.66
  71 0.705 21.338 1282.76
  72 0.715 20.804 1372.89
  73 0.725 20.684 1322.12
  74 0.735 20.164 1311.74
  75 0.745 20.274 1315.48
  76 0.755 20.1 1360.77
  77 0.765 20.642 1334.39
  78 0.775 21.26 1326.88
  79 0.785 21.43 1333.17
  80 0.795 21.544 1368.9
  81 0.805 21.7 1322.14
  82 0.815 21.904 1309.73
  83 0.825 21.9 1291.83
  84 0.835 21.726 1310.78
  85 0.845 21.302 1374.46
  86 0.855 20.634 1295.54
  87 0.865 20.19 1286.05
  88 0.875 20.406 1240.75
  89 0.885 20.668 1267.27
  90 0.895 21.436 1321.34
  91 0.905 21.606 1285.44
  92 0.915 21.834 1276.98
  93 0.925 21.916 1274.38
  94 0.935 21.654 1205.89
  95 0.945 21.634 1217.32
  96 0.955 21.382 1216.31
  97 0.965 21.34 1273
  98 0.975 21.04 1246.24
  99 0.985 20.286 1332.11
  100 0.995 19.982 1278.38
220000 100 2111.9999999999995
  1 0.005 20.026 1319.07
  2 0.015 20.47 1256.39
  3 0.025 20.858 1266.35
  4 0.035 21.122 1280.58
  5 0.045 21.526 1309
  6 0.055 21.58 1337.03
  7 0.065 21.73 1240.75
  8 0.075 21.698 1236.41
  9 0.085 21.522 1292.56
  10 0.095 21.616 1319.52
  11 0.105 21.372 1304.15
  12 0.115 20.928 1398.11
  13 0.125 21.258 1285.81
  14 0.135 20.766 1313.17
  15 0.145 20.47 1290.75
  16 0.155 21.036 1253.53
  17 0.165 21.21 1274.31
  18 0.175 21.588 1226.91
  19 0.185 21.676 1246.32
  20 0.195 21.776 1273.38
  21 0.205 21.648 1330.08
  22 0.215 21.33 1412.76
  23 0.225 20.994 1458.36
  24 0.235 20.99 1414.94
  25 0.245 20.272 1359.75
  26 0.255 20.144 1359.77
  27 0.265 19.984 1343
  28 0.275 20.298 1326.53
  29 0.285 20.842 1314.01
  30 0.295 21.426 1292.59
  31 0.305 21.496 1326.09
  32 0.315 21.67 1357.66
  33 0.325 21.824 1407.59
  34 0.335 21.78 1433.59
  35 0.345 21.716 1435.2
  36 0.355 21.368 1445.46
  37 0.365 20.806 1396.42
  38 0.375 20.174 1357.06
  39 0.385 20.108 1389.23
  40 0.395 20.78 1391.1
  41 0.405 21.402 1405.55
  42 0.415 21.608 1434.43
  43 0.425 21.748 1414.76
  44 0.435 21.734 1424.03
  45 0.445 21.67 1481.44
  46 0.455 21.546 1480.77
  47 0.465 21.138 1566.82
  48 0.475 20.834 1510.2
  49 0.485 20.15 1531.87
  50 0.495 20.192 1556.9
  51 0.505 19.932 1539.49
  52 0.515 20.412 1494.16
  53 0.525 20.778 1552.19
  54 0.535 21.048 1592.46
  55 0.545 21.61 1558.69
  56 0.555 21.586 1625.01
  57 0.565 21.732 1546.14
  58 0.575 21.634 1483.43
  59 0.585 21.346 1490.87
  60 0.595 21.216 1434.35
  61 0.605 20.756 1463.8
  62 0.615 20.532 1477.13
  63 0.625 20.6 1414.93
  64 0.635 20.968 1373.48
  65 0.645 21.052 1477.51
  66 0.655 21.666 1475.12
  67 0.665 21.742 1457.43
  68 0.675 21.716 1415.87
  69 0.685 21.624 1351.21
  70 0.695 21.47 1403.11
  71 0.705 21.088 1374.16
  72 0.715 20.982 1429.51
  73 0.725 20.232 1471.59
  74 0.735 20.256 1368.72
  75 0.745 20.008 1372.93
  76 0.755 20.466 1304.09
  77 0.765 20.63 1293.91
  78 0.775 21.394 1273.75
  79 0.785 21.29 1285.52
  80 0.795 21.68 1264.29
  81 0.805 21.838 1233.24
  82 0.815 21.836 1290.44
  83 0.825 21.864 1317.4
  84 0.835 21.572 1280.77
  85 0.845 21.328 1350.66
  86 0.855 20.384 1300.61
  87 0.865 20.324 1288.35
  88 0.875 20.392 1285.34
  89 0.885 21.026 1264.97
  90 0.895 21.368 1257.71
  91 0.905 21.608 1296.06
  92 0.915 21.78 1247.9
  93 0.925 21.86 1229.36
  94 0.935 21.742 1298.75
  95 0.945 21.578 1222.35
  96 0.955 21.53 1224.34
  97 0.965 21.24 1188.6
  98 0.975 20.988 1249.99
  99 0.985 20.422 1234.29
  100 0.995 19.974 1250.12
225000 100 2112.0000000000005
  1 0.005 20.336 1249.2
  2 0.015 20.538 1267.61
  3 0.025 20.53 1311.95
  4 0.035 21 1279.11
  5 0.045 21.426 1277.4
  6 0.055 21.504 1275.68
  7 0.065 21.66 1292.78
  8 0.075 21.758 1265.43
  9 0.085 21.594 1197.84
  10 0.095 21.406 1221.74
  11 0.105 21.286 1286.78
  12 0.115 21.352 1208.61
  13 0.125 20.944 1271.06
  14 0.135 20.788 1295.29
  15 0.145 20.536 1239.38
  16 0.155 21.03 1245.07
  17 0.165 21.108 1345.77
  18 0.175 21.586 1389.01
  19 0.185 21.524 1429.48
  20 0.195 21.91 1348.09
  21 0.205 21.624 1332.08
  22 0.215 21.256 1340.6
  23 0.225 21.138 1352.26
  24 0.235 20.834 1336.03
  25 0.245 20.402 1336.71
  26 0.255 20.442 1342.18
  27 0.265 20.042 1328.3
  28 0.275 20.346 1276.62
  29 0.285 20.814 1300.4
  30 0.295 21.182 1332.71
  31 0.305 21.55 1301.52
  32 0.315 21.606 1392.98
  33 0.325 21.738 1409.69
  34 0.335 21.834 1364.06
  35 0.345 21.736 1388.87
  36 0.355 21.606 1456.24
  37 0.365 20.902 1530.13
  38 0.375 20.282 1552.4
  39 0.385 20.116 1493.83
  40 0.395 20.42 1523.74
  41 0.405 21.224 1433.76
  42 0.415 21.648 1493.4
  43 0.425 21.796 1452.57
  44 0.435 21.708 1431.18
  45 0.445 21.61 1513.9
  46 0.455 21.424 1494.02
  47 0.465 21.31 1428.22
  48 0.475 20.774 1382.71
  49 0.485 20.188 1414.86
  50 0.495 19.918 1462.33
  51 0.505 20.316 1537.71
  52 0.515 20.262 1535.63
  53 0.525 20.892 1511.55
  54 0.535 21.154 1462.21
  55 0.545 21.426 1475.61
  56 0.555 21.744 1487.91
  57 0.565 21.598 1575.86
  58 0.575 21.512 1602.69
  59 0.585 21.276 1456.56
  60 0.595 20.99 1518.83
  61 0.605 20.826 1505.24
  62 0.615 20.82 1525.24
  63 0.625 20.806 1494.72
  64 0.635 20.976 1476.17
  65 0.645 21.15 1532.13
  66 0.655 21.39 1554.47
  67 0.665 21.6 1450.3
  68 0.675 21.452 1435.47
  69 0.685 21.594 1366.61
  70 0.695 21.254 1314.96
  71 0.705 20.814 1388.69
  72 0.715 20.896 1394.1
  73 0.725 20.61 1329.36
  74 0.735 20.57 1363.41
  75 0.745 20.338 1294.02
  76 0.755 20.47 1469.58
  77 0.765 20.658 1423.55
  78 0.775 21.13 1360.08
  79 0.785 21.54 1376.42
  80 0.795 21.602 1349.8
  81 0.805 21.806 1315.03
  82 0.815 21.844 1289.28
  83 0.825 21.906 1274.35
  84 0.835 21.64 1279.39
  85 0.845 21.54 1227.91
  86 0.855 20.656 1206.41
  87 0.865 20.25 1302.28
  88 0.875 20.134 1300.8
  89 0.885 20.854 1234.04
  90 0.895 21.288 1242.9
  91 0.905 21.636 1261.62
  92 0.915 21.852 1223.09
  93 0.925 21.814 1249.4
  94 0.935 21.552 1302.67
  95 0.945 21.814 1220.93
  96 0.955 21.552 1231.24
  97 0.965 21.036 1250.27
  98 0.975 20.972 1277.94
  99 0.985 20.596 1218.26
  100 0.995 20.306 1235.47
230000 100 2112
  1 0.005 20.224 1214.54
  2 0.015 20.626 1254.78
  3 0.025 20.676 1268.72
  4 0.035 21.312 1289.29
  5 0.045 21.27 1258.36
  6 0.055 21.546 1245.63
  7 0.065 21.58 1239.02
  8 0.075 21.726 1258.24
  9 0.085 21.606 1278.08
  10 0.095 21.518 1305.92
  11 0.105 21.2 1312.1
  12 0.115 21.128 1327.51
  13 0.125 21.066 1289.09
  14 0.135 20.702 1310.2
  15 0.145 20.696 1369.95
  16 0.155 20.806 1362.34
  17 0.165 21.28 1240.05
  18 0.175 21.66 1263.2
  19 0.185 21.804 1344.58
  20 0.195 21.712 1238.28
  21 0.205 21.618 1240.77
  22 0.215 21.494 1275.43
  23 0.225 21.242 1279.78
  24 0.235 20.782 1359.96
  25 0.245 20.564 1395.03
  26 0.255 20.366 1321.75
  27 0.265 19.848 1348.24
  28 0.275 20.082 1380.5
  29 0.285 20.746 1396.23
  30 0.295 21.362 1428.26
  31 0.305 21.436 1471.25
  32 0.315 21.614 1435.62
  33 0.325 21.772 1371.94
  34 0.335 21.85 1384.99
  35 0.345 21.752 1449.03
  36 0.355 21.614 1424.76
  37 0.365 20.91 1437.01
  38 0.375 20.534 1386.77
  39 0.385 20.166 1393.66
  40 0.395 20.322 1366.75
  41 0.405 21.2 1383.29
  42 0.415 21.464 1503.63
  43 0.425 21.76 1567.17
  44 0.435 21.774 1511.49
  45 0.445 21.636 1521.75
  46 0.455 21.494 1505.51
  47 0.465 21.266 1527.69
  48 0.475 20.928 1491.52
  49 0.485 20.216 1466.33
  50 0.495 20 1475.04
  51 0.505 19.892 1561.54
  52 0.515 20.464 1574.13
  53 0.525 20.702 1519.75
  54 0.535 21.232 1436.63
  55 0.545 21.464 1450.35
  56 0.555 21.692 1506.26
  57 0.565 21.586 1517.93
  58 0.575 21.588 1514.29
  59 0.585 21.086 1465.76
  60 0.595 21.124 1422.27
  61 0.605 20.92 1422.34
  62 0.615 20.79 1443.76
  63 0.625 20.916 1460.98
  64 0.635 20.834 1501.96
  65 0.645 21.152 1435.22
  66 0.655 21.256 1465.4
  67 0.665 21.738 1408.98
  68 0.675 21.558 1476.5
  69 0.685 21.45 1461.67
  70 0.695 21.36 1432.06
  71 0.705 20.708 1462.06
  72 0.715 20.88 1334.33
  73 0.725 20.658 1419.39
  74 0.735 20.19 1459.29
  75 0.745 20.234 1442.58
  76 0.755 20.306 1449.93
  77 0.765 20.844 1388.67
  78 0.775 21.41 1295.9
  79 0.785 21.686 1311.78
  80 0.795 21.584 1339.67
  81 0.805 21.726 1340.21
  82 0.815 21.912 1301.13
  83 0.825 21.81 1323.45
  84 0.835 21.536 1313.77
  85 0.845 21.202 1272.35
  86 0.855 20.652 1217.07
  87 0.865 20.19 1255.33
  88 0.875 20.478 1241.99
  89 0.885 20.872 1235.87
  90 0.895 21.464 1199.32
  91 0.905 21.702 1163.65
  92 0.915 21.842 1153.54
  93 0.925 21.874 1233.39
  94 0.935 21.66 1234.6
  95 0.945 21.664 1290.88
  96 0.955 21.442 1231.48
  97 0.965 21.314 1277.58
  98 0.975 20.75 1290.64
  99 0.985 20.398 1352.73
  100 0.995 20.258 1345.86
235000 100 2112
  1 0.005 20.386 1283.85
  2 0.015 20.762 1231.75
  3 0.025 21.05 1220.19
  4 0.035 21.038 1215.24
  5 0.045 21.488 1192.49
  6 0.055 21.646 1227.73
  7 0.065 21.676 1251.82
  8 0.075 21.814 1300.07
  9 0.085 21.536 1351.19
  10 0.095 21.234 1344.08
  11 0.105 21.304 1311.25
  12 0.115 20.99 1357.26
  13 0.125 21.008 1278.56
  14 0.135 20.918 1251.98
  15 0.145 20.736 1327.56
  16 0.155 21.034 1277.43
  17 0.165 21.278 1359.47
  18 0.175 21.554 1323.69
  19 0.185 21.718 1383.35
  20 0.195 21.682 1401.4
  21 0.205 21.49 1341.41
  22 0.215 21.602 1253.7
  23 0.225 21.156 1292.99
  24 0.235 20.932 1306.14
  25 0.245 20.83 1275.68
  26 0.255 20.23 1306.34
  27 0.265 19.992 1392.45
  28 0.275 19.986 1436.98
  29 0.285 20.71 1393.22
  30 0.295 21.174 1417.31
  31 0.305 21.458 1430.14
  32 0.315 21.668 1367.08
  33 0.325 21.81 1352.37
  34 0.335 21.768 1413.32
  35 0.345 21.77 1477.07
  36 0.355 21.554 1439.43
  37 0.365 20.818 1489.47
  38 0.375 20.24 1484.63
  39 0.385 20.02 1525.74
  40 0.395 20.684 1515.81
  41 0.405 21.136 1499.03
  42 0.415 21.714 1455.17
  43 0.425 21.692 1441.72
  44 0.435 21.838 1488.86
  45 0.445 21.544 1513.34
  46 0.455 21.5 1470.1
  47 0.465 21.278 1403.14
  48 0.475 20.636 1479.41
  49 0.485 20.316 1504.14
  50 0.495 19.936 1508.53
  51 0.505 20.118 1508.16
  52 0.515 20.642 1484.25
  53 0.525 20.83 1531.48
  54 0.535 21.084 1574.89
  55 0.545 21.554 1513.88
  56 0.555 21.578 1549.36
  57 0.565 21.682 1515.91
  58 0.575 21.522 1587.55
  59 0.585 21.38 1531.58
  60 0.595 20.866 1542.53
  61 0.605 20.992 1542.26
  62 0.615 20.842 1480.66
  63 0.625 20.78 1522.2
  64 0.635 20.722 1580.91
  65 0.645 20.992 1511.05
  66 0.655 21.41 1427.61
  67 0.665 21.746 1396.05
  68 0.675 21.77 1377.26
  69 0.685 21.446 1379.23
  70 0.695 21.294 1403.59
  71 0.705 21.13 1374.33
  72 0.715 21.148 1330.43
  73 0.725 20.728 1316.48
  74 0.735 20.302 1326.71
  75 0.745 20.174 1356.52
  76 0.755 20.222 1340.11
  77 0.765 20.654 1378.97
  78 0.775 21.044 1376.66
  79 0.785 21.488 1250.39
  80 0.795 21.69 1218.47
  81 0.805 21.64 1286.62
  82 0.815 21.804 1273.73
  83 0.825 21.758 1303.63
  84 0.835 21.816 1255.01
  85 0.845 21.008 1265.96
  86 0.855 20.49 1236.76
  87 0.865 20.23 1261.43
  88 0.875 20.248 1282.8
  89 0.885 20.986 1240.73
  90 0.895 21.614 1215.44
  91 0.905 21.732 1228.42
  92 0.915 21.904 1235.22
  93 0.925 21.69 1270.36
  94 0.935 21.71 1308.53
  95 0.945 21.712 1254.13
  96 0.955 21.338 1258.68
  97 0.965 21.208 1282.16
  98 0.975 20.628 1287.94
  99 0.985 20.352 1217.83
  100 0.995 19.968 1273.37
240000 100 2112
  1 0.005 20.386 1221.57
  2 0.015 20.826 1187.06
  3 0.025 21.054 1241.53
  4 0.035 21.094 1275.09
  5 0.045 21.446 1264.37
  6 0.055 21.392 1268.63
  7 0.065 21.744 1222.88
  8 0.075 21.858 1232.87
  9 0.085 21.454 1220.53
  10 0.095 21.35 1219.42
  11 0.105 20.764 1228.89
  12 0.115 21.072 1267.5
  13 0.125 21.006 1260.72
  14 0.135 21.152 1344.1
  15 0.145 20.952 1338.38
  16 0.155 21.056 1340.57
  17 0.165 21.286 1357.82
  18 0.175 21.4 1334.97
  19 0.185 21.646 1318.46
  20 0.195 21.608 1334.76
  21 0.205 21.382 1376.09
  22 0.215 21.154 1352.17
  23 0.225 21.104 1382.56
  24 0.235 20.796 1336.98
  25 0.245 20.77 1244.41
  26 0.255 20.572 1348.33
  27 0.265 20.386 1376.33
  28 0.275 20.322 1376.79
  29 0.285 20.782 1477.56
  30 0.295 21.08 1400.67
  31 0.305 21.494 1423.87
  32 0.315 21.57 1415.2
  33 0.325 21.822 1372.29
  34 0.335 21.722 1417.06
  35 0.345 21.92 1356.86
  36 0.355 21.696 1366.75
  37 0.365 20.9 1455.9
  38 0.375 20.302 1530.67
  39 0.385 20.33 1404.33
  40 0.395 20.288 1513.09
  41 0.405 21.216 1471.93
  42 0.415 21.456 1479.69
  43 0.425 21.764 1483.78
  44 0.435 21.74 1507.63
  45 0.445 21.724 1500.24
  46 0.455 21.472 1538.39
  47 0.465 21.286 1519.59
  48 0.475 20.884 1583.46
  49 0.485 20.406 1595.73
  50 0.495 20.176 1589.06
  51 0.505 20.312 1636.92
  52 0.515 20.32 1575.01
  53 0.525 20.734 1541.66
  54 0.535 20.882 1546.83
  55 0.545 21.348 1551.88
  56 0.555 21.632 1475.86
  57 0.565 21.662 1550.23
  58 0.575 21.368 1515.47
  59 0.585 21.23 1499.38
  60 0.595 20.922 1620.45
  61 0.605 20.996 1596.17
  62 0.615 21.004 1498.38
  63 0.625 20.772 1447.69
  64 0.635 20.85 1469.74
  65 0.645 21.162 1497.66
  66 0.655 21.224 1396.34
  67 0.665 21.642 1426.47
  68 0.675 21.602 1453.36
  69 0.685 21.48 1321.5
  70 0.695 21.218 1320.5
  71 0.705 21.196 1269.59
  72 0.715 21.05 1297.81
  73 0.725 20.908 1274.17
  74 0.735 20.522 1322.77
  75 0.745 20.286 1314.59
  76 0.755 20.082 1377.42
  77 0.765 20.568 1349.96
  78 0.775 21.034 1363.85
  79 0.785 21.49 1372.78
  80 0.795 21.554 1355.46
  81 0.805 21.756 1358.33
  82 0.815 21.758 1308.78
  83 0.825 21.87 1233.99
  84 0.835 21.736 1242.35
  85 0.845 21.208 1193.16
  86 0.855 20.682 1230.91
  87 0.865 20.236 1192.44
  88 0.875 20.202 1199.75
  89 0.885 21.018 1294.82
  90 0.895 21.234 1213.49
  91 0.905 21.734 1263.04
  92 0.915 21.856 1285.69
  93 0.925 21.84 1292.2
  94 0.935 21.77 1277.74
  95 0.945 21.478 1255.85
  96 0.955 21.388 1340.71
  97 0.965 21.262 1197.96
  98 0.975 20.5 1245.37
  99 0.985 20.168 1254.55
  100 0.995 20.192 1246.39
245000 100 2112.0000000000005
  1 0.005 20.228 1318.37
  2 0.015 20.556 1317.63
  3 0.025 20.908 1245.1
  4 0.035 21.156 1229.13
  5 0.045 21.242 1272.85
  6 0.055 21.61 1339.26
  7 0.065 21.71 1314.57
  8 0.075 21.718 1228.85
  9 0.085 21.52 1250.31
  10 0.095 21.056 1160.68
  11 0.105 21.096 1231.35
  12 0.115 21.254 1226.88
  13 0.125 21.122 1231.27
  14 0.135 21.15 1276.71
  15 0.145 20.84 1315.49
  16 0.155 21.152 1334.09
  17 0.165 21.032 1378.97
  18 0.175 21.486 1362.09
  19 0.185 21.66 1365.82
  20 0.195 21.602 1432.74
  21 0.205 21.522 1367.6
  22 0.215 21.244 1386.34
  23 0.225 21.224 1348.33
  24 0.235 20.756 1401.84
  25 0.245 20.596 1427.21
  26 0.255 20.504 1356.68
  27 0.265 19.888 1391.18
  28 0.275 20.57 1368.88
  29 0.285 20.682 1341.72
  30 0.295 21.356 1420.99
  31 0.305 21.358 1491.04
  32 0.315 21.614 1406.7
  33 0.325 21.88 1427.43
  34 0.335 21.818 1473.18
  35 0.345 21.748 1515.96
  36 0.355 21.438 1541.57
  37 0.365 21.14 1443.57
  38 0.375 19.958 1524.86
  39 0.385 19.996 1444.9
  40 0.395 20.876 1361.09
  41 0.405 21.012 1435.24
  42 0.415 21.666 1470.43
  43 0.425 21.882 1460.54
  44 0.435 21.666 1493.39
  45 0.445 21.704 1552.73
  46 0.455 21.508 1437.1
  47 0.465 21.278 1434.57
  48 0.475 20.858 1484.5
  49 0.485 20.276 1463.72
  50 0.495 20.378 1474.8
  51 0.505 20.136 1469.19
  52 0.515 20.398 1456.41
  53 0.525 20.834 1446.89
  54 0.535 21.004 1510.67
  55 0.545 21.214 1577.15
  56 0.555 21.546 1581.08
  57 0.565 21.58 1567.53
  58 0.575 21.61 1413.85
  59 0.585 21.194 1552.52
  60 0.595 20.976 1595.7
  61 0.605 21.104 1580.03
  62 0.615 21.078 1521.53
  63 0.625 20.434 1577.81
  64 0.635 20.778 1504.68
  65 0.645 20.934 1476.71
  66 0.655 21.476 1446
  67 0.665 21.72 1477.32
  68 0.675 21.558 1500.8
  69 0.685 21.57 1396.03
  70 0.695 21.346 1358.43
  71 0.705 21.116 1388.1
  72 0.715 20.828 1471.67
  73 0.725 20.684 1414.23
  74 0.735 20.218 1406.17
  75 0.745 20.06 1359.77
  76 0.755 20.156 1289.1
  77 0.765 20.87 1347.4
  78 0.775 21.274 1268.06
  79 0.785 21.656 1301.45
  80 0.795 21.582 1215.92
  81 0.805 21.762 1300.32
  82 0.815 21.874 1310.59
  83 0.825 21.798 1282.61
  84 0.835 21.684 1243.62
  85 0.845 21.246 1215.11
  86 0.855 20.822 1130.47
  87 0.865 19.974 1156.81
  88 0.875 20.402 1227.26
  89 0.885 20.698 1271.74
  90 0.895 21.638 1210.13
  91 0.905 21.6 1196.3
  92 0.915 21.868 1240.86
  93 0.925 21.752 1239.23
  94 0.935 21.872 1211.55
  95 0.945 21.588 1202.43
  96 0.955 21.486 1215.13
  97 0.965 21.202 1245.24
  98 0.975 20.902 1225.75
  99 0.985 20.256 1312.99
  100 0.995 20.148 1257.42
250000 100 2111.9999999999995
  1 0.005 20.142 1263.95
  2 0.015 20.822 1207.11
  3 0.025 20.792 1293.9
  4 0.035 21.05 1220.3
  5 0.045 21.358 1196.4
  6 0.055 21.62 1216.69
  7 0.065 21.572 1254.81
  8 0.075 21.794 1172.94
  9 0.085 21.764 1229.73
  10 0.095 21.566 1267.72
  11 0.105 21.196 1247.45
  12 0.115 21.03 1307.28
  13 0.125 21.032 1288.9
  14 0.135 20.746 1366.86
  15 0.145 20.646 1398.51
  16 0.155 20.866 1327.12
  17 0.165 21.002 1375.52
  18 0.175 21.746 1305.61
  19 0.185 21.818 1347.37
  20 0.195 21.614 1443.19
  21 0.205 21.536 1453.96
  22 0.215 21.392 1484.65
  23 0.225 21.278 1436.85
  24 0.235 20.844 1455.01
  25 0.245 20.562 1407.45
  26 0.255 19.92 1426.54
  27 0.265 20.088 1326.7
  28 0.275 20.186 1342.94
  29 0.285 20.902 1497.17
  30 0.295 21.27 1471.7
  31 0.305 21.544 1498.79
  32 0.315 21.672 1527.53
  33 0.325 21.61 1458.1
  34 0.335 21.874 1423.84
  35 0.345 21.746 1471.82
  36 0.355 21.402 1505.65
  37 0.365 20.504 1468.54
  38 0.375 20.146 1450.63
  39 0.385 20.052 1364.95
  40 0.395 20.786 1479.77
  41 0.405 21.592 1444.97
  42 0.415 21.752 1436.08
  43 0.425 21.718 1455.47
  44 0.435 21.78 1349.62
  45 0.445 21.51 1453.75
  46 0.455 21.512 1442.43
  47 0.465 21.344 1469.52
  48 0.475 20.542 1513.79
  49 0.485 20.242 1535.03
  50 0.495 19.918 1545.64
  51 0.505 20.324 1524.6
  52 0.515 20.514 1514.98
  53 0.525 20.944 1458.31
  54 0.535 21.072 1486.33
  55 0.545 21.5 1428.69
  56 0.555 21.67 1409.39
  57 0.565 21.614 1458.83
  58 0.575 21.726 1500.73
  59 0.585 21.324 1461.6
  60 0.595 21.08 1459.44
  61 0.605 20.648 1481.95
  62 0.615 20.822 1567.2
  63 0.625 20.676 1605.15
  64 0.635 20.902 1503.19
  65 0.645 21.154 1497.67
  66 0.655 21.49 1452.5
  67 0.665 21.584 1551.85
  68 0.675 21.67 1441.72
  69 0.685 21.582 1491.52
  70 0.695 21.416 1371.93
  71 0.705 21.29 1401.55
  72 0.715 20.962 1370.75
  73 0.725 20.7 1318.7
  74 0.735 20.286 1338.15
  75 0.745 20.024 1361.31
  76 0.755 20 1379.51
  77 0.765 20.718 1374.1
  78 0.775 21.32 1344.19
  79 0.785 21.414 1395.07
  80 0.795 21.572 1402.64
  81 0.805 21.812 1365.66
  82 0.815 21.73 1308.61
  83 0.825 21.82 1314.11
  84 0.835 21.772 1304.48
  85 0.845 20.926 1296.67
  86 0.855 20.594 1263.86
  87 0.865 20.216 1203.23
  88 0.875 20.392 1171.65
  89 0.885 20.98 1141.88
  90 0.895 21.492 1111.67
  91 0.905 21.708 1199.71
  92 0.915 21.876 1192.32
  93 0.925 21.728 1164.89
  94 0.935 21.88 1204.78
  95 0.945 21.59 1179.5
  96 0.955 21.49 1234.92
  97 0.965 21.22 1294.69
  98 0.975 20.894 1266.86
  99 0.985 20.348 1207.8
  100 0.995 20.134 1231.89
255000 100 2112
  1 0.005 20.376 1210.57
  2 0.015 20.672 1204.51
  3 0.025 20.74 1146.46
  4 0.035 20.922 1261.81
  5 0.045 21.29 1209.12
  6 0.055 21.494 1206.88
  7 0.065 21.724 1218.61
  8 0.075 21.674 1163.89
  9 0.085 21.714 1164.12
  10 0.095 21.412 1167.47
  11 0.105 21.448 1198.2
  12 0.115 21.196 1283.64
  13 0.125 20.97 1325.54
  14 0.135 21.142 1265.68
  15 0.145 20.852 1295.76
  16 0.155 20.608 1363.8
  17 0.165 21.03 1410.13
  18 0.175 21.282 1383.85
  19 0.185 21.686 1366.36
  20 0.195 21.718 1415.85
  21 0.205 21.608 1478.44
  22 0.215 21.46 1523.53
  23 0.225 21.14 1549.1
  24 0.235 20.85 1517.27
  25 0.245 20.388 1526.12
  26 0.255 19.936 1453.39
  27 0.265 19.896 1443.76
  28 0.275 20.34 1392.28
  29 0.285 20.956 1380.71
  30 0.295 21.208 1388.34
  31 0.305 21.586 1394.57
  32 0.315 21.662 1420.84
  33 0.325 21.762 1355.83
  34 0.335 21.728 1365.39
  35 0.345 21.79 1389.13
  36 0.355 21.434 1379.22
  37 0.365 20.65 1483.41
  38 0.375 20.094 1491.97
  39 0.385 20.454 1506.34
  40 0.395 20.624 1471
  41 0.405 21.264 1444.73
  42 0.415 21.688 1484.18
  43 0.425 21.736 1510.47
  44 0.435 21.702 1478.65
  45 0.445 21.54 1547.9
  46 0.455 21.598 1478.4
  47 0.465 21.01 1468.69
  48 0.475 20.878 1481.63
  49 0.485 20.064 1488.72
  50 0.495 20.054 1509.29
  51 0.505 20.214 1507.01
  52 0.515 20.642 1486.38
  53 0.525 20.798 1499.29
  54 0.535 21.252 1487.09
  55 0.545 21.43 1511.41
  56 0.555 21.684 1502.34
  57 0.565 21.57 1496.04
  58 0.575 21.568 1492.01
  59 0.585 21.116 1521.46
  60 0.595 20.952 1491.9
  61 0.605 20.596 1490.36
  62 0.615 21.04 1450.57
  63 0.625 20.834 1387.76
  64 0.635 20.912 1425.19
  65 0.645 21.168 1434.54
  66 0.655 21.606 1382.07
  67 0.665 21.594 1492.86
  68 0.675 21.768 1482.29
  69 0.685 21.458 1567.22
  70 0.695 21.28 1442.1
  71 0.705 21.188 1353.14
  72 0.715 20.708 1361.24
  73 0.725 20.364 1459.46
  74 0.735 19.984 1450.15
  75 0.745 19.984 1437.57
  76 0.755 20.5 1414.25
  77 0.765 21.058 1449.83
  78 0.775 21.258 1432.58
  79 0.785 21.634 1319.23
  80 0.795 21.746 1307.3
  81 0.805 21.688 1244.67
  82 0.815 21.88 1220.22
  83 0.825 21.8 1255.73
  84 0.835 21.478 1223.54
  85 0.845 21.214 1210.23
  86 0.855 20.466 1238.49
  87 0.865 20.298 1177.2
  88 0.875 20.434 1228.28
  89 0.885 20.954 1247
  90 0.895 21.474 1231.14
  91 0.905 21.816 1263.76
  92 0.915 21.88 1288.65
  93 0.925 21.784 1270.32
  94 0.935 21.756 1278
  95 0.945 21.586 1271.88
  96 0.955 21.538 1215.52
  97 0.965 21.416 1213.25
  98 0.975 20.832 1199.05
  99 0.985 20.55 1221.6
  100 0.995 20.2 1288.04
260000 100 2112
  1 0.005 20.492 1159.42
  2 0.015 20.67 1174.05
  3 0.025 20.74 1153.17
  4 0.035 20.906 1220.87
  5 0.045 20.95 1269.6
  6 0.055 21.676 1222.89
  7 0.065 21.49 1310.32
  8 0.075 21.764 1338.46
  9 0.085 21.626 1258.85
  10 0.095 21.546 1307.57
  11 0.105 21.232 1272.96
  12 0.115 21.086 1296.96
  13 0.125 21.084 1243.04
  14 0.135 20.64 1316.64
  15 0.145 20.83 1321.16
  16 0.155 20.666 1378.75
  17 0.165 21.27 1380.63
  18 0.175 21.616 1382.56
  19 0.185 21.786 1460.59
  20 0.195 21.72 1463.72
  21 0.205 21.6 1439.97
  22 0.215 21.362 1448.58
  23 0.225 21.326 1385.28
  24 0.235 20.8 1377.27
  25 0.245 20.668 1411.92
  26 0.255 20.074 1388.1
  27 0.265 19.916 1346.83
  28 0.275 20.152 1306.34
  29 0.285 20.828 1352.52
  30 0.295 21.374 1337.26
  31 0.305 21.398 1379.92
  32 0.315 21.782 1381.89
  33 0.325 21.636 1454.99
  34 0.335 21.772 1438.12
  35 0.345 21.77 1452.21
  36 0.355 21.556 1436.4
  37 0.365 20.972 1468.42
  38 0.375 20.076 1456.19
  39 0.385 20.142 1396.61
  40 0.395 20.712 1377.56
  41 0.405 21.144 1382.22
  42 0.415 21.556 1509.86
  43 0.425 21.748 1523.64
  44 0.435 21.778 1608.03
  45 0.445 21.55 1554.03
  46 0.455 21.436 1607.2
  47 0.465 20.996 1573.28
  48 0.475 20.73 1542.58
  49 0.485 20.126 1538.42
  50 0.495 19.956 1517.52
  51 0.505 20.244 1536.61
  52 0.515 20.674 1545.12
  53 0.525 20.918 1579.16
  54 0.535 21.194 1463.83
  55 0.545 21.496 1413.14
  56 0.555 21.644 1412.08
  57 0.565 21.64 1402.82
  58 0.575 21.558 1447.57
  59 0.585 21.194 1457.21
  60 0.595 21.044 1426.23
  61 0.605 20.714 1416.15
  62 0.615 20.736 1512.97
  63 0.625 21.024 1478.46
  64 0.635 20.898 1539.81
  65 0.645 21.138 1495.19
  66 0.655 21.47 1536.37
  67 0.665 21.608 1516.73
  68 0.675 21.582 1539.97
  69 0.685 21.608 1453.06
  70 0.695 21.296 1444.62
  71 0.705 20.97 1474.39
  72 0.715 20.784 1416.92
  73 0.725 20.51 1335.35
  74 0.735 20.248 1331.46
  75 0.745 19.954 1440.26
  76 0.755 20.352 1410.12
  77 0.765 21.01 1327.86
  78 0.775 21.462 1310.75
  79 0.785 21.528 1269.4
  80 0.795 21.684 1273.75
  81 0.805 21.786 1265.02
  82 0.815 21.886 1257.13
  83 0.825 21.776 1297.82
  84 0.835 21.54 1327.22
  85 0.845 21.45 1265.29
  86 0.855 20.5 1275.84
  87 0.865 20.284 1260.09
  88 0.875 20.31 1248.99
  89 0.885 20.906 1282.79
  90 0.895 21.306 1239.44
  91 0.905 21.802 1235.97
  92 0.915 21.826 1225.78
  93 0.925 21.736 1197.42
  94 0.935 21.714 1246.96
  95 0.945 21.804 1189.59
  96 0.955 21.442 1189.17
  97 0.965 21.328 1230.12
  98 0.975 20.862 1249.92
  99 0.985 20.454 1202.45
  100 0.995 20.38 1144.03
265000 100 2112.0000000000005
  1 0.005 20.378 1166.31
  2 0.015 20.816 1189.47
  3 0.025 20.846 1264.29
  4 0.035 20.958 1257.13
  5 0.045 21.266 1205.33
  6 0.055 21.654 1143.49
  7 0.065 21.636 1218.76
  8 0.075 21.724 1383.46
  9 0.085 21.91 1349.88
  10 0.095 21.456 1336.77
  11 0.105 21.194 1355.75
  12 0.115 21.086 1295.75
  13 0.125 21.006 1233.64
  14 0.135 20.842 1249.97
  15 0.145 20.704 1220.05
  16 0.155 20.658 1302.41
  17 0.165 21.248 1357.56
  18 0.175 21.644 1420.03
  19 0.185 21.738 1459.81
  20 0.195 21.748 1448.86
  21 0.205 21.58 1370.77
  22 0.215 21.594 1371.66
  23 0.225 21.316 1401.03
  24 0.235 21 1392.34
  25 0.245 20.544 1464.78
  26 0.255 20.072 1400.88
  27 0.265 19.806 1385.29
  28 0.275 20.298 1420.63
  29 0.285 20.648 1459.13
  30 0.295 21.188 1497.56
  31 0.305 21.462 1396.95
  32 0.315 21.568 1453.49
  33 0.325 21.706 1430.55
  34 0.335 21.898 1413.43
  35 0.345 21.606 1416.57
  36 0.355 21.46 1436.08
  37 0.365 21.154 1419.08
  38 0.375 20.27 1490.83
  39 0.385 20.174 1483.67
  40 0.395 20.454 1569.7
  41 0.405 21.082 1470.41
  42 0.415 21.672 1511.07
  43 0.425 21.78 1485.95
  44 0.435 21.676 1513.91
  45 0.445 21.606 1497.54
  46 0.455 21.61 1462.51
  47 0.465 21.112 1510
  48 0.475 20.502 1601.7
  49 0.485 20.046 1565.77
  50 0.495 19.928 1688
  51 0.505 20.118 1555.29
  52 0.515 20.704 1484.55
  53 0.525 20.878 1496.58
  54 0.535 21.216 1511.38
  55 0.545 21.54 1457
  56 0.555 21.674 1431.3
  57 0.565 21.648 1323.3
  58 0.575 21.722 1373.36
  59 0.585 21.158 1425.17
  60 0.595 21.09 1397.38
  61 0.605 20.838 1432.76
  62 0.615 20.636 1446.57
  63 0.625 20.792 1481.56
  64 0.635 20.942 1553.89
  65 0.645 21.106 1570.93
  66 0.655 21.704 1599.91
  67 0.665 21.48 1512.53
  68 0.675 21.792 1414.24
  69 0.685 21.614 1462.95
  70 0.695 21.274 1481.84
  71 0.705 21.248 1375.48
  72 0.715 20.814 1394.47
  73 0.725 20.332 1405.87
  74 0.735 19.896 1392.77
  75 0.745 19.986 1416.24
  76 0.755 20.394 1448.59
  77 0.765 20.916 1408.25
  78 0.775 21.422 1403.97
  79 0.785 21.512 1327.71
  80 0.795 21.71 1298.78
  81 0.805 21.758 1269.45
  82 0.815 21.916 1237.04
  83 0.825 21.774 1263.44
  84 0.835 21.482 1269.53
  85 0.845 21.24 1236.42
  86 0.855 20.576 1176.07
  87 0.865 20.318 1213.9
  88 0.875 20.32 1216.89
  89 0.885 20.856 1248.69
  90 0.895 21.602 1226.08
  91 0.905 21.702 1199.05
  92 0.915 21.844 1171.36
  93 0.925 21.826 1140.48
  94 0.935 21.658 1168.49
  95 0.945 21.768 1161.88
  96 0.955 21.51 1206.31
  97 0.965 21.174 1241.23
  98 0.975 20.684 1338
  99 0.985 20.404 1251.65
  100 0.995 20.108 1204.38
270000 100 2112
  1 0.005 20.508 1197.29
  2 0.015 20.768 1219.31
  3 0.025 20.812 1221.52
  4 0.035 21.13 1233.18
  5 0.045 21.366 1184.12
  6 0.055 21.492 1206.88
  7 0.065 21.686 1164.6
  8 0.075 21.808 1210.62
  9 0.085 21.84 1282.67
  10 0.095 21.436 1283.34
  11 0.105 21.194 1284.92
  12 0.115 20.872 1371.41
  13 0.125 20.98 1340.51
  14 0.135 20.712 1383.01
  15 0.145 20.736 1341.92
  16 0.155 21.132 1319.26
  17 0.165 21.322 1337.14
  18 0.175 21.406 1379.46
  19 0.185 21.74 1405.68
  20 0.195 21.682 1410.25
  21 0.205 21.71 1407.34
  22 0.215 21.482 1442.99
  23 0.225 21.138 1397.56
  24 0.235 21.036 1359.35
  25 0.245 20.594 1328.31
  26 0.255 20.14 1324.79
  27 0.265 19.792 1294.47
  28 0.275 20.166 1407.42
  29 0.285 20.796 1415.02
  30 0.295 21.266 1406.1
  31 0.305 21.44 1497.16
  32 0.315 21.61 1467.79
  33 0.325 21.836 1525.86
  34 0.335 21.732 1496.73
  35 0.345 21.762 1442.88
  36 0.355 21.28 1512.06
  37 0.365 20.832 1466.18
  38 0.375 20.28 1482
  39 0.385 20.172 1530.11
  40 0.395 20.592 1504.49
  41 0.405 21.4 1499.26
  42 0.415 21.646 1557.94
  43 0.425 21.84 1546.54
  44 0.435 21.598 1506.45
  45 0.445 21.708 1551.72
  46 0.455 21.402 1473.6
  47 0.465 21.302 1502.92
  48 0.475 20.592 1454.89
  49 0.485 20.6 1490.7
  50 0.495 20.144 1531.02
  51 0.505 20.324 1550.17
  52 0.515 20.46 1525.89
  53 0.525 20.524 1486.96
  54 0.535 21.066 1474.8
  55 0.545 21.58 1466.03
  56 0.555 21.504 1490.34
  57 0.565 21.644 1469.44
  58 0.575 21.648 1510.73
  59 0.585 21.27 1547.24
  60 0.595 21.004 1481.47
  61 0.605 20.838 1466.78
  62 0.615 20.658 1385.82
  63 0.625 20.724 1396.52
  64 0.635 21.03 1304.65
  65 0.645 21.15 1357
  66 0.655 21.334 1353.9
  67 0.665 21.828 1438.77
  68 0.675 21.622 1469.33
  69 0.685 21.618 1489.01
  70 0.695 21.424 1486.12
  71 0.705 21.154 1463.8
  72 0.715 20.912 1380.8
  73 0.725 20.646 1417.23
  74 0.735 19.84 1419.83
  75 0.745 19.796 1401.06
  76 0.755 20.302 1360.43
  77 0.765 20.886 1342.09
  78 0.775 21.396 1376.88
  79 0.785 21.458 1387.17
  80 0.795 21.664 1360.78
  81 0.805 21.772 1251.63
  82 0.815 21.726 1259.17
  83 0.825 21.822 1268.88
  84 0.835 21.608 1342.36
  85 0.845 21.03 1313.94
  86 0.855 20.56 1257.39
  87 0.865 20.102 1235.71
  88 0.875 20.578 1295.35
  89 0.885 20.78 1273.45
  90 0.895 21.76 1258.3
  91 0.905 21.686 1234.56
  92 0.915 21.77 1261.23
  93 0.925 21.982 1234.58
  94 0.935 21.652 1245.61
  95 0.945 21.642 1210.76
  96 0.955 21.33 1225.3
  97 0.965 21.292 1207.37
  98 0.975 20.718 1184.38
  99 0.985 20.152 1204.59
  100 0.995 20.224 1250.65
275000 100 2111.9999999999995
  1 0.005 20.414 1215.26
  2 0.015 20.784 1157.23
  3 0.025 20.876 1133.5
  4 0.035 20.954 1221.86
  5 0.045 21.304 1253.98
  6 0.055 21.616 1254.41
  7 0.065 21.628 1278.53
  8 0.075 21.844 1306.96
  9 0.085 21.584 1328.73
  10 0.095 21.59 1410.45
  11 0.105 20.938 1384.62
  12 0.115 20.9 1406.86
  13 0.125 20.638 1412.9
  14 0.135 20.64 1388.75
  15 0.145 20.898 1363.35
  16 0.155 21.028 1378.58
  17 0.165 21.488 1359.08
  18 0.175 21.67 1358.17
  19 0.185 21.806 1349.85
  20 0.195 21.618 1389.58
  21 0.205 21.526 1461.41
  22 0.215 21.3 1367.78
  23 0.225 21.014 1316.73
  24 0.235 20.762 1296.9
  25 0.245 20.602 1308.29
  26 0.255 20.306 1278.96
  27 0.265 20.022 1286.4
  28 0.275 20.336 1332.61
  29 0.285 21.002 1348.68
  30 0.295 21.386 1408.23
  31 0.305 21.49 1468.65
  32 0.315 21.708 1465.26
  33 0.325 21.698 1498.63
  34 0.335 21.808 1473.17
  35 0.345 21.752 1470.3
  36 0.355 21.558 1420.49
  37 0.365 20.988 1460.74
  38 0.375 20.162 1539.87
  39 0.385 20.064 1525.32
  40 0.395 20.718 1506.1
  41 0.405 21.044 1594.79
  42 0.415 21.666 1577.25
  43 0.425 21.736 1574.93
  44 0.435 21.7 1563.27
  45 0.445 21.678 1570.01
  46 0.455 21.392 1580.26
  47 0.465 21.136 1533.58
  48 0.475 20.632 1565.11
  49 0.485 20.092 1594.25
  50 0.495 20.316 1518.43
  51 0.505 20.254 1604.83
  52 0.515 20.47 1531.37
  53 0.525 20.784 1442.77
  54 0.535 21.246 1373.87
  55 0.545 21.392 1367.56
  56 0.555 21.67 1375.57
  57 0.565 21.726 1340.76
  58 0.575 21.706 1361.58
  59 0.585 21.328 1484.37
  60 0.595 21.102 1440.53
  61 0.605 21.038 1378.75
  62 0.615 20.802 1362.11
  63 0.625 20.848 1359.64
  64 0.635 20.538 1407.74
  65 0.645 20.96 1388.36
  66 0.655 21.512 1399.7
  67 0.665 21.6 1394.99
  68 0.675 21.824 1418.1
  69 0.685 21.57 1412.08
  70 0.695 21.444 1423.34
  71 0.705 21.326 1439.3
  72 0.715 20.918 1427.56
  73 0.725 20.686 1389.9
  74 0.735 20.062 1453.07
  75 0.745 19.848 1437.63
  76 0.755 20.042 1414.88
  77 0.765 20.734 1383.02
  78 0.775 21.302 1405.33
  79 0.785 21.342 1380.9
  80 0.795 21.83 1284.11
  81 0.805 21.67 1320.77
  82 0.815 21.778 1307.2
  83 0.825 21.868 1300.98
  84 0.835 21.704 1281.2
  85 0.845 21.112 1306.89
  86 0.855 20.688 1318.41
  87 0.865 19.908 1315.55
  88 0.875 20.51 1306.28
  89 0.885 20.86 1292.88
  90 0.895 21.478 1296.67
  91 0.905 21.872 1221.03
  92 0.915 21.818 1300.41
  93 0.925 21.676 1271.68
  94 0.935 21.708 1313.85
  95 0.945 21.648 1237.55
  96 0.955 21.434 1246.47
  97 0.965 21.236 1231.29
  98 0.975 20.902 1134.94
  99 0.985 20.198 1170.39
  100 0.995 20.216 1145.1
280000 100 2112
  1 0.005 20.246 1264.11
  2 0.015 20.668 1263.99
  3 0.025 20.772 1302.91
  4 0.035 21.182 1222.29
  5 0.045 21.366 1252.89
  6 0.055 21.528 1246.91
  7 0.065 21.748 1325.58
  8 0.075 21.668 1295.19
  9 0.085 21.822 1278.16
  10 0.095 21.396 1279.86
  11 0.105 21.116 1289.5
  12 0.115 20.852 1312.35
  13 0.125 20.846 1347.09
  14 0.135 20.602 1369.17
  15 0.145 20.932 1390.68
  16 0.155 21.164 1305.14
  17 0.165 21.354 1382.57
  18 0.175 21.57 1396.2
  19 0.185 21.796 1440.2
  20 0.195 21.75 1405.3
  21 0.205 21.428 1373.4
  22 0.215 21.418 1324.06
  23 0.225 21.118 1306.4
  24 0.235 21.016 1366.55
  25 0.245 20.484 1355.02
  26 0.255 19.798 1360.48
  27 0.265 20.168 1357.97
  28 0.275 20.258 1372.9
  29 0.285 20.926 1415.56
  30 0.295 21.292 1466.29
  31 0.305 21.5 1461.23
  32 0.315 21.744 1417.86
  33 0.325 21.688 1422.3
  34 0.335 21.912 1481.66
  35 0.345 21.714 1388.93
  36 0.355 21.6 1385.42
  37 0.365 20.778 1413.32
  38 0.375 20.344 1399.19
  39 0.385 19.818 1456.07
  40 0.395 20.716 1441.4
  41 0.405 21.224 1586.28
  42 0.415 21.794 1525.95
  43 0.425 21.81 1582.6
  44 0.435 21.498 1603.19
  45 0.445 21.782 1534.64
  46 0.455 21.46 1546.96
  47 0.465 21.19 1585.39
  48 0.475 20.676 1562.3
  49 0.485 20.204 1533.6
  50 0.495 20.132 1452.55
  51 0.505 20.284 1524.39
  52 0.515 20.372 1493.34
  53 0.525 20.854 1466.87
  54 0.535 21.09 1546.9
  55 0.545 21.412 1507.68
  56 0.555 21.674 1506.71
  57 0.565 21.696 1429.16
  58 0.575 21.584 1451.28
  59 0.585 21.45 1447.19
  60 0.595 21.276 1398.98
  61 0.605 20.704 1461.79
  62 0.615 20.704 1454.55
  63 0.625 20.526 1471.74
  64 0.635 20.716 1424.84
  65 0.645 21.134 1434.04
  66 0.655 21.638 1439.67
  67 0.665 21.668 1535.1
  68 0.675 21.754 1449.9
  69 0.685 21.732 1332.43
  70 0.695 21.416 1291.61
  71 0.705 21.37 1268.46
  72 0.715 20.986 1308
  73 0.725 20.746 1362.78
  74 0.735 20.222 1360.82
  75 0.745 20.004 1309.67
  76 0.755 20.118 1341.5
  77 0.765 20.686 1346.17
  78 0.775 21.08 1355.89
  79 0.785 21.344 1409.87
  80 0.795 21.558 1428.75
  81 0.805 21.788 1384.14
  82 0.815 21.734 1403.33
  83 0.825 21.782 1403.96
  84 0.835 21.772 1373.17
  85 0.845 21.132 1383.97
  86 0.855 20.584 1407.15
  87 0.865 20.242 1367.67
  88 0.875 20.032 1334.08
  89 0.885 20.722 1277.97
  90 0.895 21.808 1216.52
  91 0.905 21.728 1181.49
  92 0.915 21.954 1138.93
  93 0.925 21.742 1145.89
  94 0.935 21.842 1171.67
  95 0.945 21.564 1215.25
  96 0.955 21.474 1197.56
  97 0.965 21.37 1207.54
  98 0.975 20.808 1211.73
  99 0.985 20.068 1227.74
  100 0.995 20.188 1280.05
285000 100 2112
  1 0.005 20.374 1270.69
  2 0.015 20.49 1234.85
  3 0.025 20.776 1270.21
  4 0.035 21.048 1229.3
  5 0.045 21.302 1237.16
  6 0.055 21.596 1281.66
  7 0.065 21.77 1353.63
  8 0.075 21.62 1385.97
  9 0.085 21.804 1339.17
  10 0.095 21.514 1279.49
  11 0.105 21.032 1330.67
  12 0.115 21.06 1323.5
  13 0.125 20.814 1318.93
  14 0.135 20.588 1320.81
  15 0.145 20.796 1362.94
  16 0.155 20.902 1372.88
  17 0.165 21.418 1330.77
  18 0.175 21.744 1383.4
  19 0.185 21.736 1350.15
  20 0.195 21.796 1318.22
  21 0.205 21.536 1365.73
  22 0.215 21.42 1328.36
  23 0.225 21.192 1323.23
  24 0.235 20.77 1438.62
  25 0.245 20.488 1434.34
  26 0.255 19.842 1468.13
  27 0.265 19.906 1428.82
  28 0.275 20.442 1392.14
  29 0.285 20.834 1436.87
  30 0.295 21.41 1368.81
  31 0.305 21.574 1298.08
  32 0.315 21.698 1287.66
  33 0.325 21.748 1323.95
  34 0.335 21.928 1342.01
  35 0.345 21.71 1398.37
  36 0.355 21.61 1448.14
  37 0.365 20.892 1455.76
  38 0.375 20.358 1465.02
  39 0.385 19.864 1448.3
  40 0.395 20.606 1477.2
  41 0.405 21.16 1505.47
  42 0.415 21.628 1460.22
  43 0.425 21.684 1544.47
  44 0.435 21.938 1535.04
  45 0.445 21.39 1528.05
  46 0.455 21.62 1440.84
  47 0.465 21.226 1394.73
  48 0.475 20.55 1458.3
  49 0.485 20.122 1495.07
  50 0.495 20.138 1493.67
  51 0.505 20.384 1526.56
  52 0.515 20.426 1536.61
  53 0.525 20.902 1558.83
  54 0.535 21.07 1595.41
  55 0.545 21.376 1631.99
  56 0.555 21.7 1472.97
  57 0.565 21.684 1437.37
  58 0.575 21.816 1433.85
  59 0.585 21.456 1480.85
  60 0.595 20.966 1449.71
  61 0.605 21 1508.12
  62 0.615 20.75 1557.42
  63 0.625 20.584 1509.45
  64 0.635 20.508 1469.26
  65 0.645 21.29 1447.98
  66 0.655 21.44 1502.37
  67 0.665 21.628 1495.69
  68 0.675 21.83 1506.21
  69 0.685 21.61 1465.94
  70 0.695 21.414 1426.41
  71 0.705 21.328 1391.48
  72 0.715 20.83 1384
  73 0.725 20.68 1367.2
  74 0.735 19.978 1433.26
  75 0.745 19.97 1384.89
  76 0.755 19.976 1392.13
  77 0.765 20.834 1324.15
  78 0.775 21.3 1329.57
  79 0.785 21.416 1364.38
  80 0.795 21.778 1367.55
  81 0.805 21.716 1354.41
  82 0.815 21.82 1253.57
  83 0.825 21.9 1172.42
  84 0.835 21.744 1246.55
  85 0.845 21.282 1294.21
  86 0.855 20.784 1285.03
  87 0.865 20.136 1290.8
  88 0.875 19.788 1375.08
  89 0.885 20.878 1373.67
  90 0.895 21.424 1287.29
  91 0.905 21.898 1230.39
  92 0.915 21.94 1268.7
  93 0.925 21.684 1254.59
  94 0.935 21.85 1196.25
  95 0.945 21.69 1161.88
  96 0.955 21.522 1180.75
  97 0.965 21.246 1168
  98 0.975 20.652 1248.53
  99 0.985 20.296 1281.69
  100 0.995 20.362 1250.97
290000 100 2111.9999999999995
  1 0.005 20.576 1248.95
  2 0.015 20.404 1288.03
  3 0.025 20.584 1222.6
  4 0.035 21.144 1214.92
  5 0.045 21.27 1315.63
  6 0.055 21.508 1341.38
  7 0.065 21.522 1325.5
  8 0.075 21.816 1323.48
  9 0.085 21.732 1345.41
  10 0.095 21.538 1279.19
  11 0.105 21.182 1283.68
  12 0.115 21.124 1296.8
  13 0.125 20.918 1286.55
  14 0.135 20.89 1227.11
  15 0.145 20.632 1275.56
  16 0.155 20.674 1294.69
  17 0.165 21.342 1290.59
  18 0.175 21.63 1294.12
  19 0.185 21.646 1379.62
  20 0.195 21.878 1321.97
  21 0.205 21.706 1349.78
  22 0.215 21.44 1462.87
  23 0.225 21.184 1495.79
  24 0.235 20.846 1517.77
  25 0.245 20.214 1465.14
  26 0.255 19.858 1445.01
  27 0.265 19.954 1369.91
  28 0.275 20.234 1358.48
  29 0.285 20.9 1380.97
  30 0.295 21.378 1402.92
  31 0.305 21.574 1403.37
  32 0.315 21.592 1343.88
  33 0.325 21.716 1388.74
  34 0.335 22.004 1332.83
  35 0.345 21.802 1364.99
  36 0.355 21.546 1370.22
  37 0.365 20.822 1386.64
  38 0.375 19.922 1413.45
  39 0.385 20.468 1404.81
  40 0.395 20.482 1446.86
  41 0.405 21.18 1476.58
  42 0.415 21.756 1522.44
  43 0.425 21.622 1535.23
  44 0.435 21.868 1499.67
  45 0.445 21.592 1597.1
  46 0.455 21.288 1626.53
  47 0.465 21.23 1497.25
  48 0.475 20.606 1431.44
  49 0.485 20.208 1485.16
  50 0.495 20.13 1516.51
  51 0.505 20.312 1525.4
  52 0.515 20.448 1554.65
  53 0.525 20.874 1505.01
  54 0.535 21.142 1518.02
  55 0.545 21.54 1508.03
  56 0.555 21.6 1543.46
  57 0.565 21.716 1505.9
  58 0.575 21.63 1498.22
  59 0.585 21.29 1438.65
  60 0.595 20.908 1386.81
  61 0.605 20.616 1348.53
  62 0.615 20.676 1379.56
  63 0.625 20.794 1390.65
  64 0.635 21.054 1440.47
  65 0.645 21.048 1544.2
  66 0.655 21.648 1440.08
  67 0.665 21.674 1518.7
  68 0.675 21.79 1503.2
  69 0.685 21.396 1517.41
  70 0.695 21.466 1516.42
  71 0.705 21.018 1489.31
  72 0.715 20.762 1467.15
  73 0.725 20.412 1428.12
  74 0.735 19.938 1387.14
  75 0.745 19.96 1364.8
  76 0.755 20.57 1415.47
  77 0.765 20.858 1434.13
  78 0.775 21.512 1380.24
  79 0.785 21.56 1411.92
  80 0.795 21.68 1420.07
  81 0.805 21.684 1383.15
  82 0.815 21.834 1373.4
  83 0.825 21.912 1294.08
  84 0.835 21.626 1336.11
  85 0.845 21.134 1241.52
  86 0.855 20.746 1240.73
  87 0.865 19.9 1205.9
  88 0.875 20.344 1275.54
  89 0.885 20.932 1296.56
  90 0.895 21.638 1276.61
  91 0.905 21.668 1184.97
  92 0.915 21.852 1212.67
  93 0.925 21.88 1194.1
  94 0.935 21.732 1213.58
  95 0.945 21.686 1196.73
  96 0.955 21.414 1204.81
  97 0.965 21.388 1199.76
  98 0.975 20.982 1172.64
  99 0.985 20.442 1205.91
  100 0.995 20.182 1215.23
295000 100 2111.9999999999995
  1 0.005 20.666 1188.25
  2 0.015 20.596 1196.48
  3 0.025 20.716 1230.94
  4 0.035 20.736 1238.8
  5 0.045 21.202 1178.66
  6 0.055 21.67 1163.19
  7 0.065 21.558 1179.46
  8 0.075 21.864 1208.57
  9 0.085 21.638 1258.38
  10 0.095 21.48 1259.62
  11 0.105 21.262 1317.1
  12 0.115 21.09 1315.91
  13 0.125 21.146 1267.35
  14 0.135 20.746 1351.53
  15 0.145 20.568 1423.59
  16 0.155 20.866 1371.44
  17 0.165 21.038 1465.61
  18 0.175 21.676 1381.36
  19 0.185 21.68 1350.98
  20 0.195 21.742 1405.16
  21 0.205 21.696 1374.57
  22 0.215 21.576 1342.95
  23 0.225 21.246 1405.15
  24 0.235 20.814 1473.78
  25 0.245 20.39 1456.97
  26 0.255 19.888 1476.49
  27 0.265 19.93 1439.31
  28 0.275 20.206 1417.29
  29 0.285 20.866 1447.77
  30 0.295 21.228 1430.01
  31 0.305 21.556 1431.95
  32 0.315 21.796 1420.54
  33 0.325 21.738 1484.24
  34 0.335 21.716 1399.99
  35 0.345 21.804 1387.67
  36 0.355 21.368 1432.51
  37 0.365 20.71 1442.86
  38 0.375 20.192 1506.74
  39 0.385 19.89 1507.93
  40 0.395 20.986 1447.82
  41 0.405 21.276 1434.89
  42 0.415 21.644 1497.97
  43 0.425 21.858 1452.82
  44 0.435 21.638 1448.47
  45 0.445 21.706 1499.56
  46 0.455 21.4 1573.83
  47 0.465 20.918 1530.42
  48 0.475 20.498 1511.94
  49 0.485 20.05 1567.3
  50 0.495 20.362 1564.8
  51 0.505 20.338 1576.41
  52 0.515 20.458 1575.65
  53 0.525 20.854 1508.73
  54 0.535 21.24 1534.95
  55 0.545 21.658 1499.54
  56 0.555 21.54 1466.74
  57 0.565 21.766 1402.65
  58 0.575 21.544 1406.58
  59 0.585 21.142 1462.52
  60 0.595 21.052 1351.53
  61 0.605 20.798 1419.15
  62 0.615 20.792 1380.49
  63 0.625 20.798 1442.09
  64 0.635 20.748 1479.98
  65 0.645 21.366 1486.4
  66 0.655 21.57 1445.18
  67 0.665 21.672 1414.91
  68 0.675 21.786 1394.6
  69 0.685 21.562 1391.39
  70 0.695 21.62 1341.56
  71 0.705 21.156 1421.7
  72 0.715 20.76 1430.98
  73 0.725 20.556 1403.96
  74 0.735 19.908 1371.99
  75 0.745 19.874 1390.04
  76 0.755 20.31 1320.26
  77 0.765 21.036 1319.86
  78 0.775 21.156 1449.86
  79 0.785 21.588 1363.91
  80 0.795 21.546 1389.03
  81 0.805 21.752 1319.08
  82 0.815 21.864 1322.16
  83 0.825 21.828 1353.14
  84 0.835 21.826 1336.57
  85 0.845 21.17 1327.64
  86 0.855 20.696 1366.12
  87 0.865 20.284 1335.03
  88 0.875 20.042 1420.2
  89 0.885 20.924 1352.58
  90 0.895 21.27 1312.67
  91 0.905 21.864 1336.12
  92 0.915 21.756 1256.41
  93 0.925 21.844 1270.37
  94 0.935 21.738 1270.28
  95 0.945 21.626 1238.68
  96 0.955 21.576 1214.61
  97 0.965 21.122 1160.39
  98 0.975 20.834 1164
  99 0.985 20.514 1145.2
  100 0.995 20.39 1202.62
300000 100 2112.0000000000005
  1 0.005 20.38 1165.99
  2 0.015 20.556 1165.34
  3 0.025 20.842 1187.76
  4 0.035 21.198 1235.82
  5 0.045 21.38 1187.95
  6 0.055 21.742 1226.37
  7 0.065 21.58 1288.38
  8 0.075 21.826 1238.54
  9 0.085 21.744 1234.95
  10 0.095 21.708 1194.39
  11 0.105 21.294 1199.73
  12 0.115 21.028 1214.71
  13 0.125 20.706 1221.17
  14 0.135 20.568 1277.43
  15 0.145 20.76 1318.05
  16 0.155 21.036 1348.87
  17 0.165 21.378 1383.83
  18 0.175 21.45 1511.88
  19 0.185 21.734 1467.46
  20 0.195 21.758 1483.62
  21 0.205 21.64 1517.33
  22 0.215 21.478 1489.87
  23 0.225 21.292 1440.37
  24 0.235 20.836 1355.23
  25 0.245 20.332 1370.44
  26 0.255 19.814 1417.51
  27 0.265 20.022 1345.35
  28 0.275 20.302 1353.74
  29 0.285 20.89 1396.04
  30 0.295 21.264 1401.5
  31 0.305 21.556 1428.27
  32 0.315 21.692 1346.47
  33 0.325 21.7 1447.6
  34 0.335 21.754 1493.38
  35 0.345 21.842 1486.57
  36 0.355 21.546 1397.3
  37 0.365 20.852 1432.23
  38 0.375 20.222 1396.73
  39 0.385 20.226 1416.27
  40 0.395 20.514 1455.37
  41 0.405 21.178 1494.87
  42 0.415 21.592 1507.36
  43 0.425 21.762 1477.95
  44 0.435 21.806 1488.85
  45 0.445 21.696 1529.79
  46 0.455 21.352 1583.3
  47 0.465 21.226 1537.98
  48 0.475 21.016 1472.7
  49 0.485 20.176 1497.3
  50 0.495 20.164 1481.65
  51 0.505 19.99 1483.3
  52 0.515 20.378 1477.3
  53 0.525 20.792 1616.61
  54 0.535 21.102 1613.88
  55 0.545 21.454 1547.57
  56 0.555 21.584 1488.99
  57 0.565 21.77 1466.15
  58 0.575 21.658 1501.68
  59 0.585 21.432 1499.59
  60 0.595 20.956 1504.5
  61 0.605 20.754 1467.45
  62 0.615 20.292 1372.16
  63 0.625 20.928 1335.46
  64 0.635 20.82 1390.82
  65 0.645 21.228 1493.69
  66 0.655 21.68 1502.73
  67 0.665 21.638 1536.99
  68 0.675 21.69 1483.52
  69 0.685 21.696 1363.63
  70 0.695 21.342 1420.96
  71 0.705 21.26 1447.39
  72 0.715 20.612 1451.06
  73 0.725 20.26 1426.25
  74 0.735 20.014 1473.15
  75 0.745 19.826 1417.96
  76 0.755 20.49 1382.76
  77 0.765 20.978 1328.08
  78 0.775 21.388 1242.41
  79 0.785 21.644 1337.29
  80 0.795 21.606 1341.07
  81 0.805 21.846 1300.95
  82 0.815 21.782 1293.96
  83 0.825 21.918 1283.61
  84 0.835 21.666 1252.57
  85 0.845 21.422 1309.71
  86 0.855 20.704 1301.76
  87 0.865 20.032 1347.28
  88 0.875 20.164 1271.96
  89 0.885 20.78 1237.07
  90 0.895 21.702 1294.29
  91 0.905 21.59 1380.41
  92 0.915 21.78 1379.6
  93 0.925 21.71 1357.37
  94 0.935 21.726 1348.69
  95 0.945 21.64 1286.5
  96 0.955 21.374 1226.23
  97 0.965 21.192 1235.12
  98 0.975 20.722 1169.62
  99 0.985 20.384 1204.92
  100 0.995 20.194 1213.7
305000 100 2111.9999999999995
  1 0.005 20.56 1276.59
  2 0.015 20.552 1258.47
  3 0.025 20.888 1217.28
  4 0.035 20.99 1265.93
  5 0.045 21.362 1286.01
  6 0.055 21.652 1321.78
  7 0.065 21.674 1320.61
  8 0.075 21.85 1291.69
  9 0.085 21.796 1248.94
  10 0.095 21.408 1259.22
  11 0.105 21.082 1284.25
  12 0.115 20.914 1255.48
  13 0.125 20.478 1300.42
  14 0.135 20.902 1243.97
  15 0.145 20.812 1251.13
  16 0.155 21.15 1336.26
  17 0.165 21.55 1405.06
  18 0.175 21.59 1372.78
  19 0.185 21.79 1398.98
  20 0.195 21.694 1406.15
  21 0.205 21.686 1397.2
  22 0.215 21.45 1463.79
  23 0.225 21.026 1404.06
  24 0.235 20.796 1397.6
  25 0.245 20.29 1324.83
  26 0.255 20.018 1288.64
  27 0.265 19.974 1255.14
  28 0.275 20.338 1309.31
  29 0.285 21.06 1346.84
  30 0.295 21.284 1369.18
  31 0.305 21.572 1398.07
  32 0.315 21.718 1417.48
  33 0.325 21.67 1533.52
  34 0.335 21.884 1478.04
  35 0.345 21.744 1446.07
  36 0.355 21.548 1393.63
  37 0.365 21.244 1436.45
  38 0.375 20.158 1468.67
  39 0.385 20.212 1505.31
  40 0.395 20.39 1545.62
  41 0.405 21.01 1519.36
  42 0.415 21.498 1594.5
  43 0.425 21.826 1545.67
  44 0.435 21.724 1572.41
  45 0.445 21.672 1512.72
  46 0.455 21.41 1496.75
  47 0.465 21.25 1460.69
  48 0.475 20.816 1407.59
  49 0.485 20.586 1462.63
  50 0.495 20.314 1527.17
  51 0.505 20.44 1490.32
  52 0.515 20.278 1553.54
  53 0.525 20.642 1529.51
  54 0.535 20.882 1621.13
  55 0.545 21.28 1576.25
  56 0.555 21.52 1612.74
  57 0.565 21.682 1585.19
  58 0.575 21.488 1578.83
  59 0.585 21.356 1534.77
  60 0.595 21.066 1513.91
  61 0.605 20.754 1454.07
  62 0.615 20.764 1331.39
  63 0.625 20.79 1409.38
  64 0.635 21.01 1378.18
  65 0.645 21.054 1470.32
  66 0.655 21.532 1481.57
  67 0.665 21.616 1479.79
  68 0.675 21.764 1439.33
  69 0.685 21.662 1392.86
  70 0.695 21.634 1417.11
  71 0.705 21.122 1433.91
  72 0.715 20.842 1462.46
  73 0.725 20.192 1457.75
  74 0.735 19.782 1450.46
  75 0.745 19.808 1460.45
  76 0.755 20.276 1413.44
  77 0.765 21.046 1293.29
  78 0.775 21.378 1245.53
  79 0.785 21.586 1260.79
  80 0.795 21.66 1255.17
  81 0.805 21.846 1259.5
  82 0.815 21.9 1281.94
  83 0.825 21.768 1322
  84 0.835 21.846 1286.02
  85 0.845 21.106 1282.67
  86 0.855 20.478 1286.22
  87 0.865 20.046 1290.02
  88 0.875 20.336 1287.4
  89 0.885 20.988 1315.02
  90 0.895 21.414 1264
  91 0.905 21.814 1184.93
  92 0.915 21.75 1245.1
  93 0.925 21.846 1247.95
  94 0.935 21.692 1232.73
  95 0.945 21.52 1184.68
  96 0.955 21.47 1198.3
  97 0.965 20.994 1241.81
  98 0.975 20.758 1290.88
  99 0.985 20.374 1355.65
  100 0.995 20.286 1339.07
310000 100 2112
  1 0.005 20.54 1224.1
  2 0.015 20.522 1244.72
  3 0.025 20.682 1163.9
  4 0.035 21.208 1235.1
  5 0.045 21.382 1287.69
  6 0.055 21.68 1263.47
  7 0.065 21.692 1266.95
  8 0.075 21.806 1255.91
  9 0.085 21.74 1220.41
  10 0.095 21.56 1310.68
  11 0.105 21.172 1269.23
  12 0.115 20.97 1213.48
  13 0.125 20.612 1218.45
  14 0.135 20.646 1312.8
  15 0.145 20.872 1335.16
  16 0.155 20.978 1366.41
  17 0.165 21.42 1419.69
  18 0.175 21.696 1401.75
  19 0.185 21.852 1376.9
  20 0.195 21.732 1411.44
  21 0.205 21.602 1307.85
  22 0.215 21.578 1276.38
  23 0.225 21.392 1288.93
  24 0.235 20.904 1352.13
  25 0.245 20.41 1401.84
  26 0.255 19.936 1365.47
  27 0.265 19.704 1395.25
  28 0.275 20.21 1417.19
  29 0.285 20.95 1526.48
  30 0.295 21.186 1555.66
  31 0.305 21.59 1462.92
  32 0.315 21.544 1428.44
  33 0.325 21.816 1434.34
  34 0.335 21.824 1448.72
  35 0.345 21.824 1411.28
  36 0.355 21.3 1493.47
  37 0.365 21.176 1384.05
  38 0.375 20.31 1449.47
  39 0.385 20.146 1473.03
  40 0.395 20.508 1451.88
  41 0.405 21.35 1457.74
  42 0.415 21.288 1463.85
  43 0.425 21.766 1474.7
  44 0.435 21.75 1500
  45 0.445 21.578 1563.75
  46 0.455 21.586 1570.37
  47 0.465 21.17 1535.91
  48 0.475 20.954 1543.56
  49 0.485 20.42 1529
  50 0.495 20.314 1523.58
  51 0.505 20.088 1548.61
  52 0.515 20.34 1613.17
  53 0.525 20.524 1547.12
  54 0.535 21.138 1567.07
  55 0.545 21.35 1449.66
  56 0.555 21.658 1457.3
  57 0.565 21.634 1541.72
  58 0.575 21.734 1539.33
  59 0.585 21.364 1597.27
  60 0.595 21.144 1514.18
  61 0.605 20.65 1566.42
  62 0.615 20.606 1466.94
  63 0.625 20.928 1361.4
  64 0.635 20.59 1429.48
  65 0.645 21.202 1410.58
  66 0.655 21.43 1453.32
  67 0.665 21.81 1477.99
  68 0.675 21.71 1507.37
  69 0.685 21.602 1488.28
  70 0.695 21.528 1436.03
  71 0.705 21.252 1459.7
  72 0.715 20.85 1439.11
  73 0.725 20.134 1387.09
  74 0.735 19.978 1405.21
  75 0.745 19.838 1455.77
  76 0.755 20.188 1461.18
  77 0.765 21.084 1415.87
  78 0.775 21.24 1426.17
  79 0.785 21.632 1337.8
  80 0.795 21.666 1329.29
  81 0.805 21.698 1284.57
  82 0.815 21.932 1263.05
  83 0.825 21.802 1296.91
  84 0.835 21.7 1254.44
  85 0.845 20.792 1287.59
  86 0.855 20.406 1319.91
  87 0.865 20.336 1298.62
  88 0.875 20.538 1277.9
  89 0.885 21.062 1268.51
  90 0.895 21.462 1262.42
  91 0.905 21.82 1247.34
  92 0.915 21.706 1278.09
  93 0.925 21.796 1182.57
  94 0.935 21.658 1157.91
  95 0.945 21.616 1130.44
  96 0.955 21.356 1181.64
  97 0.965 20.982 1216.74
  98 0.975 20.846 1225.17
  99 0.985 20.31 1261.32
  100 0.995 20.442 1253.48
315000 100 2112.0000000000005
  1 0.005 20.35 1139.55
  2 0.015 20.742 1167.69
  3 0.025 20.774 1225.61
  4 0.035 20.942 1292.56
  5 0.045 21.338 1300.48
  6 0.055 21.768 1321.14
  7 0.065 21.694 1237.44
  8 0.075 21.716 1202.51
  9 0.085 21.766 1236.24
  10 0.095 21.52 1272.74
  11 0.105 21.346 1243.37
  12 0.115 20.738 1220.33
  13 0.125 20.762 1213.75
  14 0.135 20.624 1218.89
  15 0.145 20.768 1233.71
  16 0.155 21.102 1248.2
  17 0.165 21.328 1267.44
  18 0.175 21.804 1334.44
  19 0.185 21.78 1309.67
  20 0.195 21.788 1374.4
  21 0.205 21.728 1363.3
  22 0.215 21.486 1309.8
  23 0.225 21.298 1368.82
  24 0.235 20.974 1401.67
  25 0.245 20.626 1411.69
  26 0.255 20.122 1372.65
  27 0.265 19.744 1404.91
  28 0.275 20.138 1394.76
  29 0.285 20.71 1434.55
  30 0.295 21.178 1368.67
  31 0.305 21.508 1391.14
  32 0.315 21.68 1433.15
  33 0.325 21.66 1515.62
  34 0.335 21.776 1477.73
  35 0.345 21.688 1537.79
  36 0.355 21.628 1546.7
  37 0.365 21.018 1483.86
  38 0.375 20.51 1423.22
  39 0.385 20.082 1494.33
  40 0.395 20.4 1486.1
  41 0.405 21.018 1481.01
  42 0.415 21.624 1522.47
  43 0.425 21.698 1564.17
  44 0.435 21.78 1526.73
  45 0.445 21.7 1440
  46 0.455 21.398 1474.77
  47 0.465 21.288 1503.75
  48 0.475 20.76 1612.79
  49 0.485 20.422 1533.51
  50 0.495 20.054 1517.16
  51 0.505 20.166 1564.37
  52 0.515 20.276 1618.22
  53 0.525 20.622 1591.81
  54 0.535 21.17 1538.52
  55 0.545 21.512 1538.1
  56 0.555 21.624 1506.23
  57 0.565 21.638 1501.68
  58 0.575 21.734 1501.66
  59 0.585 21.48 1521.78
  60 0.595 21.188 1466.7
  61 0.605 20.714 1433.6
  62 0.615 20.454 1421.37
  63 0.625 20.41 1545.68
  64 0.635 20.922 1592.01
  65 0.645 21.104 1609.88
  66 0.655 21.77 1560.46
  67 0.665 21.708 1517.77
  68 0.675 21.87 1429.45
  69 0.685 21.534 1395.63
  70 0.695 21.594 1376.57
  71 0.705 21.246 1389.93
  72 0.715 20.822 1406.08
  73 0.725 20.206 1488.26
  74 0.735 19.868 1415.99
  75 0.745 19.756 1406.16
  76 0.755 20.438 1403.56
  77 0.765 20.92 1390.1
  78 0.775 21.374 1443.04
  79 0.785 21.588 1397.99
  80 0.795 21.672 1374.21
  81 0.805 21.606 1377.6
  82 0.815 21.956 1377.8
  83 0.825 21.832 1343.31
  84 0.835 21.536 1311.09
  85 0.845 21.23 1272.6
  86 0.855 20.488 1265.45
  87 0.865 20.302 1252.96
  88 0.875 20.228 1300.94
  89 0.885 20.876 1312.56
  90 0.895 21.586 1286.58
  91 0.905 21.754 1246.75
  92 0.915 21.754 1210.79
  93 0.925 21.836 1224.7
  94 0.935 21.598 1266.48
  95 0.945 21.6 1276.95
  96 0.955 21.486 1192.66
  97 0.965 21.096 1202.99
  98 0.975 20.818 1176.43
  99 0.985 20.48 1153.03
  100 0.995 20.212 1161.66
320000 100 2112.0000000000005
  1 0.005 20.154 1142.05
  2 0.015 20.49 1171.5
  3 0.025 20.714 1136.22
  4 0.035 21.136 1158.12
  5 0.045 21.438 1185.73
  6 0.055 21.608 1272.55
  7 0.065 21.782 1193.37
  8 0.075 21.612 1150.3
  9 0.085 21.8 1219.52
  10 0.095 21.67 1264.36
  11 0.105 21.692 1227.03
  12 0.115 21.144 1182.69
  13 0.125 20.81 1192.63
  14 0.135 20.586 1201.7
  15 0.145 20.466 1185.61
  16 0.155 20.698 1265.21
  17 0.165 21.344 1309.81
  18 0.175 21.684 1320.76
  19 0.185 21.748 1376.61
  20 0.195 21.818 1456.83
  21 0.205 21.55 1400.69
  22 0.215 21.54 1491.5
  23 0.225 21.324 1469.31
  24 0.235 21.05 1368.44
  25 0.245 20.356 1396.19
  26 0.255 19.976 1319.97
  27 0.265 19.808 1353.08
  28 0.275 20.23 1301.4
  29 0.285 20.826 1331.74
  30 0.295 21.176 1437.08
  31 0.305 21.524 1328.5
  32 0.315 21.594 1467.17
  33 0.325 21.658 1516.31
  34 0.335 21.896 1463.9
  35 0.345 21.73 1503.65
  36 0.355 21.344 1484.04
  37 0.365 20.926 1542.99
  38 0.375 20.318 1532.7
  39 0.385 20.304 1516.52
  40 0.395 20.454 1456.76
  41 0.405 21.286 1468.24
  42 0.415 21.488 1480.5
  43 0.425 21.794 1447.28
  44 0.435 21.784 1425.3
  45 0.445 21.79 1444.61
  46 0.455 21.354 1527.72
  47 0.465 21.334 1543.35
  48 0.475 20.838 1606.64
  49 0.485 20.456 1624.3
  50 0.495 19.998 1638.69
  51 0.505 19.77 1754.79
  52 0.515 20.116 1657.72
  53 0.525 20.872 1565.5
  54 0.535 21.15 1640.23
  55 0.545 21.506 1602.37
  56 0.555 21.696 1529.31
  57 0.565 21.648 1493.16
  58 0.575 21.804 1472.09
  59 0.585 21.414 1479.65
  60 0.595 21.094 1491.28
  61 0.605 20.578 1459.06
  62 0.615 20.57 1473.13
  63 0.625 20.46 1535.31
  64 0.635 20.696 1483.94
  65 0.645 21.368 1485.27
  66 0.655 21.804 1420.8
  67 0.665 21.758 1402.86
  68 0.675 21.764 1373.45
  69 0.685 21.6 1418.18
  70 0.695 21.294 1507.99
  71 0.705 21.336 1474.54
  72 0.715 20.534 1593.49
  73 0.725 20.152 1575.14
  74 0.735 19.838 1510.58
  75 0.745 19.978 1458.8
  76 0.755 20.644 1419.4
  77 0.765 20.896 1476.86
  78 0.775 21.45 1444.37
  79 0.785 21.716 1301.29
  80 0.795 21.59 1315.02
  81 0.805 21.804 1280.24
  82 0.815 21.824 1278.21
  83 0.825 21.696 1254.72
  84 0.835 21.606 1248.89
  85 0.845 21.356 1269.02
  86 0.855 20.096 1308.53
  87 0.865 20.38 1317.06
  88 0.875 20.294 1293.74
  89 0.885 21.16 1346.56
  90 0.895 21.506 1360.47
  91 0.905 21.724 1306.54
  92 0.915 21.828 1290.72
  93 0.925 21.808 1240.24
  94 0.935 21.676 1322.62
  95 0.945 21.49 1278.6
  96 0.955 21.298 1226.32
  97 0.965 21.196 1179.57
  98 0.975 20.924 1151.18
  99 0.985 20.84 1125.67
  100 0.995 20.298 1127.57
325000 100 2111.9999999999995
  1 0.005 20.428 1169.72
  2 0.015 20.388 1189.81
  3 0.025 20.71 1217.13
  4 0.035 21.238 1244.36
  5 0.045 21.45 1186.4
  6 0.055 21.652 1227.2
  7 0.065 21.67 1268.64
  8 0.075 21.78 1241.87
  9 0.085 21.814 1237.63
  10 0.095 21.572 1251.75
  11 0.105 21.466 1237.14
  12 0.115 20.868 1271.72
  13 0.125 20.766 1240.03
  14 0.135 20.736 1171.45
  15 0.145 20.66 1080.64
  16 0.155 20.924 1173.88
  17 0.165 21.408 1142.04
  18 0.175 21.654 1212.9
  19 0.185 21.782 1319.03
  20 0.195 21.67 1382.08
  21 0.205 21.798 1392.74
  22 0.215 21.666 1339.08
  23 0.225 21.376 1416.99
  24 0.235 21.25 1391.48
  25 0.245 20.624 1430.2
  26 0.255 19.99 1510.39
  27 0.265 19.672 1512.2
  28 0.275 19.75 1494.16
  29 0.285 20.698 1399.25
  30 0.295 21.176 1323.22
  31 0.305 21.542 1308.08
  32 0.315 21.556 1403.13
  33 0.325 21.752 1376.4
  34 0.335 21.82 1412.14
  35 0.345 21.702 1424.95
  36 0.355 21.504 1423.65
  37 0.365 20.982 1447.37
  38 0.375 20.498 1411.66
  39 0.385 20.462 1451.45
  40 0.395 20.662 1456.4
  41 0.405 20.928 1501.97
  42 0.415 21.222 1531.93
  43 0.425 21.58 1565.71
  44 0.435 21.612 1597.65
  45 0.445 21.604 1589.39
  46 0.455 21.45 1551.95
  47 0.465 20.998 1579.86
  48 0.475 20.48 1670.34
  49 0.485 20.328 1746.14
  50 0.495 20.444 1631.67
  51 0.505 20.188 1766.37
  52 0.515 20.382 1641.63
  53 0.525 20.772 1578.16
  54 0.535 21.168 1514.63
  55 0.545 21.546 1449.3
  56 0.555 21.68 1440.21
  57 0.565 21.81 1424.26
  58 0.575 21.612 1536.48
  59 0.585 21.41 1593.27
  60 0.595 20.888 1487.84
  61 0.605 20.808 1463.68
  62 0.615 20.402 1414.94
  63 0.625 20.634 1500.77
  64 0.635 20.792 1521.21
  65 0.645 21.464 1494.89
  66 0.655 21.666 1443.32
  67 0.665 21.812 1433.34
  68 0.675 21.674 1445.52
  69 0.685 21.736 1468.71
  70 0.695 21.436 1521.98
  71 0.705 21.232 1487.65
  72 0.715 20.74 1440.88
  73 0.725 20.418 1433.2
  74 0.735 19.84 1460.29
  75 0.745 19.68 1536.51
  76 0.755 20.226 1537.22
  77 0.765 21.158 1451.8
  78 0.775 21.338 1400.39
  79 0.785 21.56 1404.97
  80 0.795 21.76 1390.45
  81 0.805 21.764 1341.85
  82 0.815 21.772 1353.42
  83 0.825 21.762 1378.49
  84 0.835 21.444 1352.26
  85 0.845 20.994 1315.94
  86 0.855 20.502 1318.05
  87 0.865 20.234 1314.74
  88 0.875 20.702 1328.16
  89 0.885 20.81 1350.5
  90 0.895 21.588 1354.25
  91 0.905 21.88 1322.77
  92 0.915 21.66 1317.27
  93 0.925 21.81 1249.99
  94 0.935 21.616 1184.14
  95 0.945 21.722 1153.52
  96 0.955 21.158 1128.4
  97 0.965 21.082 1124.16
  98 0.975 20.836 1133.62
  99 0.985 20.882 1109.11
  100 0.995 20.188 1157.96
330000 100 2112.0000000000005
  1 0.005 20.278 1130.48
  2 0.015 20.296 1120.72
  3 0.025 21.016 1124.41
  4 0.035 21.186 1199.83
  5 0.045 21.354 1186.61
  6 0.055 21.642 1149.61
  7 0.065 21.824 1125.68
  8 0.075 21.666 1226.33
  9 0.085 21.834 1189.84
  10 0.095 21.836 1144.9
  11 0.105 21.542 1237.34
  12 0.115 20.554 1346.38
  13 0.125 20.464 1328.48
  14 0.135 20.692 1324.23
  15 0.145 20.486 1367.3
  16 0.155 21.086 1305.96
  17 0.165 21.526 1291.07
  18 0.175 21.804 1357.88
  19 0.185 21.688 1306.85
  20 0.195 21.868 1321.61
  21 0.205 21.698 1305.34
  22 0.215 21.476 1293.39
  23 0.225 21.502 1233.04
  24 0.235 21.072 1253.66
  25 0.245 20.554 1400.64
  26 0.255 19.98 1396.16
  27 0.265 19.638 1375.21
  28 0.275 20.076 1431.71
  29 0.285 20.848 1346.21
  30 0.295 21.146 1357.43
  31 0.305 21.562 1360.91
  32 0.315 21.514 1399.07
  33 0.325 21.864 1428.84
  34 0.335 21.714 1397.1
  35 0.345 21.952 1387.84
  36 0.355 21.516 1452.35
  37 0.365 21.2 1475.77
  38 0.375 20.522 1502.71
  39 0.385 20.272 1492.45
  40 0.395 20.214 1497.24
  41 0.405 21.114 1454.61
  42 0.415 21.244 1511.1
  43 0.425 21.64 1586.95
  44 0.435 21.656 1617.77
  45 0.445 21.684 1669.01
  46 0.455 21.46 1600.56
  47 0.465 21.11 1630.3
  48 0.475 20.702 1627.08
  49 0.485 20.564 1592.45
  50 0.495 20.172 1618.41
  51 0.505 20.044 1602.2
  52 0.515 20.128 1573.9
  53 0.525 20.682 1514.37
  54 0.535 21.39 1558.05
  55 0.545 21.244 1507.8
  56 0.555 21.76 1417.19
  57 0.565 21.798 1526.46
  58 0.575 21.712 1477.06
  59 0.585 21.54 1377.76
  60 0.595 21.16 1358.6
  61 0.605 20.55 1471.51
  62 0.615 20.134 1493.56
  63 0.625 20.768 1523.96
  64 0.635 20.834 1609.62
  65 0.645 21.296 1576.3
  66 0.655 21.636 1541.01
  67 0.665 21.744 1581.23
  68 0.675 21.808 1507.98
  69 0.685 21.58 1532.65
  70 0.695 21.358 1516.81
  71 0.705 21.202 1470.04
  72 0.715 20.654 1458.42
  73 0.725 19.886 1517.33
  74 0.735 20.068 1411.39
  75 0.745 19.994 1426.18
  76 0.755 20.612 1432.22
  77 0.765 20.952 1432.63
  78 0.775 21.46 1392.65
  79 0.785 21.494 1432.19
  80 0.795 21.784 1387.04
  81 0.805 21.69 1351.43
  82 0.815 21.938 1305.14
  83 0.825 21.754 1300.15
  84 0.835 21.452 1313.35
  85 0.845 21.03 1271.81
  86 0.855 20.664 1274.37
  87 0.865 20.328 1341.66
  88 0.875 20.386 1354.56
  89 0.885 21.094 1362.94
  90 0.895 21.436 1402.09
  91 0.905 21.638 1348.56
  92 0.915 21.788 1343.79
  93 0.925 21.722 1288.64
  94 0.935 21.794 1254.82
  95 0.945 21.43 1210.05
  96 0.955 21.308 1240.23
  97 0.965 20.92 1261.91
  98 0.975 20.822 1232.63
  99 0.985 20.728 1131.83
  100 0.995 20.498 1115.41
335000 100 2112
  1 0.005 20.534 1091.47
  2 0.015 20.434 1078.09
  3 0.025 20.914 1134.27
  4 0.035 21.388 1117.27
  5 0.045 21.454 1165.67
  6 0.055 21.78 1148.05
  7 0.065 21.712 1158.53
  8 0.075 21.77 1208.18
  9 0.085 21.63 1218.02
  10 0.095 21.742 1204.44
  11 0.105 21.372 1247.26
  12 0.115 20.642 1267.51
  13 0.125 20.6 1242.56
  14 0.135 20.58 1227.17
  15 0.145 20.744 1308.9
  16 0.155 21.222 1355.99
  17 0.165 21.576 1389.21
  18 0.175 21.642 1353.43
  19 0.185 21.792 1377.21
  20 0.195 21.62 1373.74
  21 0.205 21.598 1329.5
  22 0.215 21.564 1274.26
  23 0.225 21.25 1297.43
  24 0.235 20.896 1251.29
  25 0.245 20.424 1295.07
  26 0.255 19.896 1346.86
  27 0.265 20.042 1286.98
  28 0.275 20.362 1349.57
  29 0.285 20.744 1413.26
  30 0.295 21.194 1447.9
  31 0.305 21.644 1416.44
  32 0.315 21.65 1442.09
  33 0.325 21.572 1456.18
  34 0.335 21.864 1415.24
  35 0.345 21.8 1508.42
  36 0.355 21.626 1440.91
  37 0.365 21.26 1380.91
  38 0.375 20.536 1410.57
  39 0.385 20.04 1425.01
  40 0.395 20.428 1443.66
  41 0.405 21.05 1474.09
  42 0.415 21.292 1481.7
  43 0.425 21.726 1571.86
  44 0.435 21.764 1589.02
  45 0.445 21.668 1586.67
  46 0.455 21.514 1593.81
  47 0.465 21.24 1589.17
  48 0.475 20.91 1682.66
  49 0.485 20.656 1601.91
  50 0.495 20.238 1637.53
  51 0.505 20.046 1619.61
  52 0.515 20.202 1539.03
  53 0.525 20.44 1563.8
  54 0.535 21.242 1503.07
  55 0.545 21.254 1542.67
  56 0.555 21.62 1510.9
  57 0.565 21.652 1539.87
  58 0.575 21.608 1522.43
  59 0.585 21.542 1465.88
  60 0.595 21.152 1495.74
  61 0.605 20.93 1495.39
  62 0.615 20.444 1469.56
  63 0.625 20.334 1464.21
  64 0.635 21.104 1485.24
  65 0.645 21.034 1534.64
  66 0.655 21.59 1503.83
  67 0.665 21.748 1495.92
  68 0.675 21.654 1485.43
  69 0.685 21.682 1549.39
  70 0.695 21.32 1518.79
  71 0.705 21.196 1504.4
  72 0.715 20.658 1412.81
  73 0.725 20.16 1425.76
  74 0.735 19.886 1453.77
  75 0.745 20.066 1490.51
  76 0.755 20.406 1479.95
  77 0.765 21.024 1373.68
  78 0.775 21.372 1397.78
  79 0.785 21.47 1386.4
  80 0.795 21.74 1368.9
  81 0.805 21.82 1325.94
  82 0.815 21.844 1330.23
  83 0.825 21.796 1307.69
  84 0.835 21.58 1344.09
  85 0.845 21.138 1330.95
  86 0.855 20.262 1334.68
  87 0.865 20.13 1373.47
  88 0.875 20.332 1316.76
  89 0.885 21.258 1314.51
  90 0.895 21.526 1326.11
  91 0.905 21.876 1263.3
  92 0.915 21.762 1340.54
  93 0.925 21.69 1325.68
  94 0.935 21.676 1262.23
  95 0.945 21.536 1238.4
  96 0.955 21.296 1332.33
  97 0.965 20.74 1346.26
  98 0.975 20.672 1273.76
  99 0.985 20.54 1235.33
  100 0.995 20.354 1187.39
340000 100 2112
  1 0.005 20.39 1259.2
  2 0.015 20.676 1179.83
  3 0.025 20.722 1117.96
  4 0.035 21.326 1156.2
  5 0.045 21.584 1199.04
  6 0.055 21.642 1229.42
  7 0.065 21.736 1112.19
  8 0.075 21.838 1073.93
  9 0.085 21.658 1203.75
  10 0.095 21.59 1207.87
  11 0.105 21.362 1244.72
  12 0.115 20.844 1210.59
  13 0.125 20.652 1243.14
  14 0.135 20.732 1249.48
  15 0.145 20.692 1297.07
  16 0.155 21.268 1323.72
  17 0.165 21.434 1316.16
  18 0.175 21.47 1389.36
  19 0.185 21.886 1314.66
  20 0.195 21.73 1320.33
  21 0.205 21.718 1370.49
  22 0.215 21.578 1349.81
  23 0.225 21.342 1300.77
  24 0.235 21.198 1318.46
  25 0.245 20.672 1321.27
  26 0.255 19.932 1336.38
  27 0.265 19.982 1370
  28 0.275 19.948 1442.28
  29 0.285 20.49 1422.6
  30 0.295 21.282 1407.24
  31 0.305 21.432 1444.56
  32 0.315 21.51 1415.75
  33 0.325 21.808 1424.35
  34 0.335 21.73 1473.31
  35 0.345 21.736 1478.31
  36 0.355 21.492 1543.78
  37 0.365 21.108 1495.35
  38 0.375 20.596 1493.2
  39 0.385 20.29 1542.62
  40 0.395 20.39 1552.88
  41 0.405 20.836 1528.03
  42 0.415 21.536 1511.98
  43 0.425 21.718 1560.79
  44 0.435 21.696 1576.74
  45 0.445 21.64 1596.15
  46 0.455 21.404 1559.03
  47 0.465 21.24 1536.36
  48 0.475 20.81 1585.55
  49 0.485 20.626 1536.49
  50 0.495 20.338 1583.58
  51 0.505 20.04 1592.26
  52 0.515 19.964 1531.72
  53 0.525 20.702 1537.11
  54 0.535 21.148 1515.61
  55 0.545 21.422 1458.36
  56 0.555 21.672 1509.16
  57 0.565 21.83 1514.37
  58 0.575 21.604 1541.52
  59 0.585 21.408 1527.7
  60 0.595 21.078 1604.18
  61 0.605 20.694 1568.18
  62 0.615 20.718 1544.59
  63 0.625 20.58 1546.82
  64 0.635 20.802 1511.42
  65 0.645 21.242 1455.15
  66 0.655 21.586 1457
  67 0.665 21.694 1454.55
  68 0.675 21.618 1491.1
  69 0.685 21.588 1538.31
  70 0.695 21.43 1552.37
  71 0.705 21.206 1465.69
  72 0.715 20.758 1447.25
  73 0.725 20.156 1332.31
  74 0.735 20.182 1332.27
  75 0.745 19.974 1353.25
  76 0.755 20.424 1378.72
  77 0.765 20.774 1424.37
  78 0.775 21.344 1394.92
  79 0.785 21.594 1355.45
  80 0.795 21.536 1374.7
  81 0.805 21.898 1356.17
  82 0.815 21.78 1372.32
  83 0.825 21.794 1309.89
  84 0.835 21.628 1278.7
  85 0.845 20.572 1310.44
  86 0.855 20.488 1278.75
  87 0.865 20.246 1309.88
  88 0.875 20.706 1306.13
  89 0.885 21.046 1328.67
  90 0.895 21.55 1269.59
  91 0.905 21.88 1291.11
  92 0.915 21.626 1337.44
  93 0.925 21.674 1403.76
  94 0.935 21.764 1293.02
  95 0.945 21.362 1289.25
  96 0.955 21.112 1245.29
  97 0.965 20.824 1189.89
  98 0.975 20.72 1244.43
  99 0.985 20.514 1215.53
  100 0.995 20.738 1245.01
