# Chunk-averaged data for fix 3 and group all
# Timestep Number-of-chunks Total-count
# Chunk Coord1 Ncount v_temp
45000 100 2112
  1 0.005 17.702 185.786
  2 0.015 21.474 184.463
  3 0.025 21.938 207.847
  4 0.035 21.616 205.882
  5 0.045 21.028 219.258
  6 0.055 21.53 217.12
  7 0.065 21.884 218.843
  8 0.075 21.988 234.623
  9 0.085 22 245.179
  10 0.095 22 264.901
  11 0.105 21.96 258.509
  12 0.115 21.432 270.084
  13 0.125 18.868 270.754
  14 0.135 18.46 282.116
  15 0.145 21.404 262.833
  16 0.155 21.876 286.426
  17 0.165 22 287.49
  18 0.175 21.996 292.439
  19 0.185 21.996 258.85
  20 0.195 21.838 271.224
  21 0.205 21.464 271.378
  22 0.215 21.214 294.715
  23 0.225 21.524 299.802
  24 0.235 21.826 327.39
  25 0.245 20.068 319.95
  26 0.255 17.216 314.421
  27 0.265 19.24 308.625
  28 0.275 21.608 309.6
  29 0.285 21.764 303.098
  30 0.295 21.224 311.611
  31 0.305 21.344 308.95
  32 0.315 21.732 306.596
  33 0.325 21.952 305.021
  34 0.335 21.994 305.152
  35 0.345 22 313.752
  36 0.355 21.95 308.388
  37 0.365 21.572 329.795
  38 0.375 18.89 336.297
  39 0.385 18.544 359.777
  40 0.395 21.138 347.41
  41 0.405 21.914 383.196
  42 0.415 21.992 408.132
  43 0.425 21.99 395.679
  44 0.435 21.944 391.642
  45 0.445 21.632 394.587
  46 0.455 21.294 403.827
  47 0.465 21.374 394.77
  48 0.475 21.698 416.16
  49 0.485 20.876 416.006
  50 0.495 18.228 420.472
  51 0.505 18.16 435.519
  52 0.515 20.884 443.868
  53 0.525 21.692 421.764
  54 0.535 21.298 415.481
  55 0.545 21.376 401.036
  56 0.555 21.672 418.836
  57 0.565 21.886 394.576
  58 0.575 21.996 371.961
  59 0.585 22 363.887
  60 0.595 21.998 365.443
  61 0.605 21.158 374.915
  62 0.615 18.512 356.864
  63 0.625 19.006 349.028
  64 0.635 21.422 331.423
  65 0.645 21.904 341.736
  66 0.655 22 325.923
  67 0.665 21.994 317.1
  68 0.675 21.94 335.827
  69 0.685 21.66 310.815
  70 0.695 21.37 317.407
  71 0.705 21.256 309.163
  72 0.715 21.818 290.605
  73 0.725 21.584 293.863
  74 0.735 19.192 294.213
  75 0.745 17.202 284.675
  76 0.755 20.178 297.747
  77 0.765 21.75 289.027
  78 0.775 21.66 282.815
  79 0.785 21.232 286.499
  80 0.795 21.334 276.696
  81 0.805 21.842 277.406
  82 0.815 21.988 272.599
  83 0.825 22 282.472
  84 0.835 21.972 298.711
  85 0.845 22.012 282.791
  86 0.855 21.278 289.719
  87 0.865 18.51 292.756
  88 0.875 18.91 279.563
  89 0.885 21.364 257.516
  90 0.895 21.962 232.152
  91 0.905 21.992 229.753
  92 0.915 22 246.169
  93 0.925 21.972 251.129
  94 0.935 21.866 246.708
  95 0.945 21.426 252.301
  96 0.955 21.224 237.311
  97 0.965 21.562 230.773
  98 0.975 21.888 226.057
  99 0.985 21.06 204.511
  100 0.995 17.842 202.312
50000 100 2111.9999999999995
  1 0.005 17.682 178.707
  2 0.015 21.54 182.954
  3 0.025 21.96 190.646
  4 0.035 21.578 208.074
  5 0.045 21.114 218.692
  6 0.055 21.42 233.233
  7 0.065 21.932 225.872
  8 0.075 21.992 221.097
  9 0.085 22 222.695
  10 0.095 22 240.061
  11 0.105 21.932 256.872
  12 0.115 21.158 268.794
  13 0.125 18.504 278.817
  14 0.135 18.888 261.646
  15 0.145 21.572 264.366
  16 0.155 21.946 265.147
  17 0.165 22 261.809
  18 0.175 22 263.37
  19 0.185 21.976 272.076
  20 0.195 21.804 288.047
  21 0.205 21.292 293.832
  22 0.215 21.302 292.187
  23 0.225 21.652 298.093
  24 0.235 21.746 303.037
  25 0.245 19.792 305.809
  26 0.255 17.164 296.832
  27 0.265 19.624 318.834
  28 0.275 21.628 312.778
  29 0.285 21.71 304.014
  30 0.295 21.262 303.646
  31 0.305 21.464 326.213
  32 0.315 21.616 344.574
  33 0.325 21.974 342.205
  34 0.335 21.994 344.371
  35 0.345 22 347.41
  36 0.355 21.948 354.581
  37 0.365 21.262 334.762
  38 0.375 18.768 336.223
  39 0.385 18.914 355.151
  40 0.395 21.134 339.905
  41 0.405 21.974 353.126
  42 0.415 22 347.243
  43 0.425 21.988 349.36
  44 0.435 21.952 381.308
  45 0.445 21.672 385.822
  46 0.455 21.226 397.587
  47 0.465 21.434 404.312
  48 0.475 21.67 415.132
  49 0.485 21.044 442.796
  50 0.495 18.254 442.07
  51 0.505 18.112 424.715
  52 0.515 20.74 438.441
  53 0.525 21.7 430.37
  54 0.535 21.362 416.325
  55 0.545 21.31 413.255
  56 0.555 21.576 421.574
  57 0.565 21.964 391.758
  58 0.575 21.996 365.15
  59 0.585 22 369.375
  60 0.595 21.972 362.466
  61 0.605 21.114 346.712
  62 0.615 18.734 340.364
  63 0.625 18.87 330.909
  64 0.635 21.332 322.603
  65 0.645 21.978 335.214
  66 0.655 22 316.979
  67 0.665 22 340.393
  68 0.675 21.95 326.443
  69 0.685 21.678 326.526
  70 0.695 21.37 337.794
  71 0.705 21.31 317.909
  72 0.715 21.734 314.943
  73 0.725 21.628 295.609
  74 0.735 19.378 295.096
  75 0.745 17.398 292.407
  76 0.755 19.854 285.714
  77 0.765 21.698 292.015
  78 0.775 21.66 290.08
  79 0.785 21.278 292.252
  80 0.795 21.32 289.063
  81 0.805 21.782 274.851
  82 0.815 21.962 280.662
  83 0.825 22 275.907
  84 0.835 22 291.195
  85 0.845 21.976 294.162
  86 0.855 21.35 291.614
  87 0.865 18.826 283.671
  88 0.875 18.51 272.775
  89 0.885 21.36 254.855
  90 0.895 21.978 259.832
  91 0.905 22 256.005
  92 0.915 22 260.111
  93 0.925 21.98 252.085
  94 0.935 21.872 248.477
  95 0.945 21.35 247.833
  96 0.955 21.268 237.812
  97 0.965 21.586 224.34
  98 0.975 21.9 215.055
  99 0.985 21.18 208.408
  100 0.995 17.646 209.582
55000 100 2112
  1 0.005 17.632 189.474
  2 0.015 21.402 203.022
  3 0.025 21.926 219.808
  4 0.035 21.578 226.255
  5 0.045 21.168 231.134
  6 0.055 21.384 226.836
  7 0.065 21.932 222.04
  8 0.075 21.992 228.258
  9 0.085 22 238.417
  10 0.095 22 240.346
  11 0.105 21.996 237.682
  12 0.115 21.232 250.472
  13 0.125 18.452 260.3
  14 0.135 18.876 260.615
  15 0.145 21.452 273.657
  16 0.155 21.992 264.665
  17 0.165 22 261.609
  18 0.175 22 246.391
  19 0.185 21.974 269.555
  20 0.195 21.854 248.409
  21 0.205 21.412 268.965
  22 0.215 21.132 284.214
  23 0.225 21.672 281.124
  24 0.235 21.862 269.11
  25 0.245 20.142 294.802
  26 0.255 17.3 300.153
  27 0.265 19.074 309.915
  28 0.275 21.596 323.736
  29 0.285 21.7 323.69
  30 0.295 21.31 315.821
  31 0.305 21.298 313.988
  32 0.315 21.734 326.933
  33 0.325 21.94 325.354
  34 0.335 22 355.651
  35 0.345 22 346.68
  36 0.355 21.906 364.716
  37 0.365 21.166 366.754
  38 0.375 18.718 367.21
  39 0.385 18.918 362.934
  40 0.395 21.314 379.533
  41 0.405 21.978 363.04
  42 0.415 22 363.115
  43 0.425 21.974 352.814
  44 0.435 21.896 392.432
  45 0.445 21.65 398.231
  46 0.455 21.35 389.527
  47 0.465 21.338 382.739
  48 0.475 21.674 386.703
  49 0.485 20.846 395.066
  50 0.495 18.4 405.283
  51 0.505 17.954 414.804
  52 0.515 21.018 410.978
  53 0.525 21.678 410.281
  54 0.535 21.424 409.665
  55 0.545 21.21 404.372
  56 0.555 21.668 398.229
  57 0.565 21.932 396.491
  58 0.575 21.988 387.073
  59 0.585 22 367.431
  60 0.595 21.96 362.773
  61 0.605 21.414 348.514
  62 0.615 19 353.385
  63 0.625 18.578 343.331
  64 0.635 21.192 354.478
  65 0.645 21.856 345.41
  66 0.655 22 346.134
  67 0.665 22 343.353
  68 0.675 21.944 315.357
  69 0.685 21.812 319.025
  70 0.695 21.248 317.799
  71 0.705 21.332 310.176
  72 0.715 21.696 308.026
  73 0.725 21.578 323.626
  74 0.735 19.514 322.177
  75 0.745 17.08 314.848
  76 0.755 20.004 312.08
  77 0.765 21.748 311.116
  78 0.775 21.716 313.437
  79 0.785 21.106 306.945
  80 0.795 21.404 294.035
  81 0.805 21.84 281.839
  82 0.815 21.978 264.21
  83 0.825 22 265.807
  84 0.835 22 260.487
  85 0.845 21.984 273.487
  86 0.855 21.424 276.75
  87 0.865 18.966 266.087
  88 0.875 18.282 270.898
  89 0.885 21.372 259.964
  90 0.895 21.972 254.408
  91 0.905 22 263.686
  92 0.915 22 268.299
  93 0.925 21.982 255.069
  94 0.935 21.882 246.598
  95 0.945 21.532 238.103
  96 0.955 21.096 257.323
  97 0.965 21.566 244.331
  98 0.975 21.904 235.415
  99 0.985 21.222 212.196
  100 0.995 17.802 199.126
60000 100 2112
  1 0.005 18.116 207.346
  2 0.015 21.6 197.231
  3 0.025 21.954 198.681
  4 0.035 21.51 216.691
  5 0.045 21.058 224.613
  6 0.055 21.554 224.661
  7 0.065 21.922 228.009
  8 0.075 22 224.813
  9 0.085 22 236.256
  10 0.095 21.982 237.663
  11 0.105 21.936 249.556
  12 0.115 21.164 250.019
  13 0.125 18.604 247.533
  14 0.135 18.93 234.571
  15 0.145 21.458 241.309
  16 0.155 21.926 239.096
  17 0.165 22 231.548
  18 0.175 21.994 246.776
  19 0.185 21.996 276.624
  20 0.195 21.838 274.46
  21 0.205 21.532 272.019
  22 0.215 21.13 298.857
  23 0.225 21.574 310.604
  24 0.235 21.808 302.678
  25 0.245 20.644 305.952
  26 0.255 17.556 289.97
  27 0.265 18.624 293.757
  28 0.275 21.32 308.371
  29 0.285 21.768 328.537
  30 0.295 21.354 336.617
  31 0.305 21.35 337.538
  32 0.315 21.602 352.922
  33 0.325 21.91 343.436
  34 0.335 22 333.693
  35 0.345 22 335.742
  36 0.355 21.936 363.441
  37 0.365 21.434 351.771
  38 0.375 18.882 344.793
  39 0.385 18.622 342.28
  40 0.395 21.298 339.889
  41 0.405 21.828 348.001
  42 0.415 22 351.765
  43 0.425 21.996 357.916
  44 0.435 21.964 392.836
  45 0.445 21.588 408.267
  46 0.455 21.274 421.591
  47 0.465 21.42 397.848
  48 0.475 21.676 410.215
  49 0.485 21.02 408.475
  50 0.495 18.118 405.338
  51 0.505 18.112 413.661
  52 0.515 20.902 418.654
  53 0.525 21.664 387.334
  54 0.535 21.454 414.888
  55 0.545 21.17 409.032
  56 0.555 21.748 395.77
  57 0.565 21.894 367.837
  58 0.575 22.004 365.479
  59 0.585 21.992 369.612
  60 0.595 21.922 375.545
  61 0.605 21.34 336.917
  62 0.615 18.946 359.37
  63 0.625 18.63 360.904
  64 0.635 21.188 365.231
  65 0.645 21.978 341.857
  66 0.655 22 347.638
  67 0.665 21.988 332.048
  68 0.675 21.94 317.075
  69 0.685 21.694 312.875
  70 0.695 21.298 309.587
  71 0.705 21.338 311.175
  72 0.715 21.756 308.418
  73 0.725 21.516 326.948
  74 0.735 18.756 337.464
  75 0.745 17.62 326.989
  76 0.755 20.334 315.94
  77 0.765 21.732 311.482
  78 0.775 21.54 314.323
  79 0.785 21.298 316.398
  80 0.795 21.44 300.875
  81 0.805 21.804 299.268
  82 0.815 21.95 283.179
  83 0.825 21.996 283.043
  84 0.835 22 272.394
  85 0.845 21.972 278.224
  86 0.855 21.142 275.812
  87 0.865 18.65 269.357
  88 0.875 18.856 257.12
  89 0.885 21.418 250.827
  90 0.895 21.962 245.904
  91 0.905 22 260.089
  92 0.915 22 255.115
  93 0.925 21.986 259.887
  94 0.935 21.868 247.058
  95 0.945 21.38 253.327
  96 0.955 21.222 225.702
  97 0.965 21.562 225.185
  98 0.975 21.92 226.054
  99 0.985 20.976 230.913
  100 0.995 17.372 230.653
65000 100 2112
  1 0.005 17.772 187.037
  2 0.015 21.434 186.602
  3 0.025 21.942 200.675
  4 0.035 21.65 211.052
  5 0.045 21.058 221.79
  6 0.055 21.428 225.223
  7 0.065 21.914 211.64
  8 0.075 22 240.732
  9 0.085 22 228.056
  10 0.095 22 224.403
  11 0.105 21.956 244.721
  12 0.115 21.372 241.268
  13 0.125 19.046 236.542
  14 0.135 18.546 231.874
  15 0.145 21.134 267.086
  16 0.155 21.958 261.398
  17 0.165 21.988 272.47
  18 0.175 22 276.133
  19 0.185 21.994 277.275
  20 0.195 21.794 295.174
  21 0.205 21.376 304.651
  22 0.215 21.252 292.414
  23 0.225 21.626 305.079
  24 0.235 21.752 293.303
  25 0.245 20.09 297.884
  26 0.255 17.424 289
  27 0.265 19.266 325.799
  28 0.275 21.404 340.889
  29 0.285 21.688 366.456
  30 0.295 21.198 357.24
  31 0.305 21.522 333.277
  32 0.315 21.67 345.446
  33 0.325 21.944 338.592
  34 0.335 22 343.025
  35 0.345 21.992 348.372
  36 0.355 21.884 339.482
  37 0.365 21.01 323.675
  38 0.375 18.832 338.59
  39 0.385 19.088 336.914
  40 0.395 21.342 337.575
  41 0.405 21.852 336.408
  42 0.415 22 338.957
  43 0.425 21.986 367.665
  44 0.435 21.93 377.887
  45 0.445 21.658 379.103
  46 0.455 21.278 413.367
  47 0.465 21.41 428.682
  48 0.475 21.618 420.983
  49 0.485 20.884 409.599
  50 0.495 18.172 404.648
  51 0.505 18.128 411.755
  52 0.515 20.996 418.454
  53 0.525 21.676 413.995
  54 0.535 21.45 403.488
  55 0.545 21.222 394.206
  56 0.555 21.658 388.23
  57 0.565 21.942 384.645
  58 0.575 21.992 355.641
  59 0.585 22 362.453
  60 0.595 21.974 378.68
  61 0.605 21.376 376.628
  62 0.615 18.846 378.594
  63 0.625 18.678 369.009
  64 0.635 21.158 369.301
  65 0.645 21.968 345.678
  66 0.655 22 334.577
  67 0.665 22 331.193
  68 0.675 21.98 325.771
  69 0.685 21.704 343.035
  70 0.695 21.286 328.137
  71 0.705 21.276 307.967
  72 0.715 21.774 305.037
  73 0.725 21.552 310.848
  74 0.735 19.236 311.643
  75 0.745 17.454 292.192
  76 0.755 19.928 295.667
  77 0.765 21.746 312.174
  78 0.775 21.618 297.428
  79 0.785 21.278 298.852
  80 0.795 21.502 290.947
  81 0.805 21.712 285.563
  82 0.815 21.964 277.884
  83 0.825 21.99 275.952
  84 0.835 21.99 260.234
  85 0.845 21.938 276.888
  86 0.855 21.168 269.053
  87 0.865 19.12 255.516
  88 0.875 18.618 261.612
  89 0.885 21.204 253.547
  90 0.895 21.962 253.594
  91 0.905 22 263.895
  92 0.915 22 266.306
  93 0.925 21.992 253.964
  94 0.935 21.844 264.668
  95 0.945 21.298 255.002
  96 0.955 21.38 224.276
  97 0.965 21.558 221.816
  98 0.975 21.852 224.616
  99 0.985 20.974 206.38
  100 0.995 17.904 203
70000 100 2112
  1 0.005 17.494 204.804
  2 0.015 21.346 201.374
  3 0.025 21.96 205.767
  4 0.035 21.634 210.24
  5 0.045 21.126 205.966
  6 0.055 21.39 217.62
  7 0.065 21.892 204.896
  8 0.075 21.998 223.498
  9 0.085 22 221.949
  10 0.095 22 213.948
  11 0.105 21.958 223.89
  12 0.115 21.474 234.239
  13 0.125 19.184 251.868
  14 0.135 18.234 254.064
  15 0.145 21.19 274.055
  16 0.155 21.96 263.599
  17 0.165 22 258.495
  18 0.175 22 287.019
  19 0.185 21.974 286.141
  20 0.195 21.852 296.253
  21 0.205 21.504 301.895
  22 0.215 21.096 297.291
  23 0.225 21.654 303.288
  24 0.235 21.756 311.256
  25 0.245 20.168 308.132
  26 0.255 17.47 311.112
  27 0.265 19.09 337.424
  28 0.275 21.47 318.262
  29 0.285 21.664 321.218
  30 0.295 21.418 320.703
  31 0.305 21.186 344.744
  32 0.315 21.738 367.233
  33 0.325 21.96 375.411
  34 0.335 22 370.147
  35 0.345 21.99 368.204
  36 0.355 21.922 365.376
  37 0.365 20.986 353.542
  38 0.375 18.654 346.723
  39 0.385 19.212 353.092
  40 0.395 21.28 358.378
  41 0.405 21.956 390.207
  42 0.415 22 372.019
  43 0.425 21.992 369.366
  44 0.435 21.848 370.29
  45 0.445 21.7 387.554
  46 0.455 21.246 399.95
  47 0.465 21.458 426.624
  48 0.475 21.658 436.606
  49 0.485 20.538 423.107
  50 0.495 17.89 422.969
  51 0.505 18.5 452.924
  52 0.515 21.186 434.719
  53 0.525 21.722 422.926
  54 0.535 21.308 391.377
  55 0.545 21.246 395.967
  56 0.555 21.754 358.667
  57 0.565 21.96 371.405
  58 0.575 21.994 364.388
  59 0.585 22 363.545
  60 0.595 21.956 349.609
  61 0.605 21.206 356.927
  62 0.615 18.592 345.882
  63 0.625 18.724 355.215
  64 0.635 21.594 344.489
  65 0.645 21.928 321.72
  66 0.655 22 335.441
  67 0.665 21.994 324.393
  68 0.675 21.968 326.628
  69 0.685 21.746 342.084
  70 0.695 21.258 340.216
  71 0.705 21.338 342.031
  72 0.715 21.716 327.965
  73 0.725 21.61 306.459
  74 0.735 19.238 303.23
  75 0.745 17.45 280.774
  76 0.755 20.03 280.758
  77 0.765 21.622 303.047
  78 0.775 21.654 309.791
  79 0.785 21.234 314.409
  80 0.795 21.41 299.385
  81 0.805 21.754 284.31
  82 0.815 21.978 269.716
  83 0.825 22 274.94
  84 0.835 22 267.938
  85 0.845 21.984 260.241
  86 0.855 21.234 273.114
  87 0.865 19.12 271.893
  88 0.875 18.438 256.181
  89 0.885 21.242 240.085
  90 0.895 21.982 236.117
  91 0.905 22 229.342
  92 0.915 22 235.211
  93 0.925 21.986 240.734
  94 0.935 21.828 229.493
  95 0.945 21.456 225.802
  96 0.955 21.288 229.587
  97 0.965 21.486 214.359
  98 0.975 21.91 207.118
  99 0.985 21.4 204.106
  100 0.995 17.806 192.564
75000 100 2111.9999999999995
  1 0.005 17.178 185.224
  2 0.015 21.104 190.925
  3 0.025 21.956 204.954
  4 0.035 21.754 208.465
  5 0.045 21 219.57
  6 0.055 21.366 210.011
  7 0.065 21.898 213.9
  8 0.075 21.996 220.4
  9 0.085 22 235.181
  10 0.095 22 239.86
  11 0.105 21.956 266.115
  12 0.115 21.544 257.977
  13 0.125 19.244 248.468
  14 0.135 18.218 254.784
  15 0.145 21.042 268.361
  16 0.155 21.996 262.263
  17 0.165 22 276.013
  18 0.175 22 285.757
  19 0.185 22 289.817
  20 0.195 21.834 292.148
  21 0.205 21.454 302.724
  22 0.215 21.11 306.203
  23 0.225 21.656 317.633
  24 0.235 21.784 312.219
  25 0.245 20.392 305.659
  26 0.255 17.168 330.393
  27 0.265 19.118 346.872
  28 0.275 21.506 320.84
  29 0.285 21.684 319.316
  30 0.295 21.36 323.308
  31 0.305 21.248 331.211
  32 0.315 21.72 339.285
  33 0.325 21.966 341.153
  34 0.335 22 345.686
  35 0.345 22 346.643
  36 0.355 21.876 370.384
  37 0.365 20.902 361.634
  38 0.375 18.718 357.829
  39 0.385 19.112 336.478
  40 0.395 21.432 348.164
  41 0.405 21.96 377.449
  42 0.415 22 390.25
  43 0.425 21.982 387.998
  44 0.435 21.934 376.464
  45 0.445 21.554 375.687
  46 0.455 21.31 385.325
  47 0.465 21.436 385.648
  48 0.475 21.694 393.068
  49 0.485 20.702 399.489
  50 0.495 17.998 409.62
  51 0.505 18.35 421.206
  52 0.515 21.048 432.529
  53 0.525 21.766 428.72
  54 0.535 21.368 415.742
  55 0.545 21.25 394.254
  56 0.555 21.688 381.549
  57 0.565 21.926 394.184
  58 0.575 21.994 386.232
  59 0.585 22 385.881
  60 0.595 21.904 409.941
  61 0.605 21.11 398.119
  62 0.615 18.668 378.137
  63 0.625 19.042 359.359
  64 0.635 21.284 336.016
  65 0.645 21.992 331.058
  66 0.655 22 359.357
  67 0.665 22 363.975
  68 0.675 21.948 321.627
  69 0.685 21.75 322.637
  70 0.695 21.14 302.866
  71 0.705 21.388 295.682
  72 0.715 21.786 310.028
  73 0.725 21.454 298.92
  74 0.735 19.044 305.502
  75 0.745 17.316 308.408
  76 0.755 20.372 294.088
  77 0.765 21.756 297.451
  78 0.775 21.62 310.648
  79 0.785 21.108 297.063
  80 0.795 21.48 280.471
  81 0.805 21.864 274.49
  82 0.815 21.974 274.586
  83 0.825 22 279.457
  84 0.835 22 260.729
  85 0.845 22 243.032
  86 0.855 21.294 254.748
  87 0.865 18.954 251.901
  88 0.875 18.388 255.909
  89 0.885 21.406 259.074
  90 0.895 21.958 241.254
  91 0.905 22 231.469
  92 0.915 22 229.118
  93 0.925 21.996 235.562
  94 0.935 21.874 231.212
  95 0.945 21.418 229.117
  96 0.955 21.272 223.027
  97 0.965 21.546 214.248
  98 0.975 21.852 212.955
  99 0.985 21.46 197.925
  100 0.995 18.33 196.342
80000 100 2112.0000000000005
  1 0.005 17.594 190.749
  2 0.015 21.376 189.459
  3 0.025 21.958 184.212
  4 0.035 21.614 191.305
  5 0.045 21.08 218.269
  6 0.055 21.506 216.949
  7 0.065 21.824 224.147
  8 0.075 21.998 219.611
  9 0.085 22 237.502
  10 0.095 22 247.794
  11 0.105 21.946 247.615
  12 0.115 21.582 255.914
  13 0.125 19.236 262.685
  14 0.135 18.066 275.73
  15 0.145 21.194 265.325
  16 0.155 21.976 263.627
  17 0.165 22 277.859
  18 0.175 22 272.701
  19 0.185 21.982 277.973
  20 0.195 21.906 283.175
  21 0.205 21.466 296.862
  22 0.215 21.106 293.841
  23 0.225 21.614 307.447
  24 0.235 21.806 309.928
  25 0.245 20.468 318.664
  26 0.255 17.63 325.434
  27 0.265 18.774 332.387
  28 0.275 21.304 327.146
  29 0.285 21.69 335.758
  30 0.295 21.35 322.197
  31 0.305 21.276 338.925
  32 0.315 21.714 347.702
  33 0.325 21.914 350.25
  34 0.335 22 337.901
  35 0.345 22 347.58
  36 0.355 21.946 342.309
  37 0.365 21.21 354.72
  38 0.375 19.016 325.841
  39 0.385 18.652 330.017
  40 0.395 21.22 348.053
  41 0.405 21.956 363.926
  42 0.415 22 375.086
  43 0.425 21.998 393.334
  44 0.435 21.918 398.7
  45 0.445 21.666 376.059
  46 0.455 21.244 389.835
  47 0.465 21.472 378.93
  48 0.475 21.612 411.14
  49 0.485 20.836 424.37
  50 0.495 18.562 423.905
  51 0.505 17.902 455.5
  52 0.515 20.884 459.206
  53 0.525 21.658 453.64
  54 0.535 21.394 428.849
  55 0.545 21.228 421.319
  56 0.555 21.704 422.284
  57 0.565 21.926 420.517
  58 0.575 21.998 393.242
  59 0.585 21.992 378.194
  60 0.595 21.778 369.709
  61 0.605 21.31 356.761
  62 0.615 18.46 364.331
  63 0.625 19.106 350.512
  64 0.635 21.364 357.429
  65 0.645 21.994 333.803
  66 0.655 21.994 344.463
  67 0.665 21.99 343.092
  68 0.675 21.898 331.755
  69 0.685 21.698 317.135
  70 0.695 21.26 334.154
  71 0.705 21.396 324.135
  72 0.715 21.742 317.884
  73 0.725 21.348 308.694
  74 0.735 18.446 290.101
  75 0.745 17.636 291.297
  76 0.755 20.688 284.54
  77 0.765 21.842 285.473
  78 0.775 21.59 268.69
  79 0.785 21.108 271.304
  80 0.795 21.502 270.31
  81 0.805 21.868 263.011
  82 0.815 21.988 246.961
  83 0.825 22 255.524
  84 0.835 22 252.814
  85 0.845 21.918 264.765
  86 0.855 21.306 268.387
  87 0.865 18.924 267.92
  88 0.875 18.574 275.789
  89 0.885 21.344 266.909
  90 0.895 21.934 258.73
  91 0.905 22 246.63
  92 0.915 22 239.754
  93 0.925 21.994 225.421
  94 0.935 21.906 234.131
  95 0.945 21.414 230.707
  96 0.955 21.194 210.544
  97 0.965 21.52 216.608
  98 0.975 21.934 215.415
  99 0.985 21.282 198.092
  100 0.995 17.806 199.437
85000 100 2112.0000000000005
  1 0.005 17.556 207.75
  2 0.015 21.376 205.654
  3 0.025 21.934 206.213
  4 0.035 21.558 215.933
  5 0.045 21.27 212.959
  6 0.055 21.39 221.427
  7 0.065 21.828 232.568
  8 0.075 22 236.059
  9 0.085 22 237.994
  10 0.095 22 249.173
  11 0.105 21.952 232.38
  12 0.115 21.536 244.417
  13 0.125 19.054 254.817
  14 0.135 18.43 257.354
  15 0.145 21.042 260.765
  16 0.155 21.986 259.523
  17 0.165 22 272.296
  18 0.175 22 277.166
  19 0.185 21.986 279.313
  20 0.195 21.848 259.076
  21 0.205 21.436 271.646
  22 0.215 21.256 279.776
  23 0.225 21.582 296.63
  24 0.235 21.738 314.686
  25 0.245 20.118 331.129
  26 0.255 17.508 335.085
  27 0.265 19 338.853
  28 0.275 21.52 330.41
  29 0.285 21.756 333.545
  30 0.295 21.21 340.371
  31 0.305 21.336 322.318
  32 0.315 21.718 344.342
  33 0.325 21.994 325.746
  34 0.335 21.994 342.489
  35 0.345 21.992 335.613
  36 0.355 21.93 342.143
  37 0.365 21.358 348.746
  38 0.375 18.956 345.864
  39 0.385 18.69 365.336
  40 0.395 21.152 385.185
  41 0.405 21.924 374.719
  42 0.415 21.998 365.521
  43 0.425 21.998 399.045
  44 0.435 21.918 428.571
  45 0.445 21.704 396.006
  46 0.455 21.346 407.998
  47 0.465 21.252 411.87
  48 0.475 21.73 424.689
  49 0.485 21.056 413.64
  50 0.495 18.352 433.033
  51 0.505 17.922 440.072
  52 0.515 20.794 437.797
  53 0.525 21.652 435.443
  54 0.535 21.318 446.36
  55 0.545 21.426 421.786
  56 0.555 21.62 414.625
  57 0.565 21.922 405.096
  58 0.575 21.99 401.794
  59 0.585 22 387.217
  60 0.595 21.918 363.788
  61 0.605 21.284 372.347
  62 0.615 18.566 367.063
  63 0.625 18.912 352.139
  64 0.635 21.364 331.266
  65 0.645 21.956 339.827
  66 0.655 22 347.863
  67 0.665 22 350.708
  68 0.675 21.94 334.267
  69 0.685 21.692 335.468
  70 0.695 21.222 309.032
  71 0.705 21.334 329.314
  72 0.715 21.814 303.01
  73 0.725 21.538 295.441
  74 0.735 18.838 281.796
  75 0.745 17.274 298.871
  76 0.755 20.508 297.365
  77 0.765 21.778 296.381
  78 0.775 21.558 285.317
  79 0.785 21.222 271.376
  80 0.795 21.34 266.492
  81 0.805 21.956 259.477
  82 0.815 21.992 248.122
  83 0.825 21.994 248.097
  84 0.835 22 244.55
  85 0.845 21.868 243.666
  86 0.855 21.066 256.189
  87 0.865 18.868 250.999
  88 0.875 18.83 248.017
  89 0.885 21.43 263.458
  90 0.895 21.938 244.387
  91 0.905 22 236.133
  92 0.915 22 223.72
  93 0.925 22 206.395
  94 0.935 21.86 215.509
  95 0.945 21.468 222.324
  96 0.955 21.148 230.675
  97 0.965 21.608 238.883
  98 0.975 21.876 228.797
  99 0.985 21.206 212.536
  100 0.995 17.922 217.804
90000 100 2111.9999999999995
  1 0.005 17.648 211.865
  2 0.015 21.148 211.014
  3 0.025 21.964 217.394
  4 0.035 21.688 231.248
  5 0.045 20.932 216.471
  6 0.055 21.514 217.634
  7 0.065 21.894 229.225
  8 0.075 22 225.008
  9 0.085 22 224.781
  10 0.095 22 225.168
  11 0.105 21.972 226.441
  12 0.115 21.27 246.359
  13 0.125 18.922 248.749
  14 0.135 18.568 261.493
  15 0.145 21.278 271.622
  16 0.155 21.99 270.115
  17 0.165 22 283.71
  18 0.175 22 278.714
  19 0.185 21.996 281.343
  20 0.195 21.77 297.486
  21 0.205 21.49 294.387
  22 0.215 21.072 282.301
  23 0.225 21.684 292.43
  24 0.235 21.86 286.154
  25 0.245 20.118 312.031
  26 0.255 17.29 309.301
  27 0.265 19.19 309.943
  28 0.275 21.516 310.147
  29 0.285 21.75 306.991
  30 0.295 21.324 325.77
  31 0.305 21.32 339.192
  32 0.315 21.69 338.791
  33 0.325 21.954 335.005
  34 0.335 21.976 335.322
  35 0.345 22 347.802
  36 0.355 21.95 339.957
  37 0.365 21.238 354.95
  38 0.375 18.83 350.181
  39 0.385 18.772 341.366
  40 0.395 21.228 352
  41 0.405 21.982 344.96
  42 0.415 22 352.858
  43 0.425 21.996 361.972
  44 0.435 21.938 390.813
  45 0.445 21.604 441.179
  46 0.455 21.264 456.478
  47 0.465 21.498 449.949
  48 0.475 21.588 436.069
  49 0.485 20.754 425.55
  50 0.495 18.154 411.337
  51 0.505 18.248 425.894
  52 0.515 21.004 430.812
  53 0.525 21.68 428.889
  54 0.535 21.348 413.032
  55 0.545 21.262 402.89
  56 0.555 21.7 388.833
  57 0.565 21.98 405.461
  58 0.575 21.99 421.931
  59 0.585 21.992 420.483
  60 0.595 21.884 385.471
  61 0.605 20.976 365.155
  62 0.615 18.58 348.39
  63 0.625 18.888 336.924
  64 0.635 21.672 325.484
  65 0.645 22 331.877
  66 0.655 22 328.856
  67 0.665 22 340.566
  68 0.675 21.948 327.348
  69 0.685 21.708 334.392
  70 0.695 21.236 318.343
  71 0.705 21.324 318.156
  72 0.715 21.804 309.711
  73 0.725 21.576 299.352
  74 0.735 19.078 298.742
  75 0.745 17.372 299.785
  76 0.755 20.162 295.867
  77 0.765 21.76 290.516
  78 0.775 21.624 290.251
  79 0.785 21.282 276.093
  80 0.795 21.312 269.619
  81 0.805 21.838 258.345
  82 0.815 21.98 257.654
  83 0.825 21.996 265.582
  84 0.835 21.996 268.465
  85 0.845 21.996 258.081
  86 0.855 21.408 252.364
  87 0.865 19.198 250.554
  88 0.875 18.168 241.392
  89 0.885 21.306 229.05
  90 0.895 21.928 229.125
  91 0.905 22 230.544
  92 0.915 22 231.39
  93 0.925 21.978 240.077
  94 0.935 21.912 245.648
  95 0.945 21.514 257.549
  96 0.955 21.258 241.289
  97 0.965 21.428 238.359
  98 0.975 21.888 238.513
  99 0.985 21.312 253.36
  100 0.995 17.922 224.442
95000 100 2112
  1 0.005 17.436 193.249
  2 0.015 21.118 198.436
  3 0.025 21.944 201.501
  4 0.035 21.64 212.538
  5 0.045 21.142 204.666
  6 0.055 21.376 204.115
  7 0.065 21.884 219.512
  8 0.075 22 218.115
  9 0.085 22 226.107
  10 0.095 22 228.513
  11 0.105 21.974 243.592
  12 0.115 21.53 253.729
  13 0.125 19.11 262.299
  14 0.135 18.25 272.968
  15 0.145 21.15 289.029
  16 0.155 21.986 290.375
  17 0.165 22 296.024
  18 0.175 21.996 306.602
  19 0.185 21.974 297.032
  20 0.195 21.864 284.466
  21 0.205 21.282 303.607
  22 0.215 21.33 303.169
  23 0.225 21.626 316.176
  24 0.235 21.764 305.519
  25 0.245 20.014 317.983
  26 0.255 17.198 334.244
  27 0.265 19.272 310.309
  28 0.275 21.664 298.502
  29 0.285 21.742 288.858
  30 0.295 21.272 305.219
  31 0.305 21.262 313.39
  32 0.315 21.79 331.887
  33 0.325 21.952 330.051
  34 0.335 21.998 341.966
  35 0.345 22 345.076
  36 0.355 21.91 335.483
  37 0.365 21.058 328.297
  38 0.375 18.664 344.992
  39 0.385 19.19 344.488
  40 0.395 21.254 350.478
  41 0.405 21.924 348.184
  42 0.415 22 369.334
  43 0.425 21.98 407.22
  44 0.435 21.9 429.819
  45 0.445 21.622 424.787
  46 0.455 21.25 418.128
  47 0.465 21.434 402.555
  48 0.475 21.71 416.96
  49 0.485 20.54 444.935
  50 0.495 17.994 457.077
  51 0.505 18.542 459.047
  52 0.515 21.05 443.497
  53 0.525 21.714 428.37
  54 0.535 21.228 425.557
  55 0.545 21.408 416.603
  56 0.555 21.674 406.809
  57 0.565 21.958 381.483
  58 0.575 21.996 404.293
  59 0.585 21.98 379.674
  60 0.595 21.91 363.956
  61 0.605 21.09 341.101
  62 0.615 18.712 333.043
  63 0.625 18.922 312.902
  64 0.635 21.398 313.266
  65 0.645 21.988 307.729
  66 0.655 21.992 331.538
  67 0.665 22.006 316.712
  68 0.675 21.94 317.383
  69 0.685 21.728 313.734
  70 0.695 21.35 305.137
  71 0.705 21.248 311.585
  72 0.715 21.754 306.258
  73 0.725 21.584 319.791
  74 0.735 19.062 303.776
  75 0.745 17.452 313.972
  76 0.755 20.082 304.306
  77 0.765 21.762 296.538
  78 0.775 21.706 291.395
  79 0.785 21.152 288.138
  80 0.795 21.32 297.602
  81 0.805 21.87 279.116
  82 0.815 21.992 279.181
  83 0.825 22 255.622
  84 0.835 22 283.414
  85 0.845 21.986 272.489
  86 0.855 21.182 262.568
  87 0.865 18.946 250.642
  88 0.875 18.724 236.231
  89 0.885 21.308 238.477
  90 0.895 21.858 255.938
  91 0.905 21.996 241.799
  92 0.915 22 241.751
  93 0.925 21.982 253.734
  94 0.935 21.92 243.633
  95 0.945 21.458 237.047
  96 0.955 21.224 228.626
  97 0.965 21.486 231.393
  98 0.975 21.926 225.454
  99 0.985 21.268 222.309
  100 0.995 18.196 209.815
100000 100 2112.0000000000005
  1 0.005 18.002 175.225
  2 0.015 21.47 178.816
  3 0.025 21.96 181.482
  4 0.035 21.554 201.501
  5 0.045 21.194 206.612
  6 0.055 21.428 229.966
  7 0.065 21.87 245.453
  8 0.075 21.99 262.623
  9 0.085 22 259.162
  10 0.095 22 248.083
  11 0.105 21.958 264.886
  12 0.115 21.186 275.914
  13 0.125 18.772 268.055
  14 0.135 18.872 287.761
  15 0.145 21.252 291.646
  16 0.155 21.96 270.364
  17 0.165 22 277.643
  18 0.175 22 269.928
  19 0.185 21.984 264.35
  20 0.195 21.82 272.898
  21 0.205 21.432 275.317
  22 0.215 21.22 269.861
  23 0.225 21.586 297.943
  24 0.235 21.844 307.926
  25 0.245 20.342 287.274
  26 0.255 17.37 310.664
  27 0.265 18.892 317.577
  28 0.275 21.504 309.286
  29 0.285 21.806 305.693
  30 0.295 21.342 309.106
  31 0.305 21.236 309.563
  32 0.315 21.694 326.952
  33 0.325 21.932 308.64
  34 0.335 21.996 314.71
  35 0.345 22 320.575
  36 0.355 21.98 312.372
  37 0.365 21.516 343.682
  38 0.375 19.59 353.143
  39 0.385 18.386 365.955
  40 0.395 20.714 373.201
  41 0.405 21.814 378.561
  42 0.415 22 400.039
  43 0.425 21.994 375.655
  44 0.435 21.93 386.909
  45 0.445 21.74 418.901
  46 0.455 21.378 406.006
  47 0.465 21.292 419.587
  48 0.475 21.612 416.312
  49 0.485 21.054 442.017
  50 0.495 18.446 488.053
  51 0.505 17.964 458.054
  52 0.515 20.662 447.273
  53 0.525 21.674 433.589
  54 0.535 21.468 430.748
  55 0.545 21.23 413.193
  56 0.555 21.624 386.391
  57 0.565 21.948 386.853
  58 0.575 21.99 376.517
  59 0.585 21.994 368.157
  60 0.595 21.942 387.206
  61 0.605 21.058 356.182
  62 0.615 18.716 363.875
  63 0.625 18.964 361.358
  64 0.635 21.376 324.359
  65 0.645 21.944 341.746
  66 0.655 22 351.608
  67 0.665 22 349.237
  68 0.675 21.918 338.462
  69 0.685 21.694 332.949
  70 0.695 21.264 310.313
  71 0.705 21.298 309.422
  72 0.715 21.818 298.832
  73 0.725 21.47 300
  74 0.735 18.696 299.331
  75 0.745 17.37 301.643
  76 0.755 20.588 312.713
  77 0.765 21.806 310.229
  78 0.775 21.564 311.271
  79 0.785 21.18 313.789
  80 0.795 21.464 312.711
  81 0.805 21.874 290.429
  82 0.815 21.996 274.884
  83 0.825 22 289.168
  84 0.835 22 261.137
  85 0.845 21.936 258.364
  86 0.855 21.26 244.873
  87 0.865 18.518 254.344
  88 0.875 18.948 267.124
  89 0.885 21.382 252.259
  90 0.895 21.956 259.412
  91 0.905 22 243.533
  92 0.915 21.996 224.681
  93 0.925 22 234.313
  94 0.935 21.898 231.855
  95 0.945 21.414 211.698
  96 0.955 21.142 210.702
  97 0.965 21.574 207.507
  98 0.975 21.914 214.571
  99 0.985 21.03 210.668
  100 0.995 17.564 185.595
105000 100 2112.0000000000005
  1 0.005 17.268 182.085
  2 0.015 21.28 184.002
  3 0.025 21.954 211.317
  4 0.035 21.666 226.131
  5 0.045 21.106 216.569
  6 0.055 21.35 231.947
  7 0.065 21.91 221.375
  8 0.075 21.984 226.424
  9 0.085 22 249.147
  10 0.095 22 247.216
  11 0.105 21.928 273.445
  12 0.115 21.346 275.403
  13 0.125 19.552 276.771
  14 0.135 18.198 282.998
  15 0.145 21.004 284.679
  16 0.155 21.972 267.232
  17 0.165 22 282.694
  18 0.175 21.988 272.556
  19 0.185 21.99 276.15
  20 0.195 21.818 281.964
  21 0.205 21.426 287.729
  22 0.215 21.172 283.893
  23 0.225 21.69 295.199
  24 0.235 21.756 293.74
  25 0.245 20.236 294.995
  26 0.255 17.37 287.925
  27 0.265 18.986 288.513
  28 0.275 21.56 289.92
  29 0.285 21.796 305.372
  30 0.295 21.256 310.382
  31 0.305 21.244 308.381
  32 0.315 21.744 311.988
  33 0.325 21.982 340.157
  34 0.335 21.986 334.223
  35 0.345 21.992 333.364
  36 0.355 21.952 322.862
  37 0.365 21.25 337.758
  38 0.375 18.994 345.371
  39 0.385 18.746 359.179
  40 0.395 21.194 360.751
  41 0.405 21.872 378.224
  42 0.415 22 385.804
  43 0.425 21.994 386.757
  44 0.435 21.908 381.122
  45 0.445 21.73 370.453
  46 0.455 21.234 402.775
  47 0.465 21.38 400.628
  48 0.475 21.69 418.019
  49 0.485 20.998 419.137
  50 0.495 18.36 427.031
  51 0.505 18.076 431.568
  52 0.515 20.724 473.862
  53 0.525 21.68 457.795
  54 0.535 21.332 451.406
  55 0.545 21.23 434.662
  56 0.555 21.842 430.207
  57 0.565 21.836 402.886
  58 0.575 21.986 406.852
  59 0.585 21.982 389.995
  60 0.595 21.918 383.306
  61 0.605 21.17 351.772
  62 0.615 18.84 344.652
  63 0.625 18.822 335.437
  64 0.635 21.366 359.774
  65 0.645 21.902 379.266
  66 0.655 22 355.249
  67 0.665 21.996 354.761
  68 0.675 21.926 336.41
  69 0.685 21.642 329.988
  70 0.695 21.31 333.878
  71 0.705 21.378 329.203
  72 0.715 21.736 334.005
  73 0.725 21.34 336.037
  74 0.735 18.832 318.105
  75 0.745 17.434 307.177
  76 0.755 20.494 308.23
  77 0.765 21.824 299.342
  78 0.775 21.568 286.458
  79 0.785 21.214 310.114
  80 0.795 21.41 299.202
  81 0.805 21.904 276.826
  82 0.815 21.992 261.438
  83 0.825 22 267.558
  84 0.835 22 261.445
  85 0.845 21.932 242.764
  86 0.855 21.146 240.942
  87 0.865 18.44 245.767
  88 0.875 19.062 253.992
  89 0.885 21.446 240.553
  90 0.895 21.974 234.609
  91 0.905 22 229.373
  92 0.915 22 228.824
  93 0.925 21.996 217.48
  94 0.935 21.894 225.624
  95 0.945 21.48 216.31
  96 0.955 21.024 217.16
  97 0.965 21.672 213.692
  98 0.975 21.924 215.295
  99 0.985 21.432 200.296
  100 0.995 18.06 196.665
110000 100 2112.0000000000005
  1 0.005 17.626 193.637
  2 0.015 21.308 187.835
  3 0.025 21.926 200.959
  4 0.035 21.604 220.429
  5 0.045 21.06 227.258
  6 0.055 21.48 224.242
  7 0.065 21.914 230.506
  8 0.075 21.996 217.548
  9 0.085 22 234.887
  10 0.095 22 227.121
  11 0.105 21.958 245.302
  12 0.115 21.172 260.618
  13 0.125 18.852 251.905
  14 0.135 18.57 259.844
  15 0.145 21.476 254.207
  16 0.155 21.972 275.045
  17 0.165 22 272.97
  18 0.175 22 280.38
  19 0.185 21.974 260.178
  20 0.195 21.768 274.149
  21 0.205 21.428 286.644
  22 0.215 21.29 296.383
  23 0.225 21.594 315.589
  24 0.235 21.738 328.859
  25 0.245 20.28 322.463
  26 0.255 17.22 314.715
  27 0.265 19.1 326.381
  28 0.275 21.6 325.4
  29 0.285 21.75 312.859
  30 0.295 21.308 312.017
  31 0.305 21.304 297.355
  32 0.315 21.672 337.571
  33 0.325 21.974 320.113
  34 0.335 22 330.723
  35 0.345 22 347.513
  36 0.355 21.9 368.724
  37 0.365 21.242 372.463
  38 0.375 19.026 367.834
  39 0.385 18.958 368.395
  40 0.395 20.99 395.881
  41 0.405 21.894 370.145
  42 0.415 21.99 378.204
  43 0.425 21.996 356.094
  44 0.435 21.958 358.848
  45 0.445 21.63 360.353
  46 0.455 21.304 357.161
  47 0.465 21.364 356.792
  48 0.475 21.748 389.347
  49 0.485 21.034 434.648
  50 0.495 18.606 459.145
  51 0.505 17.638 448.973
  52 0.515 20.86 450.607
  53 0.525 21.664 452.818
  54 0.535 21.394 457.848
  55 0.545 21.192 426.227
  56 0.555 21.686 410.928
  57 0.565 21.94 404.759
  58 0.575 21.992 393.451
  59 0.585 21.994 384.819
  60 0.595 21.922 373.793
  61 0.605 21.158 368.944
  62 0.615 18.598 374.391
  63 0.625 19.152 353.521
  64 0.635 21.23 358.59
  65 0.645 21.94 358.135
  66 0.655 21.994 339.019
  67 0.665 21.992 325.53
  68 0.675 21.96 328.123
  69 0.685 21.746 338.277
  70 0.695 21.15 358.861
  71 0.705 21.362 333.527
  72 0.715 21.818 325.164
  73 0.725 21.39 324.294
  74 0.735 18.956 305.857
  75 0.745 17.456 301.588
  76 0.755 20.274 325.493
  77 0.765 21.81 307.836
  78 0.775 21.65 296.921
  79 0.785 21.224 291.249
  80 0.795 21.388 290.92
  81 0.805 21.84 276.33
  82 0.815 21.99 274.352
  83 0.825 22 257.417
  84 0.835 21.99 252.686
  85 0.845 21.922 254.094
  86 0.855 21.378 259.43
  87 0.865 18.722 258.428
  88 0.875 18.8 257.845
  89 0.885 21.244 239.517
  90 0.895 21.944 238.619
  91 0.905 22 246.301
  92 0.915 22 235.078
  93 0.925 21.996 219.913
  94 0.935 21.858 226.209
  95 0.945 21.502 211.626
  96 0.955 21.204 212.512
  97 0.965 21.476 220.006
  98 0.975 21.954 206.725
  99 0.985 21.256 201.903
  100 0.995 17.84 207.464
115000 100 2112.0000000000005
  1 0.005 17.924 194.215
  2 0.015 21.378 183.023
  3 0.025 21.914 202.049
  4 0.035 21.656 204.551
  5 0.045 20.988 208.696
  6 0.055 21.536 203.355
  7 0.065 21.874 211.92
  8 0.075 22 216.536
  9 0.085 22 235.045
  10 0.095 22 231.254
  11 0.105 22 246.892
  12 0.115 21.442 261.697
  13 0.125 19.536 264.038
  14 0.135 18.16 290.17
  15 0.145 20.914 277.912
  16 0.155 21.948 284.815
  17 0.165 22 288.634
  18 0.175 22 279.304
  19 0.185 21.982 288.978
  20 0.195 21.86 283.558
  21 0.205 21.396 298.9
  22 0.215 21.27 294.945
  23 0.225 21.568 303.208
  24 0.235 21.778 306.35
  25 0.245 20.296 321.884
  26 0.255 17.572 306.715
  27 0.265 18.834 299.632
  28 0.275 21.466 296.778
  29 0.285 21.752 299.203
  30 0.295 21.37 315.594
  31 0.305 21.236 313.794
  32 0.315 21.674 340.212
  33 0.325 21.946 361.676
  34 0.335 22 340.999
  35 0.345 22 351.407
  36 0.355 21.94 364.332
  37 0.365 21.366 365.642
  38 0.375 18.788 377.627
  39 0.385 18.902 356.312
  40 0.395 21.072 382.935
  41 0.405 21.938 378.815
  42 0.415 21.994 381.065
  43 0.425 21.994 393.172
  44 0.435 21.924 376.409
  45 0.445 21.72 361.863
  46 0.455 21.23 372.264
  47 0.465 21.41 366.365
  48 0.475 21.746 394.007
  49 0.485 21.16 408.125
  50 0.495 18.328 429.023
  51 0.505 17.99 453.992
  52 0.515 20.572 442.314
  53 0.525 21.704 451.066
  54 0.535 21.492 423.576
  55 0.545 21.162 404.358
  56 0.555 21.67 408.542
  57 0.565 21.908 402.846
  58 0.575 21.99 381.434
  59 0.585 21.982 379.224
  60 0.595 21.998 357.936
  61 0.605 21.276 378.608
  62 0.615 18.862 370.044
  63 0.625 18.806 369.572
  64 0.635 21.106 360.115
  65 0.645 21.986 354.803
  66 0.655 21.976 359.68
  67 0.665 21.998 337.178
  68 0.675 21.906 332.474
  69 0.685 21.794 310.583
  70 0.695 21.258 328.443
  71 0.705 21.278 326.844
  72 0.715 21.75 328.876
  73 0.725 21.216 330.589
  74 0.735 18.83 331.812
  75 0.745 17.622 325.293
  76 0.755 20.478 313.554
  77 0.765 21.786 317.131
  78 0.775 21.528 310.807
  79 0.785 21.172 302.368
  80 0.795 21.536 300.979
  81 0.805 21.856 285.436
  82 0.815 22 276.855
  83 0.825 22 267.026
  84 0.835 22 260.969
  85 0.845 21.958 262.462
  86 0.855 20.61 268.257
  87 0.865 18.568 250.851
  88 0.875 19.374 247.733
  89 0.885 21.54 242.206
  90 0.895 21.95 228.466
  91 0.905 22 224.66
  92 0.915 22 221.877
  93 0.925 21.994 222.232
  94 0.935 21.866 220.203
  95 0.945 21.408 220.079
  96 0.955 21.09 212.409
  97 0.965 21.666 202.902
  98 0.975 21.934 208.76
  99 0.985 21.212 201.546
  100 0.995 17.56 207.413
120000 100 2111.9999999999995
  1 0.005 17.916 179.477
  2 0.015 21.568 192.712
  3 0.025 21.97 209.233
  4 0.035 21.576 206.538
  5 0.045 21.022 208.721
  6 0.055 21.534 218.606
  7 0.065 21.9 230.184
  8 0.075 21.992 229.69
  9 0.085 22 242.156
  10 0.095 22 245.243
  11 0.105 21.968 242.121
  12 0.115 21.262 245.948
  13 0.125 18.512 260.625
  14 0.135 18.722 271.66
  15 0.145 21.558 248.325
  16 0.155 21.978 270.48
  17 0.165 22 301.354
  18 0.175 21.998 291.973
  19 0.185 21.98 291.673
  20 0.195 21.828 294.293
  21 0.205 21.444 287.505
  22 0.215 21.178 282.632
  23 0.225 21.6 278.189
  24 0.235 21.854 309.727
  25 0.245 20.32 302.838
  26 0.255 17.428 301.08
  27 0.265 18.912 296.158
  28 0.275 21.464 297.93
  29 0.285 21.856 278.902
  30 0.295 21.28 312.649
  31 0.305 21.204 300.774
  32 0.315 21.732 316.072
  33 0.325 21.938 322.648
  34 0.335 21.984 337.887
  35 0.345 22 338.432
  36 0.355 21.978 363.419
  37 0.365 21.308 377.192
  38 0.375 19.514 367.817
  39 0.385 18.612 371.096
  40 0.395 20.67 353.226
  41 0.405 21.918 346.294
  42 0.415 22 372.713
  43 0.425 21.996 406.342
  44 0.435 21.942 421.995
  45 0.445 21.736 399.108
  46 0.455 21.294 385.724
  47 0.465 21.268 406.73
  48 0.475 21.764 379.289
  49 0.485 21.08 411.262
  50 0.495 18.662 405.904
  51 0.505 17.674 442.157
  52 0.515 20.692 433.709
  53 0.525 21.732 449.348
  54 0.535 21.38 442.908
  55 0.545 21.258 425.665
  56 0.555 21.582 392.181
  57 0.565 21.942 363.203
  58 0.575 21.998 367.757
  59 0.585 22 371.124
  60 0.595 21.932 361.934
  61 0.605 21.166 370.265
  62 0.615 18.994 369.29
  63 0.625 18.698 371.642
  64 0.635 21.224 385.291
  65 0.645 21.996 365.022
  66 0.655 21.982 357.015
  67 0.665 21.99 347.342
  68 0.675 21.958 335.62
  69 0.685 21.638 337.419
  70 0.695 21.29 347.45
  71 0.705 21.438 334.593
  72 0.715 21.718 338.651
  73 0.725 21.348 325.488
  74 0.735 18.708 326.49
  75 0.745 17.646 323.009
  76 0.755 20.392 308.608
  77 0.765 21.838 292.28
  78 0.775 21.598 300.421
  79 0.785 21.19 299.105
  80 0.795 21.492 281.852
  81 0.805 21.772 299.872
  82 0.815 22 297.633
  83 0.825 21.992 285.14
  84 0.835 21.98 272.803
  85 0.845 21.972 262.845
  86 0.855 21.016 272.091
  87 0.865 18.394 264.642
  88 0.875 19.282 260.78
  89 0.885 21.36 257.033
  90 0.895 21.996 243.193
  91 0.905 22 235.35
  92 0.915 22 234.939
  93 0.925 21.992 238.085
  94 0.935 21.82 223.043
  95 0.945 21.412 210.669
  96 0.955 21.16 215.555
  97 0.965 21.642 211.991
  98 0.975 21.938 202.693
  99 0.985 21.162 192.396
  100 0.995 17.396 182.538
125000 100 2112.0000000000005
  1 0.005 17.802 183.377
  2 0.015 21.47 181.727
  3 0.025 21.968 191.027
  4 0.035 21.552 205.888
  5 0.045 21.152 206.736
  6 0.055 21.442 219.786
  7 0.065 21.888 236.959
  8 0.075 21.994 244.928
  9 0.085 22 249.002
  10 0.095 21.996 236.829
  11 0.105 21.97 242.749
  12 0.115 21.482 261.916
  13 0.125 19.114 271.536
  14 0.135 18.23 268.923
  15 0.145 21.276 254.097
  16 0.155 21.932 276.673
  17 0.165 22 272.387
  18 0.175 22 253.493
  19 0.185 21.988 251.073
  20 0.195 21.858 263.102
  21 0.205 21.442 263.52
  22 0.215 21.2 271.601
  23 0.225 21.568 279.089
  24 0.235 21.846 293.619
  25 0.245 20.518 308.413
  26 0.255 17.608 309.175
  27 0.265 18.652 309.45
  28 0.275 21.346 322.988
  29 0.285 21.8 298.352
  30 0.295 21.368 319.246
  31 0.305 21.136 331.217
  32 0.315 21.726 315.931
  33 0.325 21.944 322.891
  34 0.335 22 325.918
  35 0.345 22 321.196
  36 0.355 21.968 336.681
  37 0.365 21.378 372.783
  38 0.375 18.898 369.651
  39 0.385 18.62 367.412
  40 0.395 21.274 350.637
  41 0.405 21.862 361.106
  42 0.415 21.998 359.563
  43 0.425 21.976 383.301
  44 0.435 21.964 387.057
  45 0.445 21.618 419.481
  46 0.455 21.402 451.608
  47 0.465 21.336 447.751
  48 0.475 21.686 408.816
  49 0.485 21.16 425.695
  50 0.495 18.102 447.371
  51 0.505 17.902 460.044
  52 0.515 20.904 463.346
  53 0.525 21.726 423.136
  54 0.535 21.372 404.447
  55 0.545 21.28 391.671
  56 0.555 21.636 406.338
  57 0.565 21.938 411.321
  58 0.575 22 381.051
  59 0.585 22 379.985
  60 0.595 21.982 355.156
  61 0.605 21.12 369.052
  62 0.615 18.848 362.098
  63 0.625 18.538 377.234
  64 0.635 21.532 352.003
  65 0.645 21.98 375.129
  66 0.655 22 359.425
  67 0.665 21.974 358.463
  68 0.675 21.924 350.015
  69 0.685 21.72 356.957
  70 0.695 21.186 342.448
  71 0.705 21.392 337.235
  72 0.715 21.78 323.377
  73 0.725 21.34 315.522
  74 0.735 18.622 339.281
  75 0.745 17.442 333.603
  76 0.755 20.682 321.376
  77 0.765 21.816 299.994
  78 0.775 21.664 273.527
  79 0.785 21.028 279.392
  80 0.795 21.562 279.42
  81 0.805 21.888 282.542
  82 0.815 21.98 275.209
  83 0.825 22 260.528
  84 0.835 22 276.461
  85 0.845 21.908 263.978
  86 0.855 20.992 266.746
  87 0.865 18.272 263.569
  88 0.875 19.254 251.33
  89 0.885 21.612 250.562
  90 0.895 21.962 240.76
  91 0.905 22 239.995
  92 0.915 22 241.112
  93 0.925 21.992 240.822
  94 0.935 21.892 217.786
  95 0.945 21.392 214.566
  96 0.955 21.08 225.241
  97 0.965 21.668 222.137
  98 0.975 21.93 215.75
  99 0.985 21.164 203.008
  100 0.995 17.614 183.797
130000 100 2112.0000000000005
  1 0.005 17.532 188.764
  2 0.015 21.312 200.504
  3 0.025 21.956 206.167
  4 0.035 21.66 211.098
  5 0.045 20.986 231.354
  6 0.055 21.518 221.854
  7 0.065 21.868 235.388
  8 0.075 21.998 238.918
  9 0.085 22 261.828
  10 0.095 22 243.882
  11 0.105 21.982 232.456
  12 0.115 21.308 239.754
  13 0.125 18.528 259.946
  14 0.135 18.784 272.041
  15 0.145 21.4 265.652
  16 0.155 21.998 261.329
  17 0.165 22 261.791
  18 0.175 21.996 277.033
  19 0.185 21.998 288.037
  20 0.195 21.766 287.291
  21 0.205 21.454 278.376
  22 0.215 21.106 281.897
  23 0.225 21.738 284.299
  24 0.235 21.698 297.357
  25 0.245 19.988 303.921
  26 0.255 17.274 309.28
  27 0.265 19.364 304.561
  28 0.275 21.62 312.949
  29 0.285 21.732 313.233
  30 0.295 21.268 329.975
  31 0.305 21.292 346.434
  32 0.315 21.776 348.912
  33 0.325 21.93 346.017
  34 0.335 22 333.617
  35 0.345 22 343.206
  36 0.355 21.962 341.57
  37 0.365 21.17 347.355
  38 0.375 18.892 356.403
  39 0.385 18.776 372.971
  40 0.395 21.224 380.752
  41 0.405 21.976 387.986
  42 0.415 22 401.678
  43 0.425 22 407.678
  44 0.435 21.9 378.095
  45 0.445 21.572 395.888
  46 0.455 21.464 396.538
  47 0.465 21.308 410.56
  48 0.475 21.686 384.796
  49 0.485 20.984 397.562
  50 0.495 18.178 419.446
  51 0.505 18.098 417.556
  52 0.515 20.854 412.903
  53 0.525 21.76 408.562
  54 0.535 21.396 399.738
  55 0.545 21.212 390.074
  56 0.555 21.694 407.34
  57 0.565 21.906 380.842
  58 0.575 21.988 382.742
  59 0.585 22 373.968
  60 0.595 21.888 380.47
  61 0.605 21.258 350.955
  62 0.615 18.804 354.705
  63 0.625 18.902 359.609
  64 0.635 21.19 353.937
  65 0.645 21.962 335.278
  66 0.655 21.996 339.047
  67 0.665 21.994 351.824
  68 0.675 21.964 350.074
  69 0.685 21.732 333.717
  70 0.695 21.276 324.142
  71 0.705 21.324 338.016
  72 0.715 21.712 324.725
  73 0.725 21.558 327.33
  74 0.735 19.298 315.366
  75 0.745 17.214 335.011
  76 0.755 20.074 339.663
  77 0.765 21.828 310.709
  78 0.775 21.664 315.152
  79 0.785 21.164 312.671
  80 0.795 21.344 322.721
  81 0.805 21.876 296.495
  82 0.815 21.978 281.92
  83 0.825 22 270.776
  84 0.835 22 262.305
  85 0.845 21.916 263.67
  86 0.855 21.238 264.208
  87 0.865 18.95 255.689
  88 0.875 18.866 252.083
  89 0.885 21.076 260.089
  90 0.895 21.954 254.544
  91 0.905 22 249.037
  92 0.915 22 253.495
  93 0.925 21.996 226.921
  94 0.935 21.904 209.214
  95 0.945 21.476 216.08
  96 0.955 21.11 205.636
  97 0.965 21.598 204.446
  98 0.975 21.914 201.326
  99 0.985 21.308 190.868
  100 0.995 17.864 193.536
135000 100 2112.0000000000005
  1 0.005 17.72 178.828
  2 0.015 21.368 185.639
  3 0.025 21.944 211.938
  4 0.035 21.712 221.369
  5 0.045 21.028 239.497
  6 0.055 21.416 225.555
  7 0.065 21.908 241.614
  8 0.075 21.99 238.335
  9 0.085 22 249.055
  10 0.095 22 241.974
  11 0.105 22 243.899
  12 0.115 21.51 268.674
  13 0.125 18.878 271.558
  14 0.135 18.488 279.65
  15 0.145 21.206 271.002
  16 0.155 21.918 274.211
  17 0.165 22 293.008
  18 0.175 21.996 317.505
  19 0.185 21.976 313.741
  20 0.195 21.836 311.347
  21 0.205 21.422 314.963
  22 0.215 21.164 281.688
  23 0.225 21.68 298.282
  24 0.235 21.752 306.383
  25 0.245 20.366 296.045
  26 0.255 17.216 304.949
  27 0.265 19.014 325.754
  28 0.275 21.57 330.788
  29 0.285 21.68 335.407
  30 0.295 21.256 316.836
  31 0.305 21.368 327.133
  32 0.315 21.746 330.559
  33 0.325 21.958 339.389
  34 0.335 22.002 332.778
  35 0.345 21.998 331.405
  36 0.355 21.982 347.579
  37 0.365 21.11 344.636
  38 0.375 18.788 340.609
  39 0.385 18.74 345.117
  40 0.395 21.482 355.558
  41 0.405 21.898 370.337
  42 0.415 22 357.943
  43 0.425 21.98 383.831
  44 0.435 21.922 369.709
  45 0.445 21.554 394.442
  46 0.455 21.38 407.995
  47 0.465 21.384 380.106
  48 0.475 21.718 380.5
  49 0.485 21.1 387.424
  50 0.495 18.136 417.172
  51 0.505 18.09 426.85
  52 0.515 20.81 446.512
  53 0.525 21.714 421.207
  54 0.535 21.412 422.037
  55 0.545 21.264 422.214
  56 0.555 21.648 374.55
  57 0.565 21.904 398.715
  58 0.575 21.984 400.166
  59 0.585 22 388.697
  60 0.595 21.99 377.819
  61 0.605 21.284 355.712
  62 0.615 18.972 355.379
  63 0.625 18.746 371.211
  64 0.635 21.062 356.87
  65 0.645 21.946 343.961
  66 0.655 22 341.299
  67 0.665 21.99 333.682
  68 0.675 21.944 335.846
  69 0.685 21.83 326.035
  70 0.695 21.238 324.799
  71 0.705 21.28 322.201
  72 0.715 21.734 331.998
  73 0.725 21.602 315.48
  74 0.735 19.318 301.771
  75 0.745 16.954 306.482
  76 0.755 20.262 322.83
  77 0.765 21.8 296.605
  78 0.775 21.606 293.723
  79 0.785 21.146 284.443
  80 0.795 21.442 289.161
  81 0.805 21.872 276.747
  82 0.815 21.982 281.665
  83 0.825 22 285.24
  84 0.835 21.996 277.433
  85 0.845 21.976 274.837
  86 0.855 21.198 265.758
  87 0.865 18.338 256.393
  88 0.875 19.156 254
  89 0.885 21.414 252.981
  90 0.895 21.922 245.778
  91 0.905 22 253.528
  92 0.915 22 250.504
  93 0.925 21.998 243.512
  94 0.935 21.864 230.159
  95 0.945 21.338 233.521
  96 0.955 21.192 218.407
  97 0.965 21.648 205.186
  98 0.975 21.948 205.73
  99 0.985 21.266 192.028
  100 0.995 17.66 184.426
140000 100 2112
  1 0.005 17.828 193.421
  2 0.015 21.258 190.63
  3 0.025 21.956 189.513
  4 0.035 21.642 203.411
  5 0.045 21.018 226.673
  6 0.055 21.466 238.148
  7 0.065 21.92 240.928
  8 0.075 21.986 258.206
  9 0.085 22 267.967
  10 0.095 22 247.174
  11 0.105 21.974 259.291
  12 0.115 21.344 260.483
  13 0.125 18.788 264.765
  14 0.135 18.542 252.432
  15 0.145 21.362 251.437
  16 0.155 21.99 246.78
  17 0.165 22 268.39
  18 0.175 21.996 288.226
  19 0.185 21.99 287.608
  20 0.195 21.878 303.112
  21 0.205 21.358 305.454
  22 0.215 21.244 313.415
  23 0.225 21.598 311.455
  24 0.235 21.822 325.826
  25 0.245 20.25 312.079
  26 0.255 17.394 339.742
  27 0.265 18.962 346.59
  28 0.275 21.524 333.85
  29 0.285 21.738 337.789
  30 0.295 21.312 332.94
  31 0.305 21.258 318.141
  32 0.315 21.682 317.282
  33 0.325 22.008 307.369
  34 0.335 21.986 314.916
  35 0.345 22 314.014
  36 0.355 21.956 320.237
  37 0.365 21.28 319.91
  38 0.375 19.338 347.186
  39 0.385 18.752 352.36
  40 0.395 20.814 365.007
  41 0.405 21.86 364.637
  42 0.415 22 399.085
  43 0.425 22 394.375
  44 0.435 21.948 380.134
  45 0.445 21.632 399.663
  46 0.455 21.382 386.85
  47 0.465 21.298 385.987
  48 0.475 21.696 387.827
  49 0.485 21.044 398.416
  50 0.495 18.37 408.292
  51 0.505 18.002 412.761
  52 0.515 20.696 429.087
  53 0.525 21.708 433.929
  54 0.535 21.35 415.706
  55 0.545 21.338 402.312
  56 0.555 21.65 414.013
  57 0.565 21.89 406.758
  58 0.575 21.996 390.95
  59 0.585 22 400.869
  60 0.595 21.928 401.793
  61 0.605 21.116 404.928
  62 0.615 18.684 378.901
  63 0.625 18.986 370.326
  64 0.635 21.312 361.341
  65 0.645 21.974 351.638
  66 0.655 21.996 343.498
  67 0.665 21.984 335.656
  68 0.675 21.982 326.821
  69 0.685 21.726 322.115
  70 0.695 21.156 330.851
  71 0.705 21.392 333.228
  72 0.715 21.752 300.274
  73 0.725 21.398 313.153
  74 0.735 18.508 314.219
  75 0.745 17.534 306.56
  76 0.755 20.632 283.939
  77 0.765 21.862 262.27
  78 0.775 21.582 274.038
  79 0.785 21.184 287.147
  80 0.795 21.452 285.521
  81 0.805 21.882 289.104
  82 0.815 21.978 285.419
  83 0.825 22 265.881
  84 0.835 21.99 268.314
  85 0.845 21.912 266.919
  86 0.855 21.324 260.975
  87 0.865 18.634 265.228
  88 0.875 18.846 257.037
  89 0.885 21.376 253.525
  90 0.895 21.918 243.128
  91 0.905 22 255.141
  92 0.915 22 252.307
  93 0.925 21.996 250.557
  94 0.935 21.836 235.355
  95 0.945 21.598 225.159
  96 0.955 21.006 234.951
  97 0.965 21.624 231.124
  98 0.975 21.916 229.655
  99 0.985 21.11 211.48
  100 0.995 17.84 201.267
145000 100 2112
  1 0.005 17.814 179.135
  2 0.015 21.342 195.289
  3 0.025 21.94 200.111
  4 0.035 21.608 211.7
  5 0.045 21.062 234.469
  6 0.055 21.424 231.784
  7 0.065 21.944 235.149
  8 0.075 21.994 240.379
  9 0.085 22 260.401
  10 0.095 22 263.902
  11 0.105 21.972 249.295
  12 0.115 21.436 251.796
  13 0.125 18.814 269.014
  14 0.135 18.664 260.518
  15 0.145 21.146 260.353
  16 0.155 21.968 272.312
  17 0.165 22 292.706
  18 0.175 22 293.652
  19 0.185 21.968 281.767
  20 0.195 21.906 298.337
  21 0.205 21.39 310.205
  22 0.215 21.232 309.328
  23 0.225 21.548 301.231
  24 0.235 21.744 298.268
  25 0.245 20.26 294.763
  26 0.255 17.54 288.683
  27 0.265 18.912 281.309
  28 0.275 21.502 301.515
  29 0.285 21.808 304.112
  30 0.295 21.272 321.268
  31 0.305 21.292 300.706
  32 0.315 21.678 324.121
  33 0.325 21.958 329.131
  34 0.335 21.99 359.499
  35 0.345 22 357.429
  36 0.355 21.948 353.326
  37 0.365 21.034 361.98
  38 0.375 18.822 375.174
  39 0.385 19.176 357.654
  40 0.395 21.154 370.552
  41 0.405 21.866 380.44
  42 0.415 22 379.263
  43 0.425 21.966 388.344
  44 0.435 21.972 405.496
  45 0.445 21.546 391.977
  46 0.455 21.288 404.492
  47 0.465 21.468 377.848
  48 0.475 21.68 407.026
  49 0.485 20.99 407.17
  50 0.495 18.02 413.784
  51 0.505 18.206 444.198
  52 0.515 20.96 414.142
  53 0.525 21.682 421.288
  54 0.535 21.358 393.388
  55 0.545 21.33 403.926
  56 0.555 21.64 400.317
  57 0.565 21.908 429.609
  58 0.575 21.986 445.208
  59 0.585 22 424.34
  60 0.595 21.804 394.166
  61 0.605 21.17 360.647
  62 0.615 18.596 361.968
  63 0.625 18.874 354.932
  64 0.635 21.594 340.897
  65 0.645 21.968 346.548
  66 0.655 21.994 336.128
  67 0.665 22 327.619
  68 0.675 21.94 332.291
  69 0.685 21.778 311.956
  70 0.695 21.232 315.846
  71 0.705 21.27 306.197
  72 0.715 21.756 320.75
  73 0.725 21.558 291.542
  74 0.735 18.946 295.734
  75 0.745 17.626 293.007
  76 0.755 20.104 308.862
  77 0.765 21.73 306.91
  78 0.775 21.606 293.494
  79 0.785 21.222 287.84
  80 0.795 21.36 287.395
  81 0.805 21.9 280.753
  82 0.815 21.972 296.789
  83 0.825 22 272.898
  84 0.835 22 255.68
  85 0.845 21.904 273.94
  86 0.855 21.128 270.21
  87 0.865 18.498 255.77
  88 0.875 19.208 255.006
  89 0.885 21.318 263.372
  90 0.895 21.944 257.978
  91 0.905 22 268.283
  92 0.915 22 245.201
  93 0.925 21.996 237.255
  94 0.935 21.916 227.283
  95 0.945 21.388 226.597
  96 0.955 21.146 227.426
  97 0.965 21.608 225.37
  98 0.975 21.912 220.493
  99 0.985 21.106 213.636
  100 0.995 17.8 190.263
150000 100 2112.0000000000005
  1 0.005 17.662 198.126
  2 0.015 20.9 200.817
  3 0.025 21.916 204.516
  4 0.035 21.672 218.688
  5 0.045 21.072 218.792
  6 0.055 21.374 237.995
  7 0.065 21.932 229.963
  8 0.075 21.982 239.186
  9 0.085 22 234.9
  10 0.095 22 238.23
  11 0.105 21.956 241.059
  12 0.115 21.556 226.189
  13 0.125 18.686 245.646
  14 0.135 18.702 257.996
  15 0.145 21.158 282.214
  16 0.155 21.942 279.517
  17 0.165 22 280.978
  18 0.175 22 279.271
  19 0.185 21.996 289.892
  20 0.195 21.778 302.128
  21 0.205 21.344 291.979
  22 0.215 21.222 289.658
  23 0.225 21.688 305.752
  24 0.235 21.78 314.901
  25 0.245 19.986 296.392
  26 0.255 17.332 304.343
  27 0.265 19.33 306.048
  28 0.275 21.524 319.869
  29 0.285 21.766 315.871
  30 0.295 21.182 332.916
  31 0.305 21.444 321.789
  32 0.315 21.686 334.832
  33 0.325 21.942 345.245
  34 0.335 22 348.749
  35 0.345 21.988 360.244
  36 0.355 21.94 356.251
  37 0.365 21.438 355.99
  38 0.375 18.466 369.9
  39 0.385 19.206 372.316
  40 0.395 21.062 353.426
  41 0.405 21.9 368.661
  42 0.415 22 334.366
  43 0.425 21.988 361.343
  44 0.435 21.9 404.454
  45 0.445 21.716 423.043
  46 0.455 21.218 439.712
  47 0.465 21.436 405.039
  48 0.475 21.638 392.267
  49 0.485 20.95 394.494
  50 0.495 18.208 435.475
  51 0.505 18.314 461.801
  52 0.515 20.712 454.608
  53 0.525 21.658 452.033
  54 0.535 21.372 423.313
  55 0.545 21.224 387.983
  56 0.555 21.722 397.303
  57 0.565 21.956 397.027
  58 0.575 21.988 386.397
  59 0.585 22 379.34
  60 0.595 21.93 390.743
  61 0.605 20.732 386.466
  62 0.615 18.596 377.662
  63 0.625 19.332 361.234
  64 0.635 21.438 362.924
  65 0.645 21.972 351.891
  66 0.655 22 340.668
  67 0.665 21.994 331.583
  68 0.675 21.966 300.742
  69 0.685 21.654 313.992
  70 0.695 21.31 316.058
  71 0.705 21.298 301.31
  72 0.715 21.788 304.669
  73 0.725 21.594 321.128
  74 0.735 18.898 306.32
  75 0.745 17.522 310.944
  76 0.755 20.138 295.294
  77 0.765 21.802 295.56
  78 0.775 21.636 299.115
  79 0.785 21.214 293.915
  80 0.795 21.404 291.905
  81 0.805 21.824 272.908
  82 0.815 21.958 263.699
  83 0.825 22 260.536
  84 0.835 22 250.593
  85 0.845 22 253.587
  86 0.855 21.438 253.219
  87 0.865 19.1 242.769
  88 0.875 18.83 248.856
  89 0.885 20.736 259.85
  90 0.895 21.902 262.753
  91 0.905 21.994 261.942
  92 0.915 22 254.793
  93 0.925 21.998 246.027
  94 0.935 21.912 240.547
  95 0.945 21.546 229.27
  96 0.955 21.08 236.752
  97 0.965 21.58 224.281
  98 0.975 21.856 224.414
  99 0.985 21.37 216.046
  100 0.995 18.148 220.956
155000 100 2112
  1 0.005 18.456 184.236
  2 0.015 21.23 190.854
  3 0.025 21.938 198.734
  4 0.035 21.548 211.821
  5 0.045 21.12 203.497
  6 0.055 21.494 214.742
  7 0.065 21.904 222.096
  8 0.075 21.978 223.494
  9 0.085 22 239.347
  10 0.095 22 241.693
  11 0.105 21.99 263.231
  12 0.115 21.618 264.228
  13 0.125 18.704 279.613
  14 0.135 18.44 273.546
  15 0.145 21.264 265.687
  16 0.155 21.992 270.068
  17 0.165 21.992 271.12
  18 0.175 22 266.831
  19 0.185 21.996 289.629
  20 0.195 21.83 279.649
  21 0.205 21.41 280.157
  22 0.215 21.248 285.016
  23 0.225 21.586 278.823
  24 0.235 21.854 288.874
  25 0.245 20.34 298.423
  26 0.255 17.526 298.511
  27 0.265 18.858 310.137
  28 0.275 21.35 325.274
  29 0.285 21.806 321.448
  30 0.295 21.286 317.644
  31 0.305 21.358 347.849
  32 0.315 21.61 359.302
  33 0.325 21.958 360.791
  34 0.335 21.984 346.612
  35 0.345 22 327.921
  36 0.355 21.898 340.54
  37 0.365 21.296 357.734
  38 0.375 18.94 348.589
  39 0.385 18.964 343.73
  40 0.395 21.036 353.328
  41 0.405 21.866 365.25
  42 0.415 22 370.095
  43 0.425 22 371.747
  44 0.435 21.872 370.271
  45 0.445 21.824 394.248
  46 0.455 21.15 427.627
  47 0.465 21.436 410.518
  48 0.475 21.652 410.035
  49 0.485 20.92 421.965
  50 0.495 18.374 448.993
  51 0.505 18.35 446.166
  52 0.515 20.576 453.105
  53 0.525 21.618 436.681
  54 0.535 21.35 430.215
  55 0.545 21.292 430.601
  56 0.555 21.712 427.108
  57 0.565 21.884 410.954
  58 0.575 21.99 386.968
  59 0.585 22 369.374
  60 0.595 21.922 361.023
  61 0.605 21.368 370.057
  62 0.615 18.762 354.833
  63 0.625 19.026 358.936
  64 0.635 20.974 347.944
  65 0.645 21.948 342.117
  66 0.655 22 330.034
  67 0.665 21.99 342.846
  68 0.675 21.964 340.168
  69 0.685 21.746 355.284
  70 0.695 21.3 358.164
  71 0.705 21.266 353.911
  72 0.715 21.744 330.275
  73 0.725 21.384 330.578
  74 0.735 18.892 308.555
  75 0.745 17.412 297.584
  76 0.755 20.408 287.007
  77 0.765 21.816 292.858
  78 0.775 21.66 303.244
  79 0.785 21.138 297.79
  80 0.795 21.412 276.199
  81 0.805 21.882 270.821
  82 0.815 21.986 282.677
  83 0.825 22 266.571
  84 0.835 22 270.156
  85 0.845 21.966 276.015
  86 0.855 20.854 284.695
  87 0.865 18.562 270.831
  88 0.875 19.338 270.122
  89 0.885 21.33 271.07
  90 0.895 21.968 239.498
  91 0.905 21.982 234.391
  92 0.915 22 245.502
  93 0.925 21.996 241.468
  94 0.935 21.822 226.15
  95 0.945 21.414 229.611
  96 0.955 21.216 217.126
  97 0.965 21.576 215.787
  98 0.975 21.93 215.267
  99 0.985 20.894 208.084
  100 0.995 17.484 203.432
160000 100 2112.0000000000005
  1 0.005 18.446 188.868
  2 0.015 21.284 180.784
  3 0.025 21.888 199.062
  4 0.035 21.594 199.797
  5 0.045 21.054 205.041
  6 0.055 21.53 218.137
  7 0.065 21.914 228.079
  8 0.075 22 223.51
  9 0.085 22 236.628
  10 0.095 22 255.372
  11 0.105 21.974 236.302
  12 0.115 21.376 241.4
  13 0.125 18.364 262.986
  14 0.135 18.85 265.059
  15 0.145 21.464 254.825
  16 0.155 21.972 265.58
  17 0.165 22 274.582
  18 0.175 22 278.946
  19 0.185 21.986 264.102
  20 0.195 21.82 279.476
  21 0.205 21.416 279.963
  22 0.215 21.212 271.553
  23 0.225 21.652 288.034
  24 0.235 21.856 300.592
  25 0.245 20.612 300.421
  26 0.255 17.454 288.647
  27 0.265 18.638 306.58
  28 0.275 21.358 331.684
  29 0.285 21.784 318.679
  30 0.295 21.352 338.034
  31 0.305 21.262 354.515
  32 0.315 21.686 359.14
  33 0.325 21.912 358.615
  34 0.335 22 347.631
  35 0.345 22 350.19
  36 0.355 22 351.771
  37 0.365 21.446 350.114
  38 0.375 19.206 354.164
  39 0.385 18.982 357.724
  40 0.395 20.646 351.506
  41 0.405 21.72 361.671
  42 0.415 22 351.946
  43 0.425 21.986 366.559
  44 0.435 21.944 363.501
  45 0.445 21.728 389.166
  46 0.455 21.382 434.17
  47 0.465 21.332 415.633
  48 0.475 21.608 427.756
  49 0.485 21.124 436.011
  50 0.495 18.496 419.81
  51 0.505 17.932 443.393
  52 0.515 20.57 429.026
  53 0.525 21.706 418.879
  54 0.535 21.446 417.24
  55 0.545 21.188 427.024
  56 0.555 21.68 388.736
  57 0.565 21.896 392.1
  58 0.575 21.984 391.847
  59 0.585 21.998 406.844
  60 0.595 21.834 391.755
  61 0.605 21.376 348.798
  62 0.615 18.766 344.836
  63 0.625 18.788 355.719
  64 0.635 21.276 371.958
  65 0.645 21.96 362.868
  66 0.655 22 362.562
  67 0.665 21.996 381.349
  68 0.675 21.916 373.271
  69 0.685 21.72 374.227
  70 0.695 21.188 347.893
  71 0.705 21.408 347.199
  72 0.715 21.736 323.844
  73 0.725 21.34 327.105
  74 0.735 18.572 318.17
  75 0.745 17.49 307.807
  76 0.755 20.682 306.841
  77 0.765 21.848 285.211
  78 0.775 21.592 284.935
  79 0.785 21.122 286.179
  80 0.795 21.524 271.863
  81 0.805 21.866 271.545
  82 0.815 22.002 272.23
  83 0.825 21.998 279.877
  84 0.835 22 278.532
  85 0.845 21.928 268.974
  86 0.855 20.89 259.679
  87 0.865 18.538 283.636
  88 0.875 19.412 280.482
  89 0.885 21.328 265.703
  90 0.895 21.914 250.122
  91 0.905 21.99 240.606
  92 0.915 22 241.546
  93 0.925 21.974 233.369
  94 0.935 21.822 224.619
  95 0.945 21.434 230.199
  96 0.955 21.14 231.557
  97 0.965 21.662 214.031
  98 0.975 21.934 200.578
  99 0.985 20.934 205.423
  100 0.995 17.39 205.663
165000 100 2112
  1 0.005 17.788 196.159
  2 0.015 21.418 187.854
  3 0.025 21.966 190.711
  4 0.035 21.552 204.92
  5 0.045 21.126 214.241
  6 0.055 21.456 228.844
  7 0.065 21.888 221.422
  8 0.075 22 223.571
  9 0.085 22 229.202
  10 0.095 22 244.195
  11 0.105 21.994 241.93
  12 0.115 21.622 261.756
  13 0.125 18.774 274.302
  14 0.135 18.554 272.289
  15 0.145 21.11 279.558
  16 0.155 21.946 293.217
  17 0.165 22 282.382
  18 0.175 22 269.439
  19 0.185 21.992 262.011
  20 0.195 21.864 268.476
  21 0.205 21.454 283.539
  22 0.215 21.204 284.74
  23 0.225 21.528 285.722
  24 0.235 21.868 293.148
  25 0.245 20.516 284.468
  26 0.255 17.342 282.065
  27 0.265 18.746 298.273
  28 0.275 21.482 301.6
  29 0.285 21.834 298.804
  30 0.295 21.318 306.998
  31 0.305 21.218 314.474
  32 0.315 21.678 338.65
  33 0.325 21.956 340.193
  34 0.335 22 336.799
  35 0.345 21.992 341.073
  36 0.355 21.972 351.045
  37 0.365 21.428 343.06
  38 0.375 18.678 342.919
  39 0.385 18.914 356.122
  40 0.395 21.202 357.661
  41 0.405 21.814 378.92
  42 0.415 22 384.944
  43 0.425 21.994 391.524
  44 0.435 21.94 393.647
  45 0.445 21.686 391.45
  46 0.455 21.29 418.771
  47 0.465 21.326 414.95
  48 0.475 21.734 414.776
  49 0.485 20.792 434.19
  50 0.495 18.31 454.841
  51 0.505 18.33 447.673
  52 0.515 20.674 465.432
  53 0.525 21.734 433.358
  54 0.535 21.348 414.196
  55 0.545 21.22 413.564
  56 0.555 21.706 377.044
  57 0.565 21.916 365.848
  58 0.575 22 364.569
  59 0.585 22 385.211
  60 0.595 21.984 384.95
  61 0.605 21.374 402.525
  62 0.615 18.518 394.457
  63 0.625 18.92 398.58
  64 0.635 21.246 373.105
  65 0.645 21.958 362.639
  66 0.655 22 359.591
  67 0.665 21.978 352.362
  68 0.675 21.966 346.893
  69 0.685 21.654 333.056
  70 0.695 21.268 315.677
  71 0.705 21.356 325.597
  72 0.715 21.78 332.763
  73 0.725 21.378 310.761
  74 0.735 18.874 315.876
  75 0.745 17.506 310.246
  76 0.755 20.372 309.414
  77 0.765 21.808 305.175
  78 0.775 21.544 279.925
  79 0.785 21.25 288.584
  80 0.795 21.426 282.862
  81 0.805 21.844 287.827
  82 0.815 21.996 293.76
  83 0.825 22 304.429
  84 0.835 22 303.597
  85 0.845 22 279.278
  86 0.855 21.13 274.497
  87 0.865 18.108 258.138
  88 0.875 19.398 242.237
  89 0.885 21.364 251.725
  90 0.895 22 250.817
  91 0.905 22 242.319
  92 0.915 22 234.352
  93 0.925 21.984 243.611
  94 0.935 21.86 245.274
  95 0.945 21.412 238
  96 0.955 21.224 232.205
  97 0.965 21.572 220.263
  98 0.975 21.932 204.225
  99 0.985 21.208 209.849
  100 0.995 17.614 203.245
170000 100 2112
  1 0.005 17.322 173.23
  2 0.015 21.5 185.753
  3 0.025 21.932 212.077
  4 0.035 21.672 213.674
  5 0.045 21.06 218.31
  6 0.055 21.388 232.57
  7 0.065 21.926 228.648
  8 0.075 21.998 225.451
  9 0.085 22 225.706
  10 0.095 22 239.753
  11 0.105 21.976 229.531
  12 0.115 21.46 249.489
  13 0.125 18.382 246.098
  14 0.135 18.784 251.55
  15 0.145 21.452 270.399
  16 0.155 21.946 280.48
  17 0.165 22 285.44
  18 0.175 21.992 286.545
  19 0.185 22.004 279.165
  20 0.195 21.656 282.872
  21 0.205 21.492 286.316
  22 0.215 21.264 283.344
  23 0.225 21.632 277.578
  24 0.235 21.808 285.884
  25 0.245 20.202 288.292
  26 0.255 17.01 290.3
  27 0.265 19.422 312.909
  28 0.275 21.508 325.03
  29 0.285 21.71 320.296
  30 0.295 21.302 330.439
  31 0.305 21.31 323.904
  32 0.315 21.78 324.406
  33 0.325 21.92 348.842
  34 0.335 21.988 355.403
  35 0.345 22 346.189
  36 0.355 21.848 369.191
  37 0.365 21.236 353.897
  38 0.375 18.764 364.161
  39 0.385 18.97 367.13
  40 0.395 21.272 377.376
  41 0.405 21.91 371.916
  42 0.415 22 369.657
  43 0.425 21.996 383.015
  44 0.435 21.922 382.516
  45 0.445 21.662 395.314
  46 0.455 21.232 421.887
  47 0.465 21.396 408.868
  48 0.475 21.72 416.238
  49 0.485 21.01 419.054
  50 0.495 18.01 429.489
  51 0.505 18.148 429.044
  52 0.515 20.934 436.184
  53 0.525 21.758 409.515
  54 0.535 21.436 372.472
  55 0.545 21.166 386.81
  56 0.555 21.634 384.355
  57 0.565 21.98 379.478
  58 0.575 21.998 376.231
  59 0.585 21.998 384.729
  60 0.595 21.902 389.745
  61 0.605 21.524 393.655
  62 0.615 18.632 398.362
  63 0.625 18.726 412.335
  64 0.635 21.32 373.588
  65 0.645 21.896 349.359
  66 0.655 22 349.104
  67 0.665 22 362.882
  68 0.675 21.944 362.015
  69 0.685 21.798 346.611
  70 0.695 21.224 334.311
  71 0.705 21.312 315.861
  72 0.715 21.736 307.883
  73 0.725 21.55 315.261
  74 0.735 19.272 321.309
  75 0.745 17.364 308.026
  76 0.755 20.012 309.774
  77 0.765 21.742 307.028
  78 0.775 21.584 299.852
  79 0.785 21.31 293.559
  80 0.795 21.372 296.628
  81 0.805 21.81 280.242
  82 0.815 21.97 284.437
  83 0.825 22 285.871
  84 0.835 22 277.322
  85 0.845 21.944 275.148
  86 0.855 21.298 281.721
  87 0.865 18.79 269.037
  88 0.875 18.874 250.527
  89 0.885 21.178 259.315
  90 0.895 21.916 265.695
  91 0.905 22 251.001
  92 0.915 22 258.203
  93 0.925 21.992 253.836
  94 0.935 21.886 249.935
  95 0.945 21.5 227.668
  96 0.955 21.146 225.877
  97 0.965 21.52 220.548
  98 0.975 21.954 198.492
  99 0.985 21.348 198.303
  100 0.995 17.856 196.391
175000 100 2112.0000000000005
  1 0.005 18.012 186.864
  2 0.015 21.484 190.121
  3 0.025 21.932 205.366
  4 0.035 21.522 214.028
  5 0.045 21.086 215.62
  6 0.055 21.52 214.667
  7 0.065 21.93 229.569
  8 0.075 21.992 240.948
  9 0.085 22 237.711
  10 0.095 22 230.117
  11 0.105 21.968 231.756
  12 0.115 21.61 253.812
  13 0.125 19.06 265.457
  14 0.135 18.354 271.275
  15 0.145 21.11 274.643
  16 0.155 21.898 285.472
  17 0.165 22 282.248
  18 0.175 22 272.596
  19 0.185 21.978 270.271
  20 0.195 21.876 282.438
  21 0.205 21.47 289.399
  22 0.215 21.222 274.782
  23 0.225 21.53 288.903
  24 0.235 21.836 296.269
  25 0.245 20.66 289.662
  26 0.255 17.528 285.735
  27 0.265 18.634 310.285
  28 0.275 21.282 321.752
  29 0.285 21.786 311.273
  30 0.295 21.392 326.866
  31 0.305 21.256 315.531
  32 0.315 21.61 333.815
  33 0.325 21.962 344.305
  34 0.335 21.978 336.405
  35 0.345 22 351.17
  36 0.355 21.984 352.74
  37 0.365 21.476 373.014
  38 0.375 18.774 395.771
  39 0.385 18.784 411.786
  40 0.395 21.04 413.797
  41 0.405 21.942 402.558
  42 0.415 22 404.543
  43 0.425 21.996 400.504
  44 0.435 21.876 375.846
  45 0.445 21.632 391.228
  46 0.455 21.444 397.138
  47 0.465 21.324 407.4
  48 0.475 21.642 437.81
  49 0.485 20.872 439.31
  50 0.495 18.002 427.824
  51 0.505 18.3 426.805
  52 0.515 20.96 425.953
  53 0.525 21.72 409.858
  54 0.535 21.34 376.84
  55 0.545 21.384 383.522
  56 0.555 21.586 376.999
  57 0.565 21.93 374.109
  58 0.575 21.992 378.417
  59 0.585 22 376.865
  60 0.595 21.96 367.742
  61 0.605 21.374 353.806
  62 0.615 18.784 349.562
  63 0.625 18.682 354.836
  64 0.635 21.25 356.312
  65 0.645 21.95 366.097
  66 0.655 22 360.364
  67 0.665 22 347.306
  68 0.675 21.906 354.021
  69 0.685 21.742 345.236
  70 0.695 21.268 330.761
  71 0.705 21.36 345.433
  72 0.715 21.702 345.243
  73 0.725 21.488 319.255
  74 0.735 18.894 328.231
  75 0.745 17.344 308.286
  76 0.755 20.436 304.238
  77 0.765 21.81 302.881
  78 0.775 21.576 293.492
  79 0.785 21.16 299.02
  80 0.795 21.48 286.808
  81 0.805 21.862 302.618
  82 0.815 21.972 299.306
  83 0.825 22 284.2
  84 0.835 22 279.58
  85 0.845 21.964 275.052
  86 0.855 20.834 281.138
  87 0.865 18.25 266.662
  88 0.875 19.45 249.308
  89 0.885 21.546 242.254
  90 0.895 21.956 233.791
  91 0.905 22 234.778
  92 0.915 22 237.797
  93 0.925 21.992 247.861
  94 0.935 21.866 236.55
  95 0.945 21.412 224.149
  96 0.955 21.064 222.326
  97 0.965 21.706 235.349
  98 0.975 21.916 220.495
  99 0.985 21.094 209.212
  100 0.995 17.472 202.382
180000 100 2111.9999999999995
  1 0.005 17.742 194.445
  2 0.015 21.49 181.756
  3 0.025 21.97 202.658
  4 0.035 21.628 204.151
  5 0.045 21.04 214.687
  6 0.055 21.49 216.018
  7 0.065 21.874 232.384
  8 0.075 21.988 246.374
  9 0.085 22 270.294
  10 0.095 22 263.261
  11 0.105 21.98 259.685
  12 0.115 21.448 253.338
  13 0.125 18.95 254.773
  14 0.135 18.326 268.879
  15 0.145 21.322 276.271
  16 0.155 21.986 269.148
  17 0.165 21.988 284.339
  18 0.175 22 287.9
  19 0.185 21.974 270.252
  20 0.195 21.84 285.846
  21 0.205 21.446 290.676
  22 0.215 21.192 292.828
  23 0.225 21.598 301.577
  24 0.235 21.844 290.451
  25 0.245 20.314 296.448
  26 0.255 17.642 298.43
  27 0.265 18.794 299.125
  28 0.275 21.406 300.274
  29 0.285 21.74 319.333
  30 0.295 21.396 329.117
  31 0.305 21.166 346.293
  32 0.315 21.764 336.203
  33 0.325 21.89 343.579
  34 0.335 21.996 336.968
  35 0.345 21.998 358.183
  36 0.355 22 349.669
  37 0.365 21.346 333.963
  38 0.375 19.448 336.292
  39 0.385 18.624 353.668
  40 0.395 20.78 376.757
  41 0.405 21.802 365.963
  42 0.415 22 375.757
  43 0.425 21.99 377.413
  44 0.435 21.888 379.357
  45 0.445 21.75 399.825
  46 0.455 21.376 412.98
  47 0.465 21.264 435.355
  48 0.475 21.744 411.161
  49 0.485 21.076 419.15
  50 0.495 18.306 465.844
  51 0.505 18.038 456.879
  52 0.515 20.674 465.586
  53 0.525 21.648 455.365
  54 0.535 21.264 386.252
  55 0.545 21.392 380.529
  56 0.555 21.658 380.92
  57 0.565 21.932 385.194
  58 0.575 22 380.491
  59 0.585 22 382.037
  60 0.595 21.95 372.079
  61 0.605 21.134 362.466
  62 0.615 18.556 370.764
  63 0.625 18.9 367.671
  64 0.635 21.496 380.136
  65 0.645 21.964 333.043
  66 0.655 22 343.187
  67 0.665 21.998 351.391
  68 0.675 21.916 340.428
  69 0.685 21.65 362.545
  70 0.695 21.288 338.206
  71 0.705 21.332 341.116
  72 0.715 21.802 344.213
  73 0.725 21.232 304.711
  74 0.735 18.646 303.054
  75 0.745 17.75 282.882
  76 0.755 20.534 299.307
  77 0.765 21.752 300.882
  78 0.775 21.538 294.849
  79 0.785 21.24 299.329
  80 0.795 21.5 300.908
  81 0.805 21.842 302.584
  82 0.815 21.98 307.136
  83 0.825 22 307.449
  84 0.835 22 287.835
  85 0.845 21.962 271.649
  86 0.855 20.798 273.444
  87 0.865 18.606 265.321
  88 0.875 19.296 265.316
  89 0.885 21.424 266.84
  90 0.895 21.93 249.88
  91 0.905 21.984 244.57
  92 0.915 22 230.193
  93 0.925 22 212.193
  94 0.935 21.914 226.227
  95 0.945 21.314 234.778
  96 0.955 21.128 222.513
  97 0.965 21.682 208.201
  98 0.975 21.95 208.339
  99 0.985 21.258 193.99
  100 0.995 17.532 209.667
185000 100 2112
  1 0.005 18.008 198.974
  2 0.015 21.356 188.585
  3 0.025 21.968 208.614
  4 0.035 21.522 200.829
  5 0.045 21.124 198.288
  6 0.055 21.454 208.767
  7 0.065 21.918 233.152
  8 0.075 21.998 244.529
  9 0.085 22 249.688
  10 0.095 22 260.453
  11 0.105 22 260.794
  12 0.115 21.484 261.865
  13 0.125 18.868 276.425
  14 0.135 18.77 278.752
  15 0.145 20.932 271.231
  16 0.155 21.946 276.109
  17 0.165 22 291.634
  18 0.175 22 277.846
  19 0.185 21.982 284.043
  20 0.195 21.736 284.609
  21 0.205 21.642 269.983
  22 0.215 21.158 292.775
  23 0.225 21.524 298.048
  24 0.235 21.74 300.307
  25 0.245 20.384 300.823
  26 0.255 17.59 313.307
  27 0.265 18.886 306.317
  28 0.275 21.382 304.827
  29 0.285 21.694 337.199
  30 0.295 21.34 336.921
  31 0.305 21.29 346.817
  32 0.315 21.672 335.952
  33 0.325 21.98 359.471
  34 0.335 22 366.525
  35 0.345 22 372.739
  36 0.355 21.922 376.024
  37 0.365 21.032 354.377
  38 0.375 18.57 352.052
  39 0.385 19.202 346.889
  40 0.395 21.338 357.444
  41 0.405 21.938 361.307
  42 0.415 21.998 367.401
  43 0.425 21.99 372.478
  44 0.435 21.854 393.254
  45 0.445 21.654 372.114
  46 0.455 21.272 409.287
  47 0.465 21.38 390.385
  48 0.475 21.774 418.034
  49 0.485 20.828 404.419
  50 0.495 17.872 439.336
  51 0.505 18.554 457.258
  52 0.515 20.868 455.843
  53 0.525 21.73 423.638
  54 0.535 21.39 411.116
  55 0.545 21.254 433.905
  56 0.555 21.614 417.458
  57 0.565 21.986 385.392
  58 0.575 21.98 366.834
  59 0.585 22 357.418
  60 0.595 21.954 339.141
  61 0.605 21.342 339.883
  62 0.615 18.954 350.223
  63 0.625 18.694 356.764
  64 0.635 21.102 344.086
  65 0.645 21.964 346.54
  66 0.655 21.99 345.973
  67 0.665 21.994 333.881
  68 0.675 21.93 318.968
  69 0.685 21.732 338.957
  70 0.695 21.382 341.394
  71 0.705 21.276 349.675
  72 0.715 21.686 349.099
  73 0.725 21.372 323.518
  74 0.735 19.298 337.163
  75 0.745 17.422 316.657
  76 0.755 20.074 303.898
  77 0.765 21.786 300.509
  78 0.775 21.612 308.844
  79 0.785 21.28 309.106
  80 0.795 21.37 297.341
  81 0.805 21.792 292.448
  82 0.815 21.994 284.038
  83 0.825 22 280.883
  84 0.835 22 274.914
  85 0.845 21.94 269.213
  86 0.855 21.092 255.024
  87 0.865 18.818 262.398
  88 0.875 19.014 256.313
  89 0.885 21.18 275.209
  90 0.895 21.956 253.558
  91 0.905 22 261.719
  92 0.915 22 243.705
  93 0.925 21.98 232.498
  94 0.935 21.886 230.068
  95 0.945 21.36 233.3
  96 0.955 21.23 232.282
  97 0.965 21.598 219.016
  98 0.975 21.94 205.859
  99 0.985 21.272 201.553
  100 0.995 17.386 213.427
190000 100 2112.0000000000005
  1 0.005 17.534 183.67
  2 0.015 21.198 188.115
  3 0.025 21.956 209.877
  4 0.035 21.656 203.409
  5 0.045 21.026 225.082
  6 0.055 21.426 210.743
  7 0.065 21.916 229.436
  8 0.075 21.992 227.886
  9 0.085 22 236.591
  10 0.095 22 267.448
  11 0.105 21.994 285.523
  12 0.115 21.362 272.24
  13 0.125 18.478 272.396
  14 0.135 19.006 281.33
  15 0.145 21.234 291.16
  16 0.155 21.936 302.437
  17 0.165 21.99 291.486
  18 0.175 21.992 278.212
  19 0.185 22 283.511
  20 0.195 21.734 275.535
  21 0.205 21.368 286.347
  22 0.215 21.318 305.468
  23 0.225 21.614 306.937
  24 0.235 21.488 311.043
  25 0.245 19.778 326.547
  26 0.255 17.98 308.722
  27 0.265 19.186 314.396
  28 0.275 21.53 321.672
  29 0.285 21.71 320.166
  30 0.295 21.208 315.459
  31 0.305 21.422 321.322
  32 0.315 21.762 347.639
  33 0.325 21.918 340.61
  34 0.335 21.992 366.2
  35 0.345 22 361.316
  36 0.355 21.906 354.16
  37 0.365 21.164 383.189
  38 0.375 18.598 378.311
  39 0.385 19.046 369.214
  40 0.395 21.45 382.704
  41 0.405 21.836 391.21
  42 0.415 22 371.076
  43 0.425 21.99 380.917
  44 0.435 21.932 384.022
  45 0.445 21.594 378.48
  46 0.455 21.374 386.052
  47 0.465 21.282 369.077
  48 0.475 21.808 390.278
  49 0.485 20.916 407.296
  50 0.495 18.042 430.345
  51 0.505 18.03 415.923
  52 0.515 21.06 410.224
  53 0.525 21.72 413.588
  54 0.535 21.352 399.111
  55 0.545 21.322 388.017
  56 0.555 21.654 425.091
  57 0.565 21.924 438.199
  58 0.575 22 417.98
  59 0.585 22 373.578
  60 0.595 21.99 369.796
  61 0.605 21.06 374.402
  62 0.615 18.812 349.437
  63 0.625 18.856 338.695
  64 0.635 21.388 344.957
  65 0.645 21.894 363.705
  66 0.655 22 355.57
  67 0.665 21.996 328.844
  68 0.675 21.928 327.123
  69 0.685 21.764 333.653
  70 0.695 21.264 330.508
  71 0.705 21.344 313.658
  72 0.715 21.686 306.569
  73 0.725 21.51 318.766
  74 0.735 19.4 282.697
  75 0.745 17.354 285.24
  76 0.755 19.972 290.567
  77 0.765 21.726 293.325
  78 0.775 21.738 286.59
  79 0.785 21.202 295.64
  80 0.795 21.356 302.48
  81 0.805 21.774 301.018
  82 0.815 21.994 300.09
  83 0.825 21.992 285.663
  84 0.835 22 288.396
  85 0.845 21.928 274.658
  86 0.855 21.148 282.575
  87 0.865 19.242 273.188
  88 0.875 18.766 277.645
  89 0.885 20.98 270.707
  90 0.895 21.936 238.498
  91 0.905 22 223.317
  92 0.915 22 225.171
  93 0.925 21.982 229.209
  94 0.935 21.868 234.137
  95 0.945 21.544 241.139
  96 0.955 21.208 242.529
  97 0.965 21.438 239.93
  98 0.975 21.936 209.108
  99 0.985 21.316 211.134
  100 0.995 18.004 197.96
195000 100 2112
  1 0.005 17.808 179.588
  2 0.015 21.43 173.13
  3 0.025 21.966 192.663
  4 0.035 21.62 204.288
  5 0.045 21.008 216.122
  6 0.055 21.534 209.016
  7 0.065 21.866 241.627
  8 0.075 21.998 238.126
  9 0.085 22 235.659
  10 0.095 22 232.613
  11 0.105 21.988 243.623
  12 0.115 21.486 262.084
  13 0.125 19.024 271.87
  14 0.135 18.496 272.55
  15 0.145 21.06 279.451
  16 0.155 21.946 283.858
  17 0.165 22 302.081
  18 0.175 21.998 313.752
  19 0.185 21.996 317.839
  20 0.195 21.818 302.969
  21 0.205 21.358 301.321
  22 0.215 21.314 307.248
  23 0.225 21.584 320.085
  24 0.235 21.638 309.744
  25 0.245 20.102 343.738
  26 0.255 17.418 325.211
  27 0.265 19.278 312.991
  28 0.275 21.516 316.098
  29 0.285 21.658 324.485
  30 0.295 21.28 311.935
  31 0.305 21.404 312.279
  32 0.315 21.74 333.94
  33 0.325 21.898 328.923
  34 0.335 22 339.402
  35 0.345 22 327.173
  36 0.355 21.914 353.817
  37 0.365 21.07 355.097
  38 0.375 18.932 367.942
  39 0.385 19.098 369.99
  40 0.395 21.062 367.006
  41 0.405 21.924 383.169
  42 0.415 22 385.923
  43 0.425 21.98 410.095
  44 0.435 21.91 375.667
  45 0.445 21.726 380.676
  46 0.455 21.146 410.024
  47 0.465 21.4 393.045
  48 0.475 21.784 397.442
  49 0.485 20.95 411.987
  50 0.495 17.948 393.668
  51 0.505 18.256 439.673
  52 0.515 20.938 439.619
  53 0.525 21.736 436.064
  54 0.535 21.336 430.904
  55 0.545 21.268 420.001
  56 0.555 21.726 399.442
  57 0.565 21.908 404.29
  58 0.575 21.988 408.672
  59 0.585 21.984 387.787
  60 0.595 21.942 367.224
  61 0.605 21.4 344.672
  62 0.615 18.824 331.9
  63 0.625 18.646 343.045
  64 0.635 21.23 333.645
  65 0.645 21.974 340.771
  66 0.655 22 343.696
  67 0.665 21.996 351.471
  68 0.675 21.96 349.137
  69 0.685 21.786 337.863
  70 0.695 21.242 334.492
  71 0.705 21.388 337.515
  72 0.715 21.638 331.594
  73 0.725 21.358 325.107
  74 0.735 19.51 310.633
  75 0.745 17.438 300.647
  76 0.755 19.852 303.507
  77 0.765 21.776 308.309
  78 0.775 21.588 315.642
  79 0.785 21.232 308.468
  80 0.795 21.488 289.87
  81 0.805 21.766 285.366
  82 0.815 21.99 274.454
  83 0.825 21.992 274.332
  84 0.835 22 262.337
  85 0.845 21.952 259.302
  86 0.855 21.202 256.376
  87 0.865 18.65 259.714
  88 0.875 18.904 262.95
  89 0.885 21.374 235.307
  90 0.895 21.918 240.825
  91 0.905 22 257.812
  92 0.915 21.994 258.034
  93 0.925 21.99 251.316
  94 0.935 21.838 250.13
  95 0.945 21.448 231.792
  96 0.955 21.168 227.252
  97 0.965 21.612 229.848
  98 0.975 21.924 223.502
  99 0.985 21.206 211.53
  100 0.995 17.59 194.289
200000 100 2111.9999999999995
  1 0.005 17.458 183.611
  2 0.015 21.39 180.479
  3 0.025 21.918 200.744
  4 0.035 21.674 207.66
  5 0.045 21.158 215.077
  6 0.055 21.376 225.329
  7 0.065 21.852 241.713
  8 0.075 22.004 250.343
  9 0.085 21.992 244.655
  10 0.095 22 240.851
  11 0.105 22 258.371
  12 0.115 21.472 257.472
  13 0.125 18.88 285.008
  14 0.135 18.848 290.824
  15 0.145 20.884 285.366
  16 0.155 21.93 276.401
  17 0.165 21.986 269.493
  18 0.175 22 265.555
  19 0.185 21.96 277.713
  20 0.195 21.886 316.86
  21 0.205 21.41 303.486
  22 0.215 21.226 294.417
  23 0.225 21.594 294.733
  24 0.235 21.702 290.449
  25 0.245 20.536 323.115
  26 0.255 17.706 319.399
  27 0.265 18.65 313.647
  28 0.275 21.35 298.185
  29 0.285 21.794 322.818
  30 0.295 21.43 319.696
  31 0.305 21.124 315.425
  32 0.315 21.676 313.723
  33 0.325 21.966 326.568
  34 0.335 21.99 336.791
  35 0.345 22 357.578
  36 0.355 21.924 369.056
  37 0.365 21.386 358.582
  38 0.375 19.492 375.924
  39 0.385 18.524 380.681
  40 0.395 20.748 378.467
  41 0.405 21.926 386.925
  42 0.415 22 383.267
  43 0.425 21.986 391.568
  44 0.435 21.92 395.298
  45 0.445 21.648 411.064
  46 0.455 21.366 428.263
  47 0.465 21.358 431.389
  48 0.475 21.706 423.803
  49 0.485 20.992 404.089
  50 0.495 18.182 425.205
  51 0.505 18.07 446.203
  52 0.515 20.826 447.751
  53 0.525 21.634 412.028
  54 0.535 21.53 405.079
  55 0.545 21.15 414.124
  56 0.555 21.712 427.937
  57 0.565 21.944 410.416
  58 0.575 21.976 388.259
  59 0.585 22 371.786
  60 0.595 21.916 377.238
  61 0.605 20.882 385.778
  62 0.615 18.436 371.171
  63 0.625 19.266 342.679
  64 0.635 21.556 350.054
  65 0.645 21.944 347.673
  66 0.655 21.996 333.123
  67 0.665 22 334.372
  68 0.675 21.866 343.188
  69 0.685 21.77 342.715
  70 0.695 21.174 328.235
  71 0.705 21.434 318.393
  72 0.715 21.7 336.574
  73 0.725 20.856 332.207
  74 0.735 18.734 346.486
  75 0.745 18.036 310.299
  76 0.755 20.552 307.548
  77 0.765 21.774 292.309
  78 0.775 21.524 307.276
  79 0.785 21.22 293.366
  80 0.795 21.478 294.259
  81 0.805 21.886 283.747
  82 0.815 22 263.824
  83 0.825 22 254.386
  84 0.835 22 271.418
  85 0.845 21.978 263.435
  86 0.855 21.16 258.729
  87 0.865 18.476 240.282
  88 0.875 19.1 237.718
  89 0.885 21.298 253.023
  90 0.895 21.988 238.847
  91 0.905 22 237.053
  92 0.915 22 242.801
  93 0.925 21.984 242.954
  94 0.935 21.904 242.408
  95 0.945 21.508 225.28
  96 0.955 21.086 223.026
  97 0.965 21.564 229.386
  98 0.975 21.932 213.464
  99 0.985 21.34 206.993
  100 0.995 17.86 199.809
205000 100 2112
  1 0.005 17.814 186.137
  2 0.015 21.564 194.345
  3 0.025 21.932 209.89
  4 0.035 21.528 220.192
  5 0.045 21.198 228.715
  6 0.055 21.46 222.569
  7 0.065 21.872 233.957
  8 0.075 21.992 226.613
  9 0.085 22 240.713
  10 0.095 22 252.775
  11 0.105 21.954 260.047
  12 0.115 21.214 243.373
  13 0.125 19.312 240.076
  14 0.135 18.42 255.429
  15 0.145 21.106 256.246
  16 0.155 22.008 265.704
  17 0.165 21.986 276.277
  18 0.175 22 282.816
  19 0.185 21.96 294.18
  20 0.195 21.8 292.532
  21 0.205 21.51 296.312
  22 0.215 21.252 294.181
  23 0.225 21.534 304.392
  24 0.235 21.608 303.523
  25 0.245 20.316 300.834
  26 0.255 17.694 309.526
  27 0.265 18.926 311.181
  28 0.275 21.42 305.82
  29 0.285 21.642 301.678
  30 0.295 21.416 325.923
  31 0.305 21.316 324.225
  32 0.315 21.744 337.789
  33 0.325 21.866 334.038
  34 0.335 21.996 325.168
  35 0.345 22 316.042
  36 0.355 21.934 340.447
  37 0.365 21.15 355.988
  38 0.375 19.032 391.354
  39 0.385 19.074 410.017
  40 0.395 20.936 395.574
  41 0.405 21.874 382.335
  42 0.415 22 399.093
  43 0.425 21.992 408.795
  44 0.435 21.86 398.522
  45 0.445 21.722 415.848
  46 0.455 21.276 420.363
  47 0.465 21.332 440.563
  48 0.475 21.78 426.214
  49 0.485 20.76 435.456
  50 0.495 18.072 445.838
  51 0.505 18.216 454.262
  52 0.515 21.014 423.925
  53 0.525 21.716 423.364
  54 0.535 21.378 371.988
  55 0.545 21.27 390.925
  56 0.555 21.696 398.99
  57 0.565 21.916 393.962
  58 0.575 22 412.992
  59 0.585 22 383.608
  60 0.595 21.942 397.735
  61 0.605 21.322 380.888
  62 0.615 18.996 377.63
  63 0.625 18.812 371.127
  64 0.635 21.05 377.034
  65 0.645 21.878 359.355
  66 0.655 22 364.535
  67 0.665 22 345.193
  68 0.675 21.956 331.641
  69 0.685 21.666 312.974
  70 0.695 21.376 302.178
  71 0.705 21.182 304.381
  72 0.715 21.774 301.387
  73 0.725 21.448 299.485
  74 0.735 19.202 316.838
  75 0.745 17.658 307.337
  76 0.755 19.948 318.734
  77 0.765 21.746 278.43
  78 0.775 21.532 289.571
  79 0.785 21.286 294.559
  80 0.795 21.506 313.743
  81 0.805 21.762 298.449
  82 0.815 21.96 285.389
  83 0.825 21.998 261.923
  84 0.835 22 260.729
  85 0.845 21.894 275.918
  86 0.855 21.076 256.353
  87 0.865 18.85 257.295
  88 0.875 19.212 249.318
  89 0.885 21.012 261.566
  90 0.895 21.966 243.611
  91 0.905 21.99 251.638
  92 0.915 21.998 253.904
  93 0.925 21.984 252.982
  94 0.935 21.842 257.333
  95 0.945 21.478 229.124
  96 0.955 21.174 219.36
  97 0.965 21.574 221.01
  98 0.975 21.926 220.048
  99 0.985 21.268 204.583
  100 0.995 17.396 198.438
210000 100 2111.9999999999995
  1 0.005 18.268 186.534
  2 0.015 21.4 191.174
  3 0.025 21.938 204.179
  4 0.035 21.53 205.545
  5 0.045 21.088 210.959
  6 0.055 21.49 217.774
  7 0.065 21.952 231.518
  8 0.075 21.994 231.149
  9 0.085 22 234.496
  10 0.095 22 237.82
  11 0.105 21.916 240.265
  12 0.115 20.996 224.646
  13 0.125 18.786 248.513
  14 0.135 19.028 242.361
  15 0.145 21.278 254.569
  16 0.155 21.996 256.504
  17 0.165 22 258.354
  18 0.175 22 260.365
  19 0.185 21.96 276.773
  20 0.195 21.83 278.114
  21 0.205 21.36 290.602
  22 0.215 21.356 274.931
  23 0.225 21.56 290.307
  24 0.235 21.59 299.521
  25 0.245 19.92 313.362
  26 0.255 18.012 295.758
  27 0.265 19.088 304.188
  28 0.275 21.366 313.125
  29 0.285 21.684 332.206
  30 0.295 21.276 312.405
  31 0.305 21.39 322.503
  32 0.315 21.694 320.116
  33 0.325 21.942 310.916
  34 0.335 21.972 334.336
  35 0.345 21.99 335.201
  36 0.355 21.994 352.707
  37 0.365 21.342 351.396
  38 0.375 19.05 345.008
  39 0.385 18.918 356.926
  40 0.395 20.814 370.969
  41 0.405 21.892 383.645
  42 0.415 22 403.771
  43 0.425 21.984 404.64
  44 0.435 21.922 422.528
  45 0.445 21.814 409.014
  46 0.455 21.234 424.942
  47 0.465 21.288 443.955
  48 0.475 21.714 420.34
  49 0.485 21.082 443.316
  50 0.495 18.066 474.588
  51 0.505 18.04 486.639
  52 0.515 20.93 458.099
  53 0.525 21.678 444.039
  54 0.535 21.34 434.055
  55 0.545 21.302 411.606
  56 0.555 21.708 433.97
  57 0.565 21.898 422.044
  58 0.575 22 408.205
  59 0.585 21.996 381.845
  60 0.595 21.948 381.341
  61 0.605 21.126 358.739
  62 0.615 18.366 376.715
  63 0.625 19.18 366.201
  64 0.635 21.468 343.573
  65 0.645 21.918 328.395
  66 0.655 21.998 336.882
  67 0.665 21.974 339.038
  68 0.675 21.9 316.693
  69 0.685 21.79 313.449
  70 0.695 21.322 318.946
  71 0.705 21.334 318.1
  72 0.715 21.67 304.784
  73 0.725 21.316 293.701
  74 0.735 19.494 304.591
  75 0.745 17.828 303.669
  76 0.755 19.722 309.41
  77 0.765 21.602 323.364
  78 0.775 21.594 336.572
  79 0.785 21.274 301.29
  80 0.795 21.392 300.203
  81 0.805 21.808 293.628
  82 0.815 21.992 284.65
  83 0.825 21.988 295.522
  84 0.835 22 300.588
  85 0.845 21.936 285.828
  86 0.855 21.042 282.96
  87 0.865 19.074 277.784
  88 0.875 19 260.02
  89 0.885 21.052 253.018
  90 0.895 21.896 244.429
  91 0.905 22 266.051
  92 0.915 21.992 259.68
  93 0.925 22.004 261.951
  94 0.935 21.836 254.189
  95 0.945 21.512 238.209
  96 0.955 21.132 236.324
  97 0.965 21.564 237.28
  98 0.975 21.926 216.897
  99 0.985 21.192 196.702
  100 0.995 17.182 187.433
215000 100 2112.0000000000005
  1 0.005 18.208 191.712
  2 0.015 21.654 176.087
  3 0.025 21.988 191.822
  4 0.035 21.54 198.316
  5 0.045 21.062 205.442
  6 0.055 21.484 206.703
  7 0.065 21.928 214.273
  8 0.075 21.998 226.115
  9 0.085 22 234.79
  10 0.095 22 235.467
  11 0.105 21.978 229.278
  12 0.115 21.508 229.997
  13 0.125 18.996 248.908
  14 0.135 18.508 261.474
  15 0.145 21.118 269.403
  16 0.155 21.892 274.394
  17 0.165 22 279.519
  18 0.175 22 286.269
  19 0.185 21.968 278.149
  20 0.195 21.828 294.871
  21 0.205 21.538 287.563
  22 0.215 21.094 289.473
  23 0.225 21.62 273.713
  24 0.235 21.822 278.311
  25 0.245 20.4 284.254
  26 0.255 17.532 303.019
  27 0.265 18.976 309.365
  28 0.275 21.224 336.934
  29 0.285 21.732 341.092
  30 0.295 21.394 322.317
  31 0.305 21.24 338.531
  32 0.315 21.688 350.638
  33 0.325 21.948 348.319
  34 0.335 21.996 327.571
  35 0.345 22 346.701
  36 0.355 21.98 337.186
  37 0.365 21.368 340.562
  38 0.375 19.102 338.638
  39 0.385 18.782 351.201
  40 0.395 20.948 354.748
  41 0.405 21.82 365.78
  42 0.415 22 364.772
  43 0.425 21.992 365.269
  44 0.435 21.956 389.383
  45 0.445 21.74 406.21
  46 0.455 21.278 414.945
  47 0.465 21.314 403.149
  48 0.475 21.738 406.306
  49 0.485 21.162 433.385
  50 0.495 18.378 457.859
  51 0.505 17.814 468.473
  52 0.515 20.682 474.698
  53 0.525 21.73 446.397
  54 0.535 21.49 412.057
  55 0.545 21.224 431.591
  56 0.555 21.568 430.346
  57 0.565 21.942 413.576
  58 0.575 21.992 423.687
  59 0.585 22 393.824
  60 0.595 21.912 378.359
  61 0.605 20.99 368.665
  62 0.615 18.902 385.552
  63 0.625 19.056 382.913
  64 0.635 21.222 368.008
  65 0.645 21.918 351.006
  66 0.655 22 358.363
  67 0.665 22 357.648
  68 0.675 21.912 352.594
  69 0.685 21.73 343.465
  70 0.695 21.274 332.995
  71 0.705 21.34 319.45
  72 0.715 21.716 333.818
  73 0.725 21.368 321.019
  74 0.735 19.128 321.274
  75 0.745 17.492 333.784
  76 0.755 20.192 318.053
  77 0.765 21.778 297.881
  78 0.775 21.644 310.464
  79 0.785 21.178 305.341
  80 0.795 21.412 310.935
  81 0.805 21.892 292.715
  82 0.815 21.944 299.4
  83 0.825 22 290.818
  84 0.835 22 282.333
  85 0.845 21.964 297.292
  86 0.855 20.85 270.933
  87 0.865 18.432 283.579
  88 0.875 19.29 267.086
  89 0.885 21.506 265.137
  90 0.895 21.958 240.1
  91 0.905 22 248.276
  92 0.915 22 238.305
  93 0.925 21.982 226.105
  94 0.935 21.866 234.597
  95 0.945 21.322 228.656
  96 0.955 21.182 228.68
  97 0.965 21.666 234.424
  98 0.975 21.954 220.942
  99 0.985 20.95 203.153
  100 0.995 17.216 194.562
220000 100 2111.9999999999995
  1 0.005 17.798 179.199
  2 0.015 21.728 168.33
  3 0.025 21.978 192.854
  4 0.035 21.582 202.527
  5 0.045 21.08 202.836
  6 0.055 21.438 229.238
  7 0.065 21.916 220.24
  8 0.075 22 220.234
  9 0.085 22 240.317
  10 0.095 22 249.274
  11 0.105 21.95 245.464
  12 0.115 21.334 249.062
  13 0.125 18.876 261.352
  14 0.135 18.766 265.131
  15 0.145 21.12 269.997
  16 0.155 21.954 271.231
  17 0.165 22 269.791
  18 0.175 22 274.734
  19 0.185 21.956 289.917
  20 0.195 21.884 298.873
  21 0.205 21.436 304.427
  22 0.215 21.178 295.582
  23 0.225 21.628 266.108
  24 0.235 21.722 279.551
  25 0.245 20.506 279.026
  26 0.255 18.086 299.178
  27 0.265 18.612 308.697
  28 0.275 21.078 321.201
  29 0.285 21.704 336.188
  30 0.295 21.386 332.616
  31 0.305 21.282 321.635
  32 0.315 21.654 324.101
  33 0.325 21.89 347.086
  34 0.335 21.998 341.674
  35 0.345 22 326.185
  36 0.355 21.984 325.035
  37 0.365 21.514 327.669
  38 0.375 19.336 342.533
  39 0.385 18.48 345.466
  40 0.395 20.858 337.866
  41 0.405 21.84 386.694
  42 0.415 21.988 369.277
  43 0.425 22 373.781
  44 0.435 21.964 379.26
  45 0.445 21.7 385.335
  46 0.455 21.25 413.699
  47 0.465 21.42 400.428
  48 0.475 21.664 412.037
  49 0.485 21.13 425.436
  50 0.495 18.594 426.91
  51 0.505 17.548 408.606
  52 0.515 20.822 394.96
  53 0.525 21.75 409.633
  54 0.535 21.334 431.959
  55 0.545 21.402 430.322
  56 0.555 21.57 421.626
  57 0.565 21.884 426.476
  58 0.575 21.968 439.413
  59 0.585 22 404.202
  60 0.595 21.946 393.032
  61 0.605 21.012 397.367
  62 0.615 18.676 400.921
  63 0.625 19.174 391.408
  64 0.635 21.236 384.851
  65 0.645 21.956 391.527
  66 0.655 21.996 375.995
  67 0.665 21.996 362.684
  68 0.675 21.906 351.295
  69 0.685 21.65 351.605
  70 0.695 21.214 373.235
  71 0.705 21.452 358.802
  72 0.715 21.69 331.74
  73 0.725 20.89 328.301
  74 0.735 18.598 309.657
  75 0.745 18.24 307.393
  76 0.755 20.476 315.696
  77 0.765 21.758 289.367
  78 0.775 21.562 305.931
  79 0.785 21.206 299.862
  80 0.795 21.484 290.256
  81 0.805 21.914 287.706
  82 0.815 21.974 312.235
  83 0.825 21.994 303.917
  84 0.835 22 300.349
  85 0.845 21.894 283.411
  86 0.855 20.824 276.548
  87 0.865 18.57 263.755
  88 0.875 19.31 271.61
  89 0.885 21.418 280.378
  90 0.895 21.984 275.525
  91 0.905 22 252.96
  92 0.915 22 242.653
  93 0.925 21.978 238.346
  94 0.935 21.832 229.807
  95 0.945 21.352 221.019
  96 0.955 21.234 212.148
  97 0.965 21.62 213.045
  98 0.975 21.95 211.093
  99 0.985 21.318 195.883
  100 0.995 17.196 190.778
225000 100 2111.9999999999995
  1 0.005 18.158 162.264
  2 0.015 21.738 163.294
  3 0.025 21.97 186.554
  4 0.035 21.596 194.429
  5 0.045 21.03 199.156
  6 0.055 21.52 209.999
  7 0.065 21.888 216.011
  8 0.075 21.99 227.889
  9 0.085 22 245.253
  10 0.095 22 236.594
  11 0.105 21.956 254.097
  12 0.115 21.394 248.143
  13 0.125 19.186 247.235
  14 0.135 18.364 259.152
  15 0.145 21.152 260.211
  16 0.155 21.964 282.792
  17 0.165 21.984 274.934
  18 0.175 22 282.69
  19 0.185 21.994 291.238
  20 0.195 21.79 291.127
  21 0.205 21.538 300.963
  22 0.215 21.146 305.062
  23 0.225 21.614 321.1
  24 0.235 21.694 329.198
  25 0.245 20.386 309.283
  26 0.255 17.758 311.49
  27 0.265 18.662 301.651
  28 0.275 21.412 303.276
  29 0.285 21.776 301.208
  30 0.295 21.254 285.999
  31 0.305 21.318 301.801
  32 0.315 21.682 307.735
  33 0.325 21.978 311.852
  34 0.335 21.998 317.626
  35 0.345 22 342.527
  36 0.355 21.934 343.771
  37 0.365 21.584 330.303
  38 0.375 19.214 320.538
  39 0.385 18.484 345.029
  40 0.395 20.854 331.96
  41 0.405 21.952 335.051
  42 0.415 21.978 352.177
  43 0.425 21.996 374.969
  44 0.435 21.918 438.95
  45 0.445 21.798 429.416
  46 0.455 21.272 434.917
  47 0.465 21.256 414.353
  48 0.475 21.744 391.618
  49 0.485 21.232 404.1
  50 0.495 18.57 446.136
  51 0.505 17.634 443.038
  52 0.515 20.694 459.473
  53 0.525 21.716 447.844
  54 0.535 21.428 431.414
  55 0.545 21.22 430.972
  56 0.555 21.622 438.262
  57 0.565 21.912 424.73
  58 0.575 21.994 432.352
  59 0.585 21.974 430.757
  60 0.595 21.95 411.851
  61 0.605 21.106 398.779
  62 0.615 18.822 404.244
  63 0.625 19.15 393.194
  64 0.635 21.05 385.57
  65 0.645 21.942 376.97
  66 0.655 22 373.72
  67 0.665 22 364.438
  68 0.675 21.918 356.322
  69 0.685 21.582 338.581
  70 0.695 21.39 342.839
  71 0.705 21.308 338.497
  72 0.715 21.784 320.724
  73 0.725 21.24 301.584
  74 0.735 18.634 311.935
  75 0.745 17.678 329.089
  76 0.755 20.576 313.547
  77 0.765 21.804 301.309
  78 0.775 21.488 294.454
  79 0.785 21.234 286.694
  80 0.795 21.516 299.905
  81 0.805 21.858 277.638
  82 0.815 21.992 298.413
  83 0.825 21.998 303.138
  84 0.835 22 298.128
  85 0.845 21.886 273.566
  86 0.855 20.948 275.712
  87 0.865 18.108 272.06
  88 0.875 19.552 269.85
  89 0.885 21.524 262.209
  90 0.895 21.982 269.552
  91 0.905 22 254.858
  92 0.915 22 249.558
  93 0.925 21.994 240.726
  94 0.935 21.846 224.388
  95 0.945 21.35 228.76
  96 0.955 21.152 225.021
  97 0.965 21.678 218.618
  98 0.975 21.962 219.349
  99 0.985 21.23 204.896
  100 0.995 16.898 188.741
230000 100 2112
  1 0.005 18.076 176.825
  2 0.015 21.762 169.982
  3 0.025 21.984 178.643
  4 0.035 21.514 205.469
  5 0.045 20.968 204.316
  6 0.055 21.634 220.228
  7 0.065 21.912 234.647
  8 0.075 21.982 240.933
  9 0.085 22 239.954
  10 0.095 22 239.039
  11 0.105 21.952 258.981
  12 0.115 21.256 247.503
  13 0.125 18.638 260.816
  14 0.135 18.756 255.27
  15 0.145 21.428 259.637
  16 0.155 21.97 263.641
  17 0.165 22 278.171
  18 0.175 22 272.56
  19 0.185 21.986 308.352
  20 0.195 21.862 291.076
  21 0.205 21.306 295.727
  22 0.215 21.264 304.387
  23 0.225 21.618 294.128
  24 0.235 21.712 301.961
  25 0.245 19.912 315.296
  26 0.255 17.666 313.449
  27 0.265 19.078 286.854
  28 0.275 21.626 281.423
  29 0.285 21.736 287.191
  30 0.295 21.274 290.905
  31 0.305 21.304 294.583
  32 0.315 21.724 311.936
  33 0.325 21.938 321.453
  34 0.335 21.994 321.957
  35 0.345 22 333.432
  36 0.355 21.986 338.992
  37 0.365 21.56 344.44
  38 0.375 19.18 360.631
  39 0.385 18.412 375.67
  40 0.395 20.906 363.625
  41 0.405 21.956 341.305
  42 0.415 22 351.638
  43 0.425 21.99 353.446
  44 0.435 21.962 374.335
  45 0.445 21.696 404.602
  46 0.455 21.458 403.503
  47 0.465 21.192 450.976
  48 0.475 21.706 444.191
  49 0.485 21.32 464.319
  50 0.495 18.458 492.364
  51 0.505 17.662 486.544
  52 0.515 20.642 471.986
  53 0.525 21.72 447.748
  54 0.535 21.402 456.476
  55 0.545 21.272 445.96
  56 0.555 21.572 442.041
  57 0.565 21.96 423.357
  58 0.575 21.988 444.674
  59 0.585 22 420.466
  60 0.595 21.934 393.47
  61 0.605 21.018 360.887
  62 0.615 18.676 376.82
  63 0.625 18.832 345.806
  64 0.635 21.548 346.034
  65 0.645 21.992 343.767
  66 0.655 22 370.627
  67 0.665 22 364.478
  68 0.675 21.924 362.101
  69 0.685 21.69 354.116
  70 0.695 21.296 349.942
  71 0.705 21.266 320.83
  72 0.715 21.848 306.724
  73 0.725 21.49 308.165
  74 0.735 19.27 298.441
  75 0.745 17.132 305.431
  76 0.755 20.232 321.992
  77 0.765 21.8 323.987
  78 0.775 21.622 314.18
  79 0.785 21.242 302.371
  80 0.795 21.39 305.864
  81 0.805 21.834 298.379
  82 0.815 21.964 272.136
  83 0.825 22 265.458
  84 0.835 22 266.903
  85 0.845 21.95 265.566
  86 0.855 21.28 272.311
  87 0.865 18.486 274.163
  88 0.875 19.044 267.889
  89 0.885 21.28 276.31
  90 0.895 21.96 263.027
  91 0.905 22 264.395
  92 0.915 22 246.969
  93 0.925 22 226.267
  94 0.935 21.812 229.585
  95 0.945 21.382 244.298
  96 0.955 21.166 251.22
  97 0.965 21.674 225.688
  98 0.975 21.93 212.675
  99 0.985 21.116 199.826
  100 0.995 17.088 190.809
235000 100 2112
  1 0.005 18.346 188.136
  2 0.015 21.712 177.323
  3 0.025 21.968 186.568
  4 0.035 21.594 199.802
  5 0.045 21.068 209.408
  6 0.055 21.49 210.471
  7 0.065 21.916 222.136
  8 0.075 21.968 238.163
  9 0.085 22 230.279
  10 0.095 22 230.2
  11 0.105 21.962 242.217
  12 0.115 21.322 246.785
  13 0.125 18.98 245.487
  14 0.135 18.684 243.815
  15 0.145 21.07 269.383
  16 0.155 21.982 275.624
  17 0.165 22 289.379
  18 0.175 22 289.151
  19 0.185 22 293.9
  20 0.195 21.796 285.851
  21 0.205 21.418 282.41
  22 0.215 21.188 292.79
  23 0.225 21.622 280.136
  24 0.235 21.78 299.994
  25 0.245 20.224 295.778
  26 0.255 17.452 298.926
  27 0.265 19.052 308.586
  28 0.275 21.488 308.299
  29 0.285 21.746 316.246
  30 0.295 21.35 310.928
  31 0.305 21.236 334.793
  32 0.315 21.7 331.503
  33 0.325 21.95 344.529
  34 0.335 21.998 342.26
  35 0.345 22 347.101
  36 0.355 21.946 349.049
  37 0.365 21.18 353.476
  38 0.375 19.05 365.635
  39 0.385 18.776 358.704
  40 0.395 21.094 344.719
  41 0.405 21.954 350.485
  42 0.415 22 369.628
  43 0.425 21.97 364.472
  44 0.435 21.956 381.293
  45 0.445 21.728 404.829
  46 0.455 21.364 411.586
  47 0.465 21.206 434.343
  48 0.475 21.772 411.026
  49 0.485 21.08 441.371
  50 0.495 18.462 455.11
  51 0.505 17.878 461.912
  52 0.515 20.704 426.483
  53 0.525 21.67 462.575
  54 0.535 21.404 465.631
  55 0.545 21.254 435.209
  56 0.555 21.7 421.618
  57 0.565 21.86 415.166
  58 0.575 21.992 405.263
  59 0.585 22 410.205
  60 0.595 21.938 384.602
  61 0.605 21.192 351.603
  62 0.615 19.11 366.591
  63 0.625 18.666 375.11
  64 0.635 21.132 367.906
  65 0.645 21.962 362.936
  66 0.655 22 352.849
  67 0.665 22 357.581
  68 0.675 21.922 337.823
  69 0.685 21.752 348.991
  70 0.695 21.31 335.91
  71 0.705 21.28 335.648
  72 0.715 21.726 329.908
  73 0.725 21.554 298.02
  74 0.735 19.268 321.376
  75 0.745 17.346 317.094
  76 0.755 20.06 339.851
  77 0.765 21.724 321.43
  78 0.775 21.582 299.058
  79 0.785 21.178 287.175
  80 0.795 21.478 280.919
  81 0.805 21.82 274.853
  82 0.815 22 272.625
  83 0.825 22 284.276
  84 0.835 21.99 275.761
  85 0.845 22.006 263.264
  86 0.855 21.194 270.013
  87 0.865 18.336 265.963
  88 0.875 19.156 268.739
  89 0.885 21.318 269.74
  90 0.895 22 283.347
  91 0.905 22 250.393
  92 0.915 22 237.895
  93 0.925 21.99 248.339
  94 0.935 21.824 248.244
  95 0.945 21.362 243.51
  96 0.955 21.198 257.468
  97 0.965 21.652 248.05
  98 0.975 21.93 233.443
  99 0.985 21.06 219.596
  100 0.995 16.922 208.073
240000 100 2112
  1 0.005 18.134 175.001
  2 0.015 21.682 164.04
  3 0.025 21.982 176.119
  4 0.035 21.554 195.575
  5 0.045 21.148 202.933
  6 0.055 21.45 212.425
  7 0.065 21.864 208.347
  8 0.075 22 217.951
  9 0.085 22 235.911
  10 0.095 22 242.083
  11 0.105 21.956 244.663
  12 0.115 21.434 243.104
  13 0.125 19.086 232.998
  14 0.135 18.484 264.981
  15 0.145 21.084 275.431
  16 0.155 21.956 282.221
  17 0.165 22 294.125
  18 0.175 22 298.327
  19 0.185 22 288.081
  20 0.195 21.828 289.098
  21 0.205 21.554 273.478
  22 0.215 21.074 282.673
  23 0.225 21.59 285.327
  24 0.235 21.898 290.386
  25 0.245 20.582 298.603
  26 0.255 18.01 303.739
  27 0.265 18.446 305.892
  28 0.275 21.034 331.163
  29 0.285 21.812 320.328
  30 0.295 21.376 345.812
  31 0.305 21.22 355.969
  32 0.315 21.69 360.859
  33 0.325 21.902 367.853
  34 0.335 21.984 370.859
  35 0.345 22 364.203
  36 0.355 21.958 340.72
  37 0.365 21.564 343.482
  38 0.375 19.03 373.971
  39 0.385 18.684 353.824
  40 0.395 20.8 363.346
  41 0.405 21.97 364.791
  42 0.415 21.992 360.933
  43 0.425 21.988 375.979
  44 0.435 21.962 390.606
  45 0.445 21.738 394.872
  46 0.455 21.228 417.151
  47 0.465 21.334 421.538
  48 0.475 21.672 444.676
  49 0.485 20.95 448.352
  50 0.495 18.08 453.707
  51 0.505 18.114 439.514
  52 0.515 20.994 424.674
  53 0.525 21.726 446.258
  54 0.535 21.304 424.365
  55 0.545 21.33 413.038
  56 0.555 21.646 396.914
  57 0.565 21.942 396.311
  58 0.575 21.994 408.862
  59 0.585 21.952 417.138
  60 0.595 21.962 396.673
  61 0.605 20.958 372.347
  62 0.615 18.738 367.28
  63 0.625 19.054 358.129
  64 0.635 21.366 354.425
  65 0.645 21.97 365.622
  66 0.655 21.994 355.926
  67 0.665 22.006 333.895
  68 0.675 21.918 345.396
  69 0.685 21.7 341.95
  70 0.695 21.214 335.715
  71 0.705 21.408 345.74
  72 0.715 21.754 338.076
  73 0.725 21.178 343.985
  74 0.735 18.584 360.03
  75 0.745 17.922 350.869
  76 0.755 20.462 326.089
  77 0.765 21.786 311.575
  78 0.775 21.556 299.313
  79 0.785 21.162 276.25
  80 0.795 21.478 271.688
  81 0.805 21.916 272.206
  82 0.815 21.962 266.947
  83 0.825 22 287.977
  84 0.835 22 280.391
  85 0.845 21.918 280.19
  86 0.855 20.804 288.874
  87 0.865 18.636 277.416
  88 0.875 19.186 267.249
  89 0.885 21.494 276.367
  90 0.895 21.962 262.512
  91 0.905 22 256.037
  92 0.915 22 238.63
  93 0.925 22 226.8
  94 0.935 21.846 238.392
  95 0.945 21.4 240.4
  96 0.955 21.168 229.231
  97 0.965 21.606 220.357
  98 0.975 21.948 219.693
  99 0.985 21.162 211.854
  100 0.995 17.056 199.042
245000 100 2112
  1 0.005 17.618 179.122
  2 0.015 21.512 176.461
  3 0.025 21.968 189.624
  4 0.035 21.586 212.683
  5 0.045 21.078 217.68
  6 0.055 21.462 222.588
  7 0.065 21.892 235.533
  8 0.075 21.994 240.005
  9 0.085 22 222.948
  10 0.095 22 231.204
  11 0.105 22 218.537
  12 0.115 21.436 221.21
  13 0.125 19.496 221.781
  14 0.135 18.262 266.69
  15 0.145 20.86 257.8
  16 0.155 21.964 269.621
  17 0.165 21.982 261.965
  18 0.175 22 269.77
  19 0.185 21.996 288.513
  20 0.195 21.838 283.215
  21 0.205 21.546 284.284
  22 0.215 21.132 314.511
  23 0.225 21.548 316.227
  24 0.235 21.788 321.477
  25 0.245 20.42 341.729
  26 0.255 17.728 328.361
  27 0.265 18.662 332.867
  28 0.275 21.362 339.515
  29 0.285 21.794 324.686
  30 0.295 21.168 322.163
  31 0.305 21.374 309.973
  32 0.315 21.716 321.273
  33 0.325 21.956 342.902
  34 0.335 21.978 332.484
  35 0.345 21.99 345.886
  36 0.355 21.958 355.682
  37 0.365 21.232 344.134
  38 0.375 18.954 380.469
  39 0.385 18.736 367.615
  40 0.395 21.172 378.152
  41 0.405 21.952 375.765
  42 0.415 22 371.312
  43 0.425 21.99 381.621
  44 0.435 21.928 389.158
  45 0.445 21.738 381.186
  46 0.455 21.144 432.301
  47 0.465 21.458 448.676
  48 0.475 21.67 450.041
  49 0.485 20.902 466.898
  50 0.495 18.006 440.431
  51 0.505 18.23 463.059
  52 0.515 20.994 449.453
  53 0.525 21.696 441.814
  54 0.535 21.386 399.34
  55 0.545 21.206 370.746
  56 0.555 21.748 367.589
  57 0.565 21.918 373.667
  58 0.575 21.986 392.554
  59 0.585 22 377.881
  60 0.595 21.976 393.426
  61 0.605 21.172 375.368
  62 0.615 18.994 394.923
  63 0.625 18.818 372.68
  64 0.635 21.148 398.058
  65 0.645 21.892 389.067
  66 0.655 22 376.495
  67 0.665 21.994 370.313
  68 0.675 21.948 377.079
  69 0.685 21.692 371.677
  70 0.695 21.25 367.857
  71 0.705 21.338 349.387
  72 0.715 21.75 338.738
  73 0.725 21.266 315.715
  74 0.735 18.6 318.233
  75 0.745 17.886 298.302
  76 0.755 20.422 316.782
  77 0.765 21.774 314.561
  78 0.775 21.516 294.017
  79 0.785 21.222 292.256
  80 0.795 21.522 281.429
  81 0.805 21.848 298.443
  82 0.815 21.972 279.046
  83 0.825 22 275.202
  84 0.835 22 275.4
  85 0.845 21.978 264.883
  86 0.855 21.25 263.846
  87 0.865 18.274 255.884
  88 0.875 18.802 253.607
  89 0.885 21.696 235.827
  90 0.895 22 245.035
  91 0.905 22 243.95
  92 0.915 22 244.074
  93 0.925 21.984 238.946
  94 0.935 21.894 232.352
  95 0.945 21.382 243.367
  96 0.955 21.19 246.423
  97 0.965 21.6 228.591
  98 0.975 21.928 231.733
  99 0.985 21.352 201.551
  100 0.995 17.56 210.411
250000 100 2112
  1 0.005 17.84 187.095
  2 0.015 21.55 194.177
  3 0.025 21.942 200.336
  4 0.035 21.582 213.811
  5 0.045 21.014 212.952
  6 0.055 21.522 228.504
  7 0.065 21.944 219.229
  8 0.075 21.986 224.134
  9 0.085 22 235.761
  10 0.095 22 239.806
  11 0.105 21.998 227.673
  12 0.115 21.358 245.67
  13 0.125 18.868 238.281
  14 0.135 18.854 247.214
  15 0.145 20.962 258.486
  16 0.155 21.964 253.81
  17 0.165 21.996 275.969
  18 0.175 22 274.811
  19 0.185 21.986 281.25
  20 0.195 21.882 278.356
  21 0.205 21.302 289.679
  22 0.215 21.304 303.739
  23 0.225 21.564 327.33
  24 0.235 21.788 329.926
  25 0.245 20.386 310.714
  26 0.255 17.41 291.006
  27 0.265 19.004 306.381
  28 0.275 21.398 298.23
  29 0.285 21.786 322.064
  30 0.295 21.312 308.181
  31 0.305 21.24 333.016
  32 0.315 21.672 347.102
  33 0.325 21.98 340.053
  34 0.335 21.988 343.299
  35 0.345 21.998 352.007
  36 0.355 21.97 356.35
  37 0.365 21.306 359.937
  38 0.375 19.422 345.212
  39 0.385 18.408 346.75
  40 0.395 20.926 382.322
  41 0.405 21.968 370.679
  42 0.415 21.996 393.117
  43 0.425 22.004 393.509
  44 0.435 21.954 377.126
  45 0.445 21.716 428.017
  46 0.455 21.24 411.244
  47 0.465 21.364 441.607
  48 0.475 21.662 440.129
  49 0.485 21.064 475.199
  50 0.495 18.242 449.962
  51 0.505 17.884 460.74
  52 0.515 20.938 443.523
  53 0.525 21.732 415.901
  54 0.535 21.368 405.557
  55 0.545 21.2 397.99
  56 0.555 21.692 396.732
  57 0.565 21.948 402.38
  58 0.575 21.996 401.978
  59 0.585 22 384.595
  60 0.595 21.882 385.084
  61 0.605 21.318 377.28
  62 0.615 18.764 372.325
  63 0.625 18.814 387.939
  64 0.635 21.422 390.08
  65 0.645 21.8 383.235
  66 0.655 21.998 393.645
  67 0.665 21.998 365.069
  68 0.675 21.956 366.32
  69 0.685 21.632 374.873
  70 0.695 21.228 365.452
  71 0.705 21.446 339.364
  72 0.715 21.692 338.24
  73 0.725 21.378 320.737
  74 0.735 18.894 317.685
  75 0.745 17.6 320.139
  76 0.755 20.338 324.245
  77 0.765 21.768 338.779
  78 0.775 21.544 322.944
  79 0.785 21.282 309.777
  80 0.795 21.476 300.591
  81 0.805 21.796 292.12
  82 0.815 21.974 271.917
  83 0.825 22 268.368
  84 0.835 22 263.645
  85 0.845 21.906 263.319
  86 0.855 21.332 261.145
  87 0.865 18.484 262.632
  88 0.875 18.774 260.653
  89 0.885 21.512 244.325
  90 0.895 21.992 245.911
  91 0.905 22 239.171
  92 0.915 22 249.418
  93 0.925 21.998 249.447
  94 0.935 21.83 242.305
  95 0.945 21.424 230.075
  96 0.955 21.144 217.527
  97 0.965 21.642 208.083
  98 0.975 21.944 200.29
  99 0.985 21.268 192.794
  100 0.995 17.37 199.798
255000 100 2112.0000000000005
  1 0.005 18.438 176.902
  2 0.015 21.694 186.08
  3 0.025 21.974 193.948
  4 0.035 21.474 218.716
  5 0.045 21.048 213.292
  6 0.055 21.578 219.255
  7 0.065 21.932 213.291
  8 0.075 21.994 228.271
  9 0.085 22 237.791
  10 0.095 22 245.852
  11 0.105 21.964 234.731
  12 0.115 21.218 256.801
  13 0.125 18.822 263.329
  14 0.135 18.638 258.039
  15 0.145 21.388 255.821
  16 0.155 21.97 260.268
  17 0.165 22 268.046
  18 0.175 22 257.781
  19 0.185 21.992 259.101
  20 0.195 21.858 269.526
  21 0.205 21.498 278.359
  22 0.215 21.174 279.015
  23 0.225 21.556 311.35
  24 0.235 21.782 322.561
  25 0.245 20.434 348.996
  26 0.255 17.454 349.515
  27 0.265 18.864 342.215
  28 0.275 21.408 330.36
  29 0.285 21.74 335.074
  30 0.295 21.256 325.631
  31 0.305 21.324 335.623
  32 0.315 21.746 327.441
  33 0.325 21.932 337.737
  34 0.335 21.982 329.11
  35 0.345 22 339.194
  36 0.355 21.936 345.909
  37 0.365 21.324 333.326
  38 0.375 19.006 359.166
  39 0.385 18.678 377.54
  40 0.395 21.176 373.962
  41 0.405 21.88 396.132
  42 0.415 22 379.155
  43 0.425 21.996 359.866
  44 0.435 21.96 356.687
  45 0.445 21.638 392.93
  46 0.455 21.368 409.805
  47 0.465 21.306 412.09
  48 0.475 21.714 429.058
  49 0.485 21.218 421.952
  50 0.495 18.71 429.127
  51 0.505 17.636 444.01
  52 0.515 20.614 436.137
  53 0.525 21.694 428.122
  54 0.535 21.394 426.55
  55 0.545 21.292 412.666
  56 0.555 21.55 423.466
  57 0.565 21.934 433.328
  58 0.575 21.976 414.52
  59 0.585 21.978 411.382
  60 0.595 21.94 386.827
  61 0.605 21.418 369.239
  62 0.615 18.948 394.961
  63 0.625 18.622 398.579
  64 0.635 21.138 403.438
  65 0.645 21.956 381.384
  66 0.655 22 374.297
  67 0.665 22 394.413
  68 0.675 21.942 350.671
  69 0.685 21.638 338.713
  70 0.695 21.426 343.787
  71 0.705 21.28 337.21
  72 0.715 21.69 333.453
  73 0.725 21.41 328.986
  74 0.735 19.048 319.035
  75 0.745 17.552 318.177
  76 0.755 20.208 334.19
  77 0.765 21.766 326.418
  78 0.775 21.582 313.2
  79 0.785 21.124 298.379
  80 0.795 21.526 287.858
  81 0.805 21.818 303.433
  82 0.815 21.99 299.267
  83 0.825 22 289.774
  84 0.835 22 272.682
  85 0.845 21.884 281.32
  86 0.855 20.996 280.201
  87 0.865 18.2 283.112
  88 0.875 19.27 262.146
  89 0.885 21.65 257.512
  90 0.895 22 249.597
  91 0.905 22 247.886
  92 0.915 22 250.015
  93 0.925 21.98 232.149
  94 0.935 21.726 234.538
  95 0.945 21.45 234.047
  96 0.955 21.126 225.751
  97 0.965 21.726 215.267
  98 0.975 21.974 208.414
  99 0.985 20.984 194.443
  100 0.995 16.902 186.555
260000 100 2111.9999999999995
  1 0.005 17.978 182.233
  2 0.015 21.786 176.402
  3 0.025 21.934 194.379
  4 0.035 21.634 191.748
  5 0.045 21.062 200.079
  6 0.055 21.422 213.019
  7 0.065 21.962 221.353
  8 0.075 21.98 232.133
  9 0.085 21.998 232.065
  10 0.095 22 246.837
  11 0.105 21.978 260.479
  12 0.115 21.588 260.108
  13 0.125 18.504 260.257
  14 0.135 18.468 247.542
  15 0.145 21.502 256.124
  16 0.155 21.96 254.39
  17 0.165 22 266.907
  18 0.175 22 261.852
  19 0.185 22 274.504
  20 0.195 21.898 269.373
  21 0.205 21.472 294.074
  22 0.215 21.142 312.311
  23 0.225 21.588 327.516
  24 0.235 21.766 336.462
  25 0.245 20.61 321.721
  26 0.255 17.578 309.588
  27 0.265 18.612 305.973
  28 0.275 21.36 325.253
  29 0.285 21.772 329.218
  30 0.295 21.414 329.024
  31 0.305 21.222 324.454
  32 0.315 21.63 330.608
  33 0.325 21.948 338.488
  34 0.335 21.992 316.47
  35 0.345 21.996 331.901
  36 0.355 21.972 325.971
  37 0.365 21.35 348.489
  38 0.375 19.284 349.421
  39 0.385 18.708 347.273
  40 0.395 20.764 361.271
  41 0.405 21.94 345.145
  42 0.415 21.982 367.19
  43 0.425 21.982 407.324
  44 0.435 21.932 386.339
  45 0.445 21.842 422.219
  46 0.455 21.238 403.734
  47 0.465 21.358 431.94
  48 0.475 21.644 442.552
  49 0.485 21.168 456.917
  50 0.495 18.154 461.984
  51 0.505 17.862 465.057
  52 0.515 20.882 467.011
  53 0.525 21.724 435.858
  54 0.535 21.334 388.878
  55 0.545 21.38 378.06
  56 0.555 21.582 400.351
  57 0.565 21.92 397.422
  58 0.575 21.998 409.315
  59 0.585 22 385.061
  60 0.595 21.934 389.084
  61 0.605 20.99 398.964
  62 0.615 18.678 402.826
  63 0.625 19.162 380.685
  64 0.635 21.256 381.17
  65 0.645 21.98 365.046
  66 0.655 22 352.164
  67 0.665 21.996 365.211
  68 0.675 21.91 365.038
  69 0.685 21.688 328.387
  70 0.695 21.128 339.44
  71 0.705 21.48 333.549
  72 0.715 21.746 329.697
  73 0.725 21.352 307.453
  74 0.735 18.79 311.857
  75 0.745 17.436 317.299
  76 0.755 20.574 317.483
  77 0.765 21.798 305.347
  78 0.775 21.674 313.129
  79 0.785 21.074 305.339
  80 0.795 21.536 285.206
  81 0.805 21.83 294.271
  82 0.815 21.988 302.663
  83 0.825 22 299.449
  84 0.835 22 283.012
  85 0.845 21.936 305.847
  86 0.855 21.102 286.273
  87 0.865 18.452 285.9
  88 0.875 19.11 282.624
  89 0.885 21.454 289.446
  90 0.895 21.946 302.761
  91 0.905 22 270.114
  92 0.915 22 266.09
  93 0.925 21.998 248.663
  94 0.935 21.814 246.993
  95 0.945 21.36 230.477
  96 0.955 21.22 221.32
  97 0.965 21.622 219.114
  98 0.975 21.972 219.661
  99 0.985 21.046 197.719
  100 0.995 17.212 200.138
265000 100 2111.9999999999995
  1 0.005 18.606 195.363
  2 0.015 21.688 191.561
  3 0.025 21.956 193.656
  4 0.035 21.516 212.72
  5 0.045 21.016 221.562
  6 0.055 21.59 210.401
  7 0.065 21.926 229.96
  8 0.075 21.996 228.42
  9 0.085 22 218.809
  10 0.095 22 245.859
  11 0.105 21.97 253.822
  12 0.115 21.24 261.969
  13 0.125 18.852 275.841
  14 0.135 18.712 272.032
  15 0.145 21.254 257.242
  16 0.155 21.972 235.442
  17 0.165 22 251.369
  18 0.175 21.996 256.789
  19 0.185 21.998 279.517
  20 0.195 21.832 294.659
  21 0.205 21.506 271.29
  22 0.215 21.138 274.163
  23 0.225 21.606 279.115
  24 0.235 21.746 273.224
  25 0.245 20.564 285.617
  26 0.255 17.794 294.939
  27 0.265 18.53 312.532
  28 0.275 21.278 340.624
  29 0.285 21.792 324.87
  30 0.295 21.384 333.316
  31 0.305 21.276 316.439
  32 0.315 21.628 321.955
  33 0.325 21.932 332.716
  34 0.335 22.002 328.416
  35 0.345 21.992 351.017
  36 0.355 21.924 338.673
  37 0.365 21.392 355.773
  38 0.375 19.454 330.039
  39 0.385 18.534 335.696
  40 0.395 20.956 358.397
  41 0.405 21.746 361.835
  42 0.415 22 366.996
  43 0.425 21.99 376.853
  44 0.435 21.938 393.916
  45 0.445 21.696 399.554
  46 0.455 21.372 411.555
  47 0.465 21.364 419.529
  48 0.475 21.646 434.7
  49 0.485 21.098 438.814
  50 0.495 18.67 444.025
  51 0.505 17.802 435.074
  52 0.515 20.542 447.669
  53 0.525 21.708 443.584
  54 0.535 21.436 434.435
  55 0.545 21.226 418.512
  56 0.555 21.59 411.794
  57 0.565 21.934 428.504
  58 0.575 21.988 410.522
  59 0.585 22 393.142
  60 0.595 21.94 389.916
  61 0.605 21.39 380.07
  62 0.615 18.788 380.109
  63 0.625 18.72 375.151
  64 0.635 21.25 370.516
  65 0.645 21.912 373.973
  66 0.655 22 343.504
  67 0.665 21.99 359.845
  68 0.675 21.958 351.786
  69 0.685 21.664 345.391
  70 0.695 21.356 351.407
  71 0.705 21.268 347.386
  72 0.715 21.792 322.083
  73 0.725 21.428 312.132
  74 0.735 19.05 305.454
  75 0.745 17.428 315.022
  76 0.755 20.298 322.864
  77 0.765 21.672 325.215
  78 0.775 21.532 327.699
  79 0.785 21.266 330.139
  80 0.795 21.464 306.437
  81 0.805 21.854 296.448
  82 0.815 21.98 313.331
  83 0.825 22 295.156
  84 0.835 21.992 300.004
  85 0.845 21.942 303.43
  86 0.855 20.76 295.268
  87 0.865 18.3 298.232
  88 0.875 19.486 285.325
  89 0.885 21.524 297.124
  90 0.895 21.996 304.926
  91 0.905 22 283.472
  92 0.915 22 276.153
  93 0.925 21.964 254.943
  94 0.935 21.762 254.246
  95 0.945 21.4 226.5
  96 0.955 21.174 217.171
  97 0.965 21.712 207.972
  98 0.975 21.91 214.7
  99 0.985 20.812 199.132
  100 0.995 16.972 197.643
270000 100 2112
  1 0.005 18.366 169.459
  2 0.015 21.626 180.538
  3 0.025 21.936 192.391
  4 0.035 21.55 210.973
  5 0.045 21.06 218.874
  6 0.055 21.536 225.065
  7 0.065 21.914 222.868
  8 0.075 22 227.055
  9 0.085 22 238.999
  10 0.095 22 242.967
  11 0.105 21.966 250.58
  12 0.115 21.122 264.325
  13 0.125 18.626 259.955
  14 0.135 18.91 259.994
  15 0.145 21.422 264.18
  16 0.155 21.954 271.488
  17 0.165 22 270.727
  18 0.175 22 269.365
  19 0.185 21.988 277.268
  20 0.195 21.734 289.534
  21 0.205 21.396 275.989
  22 0.215 21.306 272.168
  23 0.225 21.598 280.876
  24 0.235 21.714 274.553
  25 0.245 19.886 292.935
  26 0.255 17.874 276.297
  27 0.265 19.09 302.15
  28 0.275 21.412 332.074
  29 0.285 21.716 311.028
  30 0.295 21.346 309.309
  31 0.305 21.284 314.252
  32 0.315 21.716 315.651
  33 0.325 21.962 328.311
  34 0.335 21.978 328.32
  35 0.345 22 337.212
  36 0.355 21.936 340.03
  37 0.365 21.31 361.39
  38 0.375 19.216 361.015
  39 0.385 18.556 373.688
  40 0.395 21.184 368.957
  41 0.405 21.798 374.454
  42 0.415 22 379.147
  43 0.425 21.99 402.419
  44 0.435 21.976 392.308
  45 0.445 21.67 393.308
  46 0.455 21.25 417.094
  47 0.465 21.366 399.818
  48 0.475 21.71 409.012
  49 0.485 21.162 454.764
  50 0.495 18.226 444.99
  51 0.505 18.044 460.829
  52 0.515 20.724 444.643
  53 0.525 21.672 435.247
  54 0.535 21.358 454.357
  55 0.545 21.346 433.177
  56 0.555 21.618 431.9
  57 0.565 21.91 440.869
  58 0.575 21.978 426.305
  59 0.585 22 383.396
  60 0.595 21.938 405.33
  61 0.605 21.26 365.522
  62 0.615 18.828 360.704
  63 0.625 18.692 371.582
  64 0.635 21.344 380.317
  65 0.645 21.938 366.821
  66 0.655 22 362.813
  67 0.665 21.988 376.989
  68 0.675 21.92 352.465
  69 0.685 21.702 333.293
  70 0.695 21.412 340.696
  71 0.705 21.252 318.779
  72 0.715 21.736 295.439
  73 0.725 21.536 302.329
  74 0.735 19.354 309.051
  75 0.745 17.686 315.217
  76 0.755 19.796 315.202
  77 0.765 21.574 314.85
  78 0.775 21.642 297.2
  79 0.785 21.268 295.898
  80 0.795 21.398 279.886
  81 0.805 21.77 292.249
  82 0.815 21.976 293.869
  83 0.825 21.99 297.215
  84 0.835 22 305.644
  85 0.845 21.954 291.063
  86 0.855 21.266 302.123
  87 0.865 18.842 297.306
  88 0.875 18.96 301.181
  89 0.885 21.042 297.13
  90 0.895 21.936 299.333
  91 0.905 22 280.194
  92 0.915 22 275.833
  93 0.925 21.994 272.968
  94 0.935 21.902 259.333
  95 0.945 21.262 250.146
  96 0.955 21.214 230.185
  97 0.965 21.658 226.116
  98 0.975 21.944 215.479
  99 0.985 21.14 194.012
  100 0.995 16.898 189.68
275000 100 2112.0000000000005
  1 0.005 17.988 192.846
  2 0.015 21.466 194.706
  3 0.025 21.946 205.998
  4 0.035 21.5 224.328
  5 0.045 21.138 226.247
  6 0.055 21.458 225.436
  7 0.065 21.936 220.581
  8 0.075 21.998 226.453
  9 0.085 22 215.51
  10 0.095 22 231.548
  11 0.105 21.938 248.482
  12 0.115 21.3 248.767
  13 0.125 18.916 254.471
  14 0.135 18.792 241.534
  15 0.145 21.134 256.161
  16 0.155 21.92 273.714
  17 0.165 22 280.429
  18 0.175 22 277.073
  19 0.185 21.992 280.444
  20 0.195 21.8 280.515
  21 0.205 21.484 277.602
  22 0.215 21.21 281.925
  23 0.225 21.586 286.543
  24 0.235 21.756 274.881
  25 0.245 20.218 296.207
  26 0.255 17.908 292.378
  27 0.265 18.962 295.193
  28 0.275 21.134 314.901
  29 0.285 21.73 322.539
  30 0.295 21.316 326.524
  31 0.305 21.286 332.377
  32 0.315 21.692 335.862
  33 0.325 21.94 337.759
  34 0.335 21.986 334.353
  35 0.345 22 357.878
  36 0.355 21.938 352.505
  37 0.365 21.18 387.531
  38 0.375 18.946 406.219
  39 0.385 18.944 394.068
  40 0.395 21.142 392.43
  41 0.405 21.85 386.208
  42 0.415 22 372.938
  43 0.425 22 392.767
  44 0.435 21.934 396.535
  45 0.445 21.6 411.438
  46 0.455 21.356 409.771
  47 0.465 21.306 417.206
  48 0.475 21.728 410.905
  49 0.485 20.826 424.113
  50 0.495 18.102 439.79
  51 0.505 18.322 466.129
  52 0.515 20.836 463.235
  53 0.525 21.74 429.041
  54 0.535 21.336 450.771
  55 0.545 21.356 448.596
  56 0.555 21.638 430.926
  57 0.565 21.92 402.792
  58 0.575 22 398.341
  59 0.585 22 372.199
  60 0.595 21.97 360.074
  61 0.605 21.108 377.599
  62 0.615 18.498 385.541
  63 0.625 19.014 383.903
  64 0.635 21.432 375.954
  65 0.645 21.978 359.645
  66 0.655 22 371.138
  67 0.665 21.998 344.669
  68 0.675 21.934 343.131
  69 0.685 21.628 326.825
  70 0.695 21.302 331.077
  71 0.705 21.418 323.37
  72 0.715 21.694 358.789
  73 0.725 21.154 331.51
  74 0.735 19.266 319.174
  75 0.745 17.994 307.758
  76 0.755 19.92 300.69
  77 0.765 21.594 294.003
  78 0.775 21.634 264.829
  79 0.785 21.308 265.762
  80 0.795 21.348 275.022
  81 0.805 21.838 288.474
  82 0.815 21.976 276.542
  83 0.825 21.994 292.314
  84 0.835 22 291.057
  85 0.845 21.898 309.156
  86 0.855 21.078 287.666
  87 0.865 18.928 299.554
  88 0.875 18.958 285.2
  89 0.885 21.192 273.968
  90 0.895 21.946 284.103
  91 0.905 22 261.719
  92 0.915 21.988 266.947
  93 0.925 22.01 264.48
  94 0.935 21.886 239.693
  95 0.945 21.41 244.863
  96 0.955 21.134 243.615
  97 0.965 21.62 228.826
  98 0.975 21.934 232.951
  99 0.985 21.204 211.375
  100 0.995 17.384 203.227
280000 100 2112
  1 0.005 18.13 197.14
  2 0.015 21.416 191.745
  3 0.025 21.966 184.885
  4 0.035 21.58 214.465
  5 0.045 21.054 223.209
  6 0.055 21.564 245.395
  7 0.065 21.84 247.795
  8 0.075 21.988 258.46
  9 0.085 22 253.727
  10 0.095 22 257.086
  11 0.105 21.99 242.517
  12 0.115 21.182 244.684
  13 0.125 18.754 256.29
  14 0.135 19.06 257.392
  15 0.145 21.078 254.76
  16 0.155 21.936 255.788
  17 0.165 22 259.679
  18 0.175 22 260.42
  19 0.185 21.992 258.68
  20 0.195 21.846 265.693
  21 0.205 21.558 268.004
  22 0.215 21.172 286.599
  23 0.225 21.572 288.123
  24 0.235 21.704 305.446
  25 0.245 20.274 334.254
  26 0.255 18.288 313.909
  27 0.265 18.832 325.065
  28 0.275 20.87 311.508
  29 0.285 21.676 316.13
  30 0.295 21.364 316.075
  31 0.305 21.35 334.749
  32 0.315 21.614 342.763
  33 0.325 21.912 322.968
  34 0.335 21.976 310.478
  35 0.345 22 328.038
  36 0.355 21.98 333.086
  37 0.365 21.396 344.271
  38 0.375 19.762 365.127
  39 0.385 18.552 383.848
  40 0.395 20.59 378.94
  41 0.405 21.72 380.988
  42 0.415 22 367.237
  43 0.425 21.992 377.788
  44 0.435 21.924 400.639
  45 0.445 21.68 420.647
  46 0.455 21.382 454.26
  47 0.465 21.406 417.565
  48 0.475 21.598 442.172
  49 0.485 21.27 445.909
  50 0.495 18.156 450.145
  51 0.505 18.098 455.467
  52 0.515 20.598 460.363
  53 0.525 21.64 467.277
  54 0.535 21.34 439.014
  55 0.545 21.266 464.707
  56 0.555 21.742 419.015
  57 0.565 21.914 431.042
  58 0.575 21.994 447.111
  59 0.585 21.994 405.598
  60 0.595 21.762 397.211
  61 0.605 20.592 395.241
  62 0.615 18.648 390.71
  63 0.625 19.746 376.932
  64 0.635 21.278 350.453
  65 0.645 21.98 330.361
  66 0.655 21.99 323.117
  67 0.665 22.01 313.578
  68 0.675 21.946 324.753
  69 0.685 21.598 332.66
  70 0.695 21.144 319.092
  71 0.705 21.552 296.613
  72 0.715 21.702 319.948
  73 0.725 20.936 336.339
  74 0.735 18.482 320.536
  75 0.745 18.432 321.721
  76 0.755 20.512 306.045
  77 0.765 21.6 309.36
  78 0.775 21.466 301.915
  79 0.785 21.292 281.655
  80 0.795 21.464 294.62
  81 0.805 21.926 288.656
  82 0.815 21.948 283.304
  83 0.825 22 292.751
  84 0.835 22 277.774
  85 0.845 21.964 267.671
  86 0.855 20.888 274.23
  87 0.865 18.666 261.182
  88 0.875 19.178 279.137
  89 0.885 21.326 257.429
  90 0.895 21.978 251.122
  91 0.905 22 269.989
  92 0.915 22 260.902
  93 0.925 21.99 274.644
  94 0.935 21.832 264.712
  95 0.945 21.514 255.381
  96 0.955 21.074 248.675
  97 0.965 21.626 241.653
  98 0.975 21.926 232.292
  99 0.985 21.156 222.965
  100 0.995 17.344 220.625
285000 100 2112.0000000000005
  1 0.005 18.256 203.054
  2 0.015 21.554 199.957
  3 0.025 21.934 198.625
  4 0.035 21.488 207.755
  5 0.045 21.092 205.063
  6 0.055 21.534 207.861
  7 0.065 21.944 214.02
  8 0.075 21.998 236.176
  9 0.085 22 238.875
  10 0.095 22 234.821
  11 0.105 22 247.809
  12 0.115 21.286 264.111
  13 0.125 19.06 251.124
  14 0.135 18.716 246.364
  15 0.145 20.968 248.426
  16 0.155 21.97 239.848
  17 0.165 22 261.083
  18 0.175 22 266.721
  19 0.185 21.99 264.99
  20 0.195 21.896 281.822
  21 0.205 21.492 292.895
  22 0.215 21.222 276.931
  23 0.225 21.548 268.11
  24 0.235 21.758 307.219
  25 0.245 20.52 303.612
  26 0.255 18.202 308.555
  27 0.265 18.61 308.984
  28 0.275 20.89 334.953
  29 0.285 21.7 343.62
  30 0.295 21.33 350.524
  31 0.305 21.348 327.633
  32 0.315 21.6 342.236
  33 0.325 21.91 340.204
  34 0.335 21.984 327.037
  35 0.345 21.984 337.444
  36 0.355 21.99 336.82
  37 0.365 21.326 353.325
  38 0.375 19.574 355.99
  39 0.385 18.646 368.694
  40 0.395 20.594 371.83
  41 0.405 21.9 368.88
  42 0.415 21.986 388.359
  43 0.425 21.998 398.562
  44 0.435 21.912 412.232
  45 0.445 21.746 412.324
  46 0.455 21.356 439.615
  47 0.465 21.248 450.935
  48 0.475 21.722 456.403
  49 0.485 21.014 450.376
  50 0.495 18.258 481.923
  51 0.505 18.11 493.427
  52 0.515 20.722 487.406
  53 0.525 21.636 467.013
  54 0.535 21.286 457.134
  55 0.545 21.398 445.271
  56 0.555 21.682 434.146
  57 0.565 21.916 415.648
  58 0.575 22.004 398.992
  59 0.585 21.992 401.918
  60 0.595 21.862 379.145
  61 0.605 20.714 385.113
  62 0.615 18.61 376.214
  63 0.625 19.434 393.704
  64 0.635 21.466 382.695
  65 0.645 21.916 376.14
  66 0.655 21.998 364.183
  67 0.665 21.992 332.397
  68 0.675 21.91 328.636
  69 0.685 21.672 317.617
  70 0.695 21.184 332.355
  71 0.705 21.428 316.929
  72 0.715 21.804 307.713
  73 0.725 21.216 299.861
  74 0.735 18.434 292.903
  75 0.745 18.044 287.9
  76 0.755 20.542 287.942
  77 0.765 21.714 298.396
  78 0.775 21.52 303.933
  79 0.785 21.24 310.149
  80 0.795 21.488 316.386
  81 0.805 21.84 324.499
  82 0.815 21.976 291.059
  83 0.825 21.996 274.713
  84 0.835 21.996 271.691
  85 0.845 21.96 277.229
  86 0.855 20.688 269.812
  87 0.865 18.258 259.954
  88 0.875 19.622 248.461
  89 0.885 21.504 245.086
  90 0.895 21.972 249.761
  91 0.905 22 258.181
  92 0.915 21.992 249.406
  93 0.925 21.974 256.034
  94 0.935 21.89 242.937
  95 0.945 21.45 248.744
  96 0.955 21.1 247.059
  97 0.965 21.634 230.456
  98 0.975 21.916 237.404
  99 0.985 20.822 231.36
  100 0.995 17.422 211.902
290000 100 2112
  1 0.005 18.294 196.72
  2 0.015 21.648 188.67
  3 0.025 21.918 192.059
  4 0.035 21.548 196.126
  5 0.045 21.158 212.525
  6 0.055 21.428 211.955
  7 0.065 21.944 233.144
  8 0.075 21.996 231.028
  9 0.085 22 226.55
  10 0.095 22 221.841
  11 0.105 21.96 226.965
  12 0.115 21.236 238.464
  13 0.125 18.686 238.999
  14 0.135 19 244.848
  15 0.145 21.196 252.577
  16 0.155 21.922 253.249
  17 0.165 22 260.296
  18 0.175 22 275.187
  19 0.185 21.988 264.208
  20 0.195 21.842 278.636
  21 0.205 21.414 274.813
  22 0.215 21.28 284.551
  23 0.225 21.57 303.525
  24 0.235 21.75 279.639
  25 0.245 20.204 301.947
  26 0.255 17.928 309.889
  27 0.265 18.936 330.48
  28 0.275 21.128 336.718
  29 0.285 21.702 333.201
  30 0.295 21.368 330.017
  31 0.305 21.308 308.597
  32 0.315 21.616 314.827
  33 0.325 21.966 335.414
  34 0.335 22 347.873
  35 0.345 22 359.574
  36 0.355 21.954 361.388
  37 0.365 21.654 359.328
  38 0.375 19.034 377.134
  39 0.385 18.652 379.236
  40 0.395 20.82 384.809
  41 0.405 21.886 397.666
  42 0.415 22 396.893
  43 0.425 21.986 386.399
  44 0.435 21.922 419.967
  45 0.445 21.738 426.784
  46 0.455 21.334 446.243
  47 0.465 21.288 475.474
  48 0.475 21.718 454.348
  49 0.485 20.928 462.558
  50 0.495 18.266 460.164
  51 0.505 18.134 466.191
  52 0.515 20.776 456.327
  53 0.525 21.608 476.374
  54 0.535 21.344 437.176
  55 0.545 21.472 422.395
  56 0.555 21.58 427.533
  57 0.565 21.906 399.667
  58 0.575 22 406.122
  59 0.585 22 380.05
  60 0.595 21.846 414.852
  61 0.605 21.026 411.923
  62 0.615 18.572 417.059
  63 0.625 19.244 390.216
  64 0.635 21.362 381.424
  65 0.645 21.95 379.22
  66 0.655 22 377.997
  67 0.665 21.962 366.273
  68 0.675 21.992 361.515
  69 0.685 21.686 317.254
  70 0.695 21.232 320.109
  71 0.705 21.39 310.14
  72 0.715 21.78 296.732
  73 0.725 21.106 300.954
  74 0.735 18.854 293.192
  75 0.745 18.29 294.15
  76 0.755 20.036 289.283
  77 0.765 21.598 285.624
  78 0.775 21.572 305.587
  79 0.785 21.264 293.442
  80 0.795 21.482 289.953
  81 0.805 21.818 296.285
  82 0.815 21.938 284.102
  83 0.825 22 286.254
  84 0.835 22 271.374
  85 0.845 21.948 265.938
  86 0.855 21.18 264.433
  87 0.865 18.6 283.161
  88 0.875 18.942 272.197
  89 0.885 21.35 266.129
  90 0.895 21.98 256.632
  91 0.905 22 252.343
  92 0.915 22 241.237
  93 0.925 21.984 240.669
  94 0.935 21.886 233.69
  95 0.945 21.354 237.659
  96 0.955 21.194 256.634
  97 0.965 21.618 249.538
  98 0.975 21.918 237.588
  99 0.985 20.888 217.807
  100 0.995 17.224 205.034
295000 100 2112.0000000000005
  1 0.005 18.2 175.282
  2 0.015 21.714 171.146
  3 0.025 21.968 190.837
  4 0.035 21.566 200.233
  5 0.045 21.008 210.53
  6 0.055 21.542 225.419
  7 0.065 21.944 236.67
  8 0.075 21.976 225.37
  9 0.085 22 230.954
  10 0.095 22 235.678
  11 0.105 21.974 244.269
  12 0.115 21.338 244.206
  13 0.125 18.548 229.472
  14 0.135 18.936 235.839
  15 0.145 21.268 248.483
  16 0.155 21.936 265.877
  17 0.165 22 279.659
  18 0.175 22 295.588
  19 0.185 21.998 307.424
  20 0.195 21.762 288.347
  21 0.205 21.488 281.52
  22 0.215 21.282 290.763
  23 0.225 21.556 300.187
  24 0.235 21.68 304.289
  25 0.245 20.222 306.854
  26 0.255 17.674 308.529
  27 0.265 19.148 334.576
  28 0.275 21.234 331.683
  29 0.285 21.626 340.003
  30 0.295 21.402 333.111
  31 0.305 21.294 338.074
  32 0.315 21.722 338.543
  33 0.325 21.956 368.523
  34 0.335 21.956 373.757
  35 0.345 22 366.154
  36 0.355 21.962 356.374
  37 0.365 21.348 355.95
  38 0.375 18.792 365.284
  39 0.385 19.032 373.034
  40 0.395 20.918 369.911
  41 0.405 21.948 351.933
  42 0.415 21.996 347.272
  43 0.425 22.004 364.036
  44 0.435 21.912 396.535
  45 0.445 21.678 422.908
  46 0.455 21.348 424.463
  47 0.465 21.322 429.978
  48 0.475 21.72 434.16
  49 0.485 20.962 442.007
  50 0.495 18.322 476.028
  51 0.505 18.098 474.134
  52 0.515 20.716 478.532
  53 0.525 21.688 487.56
  54 0.535 21.312 448.617
  55 0.545 21.346 431.214
  56 0.555 21.636 410.828
  57 0.565 21.952 398.755
  58 0.575 21.992 397.851
  59 0.585 21.996 367.87
  60 0.595 21.92 378.068
  61 0.605 21.334 391.135
  62 0.615 18.754 400.593
  63 0.625 19.012 372.95
  64 0.635 21.2 364.725
  65 0.645 21.78 373.505
  66 0.655 22 352.269
  67 0.665 21.996 348.288
  68 0.675 21.936 348.138
  69 0.685 21.676 351.974
  70 0.695 21.432 351.439
  71 0.705 21.252 359.891
  72 0.715 21.698 348.572
  73 0.725 21.39 324.377
  74 0.735 19.012 314.576
  75 0.745 17.854 315.769
  76 0.755 20.088 309.603
  77 0.765 21.562 286.789
  78 0.775 21.7 278.172
  79 0.785 21.092 292.121
  80 0.795 21.572 287.392
  81 0.805 21.756 299.851
  82 0.815 21.984 298.181
  83 0.825 22 294.217
  84 0.835 22 279.022
  85 0.845 21.906 286.281
  86 0.855 21.162 268.547
  87 0.865 18.672 257.77
  88 0.875 19.078 249.885
  89 0.885 21.25 260.487
  90 0.895 21.932 261.995
  91 0.905 22 232.397
  92 0.915 22 247.165
  93 0.925 21.984 250.986
  94 0.935 21.834 243.536
  95 0.945 21.478 225.707
  96 0.955 21.124 230.08
  97 0.965 21.61 240.005
  98 0.975 21.906 231.057
  99 0.985 21.04 223.05
  100 0.995 17.106 203.597
300000 100 2112
  1 0.005 18.066 183.933
  2 0.015 21.54 191.194
  3 0.025 21.96 200.544
  4 0.035 21.578 200.69
  5 0.045 21.092 207.288
  6 0.055 21.448 218.403
  7 0.065 21.934 226.275
  8 0.075 21.984 221.374
  9 0.085 22 227.041
  10 0.095 21.99 240.955
  11 0.105 21.954 265.466
  12 0.115 21.436 268.297
  13 0.125 18.79 265.018
  14 0.135 18.896 243.174
  15 0.145 20.988 250.123
  16 0.155 21.946 262.191
  17 0.165 22 278.052
  18 0.175 22 298.49
  19 0.185 21.996 293.571
  20 0.195 21.868 272.363
  21 0.205 21.48 291.932
  22 0.215 21.164 307.418
  23 0.225 21.582 290.573
  24 0.235 21.706 301.017
  25 0.245 20.078 321.39
  26 0.255 18.188 317.418
  27 0.265 18.922 324.172
  28 0.275 21.046 305.489
  29 0.285 21.712 318.069
  30 0.295 21.362 332.936
  31 0.305 21.324 345.049
  32 0.315 21.676 352.654
  33 0.325 21.92 359.176
  34 0.335 21.976 353.579
  35 0.345 22 332.059
  36 0.355 21.944 338.491
  37 0.365 21.164 364.096
  38 0.375 19.254 387.721
  39 0.385 18.868 374.572
  40 0.395 20.88 350.223
  41 0.405 21.9 362.752
  42 0.415 21.99 386.104
  43 0.425 22 369.075
  44 0.435 21.926 386.99
  45 0.445 21.658 412.468
  46 0.455 21.432 410.025
  47 0.465 21.202 421.055
  48 0.475 21.762 427.267
  49 0.485 20.958 461.351
  50 0.495 18.278 452.633
  51 0.505 18.208 457.32
  52 0.515 20.702 463.198
  53 0.525 21.728 448.627
  54 0.535 21.288 440.302
  55 0.545 21.322 433.024
  56 0.555 21.626 427.979
  57 0.565 21.93 412.012
  58 0.575 21.98 394.775
  59 0.585 22 391.32
  60 0.595 21.93 394.187
  61 0.605 21.086 383.641
  62 0.615 18.41 376.439
  63 0.625 19.156 380.638
  64 0.635 21.474 367.39
  65 0.645 21.946 350.566
  66 0.655 21.998 339.813
  67 0.665 22 350.05
  68 0.675 21.882 320.744
  69 0.685 21.658 320.434
  70 0.695 21.406 329.266
  71 0.705 21.358 327.927
  72 0.715 21.726 306.71
  73 0.725 21.132 325.027
  74 0.735 18.956 296.712
  75 0.745 18.006 299.647
  76 0.755 20.2 299.693
  77 0.765 21.618 299.341
  78 0.775 21.616 319.599
  79 0.785 21.232 319.125
  80 0.795 21.376 326.079
  81 0.805 21.874 315.289
  82 0.815 21.96 312.678
  83 0.825 22 310.441
  84 0.835 21.986 308.785
  85 0.845 21.984 292.084
  86 0.855 21.014 281.378
  87 0.865 18.22 263.176
  88 0.875 19.372 252.944
  89 0.885 21.512 265.496
  90 0.895 21.912 266.137
  91 0.905 22 264.766
  92 0.915 21.996 249.22
  93 0.925 21.998 261.652
  94 0.935 21.82 251.253
  95 0.945 21.432 245.528
  96 0.955 21.132 240.209
  97 0.965 21.708 227.776
  98 0.975 21.852 235.32
  99 0.985 21.172 213.975
  100 0.995 17.288 205.267
305000 100 2111.9999999999995
  1 0.005 18.052 198.127
  2 0.015 21.466 195.035
  3 0.025 21.936 206.443
  4 0.035 21.586 220.891
  5 0.045 21.092 227.519
  6 0.055 21.436 224.52
  7 0.065 21.938 230.601
  8 0.075 21.998 224.492
  9 0.085 22 221.916
  10 0.095 22 239.029
  11 0.105 22 255.696
  12 0.115 21.55 254.498
  13 0.125 18.784 261.106
  14 0.135 18.814 256.175
  15 0.145 20.916 265.784
  16 0.155 21.936 262.496
  17 0.165 22 275.035
  18 0.175 22 288.145
  19 0.185 21.982 283.182
  20 0.195 21.878 274.139
  21 0.205 21.46 287.253
  22 0.215 21.208 295.213
  23 0.225 21.562 304.949
  24 0.235 21.726 295.433
  25 0.245 20.462 292.881
  26 0.255 17.922 320.984
  27 0.265 18.78 308.602
  28 0.275 21.048 321.009
  29 0.285 21.708 330.985
  30 0.295 21.484 331.33
  31 0.305 21.282 312.89
  32 0.315 21.578 336.372
  33 0.325 21.924 340.79
  34 0.335 21.996 375.069
  35 0.345 22 361.82
  36 0.355 21.93 389.313
  37 0.365 21.164 401.107
  38 0.375 19.348 373.19
  39 0.385 18.834 385.979
  40 0.395 20.83 371.549
  41 0.405 21.894 354.751
  42 0.415 22 365.874
  43 0.425 21.974 375.821
  44 0.435 21.998 395.301
  45 0.445 21.552 410.405
  46 0.455 21.388 408.858
  47 0.465 21.31 418.669
  48 0.475 21.726 417.389
  49 0.485 20.886 453.013
  50 0.495 18.09 419.79
  51 0.505 18.364 467.651
  52 0.515 20.786 489.735
  53 0.525 21.632 448.207
  54 0.535 21.366 454.308
  55 0.545 21.228 455.337
  56 0.555 21.79 440.911
  57 0.565 21.918 422.738
  58 0.575 21.992 406.085
  59 0.585 22 396.569
  60 0.595 21.944 374.417
  61 0.605 21.056 355.494
  62 0.615 18.348 364.715
  63 0.625 19.146 363.577
  64 0.635 21.578 328
  65 0.645 21.928 329.303
  66 0.655 22 328.838
  67 0.665 22 327.687
  68 0.675 21.912 335.052
  69 0.685 21.72 324.838
  70 0.695 21.254 328.047
  71 0.705 21.392 323.143
  72 0.715 21.726 332.121
  73 0.725 21.232 318.183
  74 0.735 19.03 334.513
  75 0.745 17.886 308.924
  76 0.755 20.102 300.474
  77 0.765 21.674 291.954
  78 0.775 21.534 292.697
  79 0.785 21.344 289.764
  80 0.795 21.42 291.943
  81 0.805 21.814 300.194
  82 0.815 21.96 297.851
  83 0.825 22 297.156
  84 0.835 21.988 320.431
  85 0.845 21.89 314.39
  86 0.855 21.042 306.325
  87 0.865 18.64 289.036
  88 0.875 18.944 274.103
  89 0.885 21.506 264.765
  90 0.895 22.008 266.889
  91 0.905 21.982 256.299
  92 0.915 21.998 272.998
  93 0.925 21.966 256.668
  94 0.935 21.89 236.157
  95 0.945 21.344 240.614
  96 0.955 21.154 236.485
  97 0.965 21.68 224.247
  98 0.975 21.912 214.11
  99 0.985 20.938 214.708
  100 0.995 17.614 209.13
310000 100 2111.9999999999995
  1 0.005 17.668 189.496
  2 0.015 21.314 196.045
  3 0.025 21.932 192.634
  4 0.035 21.654 209.027
  5 0.045 20.982 211.341
  6 0.055 21.56 208.014
  7 0.065 21.868 220.655
  8 0.075 21.994 217.119
  9 0.085 22 242.016
  10 0.095 22 257.316
  11 0.105 21.98 252.581
  12 0.115 21.128 255.884
  13 0.125 18.87 247.399
  14 0.135 18.752 251.369
  15 0.145 21.364 254.848
  16 0.155 21.906 277.893
  17 0.165 22 296.574
  18 0.175 21.992 305.769
  19 0.185 22.002 299.551
  20 0.195 21.662 316.114
  21 0.205 21.434 287.598
  22 0.215 21.394 295.849
  23 0.225 21.622 278.835
  24 0.235 21.558 287.717
  25 0.245 19.58 305.617
  26 0.255 18.194 312.894
  27 0.265 19.446 310.512
  28 0.275 21.118 329.319
  29 0.285 21.674 318.123
  30 0.295 21.292 333.252
  31 0.305 21.418 325.449
  32 0.315 21.716 355.503
  33 0.325 21.898 335.614
  34 0.335 22.002 343.026
  35 0.345 21.992 368.468
  36 0.355 21.964 360.294
  37 0.365 21.134 385.655
  38 0.375 18.956 370.66
  39 0.385 19.076 387.872
  40 0.395 20.986 388.962
  41 0.405 21.89 402.899
  42 0.415 22 418.809
  43 0.425 21.98 392.708
  44 0.435 21.94 397.047
  45 0.445 21.612 414.394
  46 0.455 21.308 409.086
  47 0.465 21.352 402.108
  48 0.475 21.742 395.952
  49 0.485 20.74 438.007
  50 0.495 18.396 442.795
  51 0.505 18.138 441.625
  52 0.515 20.842 440.288
  53 0.525 21.69 461.89
  54 0.535 21.386 436.825
  55 0.545 21.32 384.273
  56 0.555 21.652 382.175
  57 0.565 21.906 376.773
  58 0.575 21.996 367.875
  59 0.585 22 389.049
  60 0.595 21.984 388.307
  61 0.605 21.414 364.556
  62 0.615 18.598 389.392
  63 0.625 18.888 369.73
  64 0.635 21.224 346.088
  65 0.645 21.892 355.472
  66 0.655 22 342.072
  67 0.665 21.988 358.368
  68 0.675 21.954 348.124
  69 0.685 21.642 346.817
  70 0.695 21.42 330.306
  71 0.705 21.362 317.326
  72 0.715 21.594 333.699
  73 0.725 21.182 352.983
  74 0.735 19.224 326.788
  75 0.745 18.37 307.355
  76 0.755 19.74 308.385
  77 0.765 21.45 313.777
  78 0.775 21.552 303.405
  79 0.785 21.402 302.789
  80 0.795 21.352 284.496
  81 0.805 21.832 284.094
  82 0.815 21.936 278.926
  83 0.825 22 280.549
  84 0.835 22 292.338
  85 0.845 21.932 291.028
  86 0.855 21.116 285.837
  87 0.865 19.112 275.771
  88 0.875 18.678 287.201
  89 0.885 21.296 291.181
  90 0.895 21.866 282.501
  91 0.905 22 267.509
  92 0.915 22 261.025
  93 0.925 21.984 273.048
  94 0.935 21.858 259.93
  95 0.945 21.534 243.16
  96 0.955 21.118 235.517
  97 0.965 21.528 225.338
  98 0.975 21.946 230.065
  99 0.985 21.092 222.709
  100 0.995 17.968 214.514
315000 100 2112
  1 0.005 18.284 213.045
  2 0.015 21.392 192.68
  3 0.025 21.944 202.285
  4 0.035 21.542 216.409
  5 0.045 21.074 222.766
  6 0.055 21.484 230.569
  7 0.065 21.948 230.728
  8 0.075 22 231.728
  9 0.085 22 227.173
  10 0.095 22 224.52
  11 0.105 21.964 239.402
  12 0.115 21.286 237.913
  13 0.125 18.854 239.133
  14 0.135 18.732 227.176
  15 0.145 21.21 236.271
  16 0.155 21.954 248.456
  17 0.165 22 261.899
  18 0.175 22 279.51
  19 0.185 21.99 288.672
  20 0.195 21.818 310.926
  21 0.205 21.454 309.585
  22 0.215 21.288 308.834
  23 0.225 21.582 315.889
  24 0.235 21.616 315.107
  25 0.245 20.306 309.304
  26 0.255 18.132 314.731
  27 0.265 18.79 329.88
  28 0.275 21.08 344.309
  29 0.285 21.688 353.796
  30 0.295 21.348 333.478
  31 0.305 21.322 343.383
  32 0.315 21.742 335.404
  33 0.325 21.848 352.237
  34 0.335 22.002 359.675
  35 0.345 21.982 378.347
  36 0.355 21.892 361.554
  37 0.365 21.17 372.973
  38 0.375 19.232 363.664
  39 0.385 19.108 360.869
  40 0.395 20.816 379.012
  41 0.405 21.808 401.882
  42 0.415 21.986 402.322
  43 0.425 21.992 396.731
  44 0.435 21.872 420.25
  45 0.445 21.702 428.531
  46 0.455 21.21 438.759
  47 0.465 21.46 403.465
  48 0.475 21.668 406.695
  49 0.485 20.574 437.746
  50 0.495 18.164 447.901
  51 0.505 18.574 443.691
  52 0.515 20.854 452.155
  53 0.525 21.594 437.255
  54 0.535 21.438 398.171
  55 0.545 21.32 409.06
  56 0.555 21.642 400.874
  57 0.565 21.94 393.972
  58 0.575 21.996 377.402
  59 0.585 21.984 379.983
  60 0.595 21.858 370.553
  61 0.605 21.064 363.601
  62 0.615 18.89 341.906
  63 0.625 18.918 343.114
  64 0.635 21.332 335.082
  65 0.645 21.954 357.865
  66 0.655 22 342.262
  67 0.665 21.984 344.29
  68 0.675 21.94 351.472
  69 0.685 21.674 341.33
  70 0.695 21.446 336.39
  71 0.705 21.282 330.053
  72 0.715 21.668 331.59
  73 0.725 21.136 352.313
  74 0.735 19.256 341.985
  75 0.745 18.152 335.184
  76 0.755 19.832 338.24
  77 0.765 21.528 330.78
  78 0.775 21.576 319.691
  79 0.785 21.35 307.542
  80 0.795 21.346 301.777
  81 0.805 21.85 295.437
  82 0.815 21.98 273.839
  83 0.825 22 264.684
  84 0.835 21.978 272.703
  85 0.845 21.886 274.433
  86 0.855 21.046 273.364
  87 0.865 19.208 261.577
  88 0.875 18.864 279.69
  89 0.885 21.094 282.988
  90 0.895 21.928 270.212
  91 0.905 21.996 271.12
  92 0.915 22 265.307
  93 0.925 21.99 261.603
  94 0.935 21.788 250.37
  95 0.945 21.514 255.432
  96 0.955 21.132 239.003
  97 0.965 21.608 231.255
  98 0.975 21.912 233.296
  99 0.985 21.038 232.134
  100 0.995 17.35 212.919
320000 100 2112.0000000000005
  1 0.005 17.916 199.868
  2 0.015 21.446 200.779
  3 0.025 21.952 225.52
  4 0.035 21.55 225.395
  5 0.045 21.12 226.73
  6 0.055 21.558 227.745
  7 0.065 21.814 221.544
  8 0.075 21.994 206.421
  9 0.085 22 215.087
  10 0.095 22 226.175
  11 0.105 21.968 229.997
  12 0.115 21.512 237.596
  13 0.125 19.294 240.533
  14 0.135 18.298 238.494
  15 0.145 20.974 255.903
  16 0.155 21.954 260.398
  17 0.165 22 265.805
  18 0.175 21.994 267.297
  19 0.185 21.982 277.978
  20 0.195 21.848 282.846
  21 0.205 21.552 288.845
  22 0.215 21.272 297.708
  23 0.225 21.502 308.256
  24 0.235 21.66 326.368
  25 0.245 20.382 343.665
  26 0.255 18.402 345.672
  27 0.265 18.694 333.146
  28 0.275 20.788 351.605
  29 0.285 21.734 333.15
  30 0.295 21.326 366.346
  31 0.305 21.384 343.62
  32 0.315 21.604 373.251
  33 0.325 21.9 362.568
  34 0.335 21.976 354.301
  35 0.345 21.986 345.738
  36 0.355 21.876 358.974
  37 0.365 21.238 358.39
  38 0.375 19.508 372.922
  39 0.385 18.688 385.571
  40 0.395 20.86 398.099
  41 0.405 21.844 395.254
  42 0.415 22 409.687
  43 0.425 22 395.396
  44 0.435 21.846 414.393
  45 0.445 21.746 413.476
  46 0.455 21.316 413.541
  47 0.465 21.362 434.458
  48 0.475 21.656 440.915
  49 0.485 20.96 406.816
  50 0.495 18.232 419.83
  51 0.505 18.09 454.184
  52 0.515 20.852 427.924
  53 0.525 21.686 408.695
  54 0.535 21.396 398.255
  55 0.545 21.296 427.797
  56 0.555 21.646 403.923
  57 0.565 21.92 411.149
  58 0.575 21.996 403.13
  59 0.585 21.978 382.735
  60 0.595 21.934 374.474
  61 0.605 21.18 373.253
  62 0.615 18.616 363.398
  63 0.625 18.972 361.159
  64 0.635 21.37 363.194
  65 0.645 21.95 364.965
  66 0.655 22 364.919
  67 0.665 21.99 358.16
  68 0.675 21.942 350.503
  69 0.685 21.558 336.533
  70 0.695 21.308 338.871
  71 0.705 21.48 330.485
  72 0.715 21.69 322.949
  73 0.725 20.734 332.645
  74 0.735 18.67 323.693
  75 0.745 18.644 323.827
  76 0.755 20.318 344.734
  77 0.765 21.47 337.976
  78 0.775 21.458 311.756
  79 0.785 21.408 316.293
  80 0.795 21.498 308.921
  81 0.805 21.858 287.155
  82 0.815 21.974 265.72
  83 0.825 22 265.034
  84 0.835 22 271.271
  85 0.845 21.896 252.57
  86 0.855 20.568 270.149
  87 0.865 18.926 269.315
  88 0.875 19.254 281.904
  89 0.885 21.368 290.959
  90 0.895 21.988 268.48
  91 0.905 22 246.322
  92 0.915 21.994 264.502
  93 0.925 21.98 258.291
  94 0.935 21.876 235.25
  95 0.945 21.358 230.194
  96 0.955 21.116 240.533
  97 0.965 21.724 233.224
  98 0.975 21.896 231.416
  99 0.985 21.11 217.065
  100 0.995 17.596 212.793
325000 100 2112.0000000000005
  1 0.005 18.218 192.076
  2 0.015 21.518 186.773
  3 0.025 21.938 214.615
  4 0.035 21.558 205.576
  5 0.045 21.116 216.134
  6 0.055 21.472 233.728
  7 0.065 21.91 222.997
  8 0.075 22 226.073
  9 0.085 22 237.147
  10 0.095 22 243.162
  11 0.105 22 242.136
  12 0.115 21.5 247.221
  13 0.125 19.044 261.616
  14 0.135 18.588 259.415
  15 0.145 20.956 247.873
  16 0.155 21.912 247.836
  17 0.165 22 255.937
  18 0.175 22 258.43
  19 0.185 21.974 274.883
  20 0.195 21.852 273.517
  21 0.205 21.5 300.596
  22 0.215 21.318 293.656
  23 0.225 21.51 301.916
  24 0.235 21.58 323.603
  25 0.245 20.452 343.21
  26 0.255 18.352 345.434
  27 0.265 18.682 350.416
  28 0.275 20.85 331.096
  29 0.285 21.654 364.021
  30 0.295 21.418 344.764
  31 0.305 21.404 331.114
  32 0.315 21.516 343.298
  33 0.325 21.938 346.035
  34 0.335 22 349.005
  35 0.345 22 361.811
  36 0.355 21.892 377.241
  37 0.365 21.326 391.701
  38 0.375 19.592 387.393
  39 0.385 18.484 399.695
  40 0.395 20.862 394.388
  41 0.405 21.844 384.306
  42 0.415 22 395.503
  43 0.425 22 404.772
  44 0.435 21.876 406.553
  45 0.445 21.776 411.53
  46 0.455 21.218 400.752
  47 0.465 21.4 397.812
  48 0.475 21.668 431.288
  49 0.485 20.848 450.447
  50 0.495 18.172 441.017
  51 0.505 18.174 462.746
  52 0.515 20.918 439.074
  53 0.525 21.68 429.051
  54 0.535 21.436 433.19
  55 0.545 21.162 451.89
  56 0.555 21.83 414.057
  57 0.565 21.854 433.375
  58 0.575 21.988 384.472
  59 0.585 22 386.903
  60 0.595 21.934 390.649
  61 0.605 20.758 364.887
  62 0.615 18.598 341.869
  63 0.625 19.42 346.372
  64 0.635 21.314 355.079
  65 0.645 21.976 341.518
  66 0.655 22 349.78
  67 0.665 22 353.733
  68 0.675 21.946 343.625
  69 0.685 21.7 333.719
  70 0.695 21.186 333.644
  71 0.705 21.454 311.944
  72 0.715 21.766 314.184
  73 0.725 21.258 318.994
  74 0.735 18.902 328.542
  75 0.745 17.942 311.076
  76 0.755 20.112 289.04
  77 0.765 21.716 314.955
  78 0.775 21.5 322.327
  79 0.785 21.274 301.111
  80 0.795 21.44 322.584
  81 0.805 21.85 307.337
  82 0.815 21.954 301.172
  83 0.825 22 283.313
  84 0.835 21.976 300.959
  85 0.845 21.958 275.047
  86 0.855 20.79 280.491
  87 0.865 19.068 263.953
  88 0.875 18.902 249.95
  89 0.885 21.348 245.901
  90 0.895 21.958 260.899
  91 0.905 21.998 264.288
  92 0.915 22.002 261.22
  93 0.925 21.974 256.055
  94 0.935 21.814 250.67
  95 0.945 21.378 262.118
  96 0.955 21.19 255.846
  97 0.965 21.708 230.414
  98 0.975 21.88 221.966
  99 0.985 21.002 211.818
  100 0.995 17.324 195.954
330000 100 2112
  1 0.005 18.174 194.545
  2 0.015 21.448 179.324
  3 0.025 21.97 194.657
  4 0.035 21.526 216.068
  5 0.045 21.104 222.197
  6 0.055 21.486 226.797
  7 0.065 21.9 228.061
  8 0.075 22 221.08
  9 0.085 22 228.518
  10 0.095 22 230.402
  11 0.105 21.98 249.578
  12 0.115 21.332 255.794
  13 0.125 18.622 253.008
  14 0.135 18.974 263.65
  15 0.145 21.124 257.396
  16 0.155 21.968 257.887
  17 0.165 22 269.125
  18 0.175 21.996 277.901
  19 0.185 21.952 279.463
  20 0.195 21.784 280.491
  21 0.205 21.454 292.535
  22 0.215 21.266 298.702
  23 0.225 21.598 323.099
  24 0.235 21.456 337.179
  25 0.245 19.658 324.521
  26 0.255 18.294 318.491
  27 0.265 19.356 324.111
  28 0.275 21.182 345.966
  29 0.285 21.718 352.87
  30 0.295 21.232 370.995
  31 0.305 21.386 332.897
  32 0.315 21.746 324.556
  33 0.325 21.926 331.684
  34 0.335 21.996 349.275
  35 0.345 21.98 337.044
  36 0.355 21.91 390.242
  37 0.365 20.906 370.557
  38 0.375 18.994 390.322
  39 0.385 18.928 387.486
  40 0.395 21.404 391.842
  41 0.405 21.886 374.568
  42 0.415 21.99 423.158
  43 0.425 22 411.87
  44 0.435 21.906 409.528
  45 0.445 21.618 395.745
  46 0.455 21.312 403.624
  47 0.465 21.436 400.517
  48 0.475 21.672 408.382
  49 0.485 20.874 436.034
  50 0.495 18.424 439.565
  51 0.505 18.034 456.447
  52 0.515 20.826 476.341
  53 0.525 21.626 466.761
  54 0.535 21.472 431.569
  55 0.545 21.258 449.692
  56 0.555 21.624 432.295
  57 0.565 21.932 402.621
  58 0.575 21.988 385.547
  59 0.585 22 398.867
  60 0.595 21.988 373.936
  61 0.605 21.252 367.703
  62 0.615 18.998 373.184
  63 0.625 18.814 356.87
  64 0.635 21.166 351.491
  65 0.645 21.802 346.606
  66 0.655 21.98 350.755
  67 0.665 21.996 334.556
  68 0.675 21.942 336.284
  69 0.685 21.672 337.96
  70 0.695 21.366 338.085
  71 0.705 21.398 338.108
  72 0.715 21.67 307.571
  73 0.725 21.26 298.976
  74 0.735 19.396 305.819
  75 0.745 18.028 319.838
  76 0.755 19.736 311.833
  77 0.765 21.482 322.535
  78 0.775 21.558 323.953
  79 0.785 21.352 316.648
  80 0.795 21.482 312.039
  81 0.805 21.67 315.698
  82 0.815 21.992 295.579
  83 0.825 22 276.598
  84 0.835 22 271.131
  85 0.845 21.964 269.378
  86 0.855 20.912 265.122
  87 0.865 19.19 274.971
  88 0.875 18.822 274.74
  89 0.885 21.154 278.31
  90 0.895 21.958 277.996
  91 0.905 22 284.88
  92 0.915 22 278.511
  93 0.925 21.972 268.145
  94 0.935 21.858 247.226
  95 0.945 21.41 243.782
  96 0.955 21.24 239.991
  97 0.965 21.588 222.536
  98 0.975 21.892 210.781
  99 0.985 21.184 202.244
  100 0.995 17.248 197.256
335000 100 2112
  1 0.005 18.346 210.69
  2 0.015 21.496 200.553
  3 0.025 21.96 196.726
  4 0.035 21.374 206.995
  5 0.045 21.262 203.512
  6 0.055 21.456 201.208
  7 0.065 21.944 206.146
  8 0.075 22 202.499
  9 0.085 22 217.533
  10 0.095 22 218.602
  11 0.105 21.934 243.07
  12 0.115 21.454 243.175
  13 0.125 18.848 233.466
  14 0.135 18.878 244.456
  15 0.145 20.958 252.113
  16 0.155 21.928 283.045
  17 0.165 22 294.885
  18 0.175 22 294.502
  19 0.185 21.982 293.358
  20 0.195 21.846 289.369
  21 0.205 21.492 279.357
  22 0.215 21.2 300.962
  23 0.225 21.584 302.807
  24 0.235 21.704 310.099
  25 0.245 20.458 305.356
  26 0.255 17.802 330.849
  27 0.265 18.834 335.296
  28 0.275 21.152 338.3
  29 0.285 21.716 330.887
  30 0.295 21.332 330.454
  31 0.305 21.258 344.452
  32 0.315 21.686 356.557
  33 0.325 21.972 366.804
  34 0.335 21.982 372.17
  35 0.345 22 374.553
  36 0.355 21.762 387.547
  37 0.365 21.332 367.859
  38 0.375 19.216 367.767
  39 0.385 18.736 395.121
  40 0.395 21.038 388.517
  41 0.405 21.916 382.243
  42 0.415 22 396.017
  43 0.425 21.98 395.026
  44 0.435 21.916 421.765
  45 0.445 21.624 444.337
  46 0.455 21.296 428.572
  47 0.465 21.39 411.633
  48 0.475 21.746 412.863
  49 0.485 20.924 418.577
  50 0.495 18.052 420.304
  51 0.505 18.226 410.307
  52 0.515 20.92 408.312
  53 0.525 21.68 412.94
  54 0.535 21.506 417.591
  55 0.545 21.128 406.143
  56 0.555 21.676 404.925
  57 0.565 21.936 411.671
  58 0.575 22 409.318
  59 0.585 22 390.347
  60 0.595 21.938 393.604
  61 0.605 21.03 429.477
  62 0.615 18.95 411.92
  63 0.625 19.04 385.523
  64 0.635 21.17 377.821
  65 0.645 21.872 355.647
  66 0.655 22 341.119
  67 0.665 21.994 333.743
  68 0.675 21.97 334.336
  69 0.685 21.73 341.824
  70 0.695 21.192 334.006
  71 0.705 21.452 319.672
  72 0.715 21.67 309.294
  73 0.725 21.288 328.357
  74 0.735 19.266 326.74
  75 0.745 17.672 317.709
  76 0.755 20.052 337.291
  77 0.765 21.646 338.929
  78 0.775 21.606 325.087
  79 0.785 21.288 322.539
  80 0.795 21.384 332.054
  81 0.805 21.832 315.254
  82 0.815 21.958 304.151
  83 0.825 22 283.771
  84 0.835 21.996 286.184
  85 0.845 21.91 288.261
  86 0.855 20.892 291.345
  87 0.865 19.018 267.186
  88 0.875 18.65 260.461
  89 0.885 21.58 257.802
  90 0.895 21.954 267.368
  91 0.905 22 259.972
  92 0.915 22 278.885
  93 0.925 21.974 230.192
  94 0.935 21.878 239.83
  95 0.945 21.406 233.382
  96 0.955 21.054 237.715
  97 0.965 21.712 224.783
  98 0.975 21.93 219.965
  99 0.985 20.954 221.353
  100 0.995 17.254 220.331
340000 100 2112
  1 0.005 17.95 204.073
  2 0.015 21.412 201.102
  3 0.025 21.952 197.572
  4 0.035 21.532 212.04
  5 0.045 21.128 212.899
  6 0.055 21.502 222.07
  7 0.065 21.884 219.47
  8 0.075 21.996 236.612
  9 0.085 22 228.657
  10 0.095 22 237.32
  11 0.105 21.952 244.231
  12 0.115 21.416 243.982
  13 0.125 19.23 252.158
  14 0.135 18.49 261.544
  15 0.145 20.998 271.405
  16 0.155 21.914 281.977
  17 0.165 22 286.839
  18 0.175 22 271.446
  19 0.185 22 268.241
  20 0.195 21.834 276.175
  21 0.205 21.592 274.019
  22 0.215 21.142 274.686
  23 0.225 21.578 304.233
  24 0.235 21.714 305.126
  25 0.245 20.632 292.148
  26 0.255 18.06 303.006
  27 0.265 18.408 321.082
  28 0.275 21.11 336.278
  29 0.285 21.768 321.336
  30 0.295 21.444 311.098
  31 0.305 21.158 323.478
  32 0.315 21.658 340.5
  33 0.325 21.926 351.746
  34 0.335 21.976 365.379
  35 0.345 22 389.498
  36 0.355 21.954 385.866
  37 0.365 21.428 406.1
  38 0.375 19.422 403.083
  39 0.385 18.22 414.423
  40 0.395 21.114 399.441
  41 0.405 21.862 401.485
  42 0.415 22 375.523
  43 0.425 21.996 370.576
  44 0.435 21.904 397.226
  45 0.445 21.756 398.87
  46 0.455 21.29 414.649
  47 0.465 21.252 417.697
  48 0.475 21.776 414.38
  49 0.485 21.122 441.372
  50 0.495 18.18 433.986
  51 0.505 17.896 419.204
  52 0.515 20.912 437.728
  53 0.525 21.654 420.887
  54 0.535 21.398 404.564
  55 0.545 21.398 401.657
  56 0.555 21.552 412.659
  57 0.565 21.926 432.208
  58 0.575 21.988 401.525
  59 0.585 21.986 389.433
  60 0.595 21.95 397.681
  61 0.605 21.024 393.454
  62 0.615 18.472 402.398
  63 0.625 19.108 381.668
  64 0.635 21.498 375.009
  65 0.645 21.962 351.86
  66 0.655 22 350.07
  67 0.665 21.984 349.287
  68 0.675 21.914 355.657
  69 0.685 21.662 344.792
  70 0.695 21.358 332.95
  71 0.705 21.282 346.694
  72 0.715 21.758 349.069
  73 0.725 21.136 317.041
  74 0.735 18.562 337.907
  75 0.745 17.868 347.576
  76 0.755 20.612 345.876
  77 0.765 21.734 318.254
  78 0.775 21.466 330.957
  79 0.785 21.25 319.92
  80 0.795 21.528 296.651
  81 0.805 21.9 292.169
  82 0.815 21.988 307.099
  83 0.825 21.998 311.534
  84 0.835 22 290.314
  85 0.845 21.818 283.794
  86 0.855 20.772 279.103
  87 0.865 18.474 271.959
  88 0.875 19.442 264.365
  89 0.885 21.512 263.28
  90 0.895 21.982 266.807
  91 0.905 22 268.902
  92 0.915 22 260.112
  93 0.925 22 276.142
  94 0.935 21.85 247.418
  95 0.945 21.352 223.445
  96 0.955 21.072 224.929
  97 0.965 21.754 212.48
  98 0.975 21.958 209.81
  99 0.985 21.322 206.111
  100 0.995 17.336 205.625
