# Chunk-averaged data for fix 3 and group all
# Timestep Number-of-chunks Total-count
# Chunk Coord1 Ncount v_temp
45000 100 2112
  1 0.005 19.102 569.994
  2 0.015 20.32 531.622
  3 0.025 21.448 540.377
  4 0.035 21.598 592.386
  5 0.045 21.328 632.068
  6 0.055 21.626 640.027
  7 0.065 21.784 644.393
  8 0.075 21.794 676.326
  9 0.085 21.99 625.27
  10 0.095 21.918 671.608
  11 0.105 21.514 709.901
  12 0.115 20.76 727.991
  13 0.125 19.474 750.193
  14 0.135 19.726 724.708
  15 0.145 20.896 723.213
  16 0.155 21.786 692.309
  17 0.165 21.894 684.344
  18 0.175 21.984 649.876
  19 0.185 21.848 684.026
  20 0.195 21.804 644.698
  21 0.205 21.398 630.391
  22 0.215 21.45 600.568
  23 0.225 21.57 603.516
  24 0.235 21.344 596.173
  25 0.245 19.706 622.184
  26 0.255 18.664 613.245
  27 0.265 19.53 660.628
  28 0.275 20.836 679.414
  29 0.285 21.552 666.674
  30 0.295 21.402 680.222
  31 0.305 21.484 723.112
  32 0.315 21.7 723.866
  33 0.325 21.826 721.866
  34 0.335 21.94 713.563
  35 0.345 21.978 720.341
  36 0.355 21.668 698.496
  37 0.365 20.86 753.757
  38 0.375 19.424 754.233
  39 0.385 19.8 751.152
  40 0.395 20.692 768.693
  41 0.405 21.66 794.354
  42 0.415 21.872 760.863
  43 0.425 21.882 766.855
  44 0.435 21.96 805.981
  45 0.445 21.472 807.45
  46 0.455 21.61 822.593
  47 0.465 21.45 859.744
  48 0.475 20.986 936.614
  49 0.485 20.398 852.904
  50 0.495 19.346 850.548
  51 0.505 19.198 845.218
  52 0.515 20.17 827.388
  53 0.525 21.264 826.183
  54 0.535 21.436 800.548
  55 0.545 21.444 790.938
  56 0.555 21.76 765.711
  57 0.565 21.73 781.934
  58 0.575 21.918 775.147
  59 0.585 21.98 762.176
  60 0.595 21.622 801.885
  61 0.605 20.836 807.726
  62 0.615 19.584 791.496
  63 0.625 19.518 792.131
  64 0.635 20.924 784.041
  65 0.645 21.566 768.231
  66 0.655 21.98 735.95
  67 0.665 21.936 760.739
  68 0.675 21.874 727.514
  69 0.685 21.636 776.541
  70 0.695 21.444 769.795
  71 0.705 21.544 743.061
  72 0.715 21.416 763.027
  73 0.725 20.834 737.575
  74 0.735 19.544 691.57
  75 0.745 18.914 698.455
  76 0.755 19.834 701.501
  77 0.765 20.99 701.678
  78 0.775 21.558 705.052
  79 0.785 21.376 702.2
  80 0.795 21.578 720.231
  81 0.805 21.7 722.551
  82 0.815 21.892 721.049
  83 0.825 21.976 734.078
  84 0.835 21.916 694.167
  85 0.845 21.594 690.984
  86 0.855 20.712 684.915
  87 0.865 19.808 636.293
  88 0.875 19.798 674.491
  89 0.885 20.65 659.843
  90 0.895 21.506 694.206
  91 0.905 21.978 643.585
  92 0.915 21.974 642.501
  93 0.925 21.864 636.34
  94 0.935 21.71 653.137
  95 0.945 21.638 624.101
  96 0.955 21.446 615.236
  97 0.965 21.486 640.036
  98 0.975 21.232 625.152
  99 0.985 20.302 598.916
  100 0.995 19.356 590.688
50000 100 2111.9999999999995
  1 0.005 19.226 638.603
  2 0.015 20.218 581.149
  3 0.025 21.4 603.761
  4 0.035 21.458 617.078
  5 0.045 21.492 603.416
  6 0.055 21.602 612.145
  7 0.065 21.68 616.411
  8 0.075 21.878 631.03
  9 0.085 21.99 661.738
  10 0.095 21.932 709.281
  11 0.105 21.702 708.274
  12 0.115 20.606 735.951
  13 0.125 19.5 743.479
  14 0.135 19.552 747.348
  15 0.145 21.004 735.636
  16 0.155 21.7 720.769
  17 0.165 22 722.599
  18 0.175 21.96 680.81
  19 0.185 21.818 671.415
  20 0.195 21.712 683.896
  21 0.205 21.494 654.095
  22 0.215 21.386 691.461
  23 0.225 21.602 605.062
  24 0.235 21.24 628.338
  25 0.245 19.626 656.578
  26 0.255 18.564 684.674
  27 0.265 19.534 637.502
  28 0.275 21.08 642.851
  29 0.285 21.588 645.499
  30 0.295 21.428 671.424
  31 0.305 21.568 667.154
  32 0.315 21.62 705.716
  33 0.325 21.818 695.331
  34 0.335 21.99 731.271
  35 0.345 21.958 772.509
  36 0.355 21.728 778.096
  37 0.365 20.69 759.014
  38 0.375 19.82 772.595
  39 0.385 19.748 761.498
  40 0.395 20.746 721.549
  41 0.405 21.318 723.587
  42 0.415 22.022 746.71
  43 0.425 21.89 770.742
  44 0.435 21.846 767.688
  45 0.445 21.718 786.905
  46 0.455 21.382 838.779
  47 0.465 21.63 850.989
  48 0.475 21.118 831.161
  49 0.485 20.452 887.206
  50 0.495 19.468 846.561
  51 0.505 19.062 908.173
  52 0.515 20.088 856.916
  53 0.525 21.116 859.331
  54 0.535 21.392 902.916
  55 0.545 21.376 859.887
  56 0.555 21.744 818.746
  57 0.565 21.712 811.26
  58 0.575 21.99 817.689
  59 0.585 21.864 815.198
  60 0.595 21.75 759.859
  61 0.605 20.742 770.451
  62 0.615 19.752 737.943
  63 0.625 19.386 778.326
  64 0.635 20.74 804.831
  65 0.645 21.708 762.293
  66 0.655 22.006 754.191
  67 0.665 21.918 759.411
  68 0.675 21.878 707.281
  69 0.685 21.696 735.299
  70 0.695 21.402 803.164
  71 0.705 21.558 782.012
  72 0.715 21.37 761.062
  73 0.725 20.772 739.631
  74 0.735 19.242 752.726
  75 0.745 18.78 705.581
  76 0.755 20.146 747.676
  77 0.765 21.084 739.71
  78 0.775 21.498 718.798
  79 0.785 21.416 714.73
  80 0.795 21.594 687.393
  81 0.805 21.738 646.194
  82 0.815 21.932 658.964
  83 0.825 22 610.404
  84 0.835 21.916 657.173
  85 0.845 21.642 666.217
  86 0.855 20.484 669.915
  87 0.865 19.644 681.734
  88 0.875 19.816 671.768
  89 0.885 20.824 626.75
  90 0.895 21.69 567.976
  91 0.905 21.958 554.532
  92 0.915 21.984 597.173
  93 0.925 21.78 627.747
  94 0.935 21.856 603.278
  95 0.945 21.496 604.895
  96 0.955 21.466 605.938
  97 0.965 21.62 616.109
  98 0.975 21.24 603.57
  99 0.985 20.45 598.788
  100 0.995 19.18 611.187
55000 100 2111.9999999999995
  1 0.005 19.588 612.561
  2 0.015 20.67 583.05
  3 0.025 21.372 587.724
  4 0.035 21.616 573.867
  5 0.045 21.398 606.432
  6 0.055 21.632 620.23
  7 0.065 21.764 654.759
  8 0.075 21.926 621.397
  9 0.085 21.972 613.339
  10 0.095 21.85 614.945
  11 0.105 21.496 671.47
  12 0.115 20.644 656.059
  13 0.125 19.494 682.414
  14 0.135 19.796 667.822
  15 0.145 21.05 638.912
  16 0.155 21.7 633.664
  17 0.165 21.974 616.882
  18 0.175 21.98 646.017
  19 0.185 21.842 661.867
  20 0.195 21.802 672.881
  21 0.205 21.484 652.661
  22 0.215 21.374 677.478
  23 0.225 21.656 656.741
  24 0.235 21.354 648.861
  25 0.245 19.858 697.01
  26 0.255 18.934 738.809
  27 0.265 19.364 710.615
  28 0.275 20.696 726.845
  29 0.285 21.404 735.255
  30 0.295 21.446 739.884
  31 0.305 21.418 727.054
  32 0.315 21.712 703.72
  33 0.325 21.776 728.05
  34 0.335 21.968 746.056
  35 0.345 21.904 765.048
  36 0.355 21.676 787.576
  37 0.365 21.004 797.448
  38 0.375 20.03 791.795
  39 0.385 19.552 749.538
  40 0.395 20.344 780.354
  41 0.405 21.556 760.455
  42 0.415 21.862 744.187
  43 0.425 21.89 748.834
  44 0.435 21.924 789.738
  45 0.445 21.668 824.898
  46 0.455 21.558 855.352
  47 0.465 21.43 825.062
  48 0.475 21.194 822.712
  49 0.485 20.524 812.16
  50 0.495 19.502 850.215
  51 0.505 19.032 827.201
  52 0.515 20.042 796.999
  53 0.525 21.088 794.97
  54 0.535 21.436 791.406
  55 0.545 21.492 831.087
  56 0.555 21.602 850.354
  57 0.565 21.77 825.748
  58 0.575 21.896 878.863
  59 0.585 21.934 856.689
  60 0.595 21.756 821.459
  61 0.605 20.852 795.057
  62 0.615 19.692 745.945
  63 0.625 19.328 685.079
  64 0.635 20.866 700.909
  65 0.645 21.576 730.312
  66 0.655 21.974 732.914
  67 0.665 21.922 767.064
  68 0.675 21.876 776.068
  69 0.685 21.668 787.005
  70 0.695 21.476 772.429
  71 0.705 21.47 738.517
  72 0.715 21.49 750.038
  73 0.725 20.696 753.534
  74 0.735 19.442 775.178
  75 0.745 18.742 701.056
  76 0.755 19.92 732.432
  77 0.765 21.226 684.845
  78 0.775 21.484 692.842
  79 0.785 21.478 681.25
  80 0.795 21.53 696.426
  81 0.805 21.662 651.823
  82 0.815 21.952 638.369
  83 0.825 21.968 647.599
  84 0.835 21.878 680.307
  85 0.845 21.658 735.559
  86 0.855 20.392 728.534
  87 0.865 19.492 712.885
  88 0.875 20.062 694.622
  89 0.885 20.862 690.162
  90 0.895 21.746 653.137
  91 0.905 21.9 609.768
  92 0.915 21.958 628.812
  93 0.925 21.866 617.633
  94 0.935 21.682 604.971
  95 0.945 21.506 635.099
  96 0.955 21.57 633.472
  97 0.965 21.43 588.119
  98 0.975 21.122 624.693
  99 0.985 20.008 623.269
  100 0.995 18.902 633.021
60000 100 2112
  1 0.005 19.268 634.339
  2 0.015 20.41 644.565
  3 0.025 21.358 627.105
  4 0.035 21.536 626.214
  5 0.045 21.456 628.718
  6 0.055 21.554 602.753
  7 0.065 21.784 615.949
  8 0.075 21.908 644.636
  9 0.085 21.904 621.922
  10 0.095 21.98 614.934
  11 0.105 21.482 645.962
  12 0.115 20.932 670.805
  13 0.125 19.902 650.193
  14 0.135 19.428 625.113
  15 0.145 20.774 614.771
  16 0.155 21.624 604.615
  17 0.165 21.934 641.793
  18 0.175 21.974 629.217
  19 0.185 21.92 661.369
  20 0.195 21.76 709.083
  21 0.205 21.488 698.845
  22 0.215 21.486 702.253
  23 0.225 21.472 672.306
  24 0.235 21.242 724.846
  25 0.245 20.2 698.814
  26 0.255 18.552 706.758
  27 0.265 19.372 711.312
  28 0.275 20.71 722.944
  29 0.285 21.44 726.182
  30 0.295 21.418 728.045
  31 0.305 21.518 735.583
  32 0.315 21.714 722.442
  33 0.325 21.834 711.38
  34 0.335 21.94 720.591
  35 0.345 21.93 750.656
  36 0.355 21.604 748.358
  37 0.365 20.748 730.173
  38 0.375 19.868 741.092
  39 0.385 19.908 806.43
  40 0.395 20.536 849.074
  41 0.405 21.448 829.543
  42 0.415 21.928 789.554
  43 0.425 21.802 797.057
  44 0.435 21.968 786.487
  45 0.445 21.666 761.425
  46 0.455 21.426 757.194
  47 0.465 21.55 775.821
  48 0.475 21.282 820.793
  49 0.485 20.472 789.862
  50 0.495 19.356 813.131
  51 0.505 18.826 820.779
  52 0.515 20.238 808.201
  53 0.525 21.194 805.752
  54 0.535 21.498 828.654
  55 0.545 21.426 858.348
  56 0.555 21.642 867.917
  57 0.565 21.726 827.978
  58 0.575 21.948 826.172
  59 0.585 21.904 806.924
  60 0.595 21.664 826.666
  61 0.605 20.798 788.243
  62 0.615 19.782 776.608
  63 0.625 19.376 802.774
  64 0.635 20.836 799.643
  65 0.645 21.626 734.102
  66 0.655 21.946 746.034
  67 0.665 21.986 744.781
  68 0.675 21.856 729.465
  69 0.685 21.612 707.029
  70 0.695 21.564 662.632
  71 0.705 21.418 721.724
  72 0.715 21.49 749.275
  73 0.725 20.628 785.06
  74 0.735 19.146 773.296
  75 0.745 18.832 739.893
  76 0.755 20.166 717.743
  77 0.765 21.168 721.3
  78 0.775 21.512 675.493
  79 0.785 21.614 645.578
  80 0.795 21.476 694.185
  81 0.805 21.696 703.799
  82 0.815 21.906 668.655
  83 0.825 21.976 693.685
  84 0.835 21.902 694.635
  85 0.845 21.628 664.274
  86 0.855 20.588 674.443
  87 0.865 19.52 677.15
  88 0.875 19.996 671.052
  89 0.885 20.608 697.87
  90 0.895 21.762 642.477
  91 0.905 21.966 673.468
  92 0.915 21.994 637.465
  93 0.925 21.794 621.559
  94 0.935 21.82 653.839
  95 0.945 21.49 669.088
  96 0.955 21.616 640.071
  97 0.965 21.404 616.908
  98 0.975 21.206 594.747
  99 0.985 20.28 576.667
  100 0.995 19.184 554.943
65000 100 2111.9999999999995
  1 0.005 19.034 605.528
  2 0.015 20.216 591.33
  3 0.025 21.316 605.436
  4 0.035 21.546 607.909
  5 0.045 21.48 615.298
  6 0.055 21.462 614.615
  7 0.065 21.764 603.872
  8 0.075 21.878 618.493
  9 0.085 22.006 614.359
  10 0.095 21.966 586.97
  11 0.105 21.68 636.918
  12 0.115 21.102 647.86
  13 0.125 19.31 680.613
  14 0.135 19.42 660.769
  15 0.145 20.832 634.938
  16 0.155 21.712 643.327
  17 0.165 21.958 678.175
  18 0.175 21.944 666.151
  19 0.185 21.898 645.672
  20 0.195 21.802 682.185
  21 0.205 21.36 720.499
  22 0.215 21.606 697.204
  23 0.225 21.444 730.97
  24 0.235 21.254 702.791
  25 0.245 19.708 708.283
  26 0.255 18.846 660.342
  27 0.265 19.488 693.683
  28 0.275 20.79 716.04
  29 0.285 21.524 724.497
  30 0.295 21.386 749.934
  31 0.305 21.578 765.455
  32 0.315 21.612 773.108
  33 0.325 21.874 737.403
  34 0.335 21.9 794.996
  35 0.345 21.892 797.089
  36 0.355 21.73 735.633
  37 0.365 20.786 723.81
  38 0.375 19.614 772.205
  39 0.385 19.756 810.665
  40 0.395 20.586 840.139
  41 0.405 21.73 801.639
  42 0.415 21.858 781.721
  43 0.425 21.968 746.082
  44 0.435 21.674 798.596
  45 0.445 21.704 800.338
  46 0.455 21.518 783.886
  47 0.465 21.398 775.465
  48 0.475 21.128 763.556
  49 0.485 20.266 818.009
  50 0.495 19.056 801.981
  51 0.505 19.134 853.725
  52 0.515 20.612 855.66
  53 0.525 21.178 815.546
  54 0.535 21.47 799.226
  55 0.545 21.636 844.497
  56 0.555 21.522 785.307
  57 0.565 21.836 804.201
  58 0.575 21.922 844.398
  59 0.585 21.888 831.267
  60 0.595 21.386 866.604
  61 0.605 20.448 844.796
  62 0.615 19.604 855.56
  63 0.625 19.83 823.006
  64 0.635 20.984 770.729
  65 0.645 21.908 750.894
  66 0.655 21.956 721.659
  67 0.665 21.922 728.111
  68 0.675 21.876 698.469
  69 0.685 21.7 703.959
  70 0.695 21.362 667.632
  71 0.705 21.516 710.032
  72 0.715 21.572 699.27
  73 0.725 20.958 679.246
  74 0.735 19.468 715.529
  75 0.745 18.868 677.637
  76 0.755 19.872 648.906
  77 0.765 21.024 672.319
  78 0.775 21.38 715.826
  79 0.785 21.466 727.086
  80 0.795 21.544 701.866
  81 0.805 21.698 729.528
  82 0.815 21.892 708.38
  83 0.825 21.888 720.832
  84 0.835 21.98 692.518
  85 0.845 21.714 661.212
  86 0.855 20.688 661.218
  87 0.865 19.836 672.525
  88 0.875 19.82 682.96
  89 0.885 20.624 663.474
  90 0.895 21.392 678.201
  91 0.905 21.958 691.001
  92 0.915 21.938 658.311
  93 0.925 21.948 592.322
  94 0.935 21.714 606.507
  95 0.945 21.636 624.089
  96 0.955 21.476 649.654
  97 0.965 21.474 621.004
  98 0.975 21.316 598.88
  99 0.985 20.544 609.716
  100 0.995 19.262 596.483
70000 100 2112
  1 0.005 18.85 560.769
  2 0.015 20.206 543.008
  3 0.025 21.402 584.184
  4 0.035 21.502 567.266
  5 0.045 21.618 573.672
  6 0.055 21.508 607.172
  7 0.065 21.608 672.798
  8 0.075 21.88 651.362
  9 0.085 21.93 686.693
  10 0.095 21.958 690.2
  11 0.105 21.692 670.952
  12 0.115 20.996 674.824
  13 0.125 19.606 650.323
  14 0.135 19.532 632.779
  15 0.145 20.554 654.099
  16 0.155 21.686 676.844
  17 0.165 21.964 680.883
  18 0.175 21.982 646.134
  19 0.185 21.876 659.307
  20 0.195 21.716 671.067
  21 0.205 21.64 684.762
  22 0.215 21.348 677.043
  23 0.225 21.474 717.929
  24 0.235 21.106 749.435
  25 0.245 19.882 735.52
  26 0.255 18.788 711.83
  27 0.265 19.576 708.319
  28 0.275 20.854 740.154
  29 0.285 21.304 725.552
  30 0.295 21.46 712.597
  31 0.305 21.552 686.746
  32 0.315 21.646 725.88
  33 0.325 21.914 707.9
  34 0.335 21.882 715.494
  35 0.345 21.93 751.555
  36 0.355 21.474 789.477
  37 0.365 20.418 815.561
  38 0.375 19.636 813.909
  39 0.385 20.06 786.014
  40 0.395 20.964 780.671
  41 0.405 21.546 833.72
  42 0.415 21.906 807.632
  43 0.425 21.938 817.73
  44 0.435 21.796 805.111
  45 0.445 21.622 795.708
  46 0.455 21.4 818.368
  47 0.465 21.548 819.056
  48 0.475 21 831.746
  49 0.485 20.212 834.293
  50 0.495 19.19 839.909
  51 0.505 19.24 888.594
  52 0.515 20.338 846.188
  53 0.525 21.396 859.132
  54 0.535 21.414 847.759
  55 0.545 21.616 835.222
  56 0.555 21.588 805.12
  57 0.565 21.838 840.086
  58 0.575 21.936 830.742
  59 0.585 21.914 826.294
  60 0.595 21.648 792.331
  61 0.605 20.876 770.57
  62 0.615 19.434 759.815
  63 0.625 19.368 776.166
  64 0.635 20.916 779.923
  65 0.645 21.854 693.312
  66 0.655 21.956 681.471
  67 0.665 21.992 683.783
  68 0.675 21.862 683.251
  69 0.685 21.548 728.17
  70 0.695 21.52 716.03
  71 0.705 21.476 697.696
  72 0.715 21.432 708.823
  73 0.725 20.872 700.147
  74 0.735 19.374 681.647
  75 0.745 18.782 659.131
  76 0.755 20.038 672.048
  77 0.765 21.138 654.16
  78 0.775 21.49 665.139
  79 0.785 21.408 702.147
  80 0.795 21.592 719.164
  81 0.805 21.674 686.631
  82 0.815 21.916 714.686
  83 0.825 21.912 680.57
  84 0.835 21.974 671.805
  85 0.845 21.658 715.586
  86 0.855 20.788 703.547
  87 0.865 19.768 644.623
  88 0.875 19.694 656.748
  89 0.885 20.764 641.951
  90 0.895 21.442 655.588
  91 0.905 21.898 684.272
  92 0.915 21.978 677.585
  93 0.925 21.894 690.675
  94 0.935 21.748 665.87
  95 0.945 21.606 642.615
  96 0.955 21.492 635.116
  97 0.965 21.46 642.103
  98 0.975 21.384 607.513
  99 0.985 20.622 577.012
  100 0.995 19.34 571.916
75000 100 2112
  1 0.005 19.208 591.605
  2 0.015 20.686 579.721
  3 0.025 21.4 615.54
  4 0.035 21.526 618.733
  5 0.045 21.408 605.808
  6 0.055 21.64 626.57
  7 0.065 21.754 616.694
  8 0.075 21.922 630.181
  9 0.085 21.986 647.116
  10 0.095 21.952 645.29
  11 0.105 21.6 668.411
  12 0.115 20.632 649.168
  13 0.125 19.486 631.76
  14 0.135 19.702 665.08
  15 0.145 20.882 674.174
  16 0.155 21.762 663.766
  17 0.165 21.966 669.659
  18 0.175 21.97 647.898
  19 0.185 21.87 676.753
  20 0.195 21.79 655.701
  21 0.205 21.564 689.949
  22 0.215 21.436 695.121
  23 0.225 21.528 713.967
  24 0.235 21.182 706.207
  25 0.245 20.296 663.851
  26 0.255 19.098 650.439
  27 0.265 19.388 665.064
  28 0.275 20.518 710.289
  29 0.285 21.308 697.08
  30 0.295 21.276 714.138
  31 0.305 21.56 704.634
  32 0.315 21.622 762.922
  33 0.325 21.788 792.768
  34 0.335 21.852 799.177
  35 0.345 21.914 850.231
  36 0.355 21.596 830.279
  37 0.365 20.964 833.914
  38 0.375 20.048 858.56
  39 0.385 19.63 834.208
  40 0.395 20.572 815.573
  41 0.405 21.304 776.385
  42 0.415 21.922 764.301
  43 0.425 21.89 771.436
  44 0.435 21.824 770.642
  45 0.445 21.756 751.519
  46 0.455 21.522 792.505
  47 0.465 21.412 854.65
  48 0.475 21.316 859.342
  49 0.485 20.554 832.166
  50 0.495 19.09 902.619
  51 0.505 19.06 876.997
  52 0.515 20.13 871.603
  53 0.525 21.176 898.24
  54 0.535 21.536 903.778
  55 0.545 21.312 831.718
  56 0.555 21.696 857.876
  57 0.565 21.848 828.691
  58 0.575 21.928 841.535
  59 0.585 21.908 816.795
  60 0.595 21.648 771.076
  61 0.605 20.324 768.571
  62 0.615 19.428 726.727
  63 0.625 19.822 720.311
  64 0.635 21.034 728.735
  65 0.645 21.838 687.554
  66 0.655 21.922 702.639
  67 0.665 21.946 681.63
  68 0.675 21.912 679.485
  69 0.685 21.644 682.324
  70 0.695 21.43 684.479
  71 0.705 21.456 666.903
  72 0.715 21.456 694.055
  73 0.725 20.684 750.064
  74 0.735 19.278 725.114
  75 0.745 18.978 727.253
  76 0.755 20.014 718.348
  77 0.765 21.17 710.924
  78 0.775 21.414 670.122
  79 0.785 21.502 712.69
  80 0.795 21.558 694.24
  81 0.805 21.744 647.616
  82 0.815 21.924 632.369
  83 0.825 21.918 655.371
  84 0.835 21.852 614.816
  85 0.845 21.664 620.058
  86 0.855 20.556 618.517
  87 0.865 19.82 622.656
  88 0.875 19.9 654.469
  89 0.885 20.806 634.238
  90 0.895 21.51 646.975
  91 0.905 21.916 651.696
  92 0.915 21.938 676.696
  93 0.925 21.85 703.739
  94 0.935 21.712 693.354
  95 0.945 21.588 653.907
  96 0.955 21.504 666.323
  97 0.965 21.452 642.583
  98 0.975 21.252 653.452
  99 0.985 20.18 593.725
  100 0.995 18.99 609.92
80000 100 2112
  1 0.005 19.17 595.308
  2 0.015 20.624 616.362
  3 0.025 21.378 615.339
  4 0.035 21.544 638.869
  5 0.045 21.492 614.137
  6 0.055 21.612 591.556
  7 0.065 21.752 625.321
  8 0.075 21.85 601.031
  9 0.085 21.992 607.113
  10 0.095 21.918 647.232
  11 0.105 21.82 638.867
  12 0.115 20.916 657.244
  13 0.125 19.794 630.9
  14 0.135 19.206 593.934
  15 0.145 20.718 622.154
  16 0.155 21.656 658.971
  17 0.165 21.972 658.689
  18 0.175 21.974 672.974
  19 0.185 21.898 673.16
  20 0.195 21.834 682.295
  21 0.205 21.566 670.932
  22 0.215 21.362 698.216
  23 0.225 21.586 658.199
  24 0.235 21.274 683
  25 0.245 20.312 682.372
  26 0.255 19.108 702.024
  27 0.265 19.026 722.489
  28 0.275 20.484 739.864
  29 0.285 21.386 712.365
  30 0.295 21.394 761.82
  31 0.305 21.44 796.962
  32 0.315 21.646 856.457
  33 0.325 21.862 808.538
  34 0.335 21.89 788.721
  35 0.345 21.928 784.889
  36 0.355 21.686 768.255
  37 0.365 20.902 727.372
  38 0.375 19.76 721.868
  39 0.385 19.916 753.274
  40 0.395 20.338 784.421
  41 0.405 21.48 811.414
  42 0.415 21.976 813.256
  43 0.425 21.834 873.435
  44 0.435 21.82 862.863
  45 0.445 21.704 894.716
  46 0.455 21.33 835.011
  47 0.465 21.54 791.228
  48 0.475 21.148 815.512
  49 0.485 20.278 807.652
  50 0.495 19.228 841.514
  51 0.505 19.19 861.198
  52 0.515 20.242 882.874
  53 0.525 21.222 866.783
  54 0.535 21.524 834.321
  55 0.545 21.602 805.955
  56 0.555 21.518 799.349
  57 0.565 21.906 799.325
  58 0.575 21.884 819.344
  59 0.585 21.946 795.926
  60 0.595 21.506 799.502
  61 0.605 20.784 759.776
  62 0.615 19.216 782.72
  63 0.625 19.686 767.32
  64 0.635 21.052 745.1
  65 0.645 21.812 726.922
  66 0.655 21.966 735.135
  67 0.665 21.962 709.403
  68 0.675 21.838 731.254
  69 0.685 21.66 713.064
  70 0.695 21.41 707.532
  71 0.705 21.478 637.864
  72 0.715 21.528 654.299
  73 0.725 20.846 693.589
  74 0.735 19.416 688.882
  75 0.745 18.642 668.64
  76 0.755 19.934 679.26
  77 0.765 21.338 665.661
  78 0.775 21.498 648.49
  79 0.785 21.318 699.09
  80 0.795 21.606 714.172
  81 0.805 21.68 682.352
  82 0.815 21.9 682.976
  83 0.825 21.99 707.27
  84 0.835 21.866 670.24
  85 0.845 21.6 705.851
  86 0.855 20.464 659.109
  87 0.865 19.78 657.88
  88 0.875 19.928 644.615
  89 0.885 20.914 652.053
  90 0.895 21.56 670.36
  91 0.905 21.878 640.813
  92 0.915 21.914 627.582
  93 0.925 21.83 662.132
  94 0.935 21.822 632.641
  95 0.945 21.508 650.233
  96 0.955 21.508 667.802
  97 0.965 21.486 683.405
  98 0.975 21.096 656.391
  99 0.985 20.106 617.713
  100 0.995 19.316 590.32
85000 100 2112
  1 0.005 18.88 574.03
  2 0.015 20.232 580.298
  3 0.025 21.23 576.831
  4 0.035 21.55 597.487
  5 0.045 21.392 615.658
  6 0.055 21.558 619.515
  7 0.065 21.77 603.443
  8 0.075 21.834 631.872
  9 0.085 21.98 588.075
  10 0.095 21.984 605.813
  11 0.105 21.918 604.337
  12 0.115 21.056 619.391
  13 0.125 19.456 675.445
  14 0.135 19.174 663.117
  15 0.145 20.87 647.191
  16 0.155 21.68 695.262
  17 0.165 21.86 734.114
  18 0.175 22 729.661
  19 0.185 21.874 689.264
  20 0.195 21.754 703.597
  21 0.205 21.502 720.094
  22 0.215 21.422 701.669
  23 0.225 21.566 655.781
  24 0.235 21.204 672.983
  25 0.245 20.18 694.812
  26 0.255 18.838 710.671
  27 0.265 19.252 724.985
  28 0.275 20.694 715.29
  29 0.285 21.396 733.633
  30 0.295 21.358 775.189
  31 0.305 21.538 773.073
  32 0.315 21.628 814.797
  33 0.325 21.856 774.922
  34 0.335 21.97 763.024
  35 0.345 21.94 796.35
  36 0.355 21.572 788.976
  37 0.365 20.77 802.654
  38 0.375 19.522 761.191
  39 0.385 19.742 785.937
  40 0.395 20.89 769.254
  41 0.405 21.622 798.86
  42 0.415 21.902 821.904
  43 0.425 21.926 873.459
  44 0.435 21.744 841.325
  45 0.445 21.618 856.904
  46 0.455 21.49 800.698
  47 0.465 21.516 790.503
  48 0.475 21.022 833.646
  49 0.485 20.288 830.103
  50 0.495 18.808 859.786
  51 0.505 19.464 858.069
  52 0.515 20.406 877.193
  53 0.525 21.246 884.406
  54 0.535 21.538 835.71
  55 0.545 21.386 806.729
  56 0.555 21.742 773.188
  57 0.565 21.848 764.642
  58 0.575 21.982 784.979
  59 0.585 21.876 765.9
  60 0.595 21.572 717.521
  61 0.605 20.736 698.926
  62 0.615 19.47 701.057
  63 0.625 19.514 740.892
  64 0.635 21.106 729.283
  65 0.645 21.77 722.97
  66 0.655 21.926 728.392
  67 0.665 21.934 739.607
  68 0.675 21.834 768.115
  69 0.685 21.626 772.885
  70 0.695 21.558 768.085
  71 0.705 21.342 781.647
  72 0.715 21.48 741.647
  73 0.725 20.728 721.872
  74 0.735 19.188 738.773
  75 0.745 18.89 726.744
  76 0.755 20.128 691.367
  77 0.765 21.238 702.154
  78 0.775 21.44 694.632
  79 0.785 21.562 668.113
  80 0.795 21.474 718.07
  81 0.805 21.696 695.475
  82 0.815 21.96 693.387
  83 0.825 21.934 650.76
  84 0.835 21.924 676.923
  85 0.845 21.83 652.529
  86 0.855 20.774 664.622
  87 0.865 19.836 647.498
  88 0.875 19.652 684.041
  89 0.885 20.592 679.027
  90 0.895 21.442 691.304
  91 0.905 21.934 656.137
  92 0.915 21.988 643.172
  93 0.925 21.9 639.597
  94 0.935 21.696 595.893
  95 0.945 21.66 592.118
  96 0.955 21.5 578.784
  97 0.965 21.468 593.581
  98 0.975 21.44 602.422
  99 0.985 20.58 572.412
  100 0.995 19.362 616.05
90000 100 2112.0000000000005
  1 0.005 18.902 585.501
  2 0.015 20.348 552.703
  3 0.025 21.46 559.216
  4 0.035 21.498 617.966
  5 0.045 21.418 661.511
  6 0.055 21.48 667.047
  7 0.065 21.788 608.297
  8 0.075 21.88 588.883
  9 0.085 21.968 596.135
  10 0.095 22.01 603.468
  11 0.105 21.782 642.092
  12 0.115 21.35 624.638
  13 0.125 19.54 648.106
  14 0.135 19.408 667.747
  15 0.145 20.452 682.024
  16 0.155 21.508 669.788
  17 0.165 21.944 684.255
  18 0.175 21.998 656.794
  19 0.185 21.854 709.011
  20 0.195 21.72 760.234
  21 0.205 21.612 712.288
  22 0.215 21.384 728.312
  23 0.225 21.562 713.688
  24 0.235 21.086 688.121
  25 0.245 20.022 678.357
  26 0.255 18.804 736.409
  27 0.265 19.526 764.845
  28 0.275 20.62 757.37
  29 0.285 21.412 728.235
  30 0.295 21.528 750.876
  31 0.305 21.424 711.071
  32 0.315 21.718 710.675
  33 0.325 21.846 743.58
  34 0.335 21.884 708.953
  35 0.345 21.956 747.08
  36 0.355 21.668 773.657
  37 0.365 20.692 814.715
  38 0.375 19.798 801.738
  39 0.385 19.568 806.931
  40 0.395 20.814 838.193
  41 0.405 21.548 889.963
  42 0.415 21.91 885.813
  43 0.425 21.89 835.722
  44 0.435 21.824 785.284
  45 0.445 21.604 775.075
  46 0.455 21.41 801.108
  47 0.465 21.458 824.31
  48 0.475 21.246 832.854
  49 0.485 19.9 847.057
  50 0.495 19.042 841.129
  51 0.505 19.294 788.35
  52 0.515 20.552 793.14
  53 0.525 21.464 798.703
  54 0.535 21.436 829.48
  55 0.545 21.456 833.07
  56 0.555 21.704 858.696
  57 0.565 21.816 814.131
  58 0.575 21.966 747.24
  59 0.585 21.918 778.873
  60 0.595 21.764 763.735
  61 0.605 20.866 771.616
  62 0.615 19.242 792.734
  63 0.625 19.68 785.002
  64 0.635 20.726 794.563
  65 0.645 21.806 764.478
  66 0.655 21.994 781.207
  67 0.665 21.942 750.657
  68 0.675 21.76 730.43
  69 0.685 21.82 711.121
  70 0.695 21.426 700.424
  71 0.705 21.32 727.967
  72 0.715 21.518 786.03
  73 0.725 20.638 746.114
  74 0.735 19.422 747.198
  75 0.745 18.934 707.255
  76 0.755 19.966 744.262
  77 0.765 21.202 701.559
  78 0.775 21.492 672.468
  79 0.785 21.5 665.635
  80 0.795 21.508 689.092
  81 0.805 21.716 689.049
  82 0.815 21.882 691.037
  83 0.825 21.958 721.349
  84 0.835 21.954 688.522
  85 0.845 21.624 651.013
  86 0.855 20.794 655.124
  87 0.865 19.79 664.475
  88 0.875 19.678 680.605
  89 0.885 20.644 659.903
  90 0.895 21.572 666.355
  91 0.905 21.958 646.315
  92 0.915 21.952 612.727
  93 0.925 21.872 594.313
  94 0.935 21.878 568.463
  95 0.945 21.554 597.664
  96 0.955 21.384 594.946
  97 0.965 21.502 593.957
  98 0.975 21.574 564.059
  99 0.985 20.478 594.886
  100 0.995 19.04 621.967
95000 100 2112
  1 0.005 18.846 523.721
  2 0.015 20.658 509.763
  3 0.025 21.534 535.756
  4 0.035 21.476 584.62
  5 0.045 21.546 583.81
  6 0.055 21.484 621.88
  7 0.065 21.68 639.418
  8 0.075 21.894 591.555
  9 0.085 21.988 654.776
  10 0.095 21.996 650.319
  11 0.105 21.732 658.882
  12 0.115 21.118 705.271
  13 0.125 19.744 687.895
  14 0.135 19.434 688.252
  15 0.145 20.49 678.678
  16 0.155 21.542 674.868
  17 0.165 21.976 650.603
  18 0.175 21.914 658.637
  19 0.185 21.892 741.702
  20 0.195 21.774 719.466
  21 0.205 21.556 778.792
  22 0.215 21.404 693.432
  23 0.225 21.458 722.513
  24 0.235 21.156 698.502
  25 0.245 19.85 705.013
  26 0.255 18.87 699.564
  27 0.265 19.52 688.16
  28 0.275 20.718 711.453
  29 0.285 21.432 723.26
  30 0.295 21.56 708.526
  31 0.305 21.5 717.974
  32 0.315 21.596 719.79
  33 0.325 21.82 707.34
  34 0.335 21.958 698.51
  35 0.345 21.952 708.949
  36 0.355 21.57 755.306
  37 0.365 20.874 772.913
  38 0.375 19.926 759.126
  39 0.385 19.568 794.805
  40 0.395 20.672 813.643
  41 0.405 21.474 827.655
  42 0.415 21.944 857.554
  43 0.425 21.882 830.06
  44 0.435 21.83 783.275
  45 0.445 21.786 809.624
  46 0.455 21.336 829.055
  47 0.465 21.414 852.565
  48 0.475 21.292 803.857
  49 0.485 20.35 846.736
  50 0.495 18.982 878.878
  51 0.505 19.132 901.764
  52 0.515 20.292 867.257
  53 0.525 21.374 838.126
  54 0.535 21.488 823.892
  55 0.545 21.412 794.504
  56 0.555 21.678 743.387
  57 0.565 21.826 776.58
  58 0.575 21.952 781.948
  59 0.585 21.934 771.385
  60 0.595 21.764 795.117
  61 0.605 21.17 797.246
  62 0.615 19.578 773.773
  63 0.625 19.26 793.235
  64 0.635 20.654 754.597
  65 0.645 21.676 811.296
  66 0.655 21.956 768.458
  67 0.665 21.952 752.978
  68 0.675 21.802 733.2
  69 0.685 21.68 735.271
  70 0.695 21.542 729.368
  71 0.705 21.466 754.592
  72 0.715 21.216 783.526
  73 0.725 20.688 823.423
  74 0.735 19.266 765.645
  75 0.745 19.008 758.878
  76 0.755 20.06 731.825
  77 0.765 21.134 698.728
  78 0.775 21.626 658.451
  79 0.785 21.406 642.655
  80 0.795 21.568 651.99
  81 0.805 21.684 667.581
  82 0.815 21.946 681.167
  83 0.825 21.95 698.922
  84 0.835 21.928 731.629
  85 0.845 21.638 708.944
  86 0.855 20.3 695.437
  87 0.865 19.538 673.7
  88 0.875 19.966 680.696
  89 0.885 20.97 667.262
  90 0.895 21.712 647.885
  91 0.905 21.956 627.452
  92 0.915 21.948 662.404
  93 0.925 21.886 678.048
  94 0.935 21.678 607.847
  95 0.945 21.622 589.301
  96 0.955 21.492 607.31
  97 0.965 21.444 598.955
  98 0.975 21.354 551.529
  99 0.985 20.268 576.246
  100 0.995 19.192 572.699
100000 100 2111.9999999999995
  1 0.005 19.106 527.501
  2 0.015 20.896 510.868
  3 0.025 21.618 546.486
  4 0.035 21.482 540.102
  5 0.045 21.516 583.254
  6 0.055 21.42 614.487
  7 0.065 21.788 635.654
  8 0.075 21.944 618.496
  9 0.085 21.998 612.773
  10 0.095 21.902 634.937
  11 0.105 21.698 644.424
  12 0.115 21.124 623.427
  13 0.125 19.568 627.16
  14 0.135 19.31 645.485
  15 0.145 20.844 660.246
  16 0.155 21.578 722.396
  17 0.165 21.966 717.073
  18 0.175 21.964 709.038
  19 0.185 21.972 695.083
  20 0.195 21.716 729.562
  21 0.205 21.46 729.479
  22 0.215 21.408 726.358
  23 0.225 21.604 665.249
  24 0.235 21.17 667.301
  25 0.245 20.2 681.694
  26 0.255 19.028 659.2
  27 0.265 19.174 665.068
  28 0.275 20.664 657.716
  29 0.285 21.424 696.217
  30 0.295 21.378 713.269
  31 0.305 21.468 679.293
  32 0.315 21.662 698.933
  33 0.325 21.864 716.58
  34 0.335 21.886 776.056
  35 0.345 21.946 785.155
  36 0.355 21.75 818.268
  37 0.365 21.27 769.85
  38 0.375 19.786 798.509
  39 0.385 19.614 807.853
  40 0.395 20.272 818.3
  41 0.405 21.53 812.067
  42 0.415 21.786 809.685
  43 0.425 21.944 830.917
  44 0.435 21.87 819.19
  45 0.445 21.56 876.12
  46 0.455 21.666 819.507
  47 0.465 21.304 847.14
  48 0.475 21.414 815.811
  49 0.485 20.604 849.093
  50 0.495 19.39 837.426
  51 0.505 18.854 806.936
  52 0.515 20.12 826.237
  53 0.525 21.148 838.517
  54 0.535 21.36 827.279
  55 0.545 21.518 799.258
  56 0.555 21.578 841.35
  57 0.565 21.78 867.372
  58 0.575 21.944 871.543
  59 0.585 21.92 853.275
  60 0.595 21.7 809.769
  61 0.605 20.634 785.781
  62 0.615 19.454 784.365
  63 0.625 19.61 786.461
  64 0.635 20.952 776.661
  65 0.645 21.704 781.09
  66 0.655 21.918 776.192
  67 0.665 21.972 770.398
  68 0.675 21.776 732.122
  69 0.685 21.668 719.757
  70 0.695 21.446 734.669
  71 0.705 21.402 748.999
  72 0.715 21.414 712.543
  73 0.725 20.302 711.614
  74 0.735 19.146 752.317
  75 0.745 19.03 764.628
  76 0.755 20.424 723.14
  77 0.765 21.262 715.578
  78 0.775 21.442 691.652
  79 0.785 21.54 690.824
  80 0.795 21.57 699.084
  81 0.805 21.808 722.007
  82 0.815 21.918 699.846
  83 0.825 21.944 674.132
  84 0.835 21.856 686.018
  85 0.845 21.564 704.096
  86 0.855 20.19 746.79
  87 0.865 19.31 692.642
  88 0.875 19.928 651.639
  89 0.885 21.324 618.921
  90 0.895 21.858 618.422
  91 0.905 21.958 647.862
  92 0.915 21.974 618.268
  93 0.925 21.84 622.326
  94 0.935 21.698 637.595
  95 0.945 21.58 608.536
  96 0.955 21.344 633.839
  97 0.965 21.582 618.527
  98 0.975 21.364 613.029
  99 0.985 20.066 569.594
  100 0.995 18.8 561.214
105000 100 2112
  1 0.005 19.176 574.385
  2 0.015 20.672 561.604
  3 0.025 21.424 579.985
  4 0.035 21.596 585.13
  5 0.045 21.378 597.676
  6 0.055 21.53 619.121
  7 0.065 21.862 639.772
  8 0.075 21.788 627.165
  9 0.085 22.006 635.5
  10 0.095 21.94 655.603
  11 0.105 21.732 668.199
  12 0.115 21.11 664.542
  13 0.125 19.468 674.872
  14 0.135 19.542 706.775
  15 0.145 20.554 695.357
  16 0.155 21.654 665.111
  17 0.165 21.972 686.96
  18 0.175 21.98 714.301
  19 0.185 21.914 671.614
  20 0.195 21.764 641.839
  21 0.205 21.444 696.951
  22 0.215 21.57 655.508
  23 0.225 21.486 679.916
  24 0.235 21.228 683.007
  25 0.245 20.332 710.734
  26 0.255 19.156 638.271
  27 0.265 19.01 669.958
  28 0.275 20.562 675.701
  29 0.285 21.362 653.325
  30 0.295 21.536 695.985
  31 0.305 21.382 714.979
  32 0.315 21.622 735.513
  33 0.325 21.782 714.593
  34 0.335 21.962 729.785
  35 0.345 21.894 745.054
  36 0.355 21.796 774.167
  37 0.365 21.256 736.218
  38 0.375 19.912 746.503
  39 0.385 19.366 793.852
  40 0.395 20.372 800.468
  41 0.405 21.418 809.981
  42 0.415 21.898 811.975
  43 0.425 21.996 809.915
  44 0.435 21.838 843.003
  45 0.445 21.68 793.811
  46 0.455 21.44 846.74
  47 0.465 21.422 851.963
  48 0.475 21.296 870.404
  49 0.485 20.482 870.39
  50 0.495 19.024 867.432
  51 0.505 18.986 865.617
  52 0.515 20.372 870.342
  53 0.525 21.27 856.21
  54 0.535 21.376 855.395
  55 0.545 21.476 875.192
  56 0.555 21.572 881.205
  57 0.565 21.878 814.79
  58 0.575 21.918 798.508
  59 0.585 21.932 808.273
  60 0.595 21.658 843.941
  61 0.605 20.58 837.841
  62 0.615 19.35 820.851
  63 0.625 19.68 799.201
  64 0.635 20.976 777.014
  65 0.645 21.868 754.417
  66 0.655 21.904 745.407
  67 0.665 21.956 736.665
  68 0.675 21.8 720.039
  69 0.685 21.634 756.592
  70 0.695 21.474 740.572
  71 0.705 21.44 733.498
  72 0.715 21.386 708.483
  73 0.725 20.586 719.914
  74 0.735 19.356 692.725
  75 0.745 18.972 702.055
  76 0.755 20.092 727.484
  77 0.765 21.204 753.427
  78 0.775 21.436 736.523
  79 0.785 21.468 764.216
  80 0.795 21.648 724.534
  81 0.805 21.722 682.339
  82 0.815 21.9 683.204
  83 0.825 21.952 684.594
  84 0.835 21.976 695.291
  85 0.845 21.506 681.457
  86 0.855 20.292 672.58
  87 0.865 19.31 637.18
  88 0.875 20.012 640.012
  89 0.885 21.196 641.871
  90 0.895 21.748 700.217
  91 0.905 21.946 656.561
  92 0.915 21.982 623.627
  93 0.925 21.824 634.827
  94 0.935 21.718 607.519
  95 0.945 21.496 596.677
  96 0.955 21.428 588.505
  97 0.965 21.694 564.666
  98 0.975 21.326 585.626
  99 0.985 20.276 587.287
  100 0.995 18.862 585.295
110000 100 2112.0000000000005
  1 0.005 19.218 560.308
  2 0.015 20.148 573.759
  3 0.025 20.936 601.01
  4 0.035 21.574 595.335
  5 0.045 21.452 650.333
  6 0.055 21.416 657.464
  7 0.065 21.656 692.487
  8 0.075 21.948 692.449
  9 0.085 21.954 687.29
  10 0.095 21.926 670.529
  11 0.105 21.79 650.041
  12 0.115 20.718 682.807
  13 0.125 19.592 658.043
  14 0.135 19.356 659.115
  15 0.145 20.904 651.103
  16 0.155 21.764 642.225
  17 0.165 21.948 675.033
  18 0.175 21.95 678.888
  19 0.185 21.886 662.067
  20 0.195 21.71 680.521
  21 0.205 21.458 659.935
  22 0.215 21.512 693.296
  23 0.225 21.488 698.231
  24 0.235 21.008 696.704
  25 0.245 20.012 662.63
  26 0.255 18.958 692.813
  27 0.265 19.454 731.676
  28 0.275 20.836 726.235
  29 0.285 21.342 728.68
  30 0.295 21.462 733.404
  31 0.305 21.518 743.788
  32 0.315 21.574 710.091
  33 0.325 21.97 710.751
  34 0.335 21.86 733.775
  35 0.345 21.954 747.448
  36 0.355 21.812 762.782
  37 0.365 20.884 789.623
  38 0.375 19.556 765.572
  39 0.385 19.656 762.591
  40 0.395 20.562 814.375
  41 0.405 21.604 822.65
  42 0.415 21.964 774.611
  43 0.425 21.924 749.121
  44 0.435 21.872 787.114
  45 0.445 21.576 805.586
  46 0.455 21.556 805.213
  47 0.465 21.42 794.72
  48 0.475 21.326 790.644
  49 0.485 20.4 778.603
  50 0.495 19.356 852.281
  51 0.505 19.022 872.611
  52 0.515 20.192 864.084
  53 0.525 21.092 864.969
  54 0.535 21.48 907.23
  55 0.545 21.426 891.961
  56 0.555 21.668 800.373
  57 0.565 21.784 802.676
  58 0.575 21.94 843.82
  59 0.585 21.92 829.438
  60 0.595 21.594 845.148
  61 0.605 20.728 799.949
  62 0.615 19.426 814.05
  63 0.625 19.486 797.94
  64 0.635 20.958 786.203
  65 0.645 21.912 772.234
  66 0.655 21.932 754.219
  67 0.665 21.958 771.584
  68 0.675 21.862 754.226
  69 0.685 21.534 818.716
  70 0.695 21.484 783.681
  71 0.705 21.52 742.422
  72 0.715 21.22 725.415
  73 0.725 20.336 735.798
  74 0.735 19.434 714.743
  75 0.745 19.24 723.467
  76 0.755 20.056 751.627
  77 0.765 21.242 716.025
  78 0.775 21.408 673.23
  79 0.785 21.546 700.042
  80 0.795 21.472 679.171
  81 0.805 21.798 681.448
  82 0.815 21.954 708.73
  83 0.825 21.966 670.452
  84 0.835 21.966 648.718
  85 0.845 21.712 690.89
  86 0.855 20.598 666.017
  87 0.865 19.676 648.407
  88 0.875 19.686 674.043
  89 0.885 20.652 664.297
  90 0.895 21.786 624.762
  91 0.905 21.92 598.617
  92 0.915 21.982 593.816
  93 0.925 21.896 595.638
  94 0.935 21.728 586.859
  95 0.945 21.638 631.569
  96 0.955 21.472 618.484
  97 0.965 21.552 602.342
  98 0.975 21.398 583.413
  99 0.985 20.58 550.336
  100 0.995 19.448 585.61
115000 100 2112.0000000000005
  1 0.005 19.304 576.62
  2 0.015 20.604 563.534
  3 0.025 21.482 550.914
  4 0.035 21.554 597.95
  5 0.045 21.428 586.273
  6 0.055 21.61 600.995
  7 0.065 21.728 633.069
  8 0.075 21.898 632.625
  9 0.085 21.97 680.927
  10 0.095 21.982 664.774
  11 0.105 21.738 683.002
  12 0.115 20.834 705.558
  13 0.125 19.484 686.466
  14 0.135 19.512 682.42
  15 0.145 20.848 654.642
  16 0.155 21.702 671.205
  17 0.165 21.882 661.811
  18 0.175 21.934 671.485
  19 0.185 21.904 665.799
  20 0.195 21.778 686.987
  21 0.205 21.476 694.5
  22 0.215 21.49 668.533
  23 0.225 21.476 691.878
  24 0.235 21.052 662.698
  25 0.245 19.774 680.824
  26 0.255 19.136 729.477
  27 0.265 19.448 727.559
  28 0.275 20.768 702.793
  29 0.285 21.356 728.247
  30 0.295 21.502 732.474
  31 0.305 21.576 740.928
  32 0.315 21.55 752.123
  33 0.325 21.884 761.563
  34 0.335 21.896 759.66
  35 0.345 21.914 767.72
  36 0.355 21.578 810.623
  37 0.365 20.502 775.39
  38 0.375 19.712 745.53
  39 0.385 19.766 762.879
  40 0.395 20.864 753.32
  41 0.405 21.736 786.123
  42 0.415 21.894 762.983
  43 0.425 21.916 820.443
  44 0.435 21.764 797.956
  45 0.445 21.686 780.193
  46 0.455 21.522 777.107
  47 0.465 21.448 795.581
  48 0.475 21.302 788.519
  49 0.485 20.368 794.178
  50 0.495 19.088 814.911
  51 0.505 19.166 844.8
  52 0.515 20.35 869.221
  53 0.525 21.154 891.508
  54 0.535 21.358 920.931
  55 0.545 21.51 872.788
  56 0.555 21.722 807.942
  57 0.565 21.716 787.742
  58 0.575 21.974 798.623
  59 0.585 21.968 841.857
  60 0.595 21.674 808.873
  61 0.605 20.736 785.512
  62 0.615 19.48 769.068
  63 0.625 19.638 773.994
  64 0.635 20.824 783.103
  65 0.645 21.666 768.477
  66 0.655 21.964 782.41
  67 0.665 21.924 820.284
  68 0.675 21.844 807.847
  69 0.685 21.706 758.617
  70 0.695 21.538 751.558
  71 0.705 21.432 731.3
  72 0.715 21.272 751.488
  73 0.725 20.656 725.514
  74 0.735 19.654 720.865
  75 0.745 19.106 719.265
  76 0.755 19.892 741.829
  77 0.765 21.004 729.469
  78 0.775 21.468 732.53
  79 0.785 21.474 720.927
  80 0.795 21.518 736.395
  81 0.805 21.692 690.001
  82 0.815 21.966 644.849
  83 0.825 21.91 610.498
  84 0.835 21.97 603.068
  85 0.845 21.66 622.931
  86 0.855 20.756 621.297
  87 0.865 19.906 621.538
  88 0.875 19.496 639.148
  89 0.885 20.63 637.375
  90 0.895 21.624 670.238
  91 0.905 21.932 669.34
  92 0.915 22.002 631.936
  93 0.925 21.882 627.462
  94 0.935 21.694 640.927
  95 0.945 21.538 627.962
  96 0.955 21.574 633.745
  97 0.965 21.376 685.614
  98 0.975 21.396 655.829
  99 0.985 20.198 648.743
  100 0.995 18.79 591.58
120000 100 2112
  1 0.005 19.136 579.433
  2 0.015 20.616 590.106
  3 0.025 21.416 585.997
  4 0.035 21.532 605.892
  5 0.045 21.406 588.864
  6 0.055 21.568 635.057
  7 0.065 21.752 611.539
  8 0.075 21.928 612.416
  9 0.085 21.976 623.39
  10 0.095 21.988 618.721
  11 0.105 21.78 648.899
  12 0.115 20.826 660.734
  13 0.125 19.492 649.346
  14 0.135 19.426 651.834
  15 0.145 20.978 656.143
  16 0.155 21.542 692.642
  17 0.165 21.956 637.57
  18 0.175 21.98 642.855
  19 0.185 21.88 649.469
  20 0.195 21.73 625.448
  21 0.205 21.622 633.709
  22 0.215 21.464 655.327
  23 0.225 21.448 670.467
  24 0.235 21.136 714.758
  25 0.245 20.198 695.982
  26 0.255 19.16 725.903
  27 0.265 19.3 759.878
  28 0.275 20.646 731.274
  29 0.285 21.176 762.182
  30 0.295 21.49 746.627
  31 0.305 21.586 750.928
  32 0.315 21.444 749.319
  33 0.325 21.814 745.038
  34 0.335 21.974 745.305
  35 0.345 21.918 777.467
  36 0.355 21.646 762.442
  37 0.365 21.014 780.068
  38 0.375 19.912 754.772
  39 0.385 19.782 739.635
  40 0.395 20.46 747.56
  41 0.405 21.342 788.774
  42 0.415 21.87 811.791
  43 0.425 21.908 779.092
  44 0.435 21.888 771.567
  45 0.445 21.678 787.256
  46 0.455 21.484 818.804
  47 0.465 21.41 857.781
  48 0.475 21.17 848.71
  49 0.485 20.442 848
  50 0.495 19.268 872.071
  51 0.505 19.202 876.321
  52 0.515 20.108 834.868
  53 0.525 21.182 851.114
  54 0.535 21.43 825.42
  55 0.545 21.492 793.62
  56 0.555 21.592 863.98
  57 0.565 21.87 877.189
  58 0.575 21.908 871.813
  59 0.585 21.868 835.27
  60 0.595 21.752 785.886
  61 0.605 20.554 837.072
  62 0.615 19.342 805.826
  63 0.625 19.798 767.576
  64 0.635 21.134 765.378
  65 0.645 21.576 840.813
  66 0.655 21.942 819.378
  67 0.665 21.934 778.924
  68 0.675 21.782 771.639
  69 0.685 21.598 774.753
  70 0.695 21.33 782.402
  71 0.705 21.59 699.732
  72 0.715 21.374 668.039
  73 0.725 20.352 689.404
  74 0.735 19.24 715.659
  75 0.745 19.356 727.901
  76 0.755 20.156 730.849
  77 0.765 21.106 720.18
  78 0.775 21.53 702.379
  79 0.785 21.642 725.357
  80 0.795 21.454 698.207
  81 0.805 21.688 658.23
  82 0.815 21.958 664.672
  83 0.825 21.928 683.056
  84 0.835 21.926 662.327
  85 0.845 21.582 622.323
  86 0.855 20.584 648.866
  87 0.865 19.838 658.06
  88 0.875 19.73 677.266
  89 0.885 20.674 672.788
  90 0.895 21.756 693.348
  91 0.905 21.88 689.942
  92 0.915 21.984 667.391
  93 0.925 21.892 650.267
  94 0.935 21.71 617.917
  95 0.945 21.522 634.231
  96 0.955 21.528 624.059
  97 0.965 21.57 625.728
  98 0.975 21.288 605.114
  99 0.985 20.384 606.033
  100 0.995 18.826 627.311
125000 100 2112
  1 0.005 19.526 562.928
  2 0.015 20.732 582.074
  3 0.025 21.506 585.608
  4 0.035 21.544 605.734
  5 0.045 21.42 619.766
  6 0.055 21.546 604.496
  7 0.065 21.862 615.366
  8 0.075 21.908 595.059
  9 0.085 21.964 599.727
  10 0.095 21.982 596.775
  11 0.105 21.824 579.884
  12 0.115 21.026 603.593
  13 0.125 19.65 613.271
  14 0.135 19.418 610.913
  15 0.145 20.628 634.071
  16 0.155 21.574 620.003
  17 0.165 21.886 620.017
  18 0.175 22.004 609.604
  19 0.185 21.91 652.33
  20 0.195 21.794 683.155
  21 0.205 21.644 693.989
  22 0.215 21.43 738.258
  23 0.225 21.498 743.521
  24 0.235 21.154 740.138
  25 0.245 20.238 745.599
  26 0.255 19.35 726.236
  27 0.265 19.31 726.573
  28 0.275 20.238 772.692
  29 0.285 21.208 771.212
  30 0.295 21.434 764.793
  31 0.305 21.448 766.591
  32 0.315 21.648 731.252
  33 0.325 21.802 772.176
  34 0.335 21.9 782.092
  35 0.345 21.952 737.601
  36 0.355 21.668 721.273
  37 0.365 20.992 741.449
  38 0.375 19.852 743.084
  39 0.385 19.59 722.154
  40 0.395 20.608 769.025
  41 0.405 21.424 794.014
  42 0.415 21.914 797.153
  43 0.425 21.906 822.668
  44 0.435 21.758 806.643
  45 0.445 21.782 836.946
  46 0.455 21.492 837.348
  47 0.465 21.482 844.958
  48 0.475 21.306 811.161
  49 0.485 20.468 816.69
  50 0.495 19.396 867.343
  51 0.505 18.872 840.058
  52 0.515 20.018 820.866
  53 0.525 21.226 792.176
  54 0.535 21.512 818.798
  55 0.545 21.456 851.421
  56 0.555 21.644 888.085
  57 0.565 21.802 853.173
  58 0.575 21.914 855.997
  59 0.585 21.95 825.799
  60 0.595 21.606 813.808
  61 0.605 20.878 829.474
  62 0.615 19.53 839.061
  63 0.625 19.51 816.931
  64 0.635 20.8 826.313
  65 0.645 21.716 796.78
  66 0.655 21.968 788.978
  67 0.665 21.918 770.99
  68 0.675 21.766 771.414
  69 0.685 21.578 762.725
  70 0.695 21.62 696.779
  71 0.705 21.466 691.766
  72 0.715 21.264 701.288
  73 0.725 20.292 751.969
  74 0.735 19.304 768.562
  75 0.745 19.372 728.988
  76 0.755 20.248 692.304
  77 0.765 21.082 690.304
  78 0.775 21.504 675.005
  79 0.785 21.418 676.387
  80 0.795 21.586 685.086
  81 0.805 21.756 725.766
  82 0.815 21.852 761.878
  83 0.825 21.988 726.903
  84 0.835 21.848 711.776
  85 0.845 21.32 740.359
  86 0.855 20.242 692.606
  87 0.865 19.68 689.145
  88 0.875 20.046 687.105
  89 0.885 21.054 648.919
  90 0.895 21.842 632.824
  91 0.905 21.92 610.969
  92 0.915 21.966 650.018
  93 0.925 21.894 638.834
  94 0.935 21.564 641.308
  95 0.945 21.694 597.106
  96 0.955 21.4 606.316
  97 0.965 21.468 661.939
  98 0.975 21.174 637.827
  99 0.985 19.998 548.775
  100 0.995 18.878 527.628
130000 100 2112.0000000000005
  1 0.005 19.322 552.139
  2 0.015 20.842 561.622
  3 0.025 21.484 583.189
  4 0.035 21.592 568.483
  5 0.045 21.436 590.203
  6 0.055 21.558 582.637
  7 0.065 21.728 552.701
  8 0.075 21.986 567.412
  9 0.085 21.972 579.761
  10 0.095 21.976 617.138
  11 0.105 21.73 603.558
  12 0.115 21.044 624.503
  13 0.125 19.806 661.762
  14 0.135 19.634 665.516
  15 0.145 20.264 712.174
  16 0.155 21.592 661.931
  17 0.165 21.942 646.679
  18 0.175 21.992 666.583
  19 0.185 21.904 689.801
  20 0.195 21.784 693.532
  21 0.205 21.526 681.781
  22 0.215 21.526 656.535
  23 0.225 21.504 692.384
  24 0.235 21.062 712.46
  25 0.245 20.36 710.935
  26 0.255 19.404 699.064
  27 0.265 19.412 721.363
  28 0.275 20.264 723.637
  29 0.285 21.056 765.533
  30 0.295 21.412 788.16
  31 0.305 21.476 775.73
  32 0.315 21.66 769.376
  33 0.325 21.8 812.339
  34 0.335 21.9 741.473
  35 0.345 21.954 786.405
  36 0.355 21.598 797.556
  37 0.365 20.968 761.644
  38 0.375 20.06 754.437
  39 0.385 19.54 774.607
  40 0.395 20.414 813.518
  41 0.405 21.462 828.578
  42 0.415 21.97 810.695
  43 0.425 21.87 823.735
  44 0.435 21.892 804.221
  45 0.445 21.752 810.221
  46 0.455 21.442 826.398
  47 0.465 21.422 796.681
  48 0.475 21.384 811.315
  49 0.485 20.51 785.276
  50 0.495 19 791.757
  51 0.505 19.12 842.942
  52 0.515 20.2 829.703
  53 0.525 21.064 810.344
  54 0.535 21.524 806.327
  55 0.545 21.582 834.272
  56 0.555 21.464 862.779
  57 0.565 21.866 804.271
  58 0.575 21.932 774.994
  59 0.585 21.964 789.699
  60 0.595 21.722 768.439
  61 0.605 20.588 800.399
  62 0.615 19.552 835.687
  63 0.625 19.778 814.721
  64 0.635 20.796 788.458
  65 0.645 21.574 822.872
  66 0.655 21.99 761.932
  67 0.665 21.88 819.82
  68 0.675 21.732 776.912
  69 0.685 21.738 798.896
  70 0.695 21.478 777.616
  71 0.705 21.402 768.764
  72 0.715 21.224 724.301
  73 0.725 20.574 714.596
  74 0.735 19.286 733.455
  75 0.745 19.38 719.785
  76 0.755 20.084 725.336
  77 0.765 21.234 712.562
  78 0.775 21.288 726.629
  79 0.785 21.52 658.395
  80 0.795 21.534 716.192
  81 0.805 21.828 759.243
  82 0.815 21.852 715.942
  83 0.825 21.984 721.707
  84 0.835 21.932 704.604
  85 0.845 21.182 695.265
  86 0.855 20.324 650.816
  87 0.865 19.912 660.756
  88 0.875 19.842 703.525
  89 0.885 21.084 677.715
  90 0.895 21.752 659.155
  91 0.905 21.96 650.963
  92 0.915 21.942 632.687
  93 0.925 21.842 634.547
  94 0.935 21.704 624.879
  95 0.945 21.484 620.092
  96 0.955 21.602 601.951
  97 0.965 21.448 632.484
  98 0.975 21.176 598.793
  99 0.985 20.012 599.564
  100 0.995 18.88 599.281
135000 100 2112.0000000000005
  1 0.005 19.14 581.73
  2 0.015 20.344 580.015
  3 0.025 21.268 557.213
  4 0.035 21.562 556.14
  5 0.045 21.462 561.118
  6 0.055 21.494 563.513
  7 0.065 21.732 553.153
  8 0.075 21.916 564.659
  9 0.085 22.006 613.152
  10 0.095 21.958 573.134
  11 0.105 21.75 644.282
  12 0.115 20.912 663.18
  13 0.125 19.918 665.429
  14 0.135 19.504 648.718
  15 0.145 20.514 659.442
  16 0.155 21.624 665.338
  17 0.165 21.782 650.19
  18 0.175 21.982 687.887
  19 0.185 21.926 665.868
  20 0.195 21.652 738.692
  21 0.205 21.556 753.068
  22 0.215 21.586 737.983
  23 0.225 21.374 695.372
  24 0.235 20.84 706.028
  25 0.245 19.94 682.338
  26 0.255 19.242 679.594
  27 0.265 19.766 724.574
  28 0.275 20.686 733.012
  29 0.285 21.184 722.148
  30 0.295 21.302 759.584
  31 0.305 21.644 769.791
  32 0.315 21.622 769.512
  33 0.325 21.784 798.763
  34 0.335 21.912 802.866
  35 0.345 21.874 835.615
  36 0.355 21.474 859.069
  37 0.365 20.682 833.395
  38 0.375 19.638 826.416
  39 0.385 20.01 771.293
  40 0.395 20.752 763.336
  41 0.405 21.612 793.64
  42 0.415 21.956 781.198
  43 0.425 21.906 810.708
  44 0.435 21.852 827.35
  45 0.445 21.678 774.871
  46 0.455 21.44 783.926
  47 0.465 21.438 795.004
  48 0.475 21.334 801.136
  49 0.485 20.306 824.056
  50 0.495 19.25 820.323
  51 0.505 18.89 846.022
  52 0.515 20.332 821.918
  53 0.525 21.288 810.961
  54 0.535 21.438 809.814
  55 0.545 21.47 801.075
  56 0.555 21.662 799.649
  57 0.565 21.83 759.771
  58 0.575 21.912 787.346
  59 0.585 21.98 797.634
  60 0.595 21.686 781.002
  61 0.605 21.126 793.346
  62 0.615 19.524 795.335
  63 0.625 19.55 772.673
  64 0.635 20.66 753.388
  65 0.645 21.486 772.809
  66 0.655 21.966 787.36
  67 0.665 21.938 808.374
  68 0.675 21.814 758.642
  69 0.685 21.652 781.649
  70 0.695 21.524 763.839
  71 0.705 21.504 770.751
  72 0.715 21.086 798.774
  73 0.725 20.67 776.324
  74 0.735 19.35 752.893
  75 0.745 19.538 760.294
  76 0.755 20.102 786.548
  77 0.765 20.778 816.494
  78 0.775 21.338 781.508
  79 0.785 21.486 788.296
  80 0.795 21.586 775.426
  81 0.805 21.766 774.224
  82 0.815 21.896 726.576
  83 0.825 21.958 714.212
  84 0.835 21.774 713.759
  85 0.845 21.196 652.544
  86 0.855 20.452 637.931
  87 0.865 19.888 630.115
  88 0.875 19.972 608.849
  89 0.885 21.05 642.55
  90 0.895 21.742 642.739
  91 0.905 21.918 610.197
  92 0.915 22.002 599.401
  93 0.925 21.886 584.779
  94 0.935 21.74 603.629
  95 0.945 21.55 613.786
  96 0.955 21.426 598.45
  97 0.965 21.558 590.872
  98 0.975 21.252 587.649
  99 0.985 20.376 586.203
  100 0.995 19.346 565.854
140000 100 2112.0000000000005
  1 0.005 19.32 546.956
  2 0.015 20.628 520.158
  3 0.025 21.506 543.522
  4 0.035 21.526 567.092
  5 0.045 21.524 573.29
  6 0.055 21.416 572.845
  7 0.065 21.828 602.592
  8 0.075 21.914 602.888
  9 0.085 21.982 620.45
  10 0.095 21.994 602.665
  11 0.105 21.698 608.323
  12 0.115 20.862 611.421
  13 0.125 19.592 657.901
  14 0.135 19.514 643.895
  15 0.145 20.638 646.627
  16 0.155 21.804 673.038
  17 0.165 21.884 690.359
  18 0.175 21.954 674.594
  19 0.185 21.916 660.216
  20 0.195 21.748 679.152
  21 0.205 21.438 695.634
  22 0.215 21.56 671.536
  23 0.225 21.52 685.698
  24 0.235 20.862 717.192
  25 0.245 19.742 716.216
  26 0.255 19.196 730.123
  27 0.265 19.986 745.008
  28 0.275 20.666 727.161
  29 0.285 21.154 728.804
  30 0.295 21.438 718.998
  31 0.305 21.502 750.953
  32 0.315 21.656 757.015
  33 0.325 21.84 756.676
  34 0.335 21.922 808.675
  35 0.345 21.75 838.896
  36 0.355 21.282 751.234
  37 0.365 20.538 778.008
  38 0.375 20.036 770.817
  39 0.385 19.988 801.443
  40 0.395 20.88 773.689
  41 0.405 21.542 787.431
  42 0.415 21.856 773.388
  43 0.425 21.928 812.566
  44 0.435 21.762 811.004
  45 0.445 21.606 820.522
  46 0.455 21.524 806.737
  47 0.465 21.358 797.125
  48 0.475 21.156 817.771
  49 0.485 20.294 820.045
  50 0.495 19.248 795.935
  51 0.505 19.356 831.97
  52 0.515 20.164 806.717
  53 0.525 21.362 786.265
  54 0.535 21.436 783.559
  55 0.545 21.542 768.163
  56 0.555 21.536 763.006
  57 0.565 21.918 773.514
  58 0.575 21.894 788.48
  59 0.585 21.942 787.478
  60 0.595 21.832 821.074
  61 0.605 21.064 861.375
  62 0.615 19.542 893.407
  63 0.625 19.546 896.001
  64 0.635 20.57 840.892
  65 0.645 21.608 826.667
  66 0.655 21.844 770.895
  67 0.665 21.964 765.098
  68 0.675 21.82 792.413
  69 0.685 21.732 805.101
  70 0.695 21.468 810.982
  71 0.705 21.486 783.526
  72 0.715 21.326 747.131
  73 0.725 20.596 775.095
  74 0.735 19.562 794.141
  75 0.745 19.672 777.393
  76 0.755 19.942 792.231
  77 0.765 20.616 755.868
  78 0.775 21.298 731.666
  79 0.785 21.462 725.707
  80 0.795 21.62 685.621
  81 0.805 21.704 692.217
  82 0.815 21.83 698.707
  83 0.825 21.856 697.599
  84 0.835 21.904 661.613
  85 0.845 21.426 688.519
  86 0.855 20.506 702.616
  87 0.865 19.968 702.758
  88 0.875 19.958 694.088
  89 0.885 20.742 672.336
  90 0.895 21.602 680.051
  91 0.905 21.916 671.789
  92 0.915 21.98 641.357
  93 0.925 21.78 622.018
  94 0.935 21.804 626.533
  95 0.945 21.608 643.409
  96 0.955 21.326 610.305
  97 0.965 21.592 596.79
  98 0.975 21 571.982
  99 0.985 20.184 547.038
  100 0.995 19.116 536.349
145000 100 2111.9999999999995
  1 0.005 19.18 546.461
  2 0.015 20.588 513.252
  3 0.025 21.468 565.12
  4 0.035 21.672 567.913
  5 0.045 21.392 599.044
  6 0.055 21.544 610.942
  7 0.065 21.746 650.224
  8 0.075 21.858 629.356
  9 0.085 21.994 623.034
  10 0.095 21.918 677.502
  11 0.105 21.844 636.176
  12 0.115 21.186 624.857
  13 0.125 19.372 649.828
  14 0.135 18.974 656.552
  15 0.145 20.98 646.794
  16 0.155 21.752 677.332
  17 0.165 21.964 688.888
  18 0.175 21.964 679.247
  19 0.185 21.928 682.344
  20 0.195 21.632 710.573
  21 0.205 21.646 666.157
  22 0.215 21.408 662.963
  23 0.225 21.552 682.01
  24 0.235 21.048 665.858
  25 0.245 19.942 690.599
  26 0.255 19.226 681.127
  27 0.265 19.488 695.493
  28 0.275 20.628 692.036
  29 0.285 21.29 711.538
  30 0.295 21.442 787.808
  31 0.305 21.458 786.229
  32 0.315 21.684 783.79
  33 0.325 21.802 785.061
  34 0.335 21.886 756.276
  35 0.345 21.926 750.871
  36 0.355 21.566 735.617
  37 0.365 20.704 763.539
  38 0.375 19.978 751.074
  39 0.385 19.978 768.339
  40 0.395 20.546 783.673
  41 0.405 21.368 797.604
  42 0.415 21.9 792.977
  43 0.425 21.924 804.409
  44 0.435 21.822 823.711
  45 0.445 21.766 799.572
  46 0.455 21.416 808.86
  47 0.465 21.532 784.895
  48 0.475 21.186 828.31
  49 0.485 20.606 847.816
  50 0.495 19.512 830.848
  51 0.505 18.806 815.686
  52 0.515 20.106 839.521
  53 0.525 21.226 845.943
  54 0.535 21.344 836.483
  55 0.545 21.474 743.248
  56 0.555 21.646 805.619
  57 0.565 21.728 768.375
  58 0.575 21.948 751.645
  59 0.585 21.962 822.582
  60 0.595 21.91 824.234
  61 0.605 20.834 824.867
  62 0.615 19.58 840.174
  63 0.625 19.314 819.98
  64 0.635 20.708 830.402
  65 0.645 21.692 820.731
  66 0.655 21.944 784.034
  67 0.665 21.954 776.41
  68 0.675 21.89 782.454
  69 0.685 21.534 793.866
  70 0.695 21.544 750.493
  71 0.705 21.496 776.014
  72 0.715 21.206 799.824
  73 0.725 20.428 752.935
  74 0.735 19.326 786.094
  75 0.745 19.152 779.753
  76 0.755 20.334 784.562
  77 0.765 20.932 716.695
  78 0.775 21.564 739.28
  79 0.785 21.354 777.58
  80 0.795 21.558 746.55
  81 0.805 21.886 696.873
  82 0.815 21.888 659.61
  83 0.825 21.934 697.397
  84 0.835 21.796 681.866
  85 0.845 21.334 659.59
  86 0.855 20.08 680.782
  87 0.865 20.124 646.503
  88 0.875 19.966 666.038
  89 0.885 21.088 682.242
  90 0.895 21.67 666.689
  91 0.905 21.954 678.379
  92 0.915 21.95 658.815
  93 0.925 21.83 678.665
  94 0.935 21.734 641.935
  95 0.945 21.536 608.772
  96 0.955 21.478 617.542
  97 0.965 21.48 587.482
  98 0.975 21.302 562.063
  99 0.985 20.332 549.063
  100 0.995 18.958 550.453
150000 100 2112
  1 0.005 19.5 529.728
  2 0.015 20.652 528.76
  3 0.025 21.536 536.176
  4 0.035 21.426 602.832
  5 0.045 21.456 599.34
  6 0.055 21.58 612.758
  7 0.065 21.796 614.021
  8 0.075 21.93 612.04
  9 0.085 21.964 621.755
  10 0.095 21.962 636.462
  11 0.105 21.802 644.794
  12 0.115 21.054 610.055
  13 0.125 19.658 667.93
  14 0.135 19.182 657.589
  15 0.145 20.688 667.244
  16 0.155 21.706 675.297
  17 0.165 21.92 714.846
  18 0.175 21.984 704.289
  19 0.185 21.944 661.043
  20 0.195 21.68 682.035
  21 0.205 21.566 686.452
  22 0.215 21.536 698.315
  23 0.225 21.528 688.72
  24 0.235 21.134 677.057
  25 0.245 20.074 689.514
  26 0.255 19.5 716.995
  27 0.265 19.676 756.187
  28 0.275 20.038 743.679
  29 0.285 21.166 780.199
  30 0.295 21.362 815.029
  31 0.305 21.488 798.325
  32 0.315 21.706 784.789
  33 0.325 21.734 766.588
  34 0.335 21.984 757.051
  35 0.345 21.9 756.425
  36 0.355 21.462 804.159
  37 0.365 20.814 713.831
  38 0.375 20.412 708.559
  39 0.385 19.824 723.12
  40 0.395 20.356 736.011
  41 0.405 21.372 722.827
  42 0.415 21.772 760.924
  43 0.425 21.926 774.388
  44 0.435 21.758 771.471
  45 0.445 21.838 789.036
  46 0.455 21.464 816.79
  47 0.465 21.44 817.237
  48 0.475 21.146 863.522
  49 0.485 20.632 859.885
  50 0.495 19.522 851.922
  51 0.505 19.064 834.22
  52 0.515 19.998 836.353
  53 0.525 21.018 832.425
  54 0.535 21.506 853.936
  55 0.545 21.276 879.789
  56 0.555 21.722 835.901
  57 0.565 21.746 835.819
  58 0.575 22 767.474
  59 0.585 21.954 770.751
  60 0.595 21.772 763.985
  61 0.605 21.032 775.231
  62 0.615 19.468 767.688
  63 0.625 19.408 772.935
  64 0.635 20.682 795.761
  65 0.645 21.644 772.698
  66 0.655 21.968 785.674
  67 0.665 21.952 760.451
  68 0.675 21.776 774.758
  69 0.685 21.778 783.455
  70 0.695 21.522 755.409
  71 0.705 21.364 777.62
  72 0.715 21.346 787.114
  73 0.725 20.544 801.527
  74 0.735 19.26 773.393
  75 0.745 19.206 790.833
  76 0.755 20.174 797.451
  77 0.765 21.048 799.364
  78 0.775 21.282 772.029
  79 0.785 21.53 731.163
  80 0.795 21.594 732.645
  81 0.805 21.756 731.678
  82 0.815 21.922 695.612
  83 0.825 21.912 676.809
  84 0.835 21.89 652.101
  85 0.845 21.2 647.552
  86 0.855 19.838 669.864
  87 0.865 20.198 608.663
  88 0.875 20.43 620.989
  89 0.885 20.804 639.846
  90 0.895 21.76 646.254
  91 0.905 21.872 626.748
  92 0.915 21.94 630.686
  93 0.925 21.906 662.282
  94 0.935 21.624 671.943
  95 0.945 21.518 661.393
  96 0.955 21.538 661.2
  97 0.965 21.3 623.154
  98 0.975 20.932 608.021
  99 0.985 20.184 576.118
  100 0.995 19.292 564.775
155000 100 2111.9999999999995
  1 0.005 19.182 524.019
  2 0.015 20.588 536.878
  3 0.025 21.544 528.53
  4 0.035 21.546 553.908
  5 0.045 21.532 588.781
  6 0.055 21.464 604.886
  7 0.065 21.722 595.008
  8 0.075 21.92 587.873
  9 0.085 21.99 577.734
  10 0.095 21.984 611.887
  11 0.105 21.852 626.887
  12 0.115 21.072 643.809
  13 0.125 19.524 665.037
  14 0.135 19.312 617.291
  15 0.145 20.706 627.772
  16 0.155 21.614 644.751
  17 0.165 21.92 623.885
  18 0.175 21.958 658.994
  19 0.185 21.91 653.729
  20 0.195 21.774 684.337
  21 0.205 21.6 692.452
  22 0.215 21.428 683.969
  23 0.225 21.568 682.218
  24 0.235 21.134 725.079
  25 0.245 20.052 722.85
  26 0.255 19.406 742.364
  27 0.265 19.566 748.93
  28 0.275 20.348 735.702
  29 0.285 21.072 757.719
  30 0.295 21.374 758.556
  31 0.305 21.554 784.146
  32 0.315 21.602 791.697
  33 0.325 21.796 789.065
  34 0.335 21.892 781.991
  35 0.345 21.916 786.513
  36 0.355 21.572 796.435
  37 0.365 21.146 789.884
  38 0.375 19.904 822.742
  39 0.385 19.636 798.76
  40 0.395 20.436 797.191
  41 0.405 21.466 810.171
  42 0.415 21.894 778.578
  43 0.425 21.94 745.598
  44 0.435 21.818 788.929
  45 0.445 21.656 815.284
  46 0.455 21.56 835.804
  47 0.465 21.362 843.563
  48 0.475 21.186 851.536
  49 0.485 20.402 940.833
  50 0.495 19.482 855.627
  51 0.505 19.028 859.811
  52 0.515 20.148 870.229
  53 0.525 21.108 845.098
  54 0.535 21.506 821.171
  55 0.545 21.39 780.809
  56 0.555 21.75 748.623
  57 0.565 21.72 782.109
  58 0.575 21.936 774.777
  59 0.585 21.99 723.357
  60 0.595 21.73 758.256
  61 0.605 21.108 791.279
  62 0.615 19.426 785.677
  63 0.625 19.038 815.836
  64 0.635 21.054 797.676
  65 0.645 21.69 787.767
  66 0.655 21.974 771.037
  67 0.665 21.944 715.285
  68 0.675 21.812 759.097
  69 0.685 21.614 763.744
  70 0.695 21.53 813.735
  71 0.705 21.422 824.891
  72 0.715 21.278 821.012
  73 0.725 20.192 820.024
  74 0.735 19.258 823.86
  75 0.745 19.376 746.421
  76 0.755 20.318 736.673
  77 0.765 21.086 741.489
  78 0.775 21.47 723.611
  79 0.785 21.49 705.318
  80 0.795 21.592 705.424
  81 0.805 21.728 704.041
  82 0.815 21.934 713.281
  83 0.825 21.916 719.94
  84 0.835 21.954 678.126
  85 0.845 21.042 735.915
  86 0.855 20.514 723.868
  87 0.865 19.522 706.342
  88 0.875 20.116 704.702
  89 0.885 21.09 704.893
  90 0.895 21.796 677.817
  91 0.905 21.986 677.636
  92 0.915 21.98 660.896
  93 0.925 21.848 663.436
  94 0.935 21.606 620.401
  95 0.945 21.598 625.168
  96 0.955 21.46 601.844
  97 0.965 21.458 583.054
  98 0.975 21.142 543.06
  99 0.985 20.392 523.982
  100 0.995 19.058 545.71
160000 100 2112
  1 0.005 19.19 543.521
  2 0.015 20.414 538.792
  3 0.025 21.416 519.957
  4 0.035 21.584 565.088
  5 0.045 21.396 582.77
  6 0.055 21.606 568.602
  7 0.065 21.684 583.977
  8 0.075 21.916 600.473
  9 0.085 21.984 581.941
  10 0.095 21.978 641.817
  11 0.105 21.732 644.602
  12 0.115 21.186 633.179
  13 0.125 19.488 645.783
  14 0.135 19.184 626.152
  15 0.145 20.878 648.693
  16 0.155 21.594 669.711
  17 0.165 21.94 679.948
  18 0.175 21.984 645.424
  19 0.185 21.92 646.563
  20 0.195 21.696 626.311
  21 0.205 21.57 632.61
  22 0.215 21.614 656.915
  23 0.225 21.376 653.416
  24 0.235 21.224 704.234
  25 0.245 19.906 726.621
  26 0.255 19.044 799.007
  27 0.265 19.652 814.408
  28 0.275 20.494 768.21
  29 0.285 21.2 763.809
  30 0.295 21.394 733.97
  31 0.305 21.634 741.456
  32 0.315 21.59 777.313
  33 0.325 21.812 792.118
  34 0.335 21.914 789.236
  35 0.345 21.944 796.507
  36 0.355 21.52 816.427
  37 0.365 20.572 795.246
  38 0.375 19.912 795.992
  39 0.385 19.766 825.262
  40 0.395 20.73 810.793
  41 0.405 21.594 843.367
  42 0.415 21.91 801.689
  43 0.425 21.9 833.73
  44 0.435 21.85 820.88
  45 0.445 21.606 852.488
  46 0.455 21.606 793.535
  47 0.465 21.248 841.159
  48 0.475 21.08 861.017
  49 0.485 20.198 887.703
  50 0.495 19.272 866.236
  51 0.505 19.332 843.201
  52 0.515 20.42 813.348
  53 0.525 21.224 795.302
  54 0.535 21.442 811.595
  55 0.545 21.43 797.465
  56 0.555 21.74 817.846
  57 0.565 21.754 816.393
  58 0.575 21.936 783.416
  59 0.585 21.972 745.953
  60 0.595 21.88 741.068
  61 0.605 20.924 772.457
  62 0.615 19.47 761.772
  63 0.625 19.146 757.87
  64 0.635 20.91 705.954
  65 0.645 21.712 742.448
  66 0.655 21.986 724.496
  67 0.665 21.912 729.084
  68 0.675 21.908 755.971
  69 0.685 21.752 824.384
  70 0.695 21.402 863.198
  71 0.705 21.472 849.039
  72 0.715 21.28 832.41
  73 0.725 20.522 852.418
  74 0.735 19.608 799.821
  75 0.745 19.172 776.497
  76 0.755 20.008 767.545
  77 0.765 20.926 791.451
  78 0.775 21.432 721.301
  79 0.785 21.382 730.819
  80 0.795 21.594 687.744
  81 0.805 21.822 652.731
  82 0.815 21.858 648.96
  83 0.825 21.976 650.147
  84 0.835 21.874 683.052
  85 0.845 21.63 685.043
  86 0.855 20.408 712.468
  87 0.865 19.93 748.782
  88 0.875 19.594 763.898
  89 0.885 20.83 750.832
  90 0.895 21.744 672.573
  91 0.905 21.948 646.348
  92 0.915 21.9 659.165
  93 0.925 21.932 644.514
  94 0.935 21.568 671.614
  95 0.945 21.714 624.226
  96 0.955 21.41 595.722
  97 0.965 21.526 598.728
  98 0.975 21.032 577.051
  99 0.985 20.448 542.114
  100 0.995 19.306 530.022
165000 100 2112.0000000000005
  1 0.005 19.494 574.347
  2 0.015 20.646 574.751
  3 0.025 21.412 573.556
  4 0.035 21.528 583.488
  5 0.045 21.388 566.233
  6 0.055 21.588 541.005
  7 0.065 21.856 572.298
  8 0.075 21.928 588.238
  9 0.085 21.972 560.747
  10 0.095 21.97 610.85
  11 0.105 21.69 630.018
  12 0.115 21.092 607.746
  13 0.125 19.754 626.539
  14 0.135 19.302 634.773
  15 0.145 20.618 641.742
  16 0.155 21.63 622.447
  17 0.165 21.932 640.692
  18 0.175 21.97 629.732
  19 0.185 21.878 647.472
  20 0.195 21.778 666.709
  21 0.205 21.686 682.272
  22 0.215 21.418 683.837
  23 0.225 21.584 669.163
  24 0.235 21.134 694.734
  25 0.245 20.496 671.118
  26 0.255 19.178 694.561
  27 0.265 19.262 709.082
  28 0.275 20.298 781.029
  29 0.285 21.192 735.993
  30 0.295 21.352 738.845
  31 0.305 21.462 761.257
  32 0.315 21.716 759.054
  33 0.325 21.714 821.968
  34 0.335 21.918 781.648
  35 0.345 21.918 814.359
  36 0.355 21.67 858.793
  37 0.365 20.84 847.935
  38 0.375 19.704 839.055
  39 0.385 19.628 844.545
  40 0.395 20.71 855.928
  41 0.405 21.526 804.898
  42 0.415 21.966 841.336
  43 0.425 21.926 799.456
  44 0.435 21.836 795.554
  45 0.445 21.59 850.834
  46 0.455 21.428 844.097
  47 0.465 21.44 832.853
  48 0.475 20.984 872.618
  49 0.485 20.134 914.469
  50 0.495 19.292 862.854
  51 0.505 19.384 818.548
  52 0.515 20.386 835.309
  53 0.525 21.268 857.197
  54 0.535 21.342 819.064
  55 0.545 21.616 799.45
  56 0.555 21.606 781.717
  57 0.565 21.852 778.562
  58 0.575 21.94 807.083
  59 0.585 21.98 776.788
  60 0.595 21.768 772.507
  61 0.605 20.816 768.615
  62 0.615 19.452 759.41
  63 0.625 19.752 747.899
  64 0.635 20.622 774.191
  65 0.645 21.622 786.636
  66 0.655 21.936 815.434
  67 0.665 21.984 782.902
  68 0.675 21.78 809.276
  69 0.685 21.712 820.271
  70 0.695 21.538 831.951
  71 0.705 21.344 813.75
  72 0.715 21.292 787.136
  73 0.725 20.474 783.79
  74 0.735 19.738 763.57
  75 0.745 19.318 744.464
  76 0.755 19.98 781.501
  77 0.765 20.84 737.74
  78 0.775 21.444 707.548
  79 0.785 21.416 701.149
  80 0.795 21.626 711.849
  81 0.805 21.658 717.855
  82 0.815 21.92 701.846
  83 0.825 21.946 699.5
  84 0.835 21.848 729.418
  85 0.845 21.284 733.274
  86 0.855 20.492 664.904
  87 0.865 19.572 652.374
  88 0.875 20.19 664.394
  89 0.885 20.782 657.951
  90 0.895 21.87 621.381
  91 0.905 21.982 615.055
  92 0.915 21.93 621.838
  93 0.925 21.902 637.875
  94 0.935 21.676 611.098
  95 0.945 21.528 580.66
  96 0.955 21.522 625.021
  97 0.965 21.38 623.968
  98 0.975 21.016 626.318
  99 0.985 20.074 622.771
  100 0.995 19.172 594.653
170000 100 2111.9999999999995
  1 0.005 19.378 546.157
  2 0.015 20.434 573.669
  3 0.025 21.34 598.035
  4 0.035 21.616 619.816
  5 0.045 21.5 618.022
  6 0.055 21.454 639.45
  7 0.065 21.786 632.188
  8 0.075 21.894 612.909
  9 0.085 21.994 589.604
  10 0.095 21.984 587.027
  11 0.105 21.79 599.046
  12 0.115 21.056 582.541
  13 0.125 19.528 589.602
  14 0.135 19.594 589.389
  15 0.145 20.416 625.153
  16 0.155 21.718 639.324
  17 0.165 21.914 634.779
  18 0.175 21.958 666.357
  19 0.185 21.89 674.767
  20 0.195 21.718 673.136
  21 0.205 21.632 679.174
  22 0.215 21.55 654.54
  23 0.225 21.394 682.776
  24 0.235 21.096 724.06
  25 0.245 19.952 729.425
  26 0.255 19.452 720.229
  27 0.265 19.712 705.398
  28 0.275 20.386 738.833
  29 0.285 21.128 767.129
  30 0.295 21.36 781.711
  31 0.305 21.468 745.016
  32 0.315 21.654 767.756
  33 0.325 21.78 718.038
  34 0.335 21.918 737.487
  35 0.345 21.948 740.995
  36 0.355 21.802 791.967
  37 0.365 21.002 818.688
  38 0.375 20.396 818.559
  39 0.385 19.55 798.118
  40 0.395 20.14 822.481
  41 0.405 21.238 835.474
  42 0.415 21.872 823.395
  43 0.425 21.916 776.449
  44 0.435 21.848 792.401
  45 0.445 21.7 809.725
  46 0.455 21.642 826.306
  47 0.465 21.362 839.205
  48 0.475 21.212 843.852
  49 0.485 20.652 847.965
  50 0.495 19.678 802.122
  51 0.505 19.128 860.402
  52 0.515 19.868 851.71
  53 0.525 20.916 843.678
  54 0.535 21.402 835.749
  55 0.545 21.41 837.386
  56 0.555 21.616 844.32
  57 0.565 21.736 811.43
  58 0.575 21.974 822.113
  59 0.585 21.914 814.017
  60 0.595 21.686 831.081
  61 0.605 20.738 858.702
  62 0.615 19.51 865.512
  63 0.625 19.53 869.114
  64 0.635 20.9 848.732
  65 0.645 21.682 862.648
  66 0.655 21.968 813.653
  67 0.665 21.896 803.459
  68 0.675 21.794 814.136
  69 0.685 21.468 803.356
  70 0.695 21.506 770.946
  71 0.705 21.5 746.564
  72 0.715 21.048 749.683
  73 0.725 20.136 720.66
  74 0.735 19.142 705.275
  75 0.745 19.742 699.914
  76 0.755 20.418 676.327
  77 0.765 21.106 712.457
  78 0.775 21.4 686.487
  79 0.785 21.58 711.831
  80 0.795 21.67 746.553
  81 0.805 21.724 737.159
  82 0.815 21.91 758.677
  83 0.825 21.972 752.632
  84 0.835 21.764 744.956
  85 0.845 21.17 739.916
  86 0.855 20.056 726.094
  87 0.865 19.482 668.685
  88 0.875 20.356 635.521
  89 0.885 21.248 646.201
  90 0.895 21.922 611.322
  91 0.905 21.956 597.588
  92 0.915 21.972 611.645
  93 0.925 21.882 599.877
  94 0.935 21.634 599.351
  95 0.945 21.58 609.694
  96 0.955 21.494 606.3
  97 0.965 21.392 608.661
  98 0.975 21.152 606.959
  99 0.985 20.098 587.935
  100 0.995 19.45 538.299
175000 100 2112
  1 0.005 19.512 576.575
  2 0.015 20.828 590.534
  3 0.025 21.574 613.426
  4 0.035 21.364 646.878
  5 0.045 21.584 595.416
  6 0.055 21.564 609.842
  7 0.065 21.762 580.686
  8 0.075 21.95 596.933
  9 0.085 22.002 593.387
  10 0.095 21.948 573.267
  11 0.105 21.912 607.919
  12 0.115 21.09 609.989
  13 0.125 19.47 665.452
  14 0.135 19.622 648.55
  15 0.145 20.38 681.861
  16 0.155 21.654 652.181
  17 0.165 21.948 658.972
  18 0.175 21.93 677.281
  19 0.185 21.924 709.18
  20 0.195 21.792 664.635
  21 0.205 21.598 653.433
  22 0.215 21.47 685.761
  23 0.225 21.518 699.459
  24 0.235 21.176 701.227
  25 0.245 20.19 693.35
  26 0.255 19.488 703.236
  27 0.265 19.642 726.586
  28 0.275 20.244 700.774
  29 0.285 20.844 695.057
  30 0.295 21.514 676.273
  31 0.305 21.51 732.454
  32 0.315 21.47 720.776
  33 0.325 21.786 716.614
  34 0.335 21.938 747.865
  35 0.345 21.914 786.634
  36 0.355 21.92 824.309
  37 0.365 21.102 818.974
  38 0.375 19.838 836.331
  39 0.385 19.36 855.561
  40 0.395 20.414 823.281
  41 0.405 21.4 775.245
  42 0.415 21.952 777.792
  43 0.425 21.938 806.048
  44 0.435 21.876 782.575
  45 0.445 21.534 791.527
  46 0.455 21.586 784.953
  47 0.465 21.444 825.856
  48 0.475 21.18 831.815
  49 0.485 20.326 831.977
  50 0.495 19.286 854.284
  51 0.505 19.152 824.67
  52 0.515 20.236 790.694
  53 0.525 21.218 805.144
  54 0.535 21.36 838.698
  55 0.545 21.486 792.057
  56 0.555 21.716 835.694
  57 0.565 21.728 853.399
  58 0.575 22.01 829.646
  59 0.585 21.96 854.26
  60 0.595 21.808 836.209
  61 0.605 20.742 839.118
  62 0.615 19.596 863.824
  63 0.625 19.326 864.283
  64 0.635 20.978 818.922
  65 0.645 21.584 834.575
  66 0.655 21.948 785.125
  67 0.665 21.894 752.952
  68 0.675 21.86 740.061
  69 0.685 21.656 776.028
  70 0.695 21.448 802.492
  71 0.705 21.502 799.61
  72 0.715 21.3 764.147
  73 0.725 20.466 740.432
  74 0.735 19.452 756.185
  75 0.745 19.204 766.395
  76 0.755 20.248 743.668
  77 0.765 21.032 776.73
  78 0.775 21.292 763.534
  79 0.785 21.47 762.707
  80 0.795 21.464 773.212
  81 0.805 21.866 706.972
  82 0.815 21.89 756.988
  83 0.825 21.95 730.652
  84 0.835 21.876 681.501
  85 0.845 21.33 702.745
  86 0.855 20.096 702.826
  87 0.865 19.478 684.96
  88 0.875 20.136 667.043
  89 0.885 21.318 637.795
  90 0.895 21.828 642.031
  91 0.905 21.96 639.114
  92 0.915 21.92 608.645
  93 0.925 21.776 595.786
  94 0.935 21.736 591.165
  95 0.945 21.462 577.874
  96 0.955 21.482 595.819
  97 0.965 21.532 613.065
  98 0.975 20.92 613.65
  99 0.985 19.724 621.394
  100 0.995 19.316 563.32
180000 100 2112.0000000000005
  1 0.005 19.322 572.024
  2 0.015 20.612 579.165
  3 0.025 21.492 559.036
  4 0.035 21.554 564.412
  5 0.045 21.426 560.952
  6 0.055 21.514 546.513
  7 0.065 21.8 565.286
  8 0.075 21.916 589.473
  9 0.085 21.984 623.123
  10 0.095 22.004 566.465
  11 0.105 21.782 607.271
  12 0.115 21.142 605.516
  13 0.125 19.624 624.89
  14 0.135 19.278 677.314
  15 0.145 20.614 678.35
  16 0.155 21.66 634.655
  17 0.165 21.874 667.659
  18 0.175 21.932 732.458
  19 0.185 21.966 692.614
  20 0.195 21.64 719.923
  21 0.205 21.65 707.788
  22 0.215 21.438 723.63
  23 0.225 21.418 759.52
  24 0.235 21.16 734.918
  25 0.245 19.782 719.181
  26 0.255 19.278 710.265
  27 0.265 19.596 716.763
  28 0.275 20.52 729.895
  29 0.285 21.274 736.814
  30 0.295 21.448 718.272
  31 0.305 21.652 741.071
  32 0.315 21.49 736.57
  33 0.325 21.852 724.446
  34 0.335 21.928 693.718
  35 0.345 21.924 725.541
  36 0.355 21.93 745.638
  37 0.365 20.962 797.994
  38 0.375 19.74 807.904
  39 0.385 19.562 774.649
  40 0.395 20.46 811.283
  41 0.405 21.45 771.929
  42 0.415 21.942 791.577
  43 0.425 21.96 823.024
  44 0.435 21.816 820.922
  45 0.445 21.666 800.568
  46 0.455 21.614 778.699
  47 0.465 21.382 807.462
  48 0.475 21.39 826.176
  49 0.485 20.666 791.011
  50 0.495 19.552 800.921
  51 0.505 18.832 818.269
  52 0.515 19.88 812.703
  53 0.525 21.142 783.044
  54 0.535 21.378 791.663
  55 0.545 21.606 804.978
  56 0.555 21.49 847.58
  57 0.565 21.762 821.8
  58 0.575 21.946 786.731
  59 0.585 21.938 826.802
  60 0.595 21.744 772.378
  61 0.605 20.984 793.681
  62 0.615 19.408 811.212
  63 0.625 19.4 854.175
  64 0.635 20.94 855.002
  65 0.645 21.594 868.856
  66 0.655 21.88 870.196
  67 0.665 21.95 862.514
  68 0.675 21.736 844.519
  69 0.685 21.714 833.652
  70 0.695 21.45 785.458
  71 0.705 21.364 827.046
  72 0.715 21.146 757.959
  73 0.725 20.222 772.804
  74 0.735 19.316 738.836
  75 0.745 19.394 725.673
  76 0.755 20.498 725.394
  77 0.765 21.108 748.731
  78 0.775 21.368 768.463
  79 0.785 21.422 709.491
  80 0.795 21.754 671.52
  81 0.805 21.73 705.326
  82 0.815 21.922 697.186
  83 0.825 21.956 696.714
  84 0.835 21.766 724.72
  85 0.845 21.644 700.786
  86 0.855 20.304 712.493
  87 0.865 19.198 718.432
  88 0.875 19.966 667.178
  89 0.885 21.256 643.146
  90 0.895 21.886 640.032
  91 0.905 21.984 631.809
  92 0.915 21.968 642.297
  93 0.925 21.864 664.267
  94 0.935 21.74 646.79
  95 0.945 21.416 650.974
  96 0.955 21.578 633.292
  97 0.965 21.458 634.103
  98 0.975 21.108 619.156
  99 0.985 20.158 640.187
  100 0.995 19.094 586.934
185000 100 2112
  1 0.005 19.402 566.613
  2 0.015 20.742 552.326
  3 0.025 21.528 568.123
  4 0.035 21.478 581.612
  5 0.045 21.37 587.172
  6 0.055 21.68 569.288
  7 0.065 21.734 578.229
  8 0.075 21.936 590.58
  9 0.085 21.986 632.239
  10 0.095 21.956 634.509
  11 0.105 21.728 645.961
  12 0.115 20.92 639.822
  13 0.125 19.432 617.021
  14 0.135 19.566 660.59
  15 0.145 20.894 657.791
  16 0.155 21.524 664.322
  17 0.165 21.974 659.703
  18 0.175 21.974 663.344
  19 0.185 21.938 649.13
  20 0.195 21.734 672.882
  21 0.205 21.486 689.362
  22 0.215 21.534 698.011
  23 0.225 21.394 754.412
  24 0.235 21.316 741.516
  25 0.245 19.876 747.448
  26 0.255 18.804 778.687
  27 0.265 19.454 757.566
  28 0.275 20.766 768.018
  29 0.285 21.42 738.684
  30 0.295 21.362 740.233
  31 0.305 21.482 732.797
  32 0.315 21.726 725.22
  33 0.325 21.8 760.7
  34 0.335 21.964 767.352
  35 0.345 21.96 771.119
  36 0.355 21.674 767.555
  37 0.365 20.924 776.595
  38 0.375 19.114 808.963
  39 0.385 19.664 765.568
  40 0.395 20.818 797.295
  41 0.405 21.846 743.807
  42 0.415 21.996 753.362
  43 0.425 21.91 769.857
  44 0.435 21.818 781.803
  45 0.445 21.63 817.987
  46 0.455 21.51 815.861
  47 0.465 21.442 844.542
  48 0.475 21.348 782.585
  49 0.485 20.248 848.948
  50 0.495 19.132 798.316
  51 0.505 19.216 824.718
  52 0.515 20.148 833.522
  53 0.525 21.31 823.854
  54 0.535 21.522 768.379
  55 0.545 21.48 777.545
  56 0.555 21.618 790.638
  57 0.565 21.816 812.834
  58 0.575 21.86 831.429
  59 0.585 21.956 801.755
  60 0.595 21.89 804.502
  61 0.605 21.108 802.29
  62 0.615 19.954 783.65
  63 0.625 19.334 827.704
  64 0.635 20.46 784.024
  65 0.645 21.402 814.06
  66 0.655 21.878 793.236
  67 0.665 21.942 759.945
  68 0.675 21.88 789.239
  69 0.685 21.648 804.666
  70 0.695 21.524 810.82
  71 0.705 21.548 805.976
  72 0.715 21.324 818.566
  73 0.725 20.86 783.155
  74 0.735 19.456 802.675
  75 0.745 19.194 778.364
  76 0.755 19.75 771.663
  77 0.765 20.894 768.136
  78 0.775 21.384 732.179
  79 0.785 21.47 727.977
  80 0.795 21.57 699.097
  81 0.805 21.658 684.25
  82 0.815 21.932 704.717
  83 0.825 21.972 677.261
  84 0.835 21.89 696.713
  85 0.845 21.818 683.472
  86 0.855 20.422 693.759
  87 0.865 19.098 693.179
  88 0.875 19.622 680.962
  89 0.885 21.456 680.257
  90 0.895 21.688 678.369
  91 0.905 21.982 636.045
  92 0.915 21.978 650.829
  93 0.925 21.854 673.799
  94 0.935 21.646 616.128
  95 0.945 21.534 645.807
  96 0.955 21.43 639.662
  97 0.965 21.56 639.576
  98 0.975 21.014 609.736
  99 0.985 19.986 624.088
  100 0.995 19.15 565.967
190000 100 2112
  1 0.005 19.446 600.25
  2 0.015 20.418 597.158
  3 0.025 21.396 569.505
  4 0.035 21.508 599.107
  5 0.045 21.514 605.516
  6 0.055 21.634 617.45
  7 0.065 21.698 648.131
  8 0.075 21.958 684.409
  9 0.085 21.876 696.388
  10 0.095 21.972 692.017
  11 0.105 21.496 662.86
  12 0.115 20.692 673.448
  13 0.125 19.566 631.844
  14 0.135 19.666 631.677
  15 0.145 21.002 643.914
  16 0.155 21.74 633.29
  17 0.165 21.882 656.363
  18 0.175 21.932 650.906
  19 0.185 21.864 698.413
  20 0.195 21.784 678.526
  21 0.205 21.488 682.425
  22 0.215 21.528 674.478
  23 0.225 21.412 681.26
  24 0.235 21.062 721.212
  25 0.245 19.698 750.147
  26 0.255 19.03 785.621
  27 0.265 19.696 776.357
  28 0.275 20.754 747.308
  29 0.285 21.454 706.825
  30 0.295 21.37 729.304
  31 0.305 21.458 696.932
  32 0.315 21.742 721.416
  33 0.325 21.804 765.054
  34 0.335 21.936 826.361
  35 0.345 21.948 789.981
  36 0.355 21.714 803.843
  37 0.365 21.112 765.747
  38 0.375 19.154 764.334
  39 0.385 19.442 718.422
  40 0.395 21.01 728.967
  41 0.405 21.672 742.765
  42 0.415 21.922 776.08
  43 0.425 21.93 799.837
  44 0.435 21.882 784.072
  45 0.445 21.662 795.053
  46 0.455 21.54 806.199
  47 0.465 21.392 853.279
  48 0.475 21.338 832.532
  49 0.485 20.528 827.128
  50 0.495 19.432 851.745
  51 0.505 19.088 839.706
  52 0.515 19.93 823.693
  53 0.525 21.174 815.938
  54 0.535 21.348 812.212
  55 0.545 21.478 845.772
  56 0.555 21.702 829.557
  57 0.565 21.694 832.763
  58 0.575 21.92 817.931
  59 0.585 21.942 821.511
  60 0.595 21.724 837.821
  61 0.605 20.904 817.811
  62 0.615 19.648 804.198
  63 0.625 19.434 788.282
  64 0.635 20.808 759.595
  65 0.645 21.576 752.85
  66 0.655 21.96 752.358
  67 0.665 21.896 813.328
  68 0.675 21.864 784.162
  69 0.685 21.614 798.892
  70 0.695 21.488 807.062
  71 0.705 21.482 814.263
  72 0.715 21.102 805.072
  73 0.725 20.66 809.655
  74 0.735 19.266 784.435
  75 0.745 19.128 722.969
  76 0.755 20.25 803.979
  77 0.765 21.132 771.863
  78 0.775 21.464 762.635
  79 0.785 21.4 710.956
  80 0.795 21.606 698.655
  81 0.805 21.784 713.162
  82 0.815 21.876 697.205
  83 0.825 21.964 646.796
  84 0.835 21.964 630.885
  85 0.845 21.716 657.349
  86 0.855 20.64 670.763
  87 0.865 19.244 674.403
  88 0.875 19.558 661.283
  89 0.885 21.17 701.413
  90 0.895 21.722 660.416
  91 0.905 21.986 642.723
  92 0.915 21.95 605.312
  93 0.925 21.874 589.698
  94 0.935 21.76 569.412
  95 0.945 21.48 620.421
  96 0.955 21.574 586.929
  97 0.965 21.526 586.96
  98 0.975 21.234 606.139
  99 0.985 20.196 621.304
  100 0.995 18.946 612.359
195000 100 2112.0000000000005
  1 0.005 19.504 590.176
  2 0.015 20.38 590.799
  3 0.025 21.284 619.267
  4 0.035 21.46 617.077
  5 0.045 21.536 654.911
  6 0.055 21.526 688.403
  7 0.065 21.79 655.155
  8 0.075 21.898 669.639
  9 0.085 21.974 703.563
  10 0.095 21.938 682.401
  11 0.105 21.626 672.72
  12 0.115 20.89 636.108
  13 0.125 19.182 616.073
  14 0.135 19.648 621.569
  15 0.145 20.94 586.453
  16 0.155 21.812 625.245
  17 0.165 21.974 629.981
  18 0.175 21.96 641.793
  19 0.185 21.878 646.835
  20 0.195 21.628 686.694
  21 0.205 21.68 713.937
  22 0.215 21.422 706.528
  23 0.225 21.51 709.562
  24 0.235 20.968 712.358
  25 0.245 20.032 724.323
  26 0.255 19.084 753.779
  27 0.265 19.556 750.878
  28 0.275 20.616 737.983
  29 0.285 21.254 726.761
  30 0.295 21.536 738.623
  31 0.305 21.478 722.522
  32 0.315 21.724 719.031
  33 0.325 21.726 718.096
  34 0.335 21.972 730.598
  35 0.345 21.952 734.81
  36 0.355 21.9 715.49
  37 0.365 21.23 744.779
  38 0.375 19.72 747.199
  39 0.385 19.26 759.537
  40 0.395 20.388 704.518
  41 0.405 21.612 743.896
  42 0.415 21.906 770.838
  43 0.425 21.958 746.457
  44 0.435 21.91 794.502
  45 0.445 21.716 792.486
  46 0.455 21.474 782.671
  47 0.465 21.432 816.553
  48 0.475 21.314 850.979
  49 0.485 20.652 878.108
  50 0.495 19.246 918.264
  51 0.505 19.212 922.301
  52 0.515 19.954 917.757
  53 0.525 20.992 827.767
  54 0.535 21.36 785.748
  55 0.545 21.492 813.075
  56 0.555 21.57 811.644
  57 0.565 21.87 772.827
  58 0.575 21.876 817.535
  59 0.585 21.972 832.446
  60 0.595 21.746 802.006
  61 0.605 21.036 792.397
  62 0.615 19.5 820.29
  63 0.625 19.218 813.876
  64 0.635 20.906 808.36
  65 0.645 21.6 832.685
  66 0.655 21.97 830.604
  67 0.665 21.968 838.294
  68 0.675 21.772 822.249
  69 0.685 21.678 801.135
  70 0.695 21.422 749.85
  71 0.705 21.486 740.497
  72 0.715 21.366 702.598
  73 0.725 20.3 727.079
  74 0.735 19.502 710.033
  75 0.745 19.166 671.179
  76 0.755 20.29 695.887
  77 0.765 21.052 751.335
  78 0.775 21.38 766.306
  79 0.785 21.504 746.376
  80 0.795 21.472 765.091
  81 0.805 21.798 713.984
  82 0.815 21.932 719.718
  83 0.825 21.908 722.97
  84 0.835 21.866 708.16
  85 0.845 21.568 683.337
  86 0.855 20.282 669.657
  87 0.865 19.362 701.343
  88 0.875 19.726 668.81
  89 0.885 21.39 644.82
  90 0.895 21.87 656.718
  91 0.905 21.948 681.503
  92 0.915 21.948 650.448
  93 0.925 21.892 610.009
  94 0.935 21.644 602.851
  95 0.945 21.564 627.914
  96 0.955 21.426 626.759
  97 0.965 21.592 640.323
  98 0.975 21.094 629.955
  99 0.985 20.184 618.8
  100 0.995 19.318 577.669
200000 100 2112.0000000000005
  1 0.005 19.446 565.491
  2 0.015 20.486 561.481
  3 0.025 21.272 596.946
  4 0.035 21.44 588.366
  5 0.045 21.622 603.395
  6 0.055 21.474 642.028
  7 0.065 21.812 653.238
  8 0.075 21.854 656.219
  9 0.085 21.968 653.675
  10 0.095 21.91 651.161
  11 0.105 21.642 681.796
  12 0.115 20.826 700.194
  13 0.125 19.646 691.488
  14 0.135 19.81 659.672
  15 0.145 20.544 654.391
  16 0.155 21.65 675.036
  17 0.165 21.996 657.765
  18 0.175 21.93 659.147
  19 0.185 21.792 661.247
  20 0.195 21.694 702.382
  21 0.205 21.668 673.988
  22 0.215 21.514 676.074
  23 0.225 21.458 695.418
  24 0.235 20.848 760.754
  25 0.245 19.992 690.416
  26 0.255 19.382 724.342
  27 0.265 19.59 758.482
  28 0.275 20.566 766.22
  29 0.285 21.182 752.071
  30 0.295 21.448 743.948
  31 0.305 21.51 760.432
  32 0.315 21.67 771.618
  33 0.325 21.792 791.226
  34 0.335 21.952 754.614
  35 0.345 21.99 742.614
  36 0.355 21.712 714
  37 0.365 20.89 738.121
  38 0.375 19.318 725.139
  39 0.385 19.458 745.326
  40 0.395 20.864 777.823
  41 0.405 21.79 758.96
  42 0.415 21.958 738.748
  43 0.425 21.94 694.269
  44 0.435 21.86 709.172
  45 0.445 21.662 744.773
  46 0.455 21.41 802.437
  47 0.465 21.48 776.282
  48 0.475 21.362 778.179
  49 0.485 20.338 818.536
  50 0.495 19.17 819.792
  51 0.505 19.35 857.57
  52 0.515 20.148 817.597
  53 0.525 21.238 800.573
  54 0.535 21.304 809.064
  55 0.545 21.46 820.18
  56 0.555 21.686 821.359
  57 0.565 21.684 846.544
  58 0.575 21.954 839.803
  59 0.585 21.892 832.557
  60 0.595 21.594 855.276
  61 0.605 20.836 829.66
  62 0.615 19.884 843.061
  63 0.625 19.52 821.464
  64 0.635 20.604 874.833
  65 0.645 21.724 830.54
  66 0.655 21.898 805.492
  67 0.665 21.98 778.366
  68 0.675 21.766 785.319
  69 0.685 21.686 772.396
  70 0.695 21.554 748.051
  71 0.705 21.47 747.789
  72 0.715 21.282 764.404
  73 0.725 20.56 757.856
  74 0.735 19.488 747.285
  75 0.745 19.106 744.516
  76 0.755 20.198 707.295
  77 0.765 21.034 696.815
  78 0.775 21.38 717.209
  79 0.785 21.452 747.064
  80 0.795 21.47 728.383
  81 0.805 21.766 674.471
  82 0.815 21.9 709.885
  83 0.825 21.936 713.263
  84 0.835 21.916 723.481
  85 0.845 21.794 664.079
  86 0.855 20.79 666.246
  87 0.865 19.432 678.855
  88 0.875 19.31 709.481
  89 0.885 20.94 704.748
  90 0.895 21.904 716.477
  91 0.905 21.902 745.417
  92 0.915 21.952 646.511
  93 0.925 21.938 636.078
  94 0.935 21.718 627.703
  95 0.945 21.572 611.658
  96 0.955 21.362 671.363
  97 0.965 21.516 633.807
  98 0.975 21.048 641.738
  99 0.985 20.152 610.616
  100 0.995 19.362 554.28
205000 100 2112.0000000000005
  1 0.005 19.656 561.971
  2 0.015 20.388 595.165
  3 0.025 21.138 612.313
  4 0.035 21.362 617.3
  5 0.045 21.552 590.705
  6 0.055 21.678 613.317
  7 0.065 21.596 637.897
  8 0.075 21.92 627.69
  9 0.085 21.94 633.695
  10 0.095 21.968 652.781
  11 0.105 21.64 667.551
  12 0.115 20.652 664.782
  13 0.125 19.64 656.445
  14 0.135 19.732 682
  15 0.145 20.792 669.258
  16 0.155 21.638 702.741
  17 0.165 21.944 718.677
  18 0.175 21.934 699.234
  19 0.185 21.916 670.32
  20 0.195 21.55 703.038
  21 0.205 21.57 660.383
  22 0.215 21.55 665.799
  23 0.225 21.462 690.027
  24 0.235 20.894 715.091
  25 0.245 19.554 692.11
  26 0.255 18.932 693.016
  27 0.265 19.96 695.178
  28 0.275 20.798 720.253
  29 0.285 21.474 714.821
  30 0.295 21.394 719.403
  31 0.305 21.606 737.743
  32 0.315 21.598 723.778
  33 0.325 21.898 768.731
  34 0.335 21.928 774.48
  35 0.345 21.988 765.813
  36 0.355 21.552 831.233
  37 0.365 20.648 817.776
  38 0.375 19.604 769.913
  39 0.385 19.248 776.89
  40 0.395 21.166 750.199
  41 0.405 21.796 740.745
  42 0.415 21.954 755.357
  43 0.425 21.906 748.935
  44 0.435 21.906 738.559
  45 0.445 21.616 774.632
  46 0.455 21.546 801.109
  47 0.465 21.408 827.755
  48 0.475 21.226 782.76
  49 0.485 20.618 765.737
  50 0.495 19.458 764.698
  51 0.505 19.404 783.447
  52 0.515 19.882 787.976
  53 0.525 20.988 792.336
  54 0.535 21.388 795.335
  55 0.545 21.508 833.241
  56 0.555 21.578 800.028
  57 0.565 21.76 772.911
  58 0.575 21.89 788.792
  59 0.585 21.938 831.166
  60 0.595 21.742 834
  61 0.605 21.076 830.164
  62 0.615 19.872 867.859
  63 0.625 19.364 859.422
  64 0.635 20.542 870.909
  65 0.645 21.592 845.012
  66 0.655 21.792 885.73
  67 0.665 21.93 809.501
  68 0.675 21.788 778.428
  69 0.685 21.768 828.219
  70 0.695 21.382 797.956
  71 0.705 21.524 752.688
  72 0.715 21.208 775.724
  73 0.725 20.424 713.102
  74 0.735 19.468 709.976
  75 0.745 19.25 684.898
  76 0.755 20.248 744.833
  77 0.765 20.97 751.053
  78 0.775 21.478 735.137
  79 0.785 21.478 713.227
  80 0.795 21.47 766.064
  81 0.805 21.838 725.767
  82 0.815 21.836 654.05
  83 0.825 21.972 654.912
  84 0.835 21.98 654.123
  85 0.845 21.718 706.339
  86 0.855 20.784 665.019
  87 0.865 19.384 656.333
  88 0.875 19.448 706.902
  89 0.885 20.918 704.775
  90 0.895 21.776 700.188
  91 0.905 21.976 693.097
  92 0.915 21.94 671.69
  93 0.925 21.9 693.423
  94 0.935 21.736 700.023
  95 0.945 21.568 671.986
  96 0.955 21.51 641.494
  97 0.965 21.44 636.652
  98 0.975 21.33 590.972
  99 0.985 20.192 600.492
  100 0.995 19.158 581.015
210000 100 2112
  1 0.005 19.892 571.153
  2 0.015 20.636 569.715
  3 0.025 21.266 594.661
  4 0.035 21.332 636.801
  5 0.045 21.592 630.305
  6 0.055 21.694 628.589
  7 0.065 21.734 616.168
  8 0.075 21.95 601.717
  9 0.085 21.958 681.756
  10 0.095 21.902 646.652
  11 0.105 21.134 685.939
  12 0.115 20.46 691.782
  13 0.125 19.648 690.448
  14 0.135 20.288 672.037
  15 0.145 20.924 637.687
  16 0.155 21.71 635.333
  17 0.165 21.922 665.484
  18 0.175 21.984 655.566
  19 0.185 21.768 661.356
  20 0.195 21.732 662.534
  21 0.205 21.542 674.962
  22 0.215 21.484 689.883
  23 0.225 21.436 701.411
  24 0.235 20.922 717.669
  25 0.245 19.614 744.281
  26 0.255 19.19 739.553
  27 0.265 19.782 706.606
  28 0.275 20.776 716.785
  29 0.285 21.378 708.032
  30 0.295 21.508 714.238
  31 0.305 21.458 735.937
  32 0.315 21.628 732.107
  33 0.325 21.864 720.6
  34 0.335 21.984 694.592
  35 0.345 21.926 695.31
  36 0.355 21.818 738.333
  37 0.365 21.084 767.491
  38 0.375 19.596 707.091
  39 0.385 19.132 744.322
  40 0.395 20.84 762.889
  41 0.405 21.616 758.121
  42 0.415 21.946 734.259
  43 0.425 21.972 792.189
  44 0.435 21.836 810.912
  45 0.445 21.592 789.377
  46 0.455 21.47 794.375
  47 0.465 21.516 830.598
  48 0.475 21.202 842.856
  49 0.485 20.36 817.193
  50 0.495 19.402 831.905
  51 0.505 19.248 827.278
  52 0.515 20.272 876.166
  53 0.525 20.988 834.511
  54 0.535 21.442 817.748
  55 0.545 21.516 744.536
  56 0.555 21.632 756.884
  57 0.565 21.724 823.295
  58 0.575 21.862 845.367
  59 0.585 21.964 804.113
  60 0.595 21.58 815.041
  61 0.605 21.15 819.19
  62 0.615 20.056 809.026
  63 0.625 19.612 802.393
  64 0.635 20.21 834.821
  65 0.645 21.578 833.281
  66 0.655 21.812 860.153
  67 0.665 21.946 818.974
  68 0.675 21.864 806.392
  69 0.685 21.74 744.282
  70 0.695 21.466 735.943
  71 0.705 21.602 726.339
  72 0.715 21.328 747.712
  73 0.725 20.824 769.262
  74 0.735 19.846 759.465
  75 0.745 19.412 723.84
  76 0.755 19.712 719.714
  77 0.765 20.588 736.12
  78 0.775 21.278 726.45
  79 0.785 21.444 740.447
  80 0.795 21.5 730.662
  81 0.805 21.73 726.625
  82 0.815 21.796 704.82
  83 0.825 21.97 702.111
  84 0.835 21.962 665.734
  85 0.845 21.624 676.507
  86 0.855 21.072 691.99
  87 0.865 19.328 729.872
  88 0.875 19.368 690.697
  89 0.885 20.88 693.202
  90 0.895 21.768 726.159
  91 0.905 21.96 735.536
  92 0.915 21.978 692.244
  93 0.925 21.868 699.784
  94 0.935 21.6 673.835
  95 0.945 21.65 647.493
  96 0.955 21.444 637.84
  97 0.965 21.48 658.697
  98 0.975 20.826 656.218
  99 0.985 19.65 646.289
  100 0.995 19.45 589.018
215000 100 2112.0000000000005
  1 0.005 19.846 646.129
  2 0.015 20.526 631.783
  3 0.025 21.206 615.008
  4 0.035 21.434 614.54
  5 0.045 21.592 620.441
  6 0.055 21.634 623.024
  7 0.065 21.81 645.273
  8 0.075 21.87 644.808
  9 0.085 21.94 647.66
  10 0.095 21.922 661.263
  11 0.105 21.236 679.746
  12 0.115 20.578 668.995
  13 0.125 19.472 669.554
  14 0.135 20.102 645.907
  15 0.145 21.188 662.881
  16 0.155 21.62 657.189
  17 0.165 21.878 682.105
  18 0.175 21.94 671.944
  19 0.185 21.91 688.174
  20 0.195 21.524 696.168
  21 0.205 21.574 681.354
  22 0.215 21.488 702.349
  23 0.225 21.478 681.796
  24 0.235 20.816 678.851
  25 0.245 19.472 712.512
  26 0.255 19.164 697.312
  27 0.265 19.8 685.109
  28 0.275 20.926 669.301
  29 0.285 21.432 680.781
  30 0.295 21.498 675.489
  31 0.305 21.57 669.88
  32 0.315 21.58 711.33
  33 0.325 21.89 692.297
  34 0.335 21.962 743.218
  35 0.345 21.978 782.359
  36 0.355 21.876 799.117
  37 0.365 20.802 826.479
  38 0.375 19.618 818.157
  39 0.385 19.468 771.563
  40 0.395 20.556 763.562
  41 0.405 21.718 775.737
  42 0.415 21.938 781.328
  43 0.425 21.962 809.575
  44 0.435 21.83 818.829
  45 0.445 21.636 799.893
  46 0.455 21.724 782.651
  47 0.465 21.41 838.631
  48 0.475 21.2 814.212
  49 0.485 20.632 811.548
  50 0.495 19.676 808.442
  51 0.505 19.51 794.429
  52 0.515 19.792 785.539
  53 0.525 20.782 768.57
  54 0.535 21.24 764.501
  55 0.545 21.602 797.268
  56 0.555 21.534 850.157
  57 0.565 21.732 850.582
  58 0.575 21.846 862.629
  59 0.585 21.882 808.153
  60 0.595 21.67 777.872
  61 0.605 21.086 824.181
  62 0.615 20.086 826.116
  63 0.625 19.714 807.15
  64 0.635 20.282 752.045
  65 0.645 21.432 772.325
  66 0.655 21.77 758.021
  67 0.665 21.908 762.345
  68 0.675 21.846 780.682
  69 0.685 21.73 763.95
  70 0.695 21.47 800.756
  71 0.705 21.484 795.098
  72 0.715 21.422 734.099
  73 0.725 20.832 726.945
  74 0.735 19.262 721.032
  75 0.745 19.306 757.625
  76 0.755 19.826 761.169
  77 0.765 20.988 744.909
  78 0.775 21.358 747.351
  79 0.785 21.48 748.885
  80 0.795 21.516 780.416
  81 0.805 21.716 807.981
  82 0.815 21.91 778.457
  83 0.825 21.95 739.883
  84 0.835 21.944 745.902
  85 0.845 21.558 672.871
  86 0.855 20.584 676.16
  87 0.865 19.224 701.166
  88 0.875 19.688 705.028
  89 0.885 21.194 653.365
  90 0.895 21.848 655.7
  91 0.905 21.952 675.305
  92 0.915 21.956 668.22
  93 0.925 21.82 645.575
  94 0.935 21.71 636.592
  95 0.945 21.608 626.455
  96 0.955 21.334 650.181
  97 0.965 21.578 626.873
  98 0.975 20.986 622.393
  99 0.985 19.802 599.436
  100 0.995 19.348 603.144
220000 100 2112
  1 0.005 19.63 568.619
  2 0.015 20.682 583.774
  3 0.025 21.19 557.439
  4 0.035 21.474 570.629
  5 0.045 21.546 577.862
  6 0.055 21.662 576.553
  7 0.065 21.774 638.383
  8 0.075 21.802 617.214
  9 0.085 22.01 623.621
  10 0.095 21.87 631.157
  11 0.105 21.56 659.878
  12 0.115 20.79 659.575
  13 0.125 19.89 682.494
  14 0.135 20.06 636.445
  15 0.145 20.508 671.381
  16 0.155 21.53 692.138
  17 0.165 21.802 705.644
  18 0.175 21.884 682.799
  19 0.185 21.902 697.732
  20 0.195 21.676 713.578
  21 0.205 21.684 719.147
  22 0.215 21.48 708.678
  23 0.225 21.49 710.948
  24 0.235 21.094 735.049
  25 0.245 20.084 707.727
  26 0.255 19.336 706.838
  27 0.265 19.3 733.39
  28 0.275 20.444 699.597
  29 0.285 21.342 698.202
  30 0.295 21.39 673.711
  31 0.305 21.546 755.719
  32 0.315 21.636 760.879
  33 0.325 21.744 708.373
  34 0.335 21.934 713.177
  35 0.345 21.968 735.94
  36 0.355 21.832 721.211
  37 0.365 21.166 720.265
  38 0.375 19.838 738.156
  39 0.385 19.44 773.14
  40 0.395 20.266 775.189
  41 0.405 21.586 762.719
  42 0.415 21.886 782.981
  43 0.425 21.912 815.729
  44 0.435 21.82 892.049
  45 0.445 21.648 924.726
  46 0.455 21.446 898.631
  47 0.465 21.472 835.273
  48 0.475 21.176 791.208
  49 0.485 20.478 805.526
  50 0.495 19.12 804.773
  51 0.505 19.506 791.255
  52 0.515 20.312 791.482
  53 0.525 20.97 837.486
  54 0.535 21.322 832.454
  55 0.545 21.458 860.81
  56 0.555 21.724 835.038
  57 0.565 21.79 815.373
  58 0.575 21.86 777.61
  59 0.585 21.912 798.834
  60 0.595 21.532 796.98
  61 0.605 20.636 763.691
  62 0.615 19.834 769.483
  63 0.625 19.95 815.155
  64 0.635 20.65 786.325
  65 0.645 21.556 754.987
  66 0.655 21.934 756.217
  67 0.665 21.884 777.518
  68 0.675 21.854 790.919
  69 0.685 21.598 788.123
  70 0.695 21.502 765.713
  71 0.705 21.49 813.195
  72 0.715 21.266 791.787
  73 0.725 20.58 759.182
  74 0.735 19.414 757.101
  75 0.745 19.14 731.433
  76 0.755 19.986 761.864
  77 0.765 21.15 741.527
  78 0.775 21.442 743.957
  79 0.785 21.49 718.094
  80 0.795 21.63 745.546
  81 0.805 21.742 756.172
  82 0.815 21.872 748.936
  83 0.825 21.954 770.11
  84 0.835 21.884 762.894
  85 0.845 21.628 725.136
  86 0.855 20.28 714.314
  87 0.865 19.244 722.752
  88 0.875 19.872 675.678
  89 0.885 21.222 627.813
  90 0.895 21.876 685.486
  91 0.905 21.98 697.1
  92 0.915 21.924 677.771
  93 0.925 21.828 661.286
  94 0.935 21.678 642.874
  95 0.945 21.532 622.939
  96 0.955 21.55 604.45
  97 0.965 21.466 597.189
  98 0.975 21.212 587.765
  99 0.985 19.938 586.105
  100 0.995 19.146 577.795
225000 100 2112
  1 0.005 19.67 590.559
  2 0.015 20.426 583.338
  3 0.025 20.936 614.484
  4 0.035 21.426 613.409
  5 0.045 21.602 592.533
  6 0.055 21.592 603.943
  7 0.065 21.708 591.856
  8 0.075 21.792 582.234
  9 0.085 22.004 590.73
  10 0.095 21.792 610.206
  11 0.105 21.604 587.7
  12 0.115 20.808 630.39
  13 0.125 20.366 639.592
  14 0.135 20.042 639.598
  15 0.145 20.174 659.553
  16 0.155 21.274 690.053
  17 0.165 21.92 700.584
  18 0.175 21.91 708.166
  19 0.185 21.906 737.573
  20 0.195 21.728 691.255
  21 0.205 21.644 714.814
  22 0.215 21.46 732.846
  23 0.225 21.34 735.001
  24 0.235 21.158 736.267
  25 0.245 20.064 721.241
  26 0.255 19.012 686.085
  27 0.265 19.562 707.811
  28 0.275 20.568 687.854
  29 0.285 21.36 654.604
  30 0.295 21.44 708.041
  31 0.305 21.44 735.525
  32 0.315 21.612 736.632
  33 0.325 21.828 719.914
  34 0.335 21.996 705.295
  35 0.345 21.954 720.961
  36 0.355 21.822 711.728
  37 0.365 21.262 742.527
  38 0.375 19.564 710.612
  39 0.385 19.244 731.73
  40 0.395 20.446 753.674
  41 0.405 21.694 768.169
  42 0.415 21.966 806.69
  43 0.425 21.922 871.056
  44 0.435 21.83 851.999
  45 0.445 21.756 850.288
  46 0.455 21.37 898.056
  47 0.465 21.416 893.777
  48 0.475 21.164 862.856
  49 0.485 20.348 821.159
  50 0.495 19.054 834.702
  51 0.505 19.556 920.313
  52 0.515 20.24 878.867
  53 0.525 21.086 819.908
  54 0.535 21.466 787.161
  55 0.545 21.458 846.565
  56 0.555 21.66 848.317
  57 0.565 21.806 803.718
  58 0.575 21.914 795.178
  59 0.585 21.746 799.075
  60 0.595 21.32 828.54
  61 0.605 20.494 833.401
  62 0.615 19.708 822.045
  63 0.625 20.488 804.364
  64 0.635 20.752 829.829
  65 0.645 21.524 842.293
  66 0.655 21.868 791.888
  67 0.665 21.984 740.781
  68 0.675 21.792 760.829
  69 0.685 21.708 738.362
  70 0.695 21.374 732.733
  71 0.705 21.572 760.958
  72 0.715 21.244 738.767
  73 0.725 20.42 733.57
  74 0.735 19.426 725.231
  75 0.745 19.278 736.496
  76 0.755 20.172 733.289
  77 0.765 20.996 730.494
  78 0.775 21.4 730.245
  79 0.785 21.548 734.518
  80 0.795 21.546 757.09
  81 0.805 21.696 736.3
  82 0.815 21.93 729.731
  83 0.825 21.958 767.545
  84 0.835 21.906 752.855
  85 0.845 21.544 723.536
  86 0.855 20.482 711.236
  87 0.865 19.202 688.378
  88 0.875 19.884 686.247
  89 0.885 21.198 706.054
  90 0.895 21.806 675.111
  91 0.905 21.984 658.196
  92 0.915 21.942 685.129
  93 0.925 21.926 673.94
  94 0.935 21.724 655.722
  95 0.945 21.434 648.455
  96 0.955 21.532 591.514
  97 0.965 21.428 583.839
  98 0.975 21.162 598.767
  99 0.985 20.344 591.525
  100 0.995 19.396 564.687
230000 100 2111.9999999999995
  1 0.005 19.72 593.775
  2 0.015 20.474 576.53
  3 0.025 21.132 587.859
  4 0.035 21.318 586.728
  5 0.045 21.59 551.137
  6 0.055 21.628 593.353
  7 0.065 21.772 614.311
  8 0.075 21.894 601.727
  9 0.085 21.894 643.592
  10 0.095 21.864 659.431
  11 0.105 21.432 646.193
  12 0.115 20.618 647.557
  13 0.125 20.138 630.672
  14 0.135 19.934 641.153
  15 0.145 20.576 627.311
  16 0.155 21.53 662.854
  17 0.165 21.886 641.713
  18 0.175 21.98 633.344
  19 0.185 21.878 662.89
  20 0.195 21.724 656.793
  21 0.205 21.62 692.404
  22 0.215 21.474 698.582
  23 0.225 21.498 697.48
  24 0.235 21.026 731.589
  25 0.245 20.038 742.119
  26 0.255 19.062 758.728
  27 0.265 19.678 750.31
  28 0.275 20.51 746.564
  29 0.285 21.204 742.699
  30 0.295 21.496 748.148
  31 0.305 21.42 748.539
  32 0.315 21.654 748.382
  33 0.325 21.838 690.972
  34 0.335 21.928 677.041
  35 0.345 21.99 722.484
  36 0.355 21.78 688.443
  37 0.365 21.288 682.395
  38 0.375 19.804 741.368
  39 0.385 19.146 747.401
  40 0.395 20.654 774.87
  41 0.405 21.462 818.619
  42 0.415 21.84 822.661
  43 0.425 21.936 828.785
  44 0.435 21.87 866.674
  45 0.445 21.684 825.106
  46 0.455 21.616 817.042
  47 0.465 21.288 833.526
  48 0.475 21.152 869.02
  49 0.485 20.434 860.618
  50 0.495 19.394 921.411
  51 0.505 19.418 948.78
  52 0.515 20.184 884.807
  53 0.525 20.976 873.479
  54 0.535 21.284 904.544
  55 0.545 21.504 849.637
  56 0.555 21.676 854.204
  57 0.565 21.718 889.13
  58 0.575 21.858 884.615
  59 0.585 21.958 843.306
  60 0.595 21.336 830.32
  61 0.605 20.61 824.947
  62 0.615 19.608 831.671
  63 0.625 20.09 780.902
  64 0.635 20.794 817.311
  65 0.645 21.634 752.062
  66 0.655 21.94 756.444
  67 0.665 21.916 790.204
  68 0.675 21.802 763.528
  69 0.685 21.652 694.398
  70 0.695 21.504 711.007
  71 0.705 21.482 755.055
  72 0.715 21.226 732.168
  73 0.725 20.224 737.67
  74 0.735 19.416 801.14
  75 0.745 19.44 744.806
  76 0.755 20.198 746.867
  77 0.765 21.028 704.728
  78 0.775 21.474 725.149
  79 0.785 21.56 664.489
  80 0.795 21.504 680.405
  81 0.805 21.794 697.438
  82 0.815 21.906 760.254
  83 0.825 21.936 785.037
  84 0.835 21.892 784.611
  85 0.845 21.782 721.937
  86 0.855 20.476 707.837
  87 0.865 19.268 691.87
  88 0.875 19.792 658.573
  89 0.885 21.162 646.219
  90 0.895 21.616 670.887
  91 0.905 22.008 615.644
  92 0.915 21.958 622.374
  93 0.925 21.914 636.413
  94 0.935 21.628 642.584
  95 0.945 21.616 598.085
  96 0.955 21.42 630.259
  97 0.965 21.468 620.687
  98 0.975 21.068 635.7
  99 0.985 20.22 614.721
  100 0.995 19.296 607.071
235000 100 2111.9999999999995
  1 0.005 19.974 575.688
  2 0.015 20.718 572.164
  3 0.025 21.286 577.502
  4 0.035 21.3 611.153
  5 0.045 21.552 584.61
  6 0.055 21.688 602.972
  7 0.065 21.798 603.088
  8 0.075 21.866 609.78
  9 0.085 21.93 634.093
  10 0.095 21.878 604.442
  11 0.105 21.392 612.799
  12 0.115 20.338 641.706
  13 0.125 20.198 634.355
  14 0.135 20.078 636.142
  15 0.145 20.782 625.878
  16 0.155 21.5 620.183
  17 0.165 21.836 617.061
  18 0.175 21.95 583.508
  19 0.185 21.88 600.757
  20 0.195 21.762 654.175
  21 0.205 21.584 702.828
  22 0.215 21.472 697.816
  23 0.225 21.512 698.084
  24 0.235 21.016 785.278
  25 0.245 19.95 770.681
  26 0.255 19.446 750.551
  27 0.265 19.542 755.563
  28 0.275 20.482 755.985
  29 0.285 21.148 749.577
  30 0.295 21.41 706.611
  31 0.305 21.572 677.707
  32 0.315 21.578 723.387
  33 0.325 21.82 753.756
  34 0.335 21.906 755.257
  35 0.345 21.972 697.713
  36 0.355 21.834 764.303
  37 0.365 21.368 781.514
  38 0.375 19.894 755.077
  39 0.385 19.17 765.983
  40 0.395 20.37 754.5
  41 0.405 21.528 799.829
  42 0.415 21.826 827.137
  43 0.425 21.896 822.095
  44 0.435 21.934 853.405
  45 0.445 21.652 848.929
  46 0.455 21.54 855.119
  47 0.465 21.38 852.537
  48 0.475 21.118 881.711
  49 0.485 20.34 908.242
  50 0.495 19.486 941.642
  51 0.505 19.38 917.369
  52 0.515 20.268 908.196
  53 0.525 20.974 884.29
  54 0.535 21.174 866.485
  55 0.545 21.526 870.097
  56 0.555 21.76 825.699
  57 0.565 21.732 891.625
  58 0.575 21.866 902.301
  59 0.585 21.864 819.585
  60 0.595 21.418 839.076
  61 0.605 20.786 808.593
  62 0.615 19.914 803.344
  63 0.625 19.86 788.58
  64 0.635 20.62 829.181
  65 0.645 21.538 811.545
  66 0.655 21.938 798.341
  67 0.665 21.856 780.761
  68 0.675 21.914 767.188
  69 0.685 21.634 749.905
  70 0.695 21.564 771.647
  71 0.705 21.396 753.706
  72 0.715 21.014 750.766
  73 0.725 20.502 709.263
  74 0.735 19.852 740.859
  75 0.745 19.614 742.892
  76 0.755 19.936 708.433
  77 0.765 20.816 727.137
  78 0.775 21.292 709.93
  79 0.785 21.52 712.305
  80 0.795 21.616 706.903
  81 0.805 21.702 685.564
  82 0.815 21.87 693.136
  83 0.825 21.946 714.536
  84 0.835 21.864 725.005
  85 0.845 21.69 718.893
  86 0.855 20.546 674.881
  87 0.865 19.366 688.18
  88 0.875 19.424 676.11
  89 0.885 21.204 642.095
  90 0.895 21.916 618.891
  91 0.905 21.992 625.24
  92 0.915 21.952 664.281
  93 0.925 21.848 672.324
  94 0.935 21.704 658.881
  95 0.945 21.446 600.439
  96 0.955 21.52 606.395
  97 0.965 21.426 631.955
  98 0.975 20.79 630.574
  99 0.985 19.776 607.736
  100 0.995 19.422 615.673
240000 100 2112
  1 0.005 19.638 570.559
  2 0.015 20.662 584.732
  3 0.025 21.232 586.702
  4 0.035 21.44 552.013
  5 0.045 21.46 593.829
  6 0.055 21.608 581.677
  7 0.065 21.76 613.545
  8 0.075 21.902 589.071
  9 0.085 21.946 606.774
  10 0.095 21.924 636.807
  11 0.105 21.442 611.684
  12 0.115 20.338 609.074
  13 0.125 19.938 694.704
  14 0.135 20.172 666.284
  15 0.145 20.574 669.343
  16 0.155 21.736 598.574
  17 0.165 21.86 581.882
  18 0.175 21.984 582.974
  19 0.185 21.772 660.465
  20 0.195 21.76 666.537
  21 0.205 21.542 645.51
  22 0.215 21.604 647.383
  23 0.225 21.476 650.957
  24 0.235 20.748 703.646
  25 0.245 19.926 727.262
  26 0.255 19.552 711.39
  27 0.265 19.64 753.859
  28 0.275 20.55 732.769
  29 0.285 21.254 739.524
  30 0.295 21.406 780.396
  31 0.305 21.432 795.137
  32 0.315 21.654 787.213
  33 0.325 21.814 777.596
  34 0.335 21.9 771.173
  35 0.345 21.976 762.535
  36 0.355 21.582 769.435
  37 0.365 21.488 764.605
  38 0.375 19.582 819.512
  39 0.385 19.128 817.069
  40 0.395 20.61 803.147
  41 0.405 21.704 809.552
  42 0.415 21.886 895.48
  43 0.425 21.972 854.925
  44 0.435 21.836 824.531
  45 0.445 21.778 859.37
  46 0.455 21.418 927.584
  47 0.465 21.456 913.074
  48 0.475 21.09 925.87
  49 0.485 20.514 883.042
  50 0.495 19.446 846.094
  51 0.505 19.412 842.838
  52 0.515 20.246 797.823
  53 0.525 20.834 786.928
  54 0.535 21.306 816.492
  55 0.545 21.572 852.942
  56 0.555 21.56 829.226
  57 0.565 21.806 836.495
  58 0.575 21.894 833.393
  59 0.585 21.75 861.568
  60 0.595 21.514 843.502
  61 0.605 20.696 863.159
  62 0.615 20.328 829.25
  63 0.625 19.86 805.122
  64 0.635 20.44 797.473
  65 0.645 21.358 781.636
  66 0.655 21.952 791.805
  67 0.665 21.932 794.987
  68 0.675 21.734 761.71
  69 0.685 21.636 746.368
  70 0.695 21.638 727.704
  71 0.705 21.416 743.324
  72 0.715 21.314 737.282
  73 0.725 20.376 738.912
  74 0.735 19.688 767.502
  75 0.745 19.226 782.984
  76 0.755 19.938 797.278
  77 0.765 21.022 768.404
  78 0.775 21.48 703.643
  79 0.785 21.464 775.191
  80 0.795 21.506 740.294
  81 0.805 21.81 695.384
  82 0.815 21.858 670.183
  83 0.825 21.966 647.439
  84 0.835 21.858 644.093
  85 0.845 21.654 664.595
  86 0.855 20.638 694.183
  87 0.865 19.056 674.615
  88 0.875 19.648 649.522
  89 0.885 21.36 643.478
  90 0.895 21.81 641.184
  91 0.905 21.978 669.165
  92 0.915 21.966 688.923
  93 0.925 21.87 672.775
  94 0.935 21.788 635.175
  95 0.945 21.306 662.58
  96 0.955 21.634 624.513
  97 0.965 21.438 618.377
  98 0.975 21.214 582.757
  99 0.985 19.942 589.837
  100 0.995 19.196 604.692
245000 100 2112
  1 0.005 19.722 583.601
  2 0.015 20.808 569.22
  3 0.025 21.36 561.516
  4 0.035 21.354 606.11
  5 0.045 21.462 602.416
  6 0.055 21.742 590.2
  7 0.065 21.668 590.862
  8 0.075 21.9 604.462
  9 0.085 21.95 631.818
  10 0.095 21.946 633.557
  11 0.105 21.586 644.036
  12 0.115 20.706 627.511
  13 0.125 20.042 607.752
  14 0.135 20.232 614.865
  15 0.145 20.434 626.033
  16 0.155 21.29 624.28
  17 0.165 21.802 657.63
  18 0.175 21.892 673.948
  19 0.185 21.906 640.951
  20 0.195 21.754 664.371
  21 0.205 21.664 666.102
  22 0.215 21.65 689.617
  23 0.225 21.292 727.305
  24 0.235 20.972 769.705
  25 0.245 20.3 724.24
  26 0.255 19.69 719.558
  27 0.265 19.446 748.233
  28 0.275 20.078 729.616
  29 0.285 21.14 760.29
  30 0.295 21.358 749.446
  31 0.305 21.476 712.85
  32 0.315 21.636 755.981
  33 0.325 21.8 751.471
  34 0.335 21.912 756.089
  35 0.345 21.97 802.445
  36 0.355 21.796 817.258
  37 0.365 21.05 801.475
  38 0.375 19.508 810.623
  39 0.385 19.404 788.21
  40 0.395 20.614 761.651
  41 0.405 21.7 767.423
  42 0.415 21.94 791.912
  43 0.425 21.898 827.092
  44 0.435 21.866 858.659
  45 0.445 21.664 861.515
  46 0.455 21.428 877.274
  47 0.465 21.404 877.474
  48 0.475 21.08 882.645
  49 0.485 19.962 872.414
  50 0.495 19.196 902.17
  51 0.505 19.456 911.656
  52 0.515 20.65 927.796
  53 0.525 21.066 867.722
  54 0.535 21.298 842.543
  55 0.545 21.602 823.861
  56 0.555 21.706 783.019
  57 0.565 21.838 758.631
  58 0.575 21.908 818.998
  59 0.585 21.79 828.023
  60 0.595 21.226 830.459
  61 0.605 20.304 836.841
  62 0.615 19.874 818.481
  63 0.625 20.142 832.437
  64 0.635 21.02 782.742
  65 0.645 21.68 775.468
  66 0.655 21.906 747.142
  67 0.665 21.858 747.528
  68 0.675 21.852 777.486
  69 0.685 21.618 790.296
  70 0.695 21.548 793.664
  71 0.705 21.418 792.681
  72 0.715 21.018 792.778
  73 0.725 20.29 731.658
  74 0.735 19.784 714.447
  75 0.745 19.388 693.678
  76 0.755 19.98 742.522
  77 0.765 21.084 698.435
  78 0.775 21.584 665.575
  79 0.785 21.4 666.417
  80 0.795 21.65 662.396
  81 0.805 21.724 669.227
  82 0.815 21.842 672.398
  83 0.825 22.004 679.091
  84 0.835 21.932 667.059
  85 0.845 21.68 677.508
  86 0.855 20.91 671.901
  87 0.865 19.354 658.289
  88 0.875 19.49 682.008
  89 0.885 21.068 690.104
  90 0.895 21.568 692.104
  91 0.905 21.998 663.312
  92 0.915 21.92 688.852
  93 0.925 21.902 678.367
  94 0.935 21.724 654.718
  95 0.945 21.506 683.227
  96 0.955 21.472 654.29
  97 0.965 21.408 684.288
  98 0.975 21.18 633.97
  99 0.985 20.17 619.5
  100 0.995 18.76 598.56
250000 100 2111.9999999999995
  1 0.005 19.602 619.486
  2 0.015 20.188 615.363
  3 0.025 20.976 632.726
  4 0.035 21.324 611.392
  5 0.045 21.54 600.775
  6 0.055 21.552 612.799
  7 0.065 21.726 634.513
  8 0.075 21.84 642.522
  9 0.085 21.888 655.009
  10 0.095 21.88 609.044
  11 0.105 21.68 586.422
  12 0.115 20.914 624.387
  13 0.125 20.1 617.786
  14 0.135 20.108 616.341
  15 0.145 20.408 635.47
  16 0.155 21.112 602.131
  17 0.165 21.84 616.241
  18 0.175 21.942 623.474
  19 0.185 21.894 689.418
  20 0.195 21.778 709.034
  21 0.205 21.54 736.475
  22 0.215 21.52 725.18
  23 0.225 21.42 709.085
  24 0.235 21.17 693.229
  25 0.245 20.28 692.329
  26 0.255 19.326 698.021
  27 0.265 19.318 720.67
  28 0.275 20.232 729.293
  29 0.285 21.318 757.222
  30 0.295 21.336 769.668
  31 0.305 21.684 787.262
  32 0.315 21.438 805.56
  33 0.325 21.882 791.906
  34 0.335 21.894 763.822
  35 0.345 22.004 773.133
  36 0.355 21.65 757.817
  37 0.365 21.272 744.505
  38 0.375 19.6 795.693
  39 0.385 19.244 761.561
  40 0.395 20.588 768.932
  41 0.405 21.692 762.393
  42 0.415 21.954 816.279
  43 0.425 21.88 811.234
  44 0.435 21.972 878.873
  45 0.445 21.452 895.857
  46 0.455 21.522 868.866
  47 0.465 21.404 881.245
  48 0.475 21.06 897.192
  49 0.485 20.222 903.956
  50 0.495 19.004 920.663
  51 0.505 19.436 857.838
  52 0.515 20.48 901.415
  53 0.525 21.262 848.664
  54 0.535 21.352 835.979
  55 0.545 21.618 798.501
  56 0.555 21.62 830.539
  57 0.565 21.806 804.95
  58 0.575 21.92 817.32
  59 0.585 21.746 802.893
  60 0.595 21.404 803.33
  61 0.605 20.196 833.825
  62 0.615 19.922 843.8
  63 0.625 20.184 777.29
  64 0.635 21.046 770.003
  65 0.645 21.546 785.976
  66 0.655 21.914 762.148
  67 0.665 21.906 781.625
  68 0.675 21.74 742.564
  69 0.685 21.652 789.928
  70 0.695 21.496 810.984
  71 0.705 21.474 780.235
  72 0.715 21.07 746.994
  73 0.725 20.118 765.696
  74 0.735 19.326 775.49
  75 0.745 19.52 793.339
  76 0.755 20.384 741.76
  77 0.765 21.064 780.775
  78 0.775 21.476 771.875
  79 0.785 21.476 718.853
  80 0.795 21.538 682.03
  81 0.805 21.906 626.068
  82 0.815 21.92 710.009
  83 0.825 21.94 694.831
  84 0.835 21.944 647.126
  85 0.845 21.488 686.84
  86 0.855 20.562 670.347
  87 0.865 19.318 678.529
  88 0.875 19.644 639.442
  89 0.885 21.344 650.387
  90 0.895 21.726 642.412
  91 0.905 21.996 642.605
  92 0.915 21.986 641.507
  93 0.925 21.908 606.556
  94 0.935 21.774 574.505
  95 0.945 21.598 584.17
  96 0.955 21.49 622.938
  97 0.965 21.484 651.212
  98 0.975 21.236 650.115
  99 0.985 20.584 636.294
  100 0.995 19.29 630.385
255000 100 2112
  1 0.005 19.54 569.374
  2 0.015 20.678 592.53
  3 0.025 21.246 608.113
  4 0.035 21.418 620.716
  5 0.045 21.392 622.711
  6 0.055 21.72 631.687
  7 0.065 21.718 661.093
  8 0.075 21.948 634.997
  9 0.085 21.904 662.279
  10 0.095 21.932 635.481
  11 0.105 21.498 662.589
  12 0.115 20.558 622.364
  13 0.125 20.022 608.886
  14 0.135 19.736 600.217
  15 0.145 20.738 618.585
  16 0.155 21.574 651.603
  17 0.165 21.946 640.574
  18 0.175 21.946 648.803
  19 0.185 21.912 630.574
  20 0.195 21.792 682.573
  21 0.205 21.608 711.606
  22 0.215 21.432 750.62
  23 0.225 21.49 697.261
  24 0.235 21.174 712.554
  25 0.245 20.406 709.036
  26 0.255 19.264 726.84
  27 0.265 19.078 738.227
  28 0.275 20.34 736.439
  29 0.285 21.398 776.063
  30 0.295 21.406 723.545
  31 0.305 21.426 745.31
  32 0.315 21.564 735.773
  33 0.325 21.788 773.78
  34 0.335 21.996 739.862
  35 0.345 21.926 769.807
  36 0.355 21.866 776.17
  37 0.365 21.068 773.65
  38 0.375 19.714 814.109
  39 0.385 19.224 780.035
  40 0.395 20.508 763.746
  41 0.405 21.758 777.892
  42 0.415 21.896 799.737
  43 0.425 21.958 797.757
  44 0.435 21.902 821.853
  45 0.445 21.576 822.191
  46 0.455 21.564 861.453
  47 0.465 21.364 896.997
  48 0.475 21.338 880.133
  49 0.485 20.428 848.965
  50 0.495 19.182 820.426
  51 0.505 19.162 863.854
  52 0.515 20.35 846.977
  53 0.525 21.07 843.863
  54 0.535 21.376 806.521
  55 0.545 21.456 831.504
  56 0.555 21.59 804.742
  57 0.565 21.836 854.515
  58 0.575 21.89 885.971
  59 0.585 21.898 896.898
  60 0.595 21.426 859.073
  61 0.605 20.636 872.038
  62 0.615 19.812 846.476
  63 0.625 19.842 843.265
  64 0.635 20.744 843.577
  65 0.645 21.682 822.585
  66 0.655 21.856 811.33
  67 0.665 21.958 797.345
  68 0.675 21.762 809.928
  69 0.685 21.618 800.244
  70 0.695 21.53 817.487
  71 0.705 21.37 794.119
  72 0.715 21.218 790.764
  73 0.725 20.176 779.201
  74 0.735 19.342 725.856
  75 0.745 19.548 737.067
  76 0.755 20.098 786.748
  77 0.765 21.232 706.484
  78 0.775 21.438 714.684
  79 0.785 21.416 686.511
  80 0.795 21.62 688.491
  81 0.805 21.816 686.552
  82 0.815 21.946 682.294
  83 0.825 21.974 693.805
  84 0.835 21.94 661.255
  85 0.845 21.604 679.302
  86 0.855 20.684 656.999
  87 0.865 19.2 650.386
  88 0.875 19.588 638.567
  89 0.885 21.152 626.782
  90 0.895 21.878 663.096
  91 0.905 21.948 658.248
  92 0.915 21.99 637.455
  93 0.925 21.808 641.606
  94 0.935 21.836 612.549
  95 0.945 21.462 616.001
  96 0.955 21.468 612.613
  97 0.965 21.464 607.029
  98 0.975 21.302 631.003
  99 0.985 20.096 576.995
  100 0.995 19.032 571.619
260000 100 2112
  1 0.005 19.774 577.135
  2 0.015 20.926 563.455
  3 0.025 21.376 563.391
  4 0.035 21.376 586.37
  5 0.045 21.418 597.587
  6 0.055 21.658 620.779
  7 0.065 21.76 655.469
  8 0.075 21.904 640.568
  9 0.085 21.964 647.371
  10 0.095 21.906 652.461
  11 0.105 21.464 668.34
  12 0.115 20.444 644.725
  13 0.125 19.93 648.819
  14 0.135 19.876 657.327
  15 0.145 20.794 642.508
  16 0.155 21.62 638.327
  17 0.165 21.984 626.505
  18 0.175 21.926 702.348
  19 0.185 21.88 702.267
  20 0.195 21.68 694.005
  21 0.205 21.604 699.735
  22 0.215 21.45 719.101
  23 0.225 21.44 706.09
  24 0.235 20.998 697.62
  25 0.245 19.774 756.549
  26 0.255 19.128 739.241
  27 0.265 19.632 688.005
  28 0.275 20.69 684.965
  29 0.285 21.468 696.742
  30 0.295 21.47 714.472
  31 0.305 21.382 736.283
  32 0.315 21.72 726.475
  33 0.325 21.838 739.101
  34 0.335 21.95 773.082
  35 0.345 21.902 758.616
  36 0.355 21.764 747.033
  37 0.365 21.062 753.255
  38 0.375 19.9 732.473
  39 0.385 19.532 766.458
  40 0.395 20.372 757.446
  41 0.405 21.5 779.217
  42 0.415 21.938 776.963
  43 0.425 21.952 810.917
  44 0.435 21.892 806.923
  45 0.445 21.62 871.122
  46 0.455 21.57 846.729
  47 0.465 21.462 899.33
  48 0.475 21.4 882.164
  49 0.485 20.424 889.966
  50 0.495 19.388 891.218
  51 0.505 19.39 880.354
  52 0.515 20.14 836.01
  53 0.525 20.79 828.577
  54 0.535 21.382 813.045
  55 0.545 21.392 798.537
  56 0.555 21.558 820.16
  57 0.565 21.856 842.605
  58 0.575 21.824 854.092
  59 0.585 21.81 867.78
  60 0.595 21.838 852.581
  61 0.605 20.782 821.047
  62 0.615 20.152 809.268
  63 0.625 19.716 820.488
  64 0.635 20.284 858.918
  65 0.645 21.446 853.161
  66 0.655 21.9 848.025
  67 0.665 21.926 848.241
  68 0.675 21.818 833.251
  69 0.685 21.69 814.562
  70 0.695 21.468 835.432
  71 0.705 21.464 799.823
  72 0.715 21.158 777.01
  73 0.725 20.502 754.757
  74 0.735 19.474 763.072
  75 0.745 19.296 748.284
  76 0.755 20.04 717.907
  77 0.765 21.122 692.016
  78 0.775 21.39 702.797
  79 0.785 21.49 705.466
  80 0.795 21.556 701.915
  81 0.805 21.754 694.745
  82 0.815 21.888 672.31
  83 0.825 22 679.34
  84 0.835 21.956 746.242
  85 0.845 21.474 738.959
  86 0.855 20.44 733.156
  87 0.865 19.31 702.422
  88 0.875 19.936 663.269
  89 0.885 21.106 645.703
  90 0.895 21.852 668.229
  91 0.905 21.882 679.404
  92 0.915 22 624.538
  93 0.925 21.714 630.614
  94 0.935 21.878 608.639
  95 0.945 21.39 586.538
  96 0.955 21.548 587.574
  97 0.965 21.544 610.926
  98 0.975 21.204 593.544
  99 0.985 19.736 580.116
  100 0.995 18.852 576.99
265000 100 2112
  1 0.005 19.878 529.216
  2 0.015 20.97 544.259
  3 0.025 21.274 542.552
  4 0.035 21.278 544.862
  5 0.045 21.56 565.873
  6 0.055 21.604 586.059
  7 0.065 21.684 597.726
  8 0.075 21.916 665.69
  9 0.085 21.96 626.097
  10 0.095 21.936 649.79
  11 0.105 21.636 647.53
  12 0.115 20.468 670.709
  13 0.125 20.03 645.574
  14 0.135 19.856 647.356
  15 0.145 20.648 652.751
  16 0.155 21.568 635.042
  17 0.165 21.876 651.463
  18 0.175 21.96 658.352
  19 0.185 21.838 673.473
  20 0.195 21.764 668.802
  21 0.205 21.646 703.924
  22 0.215 21.396 726.186
  23 0.225 21.478 720.258
  24 0.235 21.202 698.084
  25 0.245 20.144 689.813
  26 0.255 19.148 712.54
  27 0.265 19.458 720.073
  28 0.275 20.316 725.987
  29 0.285 21.46 719.077
  30 0.295 21.434 752.16
  31 0.305 21.41 789.516
  32 0.315 21.638 763.855
  33 0.325 21.79 774.926
  34 0.335 21.932 761.418
  35 0.345 21.928 716.613
  36 0.355 21.804 752.752
  37 0.365 21.186 767.016
  38 0.375 19.974 755.964
  39 0.385 19.756 776.059
  40 0.395 20.164 786.431
  41 0.405 21.288 772.651
  42 0.415 21.85 792.536
  43 0.425 21.958 806.888
  44 0.435 21.852 838.576
  45 0.445 21.744 889.945
  46 0.455 21.484 844.574
  47 0.465 21.4 841.283
  48 0.475 21.404 864.378
  49 0.485 20.456 849.466
  50 0.495 19.256 884.567
  51 0.505 19.218 923.263
  52 0.515 20.19 893.765
  53 0.525 20.992 919.19
  54 0.535 21.246 918.787
  55 0.545 21.516 825.287
  56 0.555 21.622 796.418
  57 0.565 21.822 764.805
  58 0.575 21.91 783.036
  59 0.585 21.862 806.032
  60 0.595 21.742 771.795
  61 0.605 20.73 787.968
  62 0.615 20.206 793.959
  63 0.625 19.63 849.11
  64 0.635 20.248 867.867
  65 0.645 21.662 845.274
  66 0.655 21.822 841.602
  67 0.665 21.946 855.222
  68 0.675 21.69 855.187
  69 0.685 21.734 855.842
  70 0.695 21.52 803.818
  71 0.705 21.344 833.897
  72 0.715 21.154 791.714
  73 0.725 20.23 819.017
  74 0.735 19.488 752.073
  75 0.745 19.092 778.404
  76 0.755 20.312 769.986
  77 0.765 21.31 762.477
  78 0.775 21.374 747.027
  79 0.785 21.536 723.82
  80 0.795 21.528 719.073
  81 0.805 21.872 699.367
  82 0.815 21.926 731.722
  83 0.825 21.952 717.068
  84 0.835 21.794 689.193
  85 0.845 21.158 709.51
  86 0.855 20.096 642.273
  87 0.865 19.686 629.292
  88 0.875 20.322 615.285
  89 0.885 21.254 592.716
  90 0.895 21.754 617.719
  91 0.905 21.956 652.474
  92 0.915 21.964 658.477
  93 0.925 21.864 659.176
  94 0.935 21.642 631.629
  95 0.945 21.424 611.31
  96 0.955 21.604 625.862
  97 0.965 21.544 609.476
  98 0.975 21.186 615.205
  99 0.985 19.89 583.357
  100 0.995 18.776 565.204
270000 100 2112
  1 0.005 19.798 549.205
  2 0.015 20.686 583.125
  3 0.025 21.282 569.098
  4 0.035 21.354 600.34
  5 0.045 21.602 594.688
  6 0.055 21.528 664.482
  7 0.065 21.732 651.983
  8 0.075 21.932 649.013
  9 0.085 21.962 600.068
  10 0.095 21.928 568.506
  11 0.105 21.768 551.709
  12 0.115 21.058 608.898
  13 0.125 20 643.628
  14 0.135 19.55 650.049
  15 0.145 20.408 642.831
  16 0.155 21.376 641.587
  17 0.165 21.896 641.458
  18 0.175 21.96 681.462
  19 0.185 21.848 664.945
  20 0.195 21.944 667.386
  21 0.205 21.54 679.542
  22 0.215 21.544 672.814
  23 0.225 21.458 686.903
  24 0.235 21.314 729.408
  25 0.245 20.348 739.781
  26 0.255 19.586 692.237
  27 0.265 19.218 732.991
  28 0.275 19.916 728.095
  29 0.285 21.186 736.129
  30 0.295 21.468 732.968
  31 0.305 21.396 732.242
  32 0.315 21.652 752.64
  33 0.325 21.732 746.466
  34 0.335 21.932 786.384
  35 0.345 21.934 790.796
  36 0.355 21.86 828.037
  37 0.365 21.234 812.894
  38 0.375 19.846 791.326
  39 0.385 19.216 815.334
  40 0.395 20.586 815.967
  41 0.405 21.388 810.374
  42 0.415 21.886 804.775
  43 0.425 21.924 802.251
  44 0.435 21.864 836.586
  45 0.445 21.694 865.265
  46 0.455 21.422 842.867
  47 0.465 21.582 876.444
  48 0.475 21.156 874.004
  49 0.485 20.444 874.637
  50 0.495 19.114 911.134
  51 0.505 19.132 899.527
  52 0.515 20.416 880.049
  53 0.525 21.08 868.757
  54 0.535 21.316 867.085
  55 0.545 21.5 830.644
  56 0.555 21.71 809.564
  57 0.565 21.764 813.802
  58 0.575 21.92 801.079
  59 0.585 21.966 783.895
  60 0.595 21.538 822.149
  61 0.605 20.56 836.036
  62 0.615 19.768 830.46
  63 0.625 19.758 869.319
  64 0.635 20.812 855.489
  65 0.645 21.646 853.732
  66 0.655 21.894 831.274
  67 0.665 21.886 819.255
  68 0.675 21.76 822.814
  69 0.685 21.572 822.468
  70 0.695 21.548 792.531
  71 0.705 21.32 793.306
  72 0.715 21.116 772.038
  73 0.725 20.092 772.038
  74 0.735 19.244 782.428
  75 0.745 19.39 769.501
  76 0.755 20.478 769.404
  77 0.765 21.288 761.966
  78 0.775 21.492 735.518
  79 0.785 21.492 769.87
  80 0.795 21.562 752.958
  81 0.805 21.886 742.003
  82 0.815 21.91 695.272
  83 0.825 21.968 698.418
  84 0.835 21.894 688.975
  85 0.845 21.384 668.553
  86 0.855 20.248 661.274
  87 0.865 19.28 666.515
  88 0.875 20.106 621.937
  89 0.885 21.348 612.522
  90 0.895 21.806 596.867
  91 0.905 21.936 625.388
  92 0.915 21.918 642.981
  93 0.925 21.912 631.412
  94 0.935 21.698 594.702
  95 0.945 21.424 580.907
  96 0.955 21.526 580.785
  97 0.965 21.612 589.672
  98 0.975 21.226 582.066
  99 0.985 20.028 574.315
  100 0.995 18.818 542.214
275000 100 2112
  1 0.005 19.664 523.334
  2 0.015 20.516 585.367
  3 0.025 21.21 580.778
  4 0.035 21.416 611.367
  5 0.045 21.422 608.388
  6 0.055 21.692 585.602
  7 0.065 21.664 601.546
  8 0.075 21.84 611.777
  9 0.085 21.94 597.189
  10 0.095 21.99 625.26
  11 0.105 21.698 632.676
  12 0.115 21.062 623.408
  13 0.125 20.19 605.847
  14 0.135 19.692 614.811
  15 0.145 20.162 619.287
  16 0.155 21.298 616.079
  17 0.165 21.894 608.088
  18 0.175 21.984 595.679
  19 0.185 21.926 624.773
  20 0.195 21.794 655.936
  21 0.205 21.56 665.829
  22 0.215 21.558 687.269
  23 0.225 21.47 704.247
  24 0.235 21.254 693.242
  25 0.245 20.54 746.959
  26 0.255 19.34 749.374
  27 0.265 19.188 735.647
  28 0.275 20.236 748.497
  29 0.285 21.054 775.732
  30 0.295 21.406 808.1
  31 0.305 21.564 769.407
  32 0.315 21.58 793.239
  33 0.325 21.67 755.297
  34 0.335 21.92 796.095
  35 0.345 21.88 798.358
  36 0.355 21.908 785.112
  37 0.365 21.216 765.905
  38 0.375 19.804 817.048
  39 0.385 19.496 834.402
  40 0.395 20.434 815.369
  41 0.405 21.316 821.998
  42 0.415 21.91 815.551
  43 0.425 21.906 869.534
  44 0.435 21.892 828.615
  45 0.445 21.642 851.023
  46 0.455 21.512 824.76
  47 0.465 21.546 840.424
  48 0.475 21.18 920.337
  49 0.485 20.27 898.704
  50 0.495 19.212 871.924
  51 0.505 19.072 942.938
  52 0.515 20.35 922.338
  53 0.525 21.17 875.556
  54 0.535 21.362 882.514
  55 0.545 21.562 895.341
  56 0.555 21.54 959.464
  57 0.565 21.886 881.091
  58 0.575 21.886 885.747
  59 0.585 21.748 853.52
  60 0.595 21.338 834.827
  61 0.605 20.25 805.927
  62 0.615 19.566 811.026
  63 0.625 20.262 764.879
  64 0.635 21.114 799.602
  65 0.645 21.748 762.876
  66 0.655 21.932 798.677
  67 0.665 21.944 821.454
  68 0.675 21.698 756.855
  69 0.685 21.648 764.864
  70 0.695 21.484 765.233
  71 0.705 21.34 724.538
  72 0.715 21.162 745.92
  73 0.725 20.172 765.528
  74 0.735 19.242 753.894
  75 0.745 19.402 725.392
  76 0.755 20.474 695.382
  77 0.765 21.228 690.838
  78 0.775 21.5 681.764
  79 0.785 21.482 739.759
  80 0.795 21.552 731.398
  81 0.805 21.842 720.783
  82 0.815 21.936 703.659
  83 0.825 21.898 716.021
  84 0.835 21.768 716.413
  85 0.845 21.33 706.612
  86 0.855 20.258 697.816
  87 0.865 19.664 676.742
  88 0.875 19.902 665.717
  89 0.885 21.276 651.879
  90 0.895 21.864 626.944
  91 0.905 21.966 629.417
  92 0.915 21.988 657.332
  93 0.925 21.854 636.861
  94 0.935 21.764 612.985
  95 0.945 21.378 628.783
  96 0.955 21.522 625.485
  97 0.965 21.572 607.846
  98 0.975 21.352 567.584
  99 0.985 20.11 584.031
  100 0.995 19.124 578.973
280000 100 2112
  1 0.005 19.392 576.833
  2 0.015 20.702 548.619
  3 0.025 21.374 568.412
  4 0.035 21.448 608.609
  5 0.045 21.502 598.798
  6 0.055 21.606 593.391
  7 0.065 21.724 596.947
  8 0.075 21.906 602.709
  9 0.085 21.982 618.314
  10 0.095 21.85 641.17
  11 0.105 21.272 640.889
  12 0.115 20.778 640.679
  13 0.125 20.106 659.251
  14 0.135 20.116 657.037
  15 0.145 20.664 666.536
  16 0.155 21.452 617.565
  17 0.165 21.772 617.517
  18 0.175 21.916 627.568
  19 0.185 21.84 633.167
  20 0.195 21.804 658.914
  21 0.205 21.64 632.495
  22 0.215 21.472 670.49
  23 0.225 21.32 671.007
  24 0.235 21.004 689.527
  25 0.245 20.402 692.421
  26 0.255 19.606 716.683
  27 0.265 19.538 740.3
  28 0.275 20.304 730.897
  29 0.285 21.098 760.786
  30 0.295 21.4 763.199
  31 0.305 21.364 776.342
  32 0.315 21.64 723.123
  33 0.325 21.752 762.847
  34 0.335 21.89 788.576
  35 0.345 21.95 833.984
  36 0.355 21.59 864.289
  37 0.365 20.984 869.401
  38 0.375 20.044 833.007
  39 0.385 19.616 792.034
  40 0.395 20.484 781.944
  41 0.405 21.434 843.714
  42 0.415 21.908 842.566
  43 0.425 21.894 854.089
  44 0.435 21.796 875.997
  45 0.445 21.732 848.793
  46 0.455 21.45 856.488
  47 0.465 21.41 846.005
  48 0.475 21.318 827.327
  49 0.485 20.318 892.469
  50 0.495 19.092 862.443
  51 0.505 19.266 891.565
  52 0.515 20.146 939.798
  53 0.525 21.23 898.917
  54 0.535 21.478 892.643
  55 0.545 21.542 868.374
  56 0.555 21.536 899.307
  57 0.565 21.908 872.699
  58 0.575 21.894 818.77
  59 0.585 21.882 808.019
  60 0.595 21.338 852.246
  61 0.605 20.688 832.068
  62 0.615 20.046 832.887
  63 0.625 19.624 816.243
  64 0.635 20.792 801.882
  65 0.645 21.576 816.112
  66 0.655 22.02 765.503
  67 0.665 21.828 802.648
  68 0.675 21.824 740.474
  69 0.685 21.654 739.927
  70 0.695 21.602 711.945
  71 0.705 21.368 744.506
  72 0.715 21.17 753.678
  73 0.725 20.648 740
  74 0.735 19.718 755.95
  75 0.745 19.556 769.383
  76 0.755 19.88 758.488
  77 0.765 20.858 743.097
  78 0.775 21.282 734.862
  79 0.785 21.566 738.513
  80 0.795 21.558 740.567
  81 0.805 21.656 709.123
  82 0.815 21.838 712.826
  83 0.825 21.92 711.038
  84 0.835 21.72 717.163
  85 0.845 21.41 703.175
  86 0.855 20.718 680.3
  87 0.865 19.796 675.996
  88 0.875 19.866 640.284
  89 0.885 21 641.028
  90 0.895 21.624 606.824
  91 0.905 21.942 629.806
  92 0.915 21.968 592.334
  93 0.925 21.882 629.93
  94 0.935 21.738 605.596
  95 0.945 21.586 636.32
  96 0.955 21.386 637.429
  97 0.965 21.564 635.121
  98 0.975 21.38 611.281
  99 0.985 20.034 574.38
  100 0.995 18.838 566.593
285000 100 2112.0000000000005
  1 0.005 19.436 546.743
  2 0.015 20.48 530.194
  3 0.025 21.384 554.928
  4 0.035 21.57 559.908
  5 0.045 21.452 549.642
  6 0.055 21.578 576.997
  7 0.065 21.808 603.361
  8 0.075 21.828 623.391
  9 0.085 21.956 642.684
  10 0.095 21.872 652.529
  11 0.105 21.542 645.818
  12 0.115 20.672 641.372
  13 0.125 20.098 636.631
  14 0.135 20.03 641.646
  15 0.145 20.604 660.917
  16 0.155 21.34 662.342
  17 0.165 21.874 659.907
  18 0.175 21.902 667.212
  19 0.185 21.802 678.283
  20 0.195 21.684 647.373
  21 0.205 21.712 636.557
  22 0.215 21.372 646.994
  23 0.225 21.478 649.267
  24 0.235 20.922 700.321
  25 0.245 20.194 692.96
  26 0.255 19.502 710.766
  27 0.265 19.796 718.928
  28 0.275 20.31 720.313
  29 0.285 21.042 741.857
  30 0.295 21.464 767.545
  31 0.305 21.478 778.635
  32 0.315 21.634 795.053
  33 0.325 21.79 807.744
  34 0.335 21.842 797.708
  35 0.345 21.942 834.416
  36 0.355 21.608 832.069
  37 0.365 20.876 841.33
  38 0.375 19.788 858.712
  39 0.385 19.62 793.628
  40 0.395 20.72 806.105
  41 0.405 21.532 847.919
  42 0.415 21.938 862.125
  43 0.425 21.924 832.669
  44 0.435 21.784 797.107
  45 0.445 21.79 819.426
  46 0.455 21.514 877.191
  47 0.465 21.402 915.898
  48 0.475 21.346 903.142
  49 0.485 20.468 897.577
  50 0.495 19.318 859.931
  51 0.505 19.214 857.198
  52 0.515 20.104 853.968
  53 0.525 21.086 821.103
  54 0.535 21.404 829.692
  55 0.545 21.5 827.986
  56 0.555 21.554 823.121
  57 0.565 21.768 814.901
  58 0.575 21.872 872.79
  59 0.585 21.82 913.987
  60 0.595 21.574 853.076
  61 0.605 20.68 858.199
  62 0.615 20.15 882.162
  63 0.625 19.844 909.574
  64 0.635 20.354 843.179
  65 0.645 21.644 822.902
  66 0.655 21.834 809.255
  67 0.665 21.916 805.983
  68 0.675 21.772 800.22
  69 0.685 21.652 765.362
  70 0.695 21.59 736.57
  71 0.705 21.208 761.807
  72 0.715 21.096 737.376
  73 0.725 20.298 761.4
  74 0.735 19.682 760.879
  75 0.745 19.47 744.263
  76 0.755 20.17 693.338
  77 0.765 21.076 684.658
  78 0.775 21.42 695.296
  79 0.785 21.564 704.831
  80 0.795 21.666 709.956
  81 0.805 21.604 720.045
  82 0.815 21.918 704.211
  83 0.825 21.94 719.516
  84 0.835 21.802 696.66
  85 0.845 21.45 666.823
  86 0.855 20.574 662.079
  87 0.865 19.526 672.213
  88 0.875 19.904 677.029
  89 0.885 21.074 642.363
  90 0.895 21.7 651.753
  91 0.905 21.982 653.445
  92 0.915 21.944 634.739
  93 0.925 21.942 628.643
  94 0.935 21.696 606.095
  95 0.945 21.478 665.101
  96 0.955 21.524 627.496
  97 0.965 21.55 600.902
  98 0.975 21.402 592.389
  99 0.985 20.056 577.201
  100 0.995 18.934 568.724
290000 100 2112
  1 0.005 19.376 562.836
  2 0.015 20.524 550.244
  3 0.025 21.332 566.558
  4 0.035 21.596 601.331
  5 0.045 21.428 575.345
  6 0.055 21.636 565.559
  7 0.065 21.7 564.075
  8 0.075 21.906 609.571
  9 0.085 21.956 639.841
  10 0.095 21.822 669.076
  11 0.105 21.476 677.878
  12 0.115 21.052 681.742
  13 0.125 20.316 643.349
  14 0.135 19.858 640.063
  15 0.145 20.396 655.524
  16 0.155 21.268 633.527
  17 0.165 21.812 662.045
  18 0.175 21.934 661.53
  19 0.185 21.876 674.238
  20 0.195 21.722 686.419
  21 0.205 21.612 665.222
  22 0.215 21.592 683.34
  23 0.225 21.194 677.257
  24 0.235 21.016 711.543
  25 0.245 20.454 707.159
  26 0.255 19.666 744.056
  27 0.265 19.584 723.232
  28 0.275 20.19 733.272
  29 0.285 21.042 705.107
  30 0.295 21.318 744.286
  31 0.305 21.524 727.947
  32 0.315 21.65 717.183
  33 0.325 21.752 733.09
  34 0.335 21.906 793.566
  35 0.345 21.934 808.936
  36 0.355 21.792 784.257
  37 0.365 21.15 798.103
  38 0.375 20.116 806.988
  39 0.385 19.138 864.699
  40 0.395 20.392 794.408
  41 0.405 21.55 822.79
  42 0.415 21.848 825.831
  43 0.425 21.986 816.27
  44 0.435 21.826 800.429
  45 0.445 21.656 866.548
  46 0.455 21.47 870.126
  47 0.465 21.408 873.647
  48 0.475 21.286 838.428
  49 0.485 20.492 850.265
  50 0.495 19.218 833.207
  51 0.505 19.28 895.076
  52 0.515 20.066 940.934
  53 0.525 20.978 902.664
  54 0.535 21.528 890.691
  55 0.545 21.414 882.225
  56 0.555 21.73 865.633
  57 0.565 21.808 820.926
  58 0.575 21.828 849.77
  59 0.585 21.764 868.823
  60 0.595 21.122 833.255
  61 0.605 20.846 826.229
  62 0.615 20.138 786.546
  63 0.625 20.054 840.68
  64 0.635 20.772 880.422
  65 0.645 21.454 875.22
  66 0.655 21.848 798.377
  67 0.665 21.944 732.189
  68 0.675 21.768 765.471
  69 0.685 21.53 777.421
  70 0.695 21.542 848.553
  71 0.705 21.354 814.018
  72 0.715 20.992 809.526
  73 0.725 20.324 801.66
  74 0.735 19.298 752.554
  75 0.745 19.658 737.899
  76 0.755 20.43 714.646
  77 0.765 21.054 687.058
  78 0.775 21.396 710.49
  79 0.785 21.526 664.445
  80 0.795 21.586 644.166
  81 0.805 21.848 689.114
  82 0.815 21.838 694.66
  83 0.825 21.95 708.089
  84 0.835 21.782 663.546
  85 0.845 21.384 672.447
  86 0.855 20.746 687.857
  87 0.865 19.456 681.618
  88 0.875 19.634 676.248
  89 0.885 21.19 654.838
  90 0.895 21.858 624.865
  91 0.905 21.964 624.967
  92 0.915 21.972 630.605
  93 0.925 21.818 645.083
  94 0.935 21.778 623.662
  95 0.945 21.514 655.49
  96 0.955 21.366 650.718
  97 0.965 21.576 647.153
  98 0.975 21.19 657.203
  99 0.985 20.056 610.64
  100 0.995 19.3 613.525
295000 100 2112.0000000000005
  1 0.005 19.258 595.634
  2 0.015 20.266 567.634
  3 0.025 21.328 581.865
  4 0.035 21.584 571.908
  5 0.045 21.486 585.087
  6 0.055 21.534 589.026
  7 0.065 21.706 576.268
  8 0.075 21.896 624.253
  9 0.085 21.918 625.831
  10 0.095 21.898 643.437
  11 0.105 21.496 615.919
  12 0.115 21.122 641.03
  13 0.125 20.416 690.466
  14 0.135 20.074 677.199
  15 0.145 20.178 680.624
  16 0.155 21.084 692.552
  17 0.165 21.728 716.989
  18 0.175 22 679.093
  19 0.185 21.856 702.209
  20 0.195 21.748 692.711
  21 0.205 21.702 727.508
  22 0.215 21.528 721.278
  23 0.225 21.292 720.495
  24 0.235 21.016 696.871
  25 0.245 20.378 673.109
  26 0.255 19.948 684.373
  27 0.265 19.522 728.908
  28 0.275 20.174 733.417
  29 0.285 20.676 741.526
  30 0.295 21.468 726.606
  31 0.305 21.554 744.934
  32 0.315 21.538 804.087
  33 0.325 21.782 733.988
  34 0.335 21.836 773.769
  35 0.345 21.954 761.306
  36 0.355 21.82 768.053
  37 0.365 20.948 801.289
  38 0.375 19.976 758.453
  39 0.385 19.572 778.072
  40 0.395 20.174 864.479
  41 0.405 21.678 863.476
  42 0.415 21.842 859.415
  43 0.425 21.928 864.486
  44 0.435 21.76 868.755
  45 0.445 21.808 835.613
  46 0.455 21.408 846.03
  47 0.465 21.434 846.575
  48 0.475 21.222 831.235
  49 0.485 20.35 802.486
  50 0.495 18.994 824.161
  51 0.505 19.316 871.117
  52 0.515 20.214 868.879
  53 0.525 21.316 832.622
  54 0.535 21.42 837.313
  55 0.545 21.612 881.875
  56 0.555 21.542 898.16
  57 0.565 21.772 862.804
  58 0.575 21.914 847.751
  59 0.585 21.744 838.159
  60 0.595 21.364 790.514
  61 0.605 20.232 808.144
  62 0.615 20.138 820.329
  63 0.625 20.21 816.255
  64 0.635 20.826 813.5
  65 0.645 21.596 731.687
  66 0.655 21.896 760.156
  67 0.665 21.898 758.936
  68 0.675 21.64 781.208
  69 0.685 21.634 766.577
  70 0.695 21.556 768.64
  71 0.705 21.338 790.344
  72 0.715 20.65 781.898
  73 0.725 20.064 786.296
  74 0.735 19.72 840.093
  75 0.745 19.924 800.178
  76 0.755 20.336 783.669
  77 0.765 21.042 754.757
  78 0.775 21.388 730.769
  79 0.785 21.472 730.6
  80 0.795 21.694 686.099
  81 0.805 21.842 690.077
  82 0.815 21.854 682.576
  83 0.825 21.93 695.917
  84 0.835 21.862 676.615
  85 0.845 21.4 648.881
  86 0.855 20.55 632.052
  87 0.865 19.596 666.21
  88 0.875 19.93 665.849
  89 0.885 21.004 677.792
  90 0.895 21.698 680.624
  91 0.905 21.982 678.158
  92 0.915 21.964 660.761
  93 0.925 21.866 654.41
  94 0.935 21.586 684.998
  95 0.945 21.722 624.03
  96 0.955 21.36 619.736
  97 0.965 21.584 589.436
  98 0.975 21.358 545.778
  99 0.985 20.362 573.365
  100 0.995 19.224 575.529
300000 100 2112.0000000000005
  1 0.005 19.296 620.342
  2 0.015 20.642 584.073
  3 0.025 21.35 602.009
  4 0.035 21.56 621.496
  5 0.045 21.504 605.742
  6 0.055 21.66 604.123
  7 0.065 21.692 590.756
  8 0.075 21.914 612.173
  9 0.085 21.94 597.819
  10 0.095 21.888 626.415
  11 0.105 21.556 655.361
  12 0.115 20.796 650.895
  13 0.125 20.156 628.311
  14 0.135 19.716 682.069
  15 0.145 20.63 675.602
  16 0.155 21.38 662.804
  17 0.165 21.884 683.249
  18 0.175 21.936 698.035
  19 0.185 21.89 666.555
  20 0.195 21.722 663.049
  21 0.205 21.536 674.663
  22 0.215 21.608 643.009
  23 0.225 21.346 633.82
  24 0.235 21.014 720.164
  25 0.245 20.106 735.512
  26 0.255 19.426 744.53
  27 0.265 19.6 720.677
  28 0.275 20.342 725.315
  29 0.285 21.262 743.719
  30 0.295 21.358 803.06
  31 0.305 21.482 763.429
  32 0.315 21.638 761.046
  33 0.325 21.86 777.391
  34 0.335 21.872 772.177
  35 0.345 21.948 783.416
  36 0.355 21.746 801.718
  37 0.365 21.138 813.901
  38 0.375 19.658 827.591
  39 0.385 19.484 831.406
  40 0.395 20.562 840.19
  41 0.405 21.546 862.452
  42 0.415 21.898 850.513
  43 0.425 21.86 827.068
  44 0.435 21.922 828.868
  45 0.445 21.7 846.403
  46 0.455 21.43 849.864
  47 0.465 21.446 829.617
  48 0.475 21.338 814.627
  49 0.485 20.54 811.112
  50 0.495 19.194 786.235
  51 0.505 18.94 778.705
  52 0.515 20.202 816.673
  53 0.525 21.258 789.1
  54 0.535 21.42 817.751
  55 0.545 21.45 820.256
  56 0.555 21.7 854.145
  57 0.565 21.708 842.843
  58 0.575 21.942 835.906
  59 0.585 21.758 823.992
  60 0.595 21.662 838.791
  61 0.605 20.506 862.539
  62 0.615 20.252 825.514
  63 0.625 19.766 856.321
  64 0.635 20.58 812.986
  65 0.645 21.538 775.589
  66 0.655 21.87 767.811
  67 0.665 21.95 758.355
  68 0.675 21.798 748.509
  69 0.685 21.706 776.467
  70 0.695 21.532 802.614
  71 0.705 21.384 805.421
  72 0.715 21.152 781.998
  73 0.725 20.398 827.574
  74 0.735 19.48 784.196
  75 0.745 19.458 792.157
  76 0.755 20.024 828.669
  77 0.765 21.042 785.272
  78 0.775 21.454 747.428
  79 0.785 21.422 735.585
  80 0.795 21.578 737.873
  81 0.805 21.758 716.558
  82 0.815 21.922 736.928
  83 0.825 21.942 686.266
  84 0.835 21.846 693.207
  85 0.845 21.514 695.952
  86 0.855 20.108 674.126
  87 0.865 19.452 690.53
  88 0.875 19.998 669.22
  89 0.885 21.234 654.107
  90 0.895 21.91 623.006
  91 0.905 21.966 625.414
  92 0.915 21.918 644.13
  93 0.925 21.738 661.881
  94 0.935 21.902 625.599
  95 0.945 21.464 586.111
  96 0.955 21.446 586.846
  97 0.965 21.67 562.55
  98 0.975 21.248 584.534
  99 0.985 20.148 641.192
  100 0.995 18.914 624.278
305000 100 2112
  1 0.005 19.506 591.357
  2 0.015 20.79 584.365
  3 0.025 21.534 583.49
  4 0.035 21.462 622.57
  5 0.045 21.442 614.798
  6 0.055 21.7 601.576
  7 0.065 21.744 626.218
  8 0.075 21.906 632.518
  9 0.085 21.94 658.28
  10 0.095 21.7 689.639
  11 0.105 21.506 634.912
  12 0.115 20.404 655.917
  13 0.125 19.876 666.321
  14 0.135 20.022 661.605
  15 0.145 20.958 660.9
  16 0.155 21.652 639.485
  17 0.165 21.922 646.543
  18 0.175 21.952 646.036
  19 0.185 21.848 631.498
  20 0.195 21.608 678.052
  21 0.205 21.618 651.958
  22 0.215 21.502 695.07
  23 0.225 21.3 717.582
  24 0.235 20.76 730.019
  25 0.245 19.81 738.745
  26 0.255 19.578 756.559
  27 0.265 19.726 762.787
  28 0.275 20.676 735.534
  29 0.285 21.126 723.119
  30 0.295 21.494 779.642
  31 0.305 21.534 766.552
  32 0.315 21.704 779.069
  33 0.325 21.832 779.22
  34 0.335 21.942 752.689
  35 0.345 21.966 720.481
  36 0.355 21.822 689.732
  37 0.365 20.71 755.946
  38 0.375 19.688 771.709
  39 0.385 19.73 787.698
  40 0.395 20.484 796.286
  41 0.405 21.642 817.88
  42 0.415 21.932 838.633
  43 0.425 21.908 825.953
  44 0.435 21.842 826.774
  45 0.445 21.714 870.469
  46 0.455 21.472 837.176
  47 0.465 21.412 876.146
  48 0.475 21.35 816.119
  49 0.485 20.582 820.88
  50 0.495 19.324 854.473
  51 0.505 19.026 857.273
  52 0.515 20.12 869.111
  53 0.525 21.09 843.055
  54 0.535 21.466 856.759
  55 0.545 21.382 815.592
  56 0.555 21.68 815.543
  57 0.565 21.768 855.726
  58 0.575 21.876 835.337
  59 0.585 21.86 785.589
  60 0.595 21.524 785.554
  61 0.605 21.256 770.264
  62 0.615 20.302 779.117
  63 0.625 19.786 775.622
  64 0.635 20.3 788.651
  65 0.645 21.14 801.678
  66 0.655 21.87 805.372
  67 0.665 21.902 753.066
  68 0.675 21.89 753.754
  69 0.685 21.732 736.1
  70 0.695 21.534 768.631
  71 0.705 21.598 789.667
  72 0.715 21.056 850.259
  73 0.725 20.762 864.781
  74 0.735 19.93 832.831
  75 0.745 19.406 825.08
  76 0.755 19.834 782.62
  77 0.765 20.51 817.493
  78 0.775 21.332 747.348
  79 0.785 21.462 753.286
  80 0.795 21.486 745.198
  81 0.805 21.668 739.579
  82 0.815 21.926 733.063
  83 0.825 21.966 726.194
  84 0.835 21.912 720.256
  85 0.845 21.628 726.149
  86 0.855 20.494 748.155
  87 0.865 19.338 683.816
  88 0.875 19.646 666.504
  89 0.885 21.244 627.094
  90 0.895 21.716 647.38
  91 0.905 21.988 602.521
  92 0.915 21.962 590.888
  93 0.925 21.92 605.696
  94 0.935 21.644 646.087
  95 0.945 21.51 622.864
  96 0.955 21.46 594.926
  97 0.965 21.478 609.889
  98 0.975 21.04 634.953
  99 0.985 20.056 648.6
  100 0.995 18.872 597.296
310000 100 2112.0000000000005
  1 0.005 19.046 575.469
  2 0.015 20.644 555.701
  3 0.025 21.506 601.764
  4 0.035 21.538 622.496
  5 0.045 21.3 595.295
  6 0.055 21.814 575.847
  7 0.065 21.7 647.555
  8 0.075 21.866 656.185
  9 0.085 21.988 638.948
  10 0.095 21.918 632.481
  11 0.105 21.522 663.647
  12 0.115 20.478 692.109
  13 0.125 19.728 685.146
  14 0.135 20.046 679.268
  15 0.145 20.742 667.54
  16 0.155 21.61 624.414
  17 0.165 21.924 623.407
  18 0.175 21.972 587.294
  19 0.185 21.924 582.226
  20 0.195 21.678 628.742
  21 0.205 21.576 669.917
  22 0.215 21.504 673.602
  23 0.225 21.412 730.786
  24 0.235 21.12 714.086
  25 0.245 20.046 723.352
  26 0.255 19.566 706.865
  27 0.265 19.552 741.396
  28 0.275 20.16 716.258
  29 0.285 21.22 729.269
  30 0.295 21.356 763.9
  31 0.305 21.638 727.282
  32 0.315 21.578 802.773
  33 0.325 21.822 787.141
  34 0.335 21.912 791.863
  35 0.345 21.936 821.383
  36 0.355 21.726 811.237
  37 0.365 20.858 827.331
  38 0.375 19.556 795.841
  39 0.385 19.736 788.208
  40 0.395 20.346 823.149
  41 0.405 21.826 780.243
  42 0.415 21.948 835.85
  43 0.425 21.96 802.557
  44 0.435 21.874 817.994
  45 0.445 21.67 821.945
  46 0.455 21.52 843.541
  47 0.465 21.424 839.607
  48 0.475 21.292 859.77
  49 0.485 20.57 829.957
  50 0.495 19.458 830.047
  51 0.505 19.016 858.219
  52 0.515 20.032 855.069
  53 0.525 21.014 861.983
  54 0.535 21.55 850.817
  55 0.545 21.378 850.419
  56 0.555 21.67 859.87
  57 0.565 21.734 816.273
  58 0.575 21.902 776.815
  59 0.585 21.88 803.729
  60 0.595 21.67 844.117
  61 0.605 20.91 810.61
  62 0.615 19.906 819.426
  63 0.625 19.556 843.199
  64 0.635 20.544 855.344
  65 0.645 21.598 829.127
  66 0.655 21.87 793.784
  67 0.665 21.94 788.64
  68 0.675 21.782 784.34
  69 0.685 21.656 759.048
  70 0.695 21.558 763.103
  71 0.705 21.36 774.384
  72 0.715 21.186 801.705
  73 0.725 20.282 803.904
  74 0.735 19.468 773.901
  75 0.745 19.592 765.719
  76 0.755 20.152 756.678
  77 0.765 20.99 756.5
  78 0.775 21.356 734.016
  79 0.785 21.536 753.401
  80 0.795 21.532 730.283
  81 0.805 21.75 712.987
  82 0.815 21.944 693.741
  83 0.825 21.954 716.939
  84 0.835 21.898 681.701
  85 0.845 21.534 691.949
  86 0.855 20.468 686.895
  87 0.865 19.39 693.607
  88 0.875 19.812 690.133
  89 0.885 21.104 688.475
  90 0.895 21.842 685.243
  91 0.905 21.958 679.63
  92 0.915 21.962 700.319
  93 0.925 21.84 697.461
  94 0.935 21.728 661.292
  95 0.945 21.62 634.461
  96 0.955 21.412 597.788
  97 0.965 21.532 618.146
  98 0.975 21.494 572.857
  99 0.985 20.29 586.919
  100 0.995 18.742 608.566
315000 100 2112
  1 0.005 19.292 592.83
  2 0.015 20.702 546.837
  3 0.025 21.368 593.616
  4 0.035 21.574 584.314
  5 0.045 21.522 593.764
  6 0.055 21.514 593.652
  7 0.065 21.82 612.697
  8 0.075 21.81 614.425
  9 0.085 21.962 628.949
  10 0.095 21.896 659.542
  11 0.105 21.5 657.653
  12 0.115 21.026 625.452
  13 0.125 20.164 633.307
  14 0.135 20.03 660.356
  15 0.145 20.312 665.391
  16 0.155 21.248 607.738
  17 0.165 21.844 614.034
  18 0.175 21.96 609.873
  19 0.185 21.888 640.106
  20 0.195 21.828 653.415
  21 0.205 21.59 714.546
  22 0.215 21.538 680.528
  23 0.225 21.412 706.03
  24 0.235 21.136 748.342
  25 0.245 20.464 754.732
  26 0.255 19.554 746.547
  27 0.265 19.384 765.586
  28 0.275 20.004 701.161
  29 0.285 21.142 686.111
  30 0.295 21.412 707.826
  31 0.305 21.522 756.174
  32 0.315 21.504 765.375
  33 0.325 21.794 730.966
  34 0.335 21.868 813.83
  35 0.345 21.946 827.795
  36 0.355 21.844 839.127
  37 0.365 21.264 821.47
  38 0.375 19.856 852.19
  39 0.385 19.29 860.97
  40 0.395 20.374 857.574
  41 0.405 21.526 835.202
  42 0.415 21.902 827.924
  43 0.425 21.872 805.779
  44 0.435 21.774 803.127
  45 0.445 21.774 833.97
  46 0.455 21.398 845.599
  47 0.465 21.382 880.684
  48 0.475 21.32 887.605
  49 0.485 20.172 895.215
  50 0.495 19.12 894.657
  51 0.505 19.144 882.289
  52 0.515 20.354 834.109
  53 0.525 21.238 809.5
  54 0.535 21.58 770.803
  55 0.545 21.466 827.539
  56 0.555 21.662 849.831
  57 0.565 21.772 840.92
  58 0.575 21.928 847.049
  59 0.585 21.778 839.376
  60 0.595 21.304 819.178
  61 0.605 20.384 822.413
  62 0.615 19.89 803.727
  63 0.625 20.172 847.384
  64 0.635 20.946 881.762
  65 0.645 21.586 824.545
  66 0.655 21.892 814.2
  67 0.665 21.896 784.575
  68 0.675 21.84 773.969
  69 0.685 21.526 742.675
  70 0.695 21.488 725.912
  71 0.705 21.588 712.431
  72 0.715 21.152 707.642
  73 0.725 20.464 719.95
  74 0.735 19.442 725.637
  75 0.745 19.516 728.752
  76 0.755 20.222 744.524
  77 0.765 20.878 788.523
  78 0.775 21.342 803.638
  79 0.785 21.502 775.242
  80 0.795 21.56 787.713
  81 0.805 21.78 739.418
  82 0.815 21.908 734.069
  83 0.825 21.966 721.029
  84 0.835 21.856 741.992
  85 0.845 21.436 698.78
  86 0.855 20.234 692.457
  87 0.865 19.248 668.04
  88 0.875 20.268 682.232
  89 0.885 21.088 704.157
  90 0.895 21.872 692.289
  91 0.905 21.972 666.428
  92 0.915 21.976 621.133
  93 0.925 21.816 586.062
  94 0.935 21.744 615.131
  95 0.945 21.566 580.944
  96 0.955 21.362 639.382
  97 0.965 21.556 643.494
  98 0.975 21.196 625.887
  99 0.985 20.212 624.149
  100 0.995 19.034 598.41
320000 100 2111.9999999999995
  1 0.005 18.95 560.216
  2 0.015 20.548 544.748
  3 0.025 21.432 562.169
  4 0.035 21.602 588.21
  5 0.045 21.406 610.187
  6 0.055 21.606 606.527
  7 0.065 21.68 547.247
  8 0.075 21.884 604.684
  9 0.085 21.97 616.603
  10 0.095 21.834 641.865
  11 0.105 21.668 648.841
  12 0.115 20.938 647.399
  13 0.125 20.186 684.862
  14 0.135 19.85 693.059
  15 0.145 20.386 670.659
  16 0.155 21.416 679.684
  17 0.165 21.778 688.359
  18 0.175 21.872 640.83
  19 0.185 21.884 641.486
  20 0.195 21.814 664.448
  21 0.205 21.702 652.379
  22 0.215 21.504 688.044
  23 0.225 21.416 716.519
  24 0.235 21.092 718.218
  25 0.245 20.4 782.932
  26 0.255 19.61 806.839
  27 0.265 19.598 792.16
  28 0.275 19.994 760.315
  29 0.285 20.86 783.04
  30 0.295 21.476 741.056
  31 0.305 21.548 759.875
  32 0.315 21.622 784.333
  33 0.325 21.684 797.867
  34 0.335 21.894 781.682
  35 0.345 21.96 753.719
  36 0.355 21.782 752.929
  37 0.365 21.044 831.983
  38 0.375 19.822 831.316
  39 0.385 19.106 824.082
  40 0.395 20.726 853.583
  41 0.405 21.55 877.482
  42 0.415 21.95 908.228
  43 0.425 21.886 843.851
  44 0.435 21.906 811.921
  45 0.445 21.612 821.338
  46 0.455 21.416 832.478
  47 0.465 21.546 792.598
  48 0.475 21.096 855.987
  49 0.485 20.386 841.562
  50 0.495 18.972 885.601
  51 0.505 19.214 856.493
  52 0.515 20.276 869.713
  53 0.525 21.394 870.376
  54 0.535 21.472 833.878
  55 0.545 21.476 782.163
  56 0.555 21.646 780.094
  57 0.565 21.86 834.014
  58 0.575 21.888 865.85
  59 0.585 21.77 869.864
  60 0.595 21.446 820.784
  61 0.605 20.794 800.493
  62 0.615 19.636 839.68
  63 0.625 20.066 827.69
  64 0.635 20.806 823.47
  65 0.645 21.53 819.965
  66 0.655 21.894 732.495
  67 0.665 21.912 751.846
  68 0.675 21.754 778.604
  69 0.685 21.564 713.274
  70 0.695 21.546 757.484
  71 0.705 21.438 742.83
  72 0.715 20.968 762.934
  73 0.725 20.104 766.001
  74 0.735 19.66 739.822
  75 0.745 19.704 716.089
  76 0.755 20.226 734.444
  77 0.765 20.94 716.278
  78 0.775 21.506 711.744
  79 0.785 21.45 765.652
  80 0.795 21.714 761.906
  81 0.805 21.642 807.832
  82 0.815 21.966 787.303
  83 0.825 21.958 754.619
  84 0.835 21.872 725.495
  85 0.845 21.544 714.51
  86 0.855 20.206 709.001
  87 0.865 19.462 698.562
  88 0.875 19.956 667.798
  89 0.885 21.064 698.523
  90 0.895 21.9 668.047
  91 0.905 21.958 695.325
  92 0.915 22.014 655.531
  93 0.925 21.812 632.399
  94 0.935 21.776 615.341
  95 0.945 21.524 612.002
  96 0.955 21.35 593.734
  97 0.965 21.642 597.485
  98 0.975 21.364 592.483
  99 0.985 20.45 570.754
  100 0.995 19.022 541.319
325000 100 2112
  1 0.005 19.252 558.88
  2 0.015 20.57 572.36
  3 0.025 21.512 588.836
  4 0.035 21.576 575.719
  5 0.045 21.458 588.065
  6 0.055 21.494 606.452
  7 0.065 21.74 607.012
  8 0.075 21.902 645.621
  9 0.085 21.966 611.45
  10 0.095 21.888 621.121
  11 0.105 21.6 628.717
  12 0.115 20.776 642.607
  13 0.125 19.868 652.269
  14 0.135 20.236 615.884
  15 0.145 20.356 638.275
  16 0.155 21.494 659.508
  17 0.165 21.808 686.262
  18 0.175 21.91 669.522
  19 0.185 21.92 658.584
  20 0.195 21.628 712.069
  21 0.205 21.69 769.359
  22 0.215 21.438 766.796
  23 0.225 21.394 762.361
  24 0.235 20.962 749.818
  25 0.245 20.042 718.356
  26 0.255 19.266 751.724
  27 0.265 19.754 750.542
  28 0.275 20.544 719.114
  29 0.285 21.08 772.781
  30 0.295 21.526 741.114
  31 0.305 21.406 793.407
  32 0.315 21.756 779.324
  33 0.325 21.744 765.097
  34 0.335 21.936 792.815
  35 0.345 21.962 758.857
  36 0.355 21.726 782.912
  37 0.365 20.708 825.682
  38 0.375 19.578 862.852
  39 0.385 19.582 848.167
  40 0.395 20.764 838.68
  41 0.405 21.728 813.533
  42 0.415 21.898 795.863
  43 0.425 21.968 818.796
  44 0.435 21.742 835.996
  45 0.445 21.708 883.293
  46 0.455 21.444 870.672
  47 0.465 21.424 917.347
  48 0.475 21.29 870.321
  49 0.485 20.41 880.481
  50 0.495 18.99 908.569
  51 0.505 19.13 946.934
  52 0.515 20.242 912.681
  53 0.525 21.354 817.774
  54 0.535 21.364 843.278
  55 0.545 21.566 824.799
  56 0.555 21.646 833.993
  57 0.565 21.882 822.487
  58 0.575 21.886 811.831
  59 0.585 21.828 860.074
  60 0.595 21.54 844.05
  61 0.605 20.552 800.015
  62 0.615 20.014 795.754
  63 0.625 19.998 795.115
  64 0.635 20.826 793.661
  65 0.645 21.354 785.14
  66 0.655 21.878 766.408
  67 0.665 21.834 749.919
  68 0.675 21.9 740.383
  69 0.685 21.624 752.71
  70 0.695 21.598 713.57
  71 0.705 21.432 708.129
  72 0.715 21.174 727.019
  73 0.725 20.532 751.291
  74 0.735 19.974 721.252
  75 0.745 19.432 730.371
  76 0.755 19.61 732.984
  77 0.765 20.904 760.067
  78 0.775 21.326 749.295
  79 0.785 21.538 758.946
  80 0.795 21.574 771.146
  81 0.805 21.71 737.64
  82 0.815 21.868 723.731
  83 0.825 21.956 718.604
  84 0.835 21.97 711.963
  85 0.845 21.548 721.408
  86 0.855 20.59 666.632
  87 0.865 19.46 645.767
  88 0.875 19.51 648.792
  89 0.885 21.074 659.166
  90 0.895 21.916 661.448
  91 0.905 21.954 680.808
  92 0.915 21.926 668.652
  93 0.925 21.864 623.591
  94 0.935 21.672 621.087
  95 0.945 21.614 620.889
  96 0.955 21.456 623.042
  97 0.965 21.564 620.586
  98 0.975 21.384 627.879
  99 0.985 19.994 609.139
  100 0.995 19.044 584.791
330000 100 2112.0000000000005
  1 0.005 19.402 575.792
  2 0.015 20.766 581.556
  3 0.025 21.388 612.243
  4 0.035 21.604 579.108
  5 0.045 21.42 620.467
  6 0.055 21.628 600.806
  7 0.065 21.738 633.376
  8 0.075 21.924 641.869
  9 0.085 21.896 644.335
  10 0.095 21.912 622.919
  11 0.105 21.414 629.269
  12 0.115 20.642 637.8
  13 0.125 19.858 634.64
  14 0.135 20.404 616.116
  15 0.145 20.656 648.704
  16 0.155 21.408 682.581
  17 0.165 21.784 730.675
  18 0.175 21.966 703.204
  19 0.185 21.796 692.496
  20 0.195 21.734 728.401
  21 0.205 21.546 710.075
  22 0.215 21.508 699.523
  23 0.225 21.44 694.171
  24 0.235 20.896 716.418
  25 0.245 20.008 740.89
  26 0.255 19.486 714.029
  27 0.265 19.642 729.677
  28 0.275 20.588 735.341
  29 0.285 21.036 757.955
  30 0.295 21.488 745.332
  31 0.305 21.572 737.807
  32 0.315 21.61 752.315
  33 0.325 21.754 726.165
  34 0.335 21.944 730.281
  35 0.345 21.99 699.993
  36 0.355 21.75 735.426
  37 0.365 21.072 752.451
  38 0.375 20.218 772.286
  39 0.385 19.09 823.698
  40 0.395 20.476 827.134
  41 0.405 21.428 896.034
  42 0.415 21.98 900.842
  43 0.425 21.89 877.375
  44 0.435 21.878 851.608
  45 0.445 21.692 873.45
  46 0.455 21.45 864.344
  47 0.465 21.41 852.019
  48 0.475 21.214 870.027
  49 0.485 20.494 867.046
  50 0.495 19.37 879.378
  51 0.505 19.098 926.265
  52 0.515 20.108 895.498
  53 0.525 21.11 919.246
  54 0.535 21.434 864.276
  55 0.545 21.514 812.683
  56 0.555 21.664 902.54
  57 0.565 21.738 942.121
  58 0.575 21.888 894.315
  59 0.585 21.796 840.682
  60 0.595 21.452 845.204
  61 0.605 20.748 793.816
  62 0.615 19.832 785.229
  63 0.625 19.924 816.371
  64 0.635 20.752 845.402
  65 0.645 21.574 775.042
  66 0.655 21.906 809.987
  67 0.665 21.928 755.213
  68 0.675 21.788 745.766
  69 0.685 21.736 688.052
  70 0.695 21.508 710.416
  71 0.705 21.462 744.449
  72 0.715 21.214 748.492
  73 0.725 20.688 745.383
  74 0.735 19.716 713.15
  75 0.745 19.466 733.213
  76 0.755 19.762 743.413
  77 0.765 20.782 736.98
  78 0.775 21.346 751.84
  79 0.785 21.606 759.669
  80 0.795 21.474 767.397
  81 0.805 21.704 760.414
  82 0.815 21.932 686.199
  83 0.825 21.968 676.299
  84 0.835 21.89 669.876
  85 0.845 21.65 664.139
  86 0.855 20.814 665.236
  87 0.865 19.26 664.702
  88 0.875 19.724 649.829
  89 0.885 20.872 649.76
  90 0.895 21.776 636.373
  91 0.905 21.986 689.784
  92 0.915 21.938 709.314
  93 0.925 21.96 664.927
  94 0.935 21.616 628.982
  95 0.945 21.446 622.282
  96 0.955 21.68 639.631
  97 0.965 21.38 640.472
  98 0.975 21.282 625.08
  99 0.985 19.966 596.549
  100 0.995 18.882 593.928
335000 100 2112
  1 0.005 19.392 532.193
  2 0.015 20.816 549.948
  3 0.025 21.498 610.449
  4 0.035 21.51 599.712
  5 0.045 21.448 602.244
  6 0.055 21.612 586.407
  7 0.065 21.784 614.951
  8 0.075 21.876 636.302
  9 0.085 21.966 619.967
  10 0.095 21.854 628.767
  11 0.105 21.624 613.719
  12 0.115 20.698 685.405
  13 0.125 19.83 705.636
  14 0.135 19.852 689.235
  15 0.145 20.702 685.612
  16 0.155 21.458 711.134
  17 0.165 21.954 678.921
  18 0.175 21.978 674.816
  19 0.185 21.87 693.716
  20 0.195 21.678 698.314
  21 0.205 21.6 696.61
  22 0.215 21.504 764.783
  23 0.225 21.39 754.217
  24 0.235 20.914 784.829
  25 0.245 20.078 730.725
  26 0.255 19.306 697.655
  27 0.265 19.654 696.74
  28 0.275 20.48 694.672
  29 0.285 21.288 687.529
  30 0.295 21.486 732.341
  31 0.305 21.496 665.161
  32 0.315 21.65 698.091
  33 0.325 21.714 704.448
  34 0.335 22.014 711.085
  35 0.345 21.914 762.882
  36 0.355 21.874 727.703
  37 0.365 21.39 710.567
  38 0.375 20.002 723.403
  39 0.385 19.358 761.391
  40 0.395 20.22 779.916
  41 0.405 21.278 840.334
  42 0.415 21.9 858.3
  43 0.425 21.968 878.188
  44 0.435 21.882 882.456
  45 0.445 21.602 909.616
  46 0.455 21.644 902.452
  47 0.465 21.4 900.947
  48 0.475 21.32 869.698
  49 0.485 20.748 942.04
  50 0.495 19.292 912.804
  51 0.505 18.946 903.593
  52 0.515 20.016 899.058
  53 0.525 21.066 931.662
  54 0.535 21.356 883.584
  55 0.545 21.44 836.477
  56 0.555 21.7 824.01
  57 0.565 21.804 848.084
  58 0.575 21.84 860.217
  59 0.585 21.882 814.329
  60 0.595 21.552 811.619
  61 0.605 20.852 844.178
  62 0.615 19.854 862.642
  63 0.625 19.862 848.848
  64 0.635 20.626 839.387
  65 0.645 21.44 878.326
  66 0.655 21.876 843.272
  67 0.665 21.874 807.368
  68 0.675 21.904 745.211
  69 0.685 21.516 764.312
  70 0.695 21.586 775.221
  71 0.705 21.428 762.284
  72 0.715 21.102 737.752
  73 0.725 20.558 731.911
  74 0.735 19.456 721.173
  75 0.745 19.266 745.616
  76 0.755 20.016 813.301
  77 0.765 21.168 772.12
  78 0.775 21.384 772.908
  79 0.785 21.462 713.384
  80 0.795 21.692 713.593
  81 0.805 21.732 737.92
  82 0.815 21.93 733.568
  83 0.825 21.964 723.152
  84 0.835 21.92 707.609
  85 0.845 21.324 673.963
  86 0.855 20.308 658.002
  87 0.865 19.446 649.629
  88 0.875 19.864 655.822
  89 0.885 21.376 679.405
  90 0.895 21.776 674.258
  91 0.905 21.954 640.697
  92 0.915 21.992 658.664
  93 0.925 21.786 660.08
  94 0.935 21.806 632.893
  95 0.945 21.43 620.766
  96 0.955 21.496 635.459
  97 0.965 21.552 590.782
  98 0.975 21.244 586.803
  99 0.985 19.912 552.417
  100 0.995 18.898 563.435
340000 100 2112.0000000000005
  1 0.005 19.384 574.857
  2 0.015 20.656 589.138
  3 0.025 21.444 604.104
  4 0.035 21.516 605.671
  5 0.045 21.502 596.294
  6 0.055 21.58 618.081
  7 0.065 21.756 637.402
  8 0.075 21.822 645.135
  9 0.085 21.936 667.841
  10 0.095 21.866 674.953
  11 0.105 21.626 686.677
  12 0.115 20.862 685.355
  13 0.125 20.05 660.726
  14 0.135 20.114 657.882
  15 0.145 20.518 719.18
  16 0.155 21.184 692.167
  17 0.165 21.786 718.434
  18 0.175 21.986 683.417
  19 0.185 21.75 724.155
  20 0.195 21.842 659.216
  21 0.205 21.706 679.255
  22 0.215 21.33 684.521
  23 0.225 21.434 689.935
  24 0.235 21.046 683.656
  25 0.245 20.506 676.59
  26 0.255 19.298 722.102
  27 0.265 19.218 723.155
  28 0.275 20.346 707.671
  29 0.285 21.274 695.031
  30 0.295 21.546 687.157
  31 0.305 21.4 700.91
  32 0.315 21.616 729.765
  33 0.325 21.884 702.347
  34 0.335 21.86 681.642
  35 0.345 21.946 729.921
  36 0.355 21.822 771.215
  37 0.365 21.34 748.86
  38 0.375 19.996 811.451
  39 0.385 19.398 799.098
  40 0.395 20.422 804.642
  41 0.405 21.232 809.965
  42 0.415 21.808 821.603
  43 0.425 21.97 837.51
  44 0.435 21.9 837.18
  45 0.445 21.566 876.901
  46 0.455 21.614 878.836
  47 0.465 21.442 873.331
  48 0.475 21.294 816.016
  49 0.485 20.592 819.418
  50 0.495 19.252 841.585
  51 0.505 18.954 854.802
  52 0.515 20.08 833.266
  53 0.525 21.092 841.601
  54 0.535 21.51 849.892
  55 0.545 21.49 861.635
  56 0.555 21.668 845.126
  57 0.565 21.728 939.881
  58 0.575 21.862 914.062
  59 0.585 21.842 911.903
  60 0.595 21.116 921.451
  61 0.605 20.588 877.567
  62 0.615 20.062 871.646
  63 0.625 20.198 831.009
  64 0.635 20.746 827.657
  65 0.645 21.548 814.918
  66 0.655 21.862 802.612
  67 0.665 21.896 819.848
  68 0.675 21.73 851.296
  69 0.685 21.614 786.23
  70 0.695 21.43 805.059
  71 0.705 21.458 786.94
  72 0.715 21.024 781.92
  73 0.725 20.386 754.345
  74 0.735 19.492 759.58
  75 0.745 19.324 741.478
  76 0.755 20.368 726.574
  77 0.765 21.092 727.639
  78 0.775 21.49 703.514
  79 0.785 21.486 676.549
  80 0.795 21.632 717.94
  81 0.805 21.776 712.319
  82 0.815 21.866 742.261
  83 0.825 21.946 759.056
  84 0.835 21.914 718.825
  85 0.845 21.378 709.156
  86 0.855 20.274 674.603
  87 0.865 19.388 676.2
  88 0.875 20.166 680.352
  89 0.885 21.086 667.073
  90 0.895 21.85 659.993
  91 0.905 21.968 653.255
  92 0.915 21.922 637.509
  93 0.925 21.866 626.504
  94 0.935 21.692 642.7
  95 0.945 21.528 638.793
  96 0.955 21.496 637.024
  97 0.965 21.594 609.054
  98 0.975 21.212 604.252
  99 0.985 20.196 599.945
  100 0.995 18.876 591.366
