# Chunk-averaged data for fix 3 and group all
# Timestep Number-of-chunks Total-count
# Chunk Coord1 Ncount v_temp
45000 100 2112
  1 0.005 18.962 367.169
  2 0.015 20.69 396.214
  3 0.025 21.612 414.003
  4 0.035 21.488 423.852
  5 0.045 21.338 459.341
  6 0.055 21.614 440.392
  7 0.065 21.742 423.678
  8 0.075 21.95 428.111
  9 0.085 22.002 416.696
  10 0.095 21.994 451.633
  11 0.105 21.846 434.991
  12 0.115 21.336 423.297
  13 0.125 19.298 412.658
  14 0.135 18.928 415.184
  15 0.145 20.802 446.046
  16 0.155 21.796 455.589
  17 0.165 21.994 477.973
  18 0.175 22 501.094
  19 0.185 21.916 502.542
  20 0.195 21.686 527.593
  21 0.205 21.526 543.588
  22 0.215 21.436 556.053
  23 0.225 21.57 514.44
  24 0.235 21.288 517.054
  25 0.245 19.998 475.231
  26 0.255 18.634 495.266
  27 0.265 19.222 527.373
  28 0.275 20.792 517.602
  29 0.285 21.51 511.245
  30 0.295 21.572 510.661
  31 0.305 21.312 522.224
  32 0.315 21.666 503.909
  33 0.325 21.914 513.313
  34 0.335 21.962 548.338
  35 0.345 21.996 558.948
  36 0.355 21.674 574.91
  37 0.365 20.626 607.023
  38 0.375 19.398 565.745
  39 0.385 19.64 576.451
  40 0.395 20.886 568.725
  41 0.405 21.808 568.721
  42 0.415 21.958 565.182
  43 0.425 21.964 569.278
  44 0.435 21.872 563.809
  45 0.445 21.534 569.152
  46 0.455 21.42 552.242
  47 0.465 21.458 552.272
  48 0.475 21.484 552.58
  49 0.485 20.192 552.463
  50 0.495 18.782 562.636
  51 0.505 18.912 573.208
  52 0.515 20.66 565.809
  53 0.525 21.474 555.695
  54 0.535 21.516 586.232
  55 0.545 21.314 620.922
  56 0.555 21.598 595.741
  57 0.565 21.872 613.402
  58 0.575 21.966 567.325
  59 0.585 21.992 576.926
  60 0.595 21.77 602.139
  61 0.605 21.148 580.321
  62 0.615 19.422 547.221
  63 0.625 19.272 525.309
  64 0.635 20.658 535.422
  65 0.645 21.73 564.511
  66 0.655 21.992 535.048
  67 0.665 22 525.306
  68 0.675 21.944 532.48
  69 0.685 21.606 533.091
  70 0.695 21.492 531.909
  71 0.705 21.48 508.579
  72 0.715 21.492 527.314
  73 0.725 21.206 528.366
  74 0.735 19.216 530.087
  75 0.745 18.212 509.542
  76 0.755 19.95 505.672
  77 0.765 21.356 521.205
  78 0.775 21.376 510.248
  79 0.785 21.476 519.098
  80 0.795 21.454 495.138
  81 0.805 21.858 500.465
  82 0.815 21.896 517.452
  83 0.825 21.98 503.015
  84 0.835 22.004 490.457
  85 0.845 21.754 478.031
  86 0.855 20.59 465.754
  87 0.865 19.2 458.786
  88 0.875 19.598 455.956
  89 0.885 21.062 473.327
  90 0.895 21.844 476.821
  91 0.905 21.956 475.2
  92 0.915 21.992 456.891
  93 0.925 21.924 454.007
  94 0.935 21.738 422.154
  95 0.945 21.412 405.377
  96 0.955 21.446 419.74
  97 0.965 21.634 409.98
  98 0.975 21.556 386.465
  99 0.985 20.314 405.512
  100 0.995 18.598 391.899
50000 100 2112
  1 0.005 18.26 407.119
  2 0.015 20.428 395.151
  3 0.025 21.548 403.839
  4 0.035 21.646 394.409
  5 0.045 21.376 411.467
  6 0.055 21.48 419.01
  7 0.065 21.664 435.242
  8 0.075 21.966 457.535
  9 0.085 21.99 456.021
  10 0.095 21.988 438.802
  11 0.105 21.884 456.162
  12 0.115 21.228 442.441
  13 0.125 19.268 460.674
  14 0.135 18.866 457.93
  15 0.145 21.092 445.179
  16 0.155 21.674 452.665
  17 0.165 22 457.618
  18 0.175 21.986 451.51
  19 0.185 21.93 466.061
  20 0.195 21.724 514.013
  21 0.205 21.502 499.443
  22 0.215 21.414 492.411
  23 0.225 21.562 511.698
  24 0.235 21.398 504.696
  25 0.245 19.922 502.602
  26 0.255 18.26 532.802
  27 0.265 19.37 541.528
  28 0.275 20.98 558.21
  29 0.285 21.522 561.294
  30 0.295 21.472 530.666
  31 0.305 21.388 564.354
  32 0.315 21.668 532.556
  33 0.325 21.914 569.779
  34 0.335 21.988 564.473
  35 0.345 21.972 538.625
  36 0.355 21.862 541.984
  37 0.365 20.74 537.613
  38 0.375 18.998 554.857
  39 0.385 19.464 575.584
  40 0.395 21.172 582.458
  41 0.405 21.814 581.773
  42 0.415 21.978 577.235
  43 0.425 21.96 574.17
  44 0.435 21.814 587.038
  45 0.445 21.68 560.003
  46 0.455 21.392 565.855
  47 0.465 21.448 565.113
  48 0.475 21.478 543.372
  49 0.485 20.502 564.374
  50 0.495 18.63 597.586
  51 0.505 18.696 618.617
  52 0.515 20.558 623.782
  53 0.525 21.548 582.345
  54 0.535 21.428 575.041
  55 0.545 21.344 594.519
  56 0.555 21.682 573.194
  57 0.565 21.864 573.836
  58 0.575 21.984 581.949
  59 0.585 21.9 563.599
  60 0.595 21.898 563.992
  61 0.605 20.902 533.543
  62 0.615 19.004 564.683
  63 0.625 19.316 557.382
  64 0.635 21.124 538.376
  65 0.645 21.878 528.181
  66 0.655 21.964 534.207
  67 0.665 21.982 508.44
  68 0.675 21.89 497.668
  69 0.685 21.484 538.54
  70 0.695 21.5 530.111
  71 0.705 21.544 515.104
  72 0.715 21.462 556.421
  73 0.725 20.82 570.554
  74 0.735 19.02 549.592
  75 0.745 18.714 549.888
  76 0.755 20.046 537.259
  77 0.765 21.446 490.149
  78 0.775 21.54 488.994
  79 0.785 21.394 480.294
  80 0.795 21.534 491.804
  81 0.805 21.72 482.311
  82 0.815 21.922 477.275
  83 0.825 22 460.993
  84 0.835 21.984 517.348
  85 0.845 21.924 491.447
  86 0.855 21.122 503.735
  87 0.865 19.178 495.39
  88 0.875 19.274 476.125
  89 0.885 20.766 465.175
  90 0.895 21.762 443.906
  91 0.905 21.978 446.936
  92 0.915 21.99 434.06
  93 0.925 21.93 444.305
  94 0.935 21.858 428.408
  95 0.945 21.514 419.115
  96 0.955 21.37 405.393
  97 0.965 21.534 388.053
  98 0.975 21.67 403.774
  99 0.985 20.854 390.335
  100 0.995 18.922 386.805
55000 100 2112
  1 0.005 18.884 394.323
  2 0.015 20.628 391.779
  3 0.025 21.642 403.396
  4 0.035 21.558 401.108
  5 0.045 21.402 427.129
  6 0.055 21.484 434.715
  7 0.065 21.81 492.152
  8 0.075 21.912 459.372
  9 0.085 21.986 444.123
  10 0.095 22 431.032
  11 0.105 21.716 444.895
  12 0.115 20.798 468.186
  13 0.125 19.47 416.706
  14 0.135 19.202 426.507
  15 0.145 21.002 432.449
  16 0.155 21.84 455.62
  17 0.165 21.97 461.905
  18 0.175 21.99 450.909
  19 0.185 21.944 461.293
  20 0.195 21.688 474.351
  21 0.205 21.524 482.889
  22 0.215 21.36 467.529
  23 0.225 21.618 471.745
  24 0.235 21.284 488.976
  25 0.245 19.948 509.716
  26 0.255 18.294 561.913
  27 0.265 19.32 571.742
  28 0.275 21.068 544.792
  29 0.285 21.56 540.105
  30 0.295 21.416 535.197
  31 0.305 21.4 538.865
  32 0.315 21.672 517.841
  33 0.325 21.934 514.295
  34 0.335 21.99 516.92
  35 0.345 21.986 536.106
  36 0.355 21.844 522.172
  37 0.365 20.698 547.191
  38 0.375 18.982 584.253
  39 0.385 19.668 591.831
  40 0.395 21.042 596.607
  41 0.405 21.786 633.215
  42 0.415 21.968 612.937
  43 0.425 21.972 592.235
  44 0.435 21.786 576.303
  45 0.445 21.624 544.395
  46 0.455 21.422 534.008
  47 0.465 21.446 570.701
  48 0.475 21.408 597.188
  49 0.485 20.18 607.448
  50 0.495 18.734 608.871
  51 0.505 19.164 589.564
  52 0.515 20.496 607.594
  53 0.525 21.436 584.906
  54 0.535 21.426 593.819
  55 0.545 21.438 570.918
  56 0.555 21.67 563.606
  57 0.565 21.832 542.485
  58 0.575 21.984 575.134
  59 0.585 21.992 562.134
  60 0.595 21.906 551.503
  61 0.605 21.142 557.194
  62 0.615 19.404 528.776
  63 0.625 18.93 559.391
  64 0.635 21.03 559.453
  65 0.645 21.62 588.527
  66 0.655 21.976 550.207
  67 0.665 21.97 557.878
  68 0.675 21.956 576.077
  69 0.685 21.536 585.218
  70 0.695 21.568 583.767
  71 0.705 21.5 565.639
  72 0.715 21.538 560.839
  73 0.725 21.004 530.344
  74 0.735 19.552 523.292
  75 0.745 18.514 498.36
  76 0.755 19.572 501.759
  77 0.765 21.306 479.214
  78 0.775 21.542 487.876
  79 0.785 21.406 468.323
  80 0.795 21.324 437.976
  81 0.805 21.788 420.05
  82 0.815 21.924 427.101
  83 0.825 22 435.031
  84 0.835 22 438.645
  85 0.845 21.91 473.528
  86 0.855 21.068 489.328
  87 0.865 19.45 463.363
  88 0.875 18.936 468.233
  89 0.885 20.94 461.871
  90 0.895 21.7 493.699
  91 0.905 21.996 453.127
  92 0.915 22 444.015
  93 0.925 21.946 451.449
  94 0.935 21.736 458.412
  95 0.945 21.504 462.924
  96 0.955 21.4 458.899
  97 0.965 21.6 438.135
  98 0.975 21.432 406.479
  99 0.985 20.534 409.101
  100 0.995 18.542 416.286
60000 100 2112.0000000000005
  1 0.005 18.918 424.963
  2 0.015 20.704 412.482
  3 0.025 21.634 426.383
  4 0.035 21.434 439.802
  5 0.045 21.404 442.606
  6 0.055 21.604 399.622
  7 0.065 21.778 411.466
  8 0.075 21.968 437.651
  9 0.085 21.986 420.776
  10 0.095 21.944 428.655
  11 0.105 21.636 433.185
  12 0.115 20.732 457.307
  13 0.125 19.558 468.668
  14 0.135 19.49 462.056
  15 0.145 20.772 479.611
  16 0.155 21.902 470.433
  17 0.165 21.966 477.07
  18 0.175 21.984 454.726
  19 0.185 21.888 469.42
  20 0.195 21.828 433.313
  21 0.205 21.434 440.696
  22 0.215 21.398 458.714
  23 0.225 21.582 485.942
  24 0.235 21.348 497.57
  25 0.245 19.954 493.323
  26 0.255 18.374 499.207
  27 0.265 19.306 502.993
  28 0.275 20.926 489.73
  29 0.285 21.7 466.725
  30 0.295 21.41 511.143
  31 0.305 21.38 508.108
  32 0.315 21.64 497.971
  33 0.325 21.88 529.983
  34 0.335 21.982 530.4
  35 0.345 21.962 553.767
  36 0.355 21.91 606.699
  37 0.365 21.296 577.425
  38 0.375 19.428 588.859
  39 0.385 19.004 604.514
  40 0.395 20.534 629.647
  41 0.405 21.876 612.48
  42 0.415 21.976 618.379
  43 0.425 21.954 612.684
  44 0.435 21.836 604.691
  45 0.445 21.678 570.771
  46 0.455 21.43 578.498
  47 0.465 21.5 577.807
  48 0.475 21.384 597.16
  49 0.485 20.466 595.947
  50 0.495 19.26 600.54
  51 0.505 18.788 661.949
  52 0.515 20.25 581.395
  53 0.525 21.252 621.488
  54 0.535 21.42 585.303
  55 0.545 21.402 564.556
  56 0.555 21.648 589.279
  57 0.565 21.79 580.586
  58 0.575 21.956 550.276
  59 0.585 21.956 568.945
  60 0.595 21.902 577.261
  61 0.605 21.112 562.01
  62 0.615 19.398 574.695
  63 0.625 19.112 586.787
  64 0.635 20.714 617.443
  65 0.645 21.818 597.999
  66 0.655 21.962 608.697
  67 0.665 21.968 591.204
  68 0.675 21.938 595.41
  69 0.685 21.522 595.11
  70 0.695 21.382 537.198
  71 0.705 21.518 553.512
  72 0.715 21.576 532.911
  73 0.725 20.884 529.825
  74 0.735 18.888 481.619
  75 0.745 18.438 471.933
  76 0.755 20.216 481.425
  77 0.765 21.542 470.587
  78 0.775 21.542 468.752
  79 0.785 21.392 449.136
  80 0.795 21.476 460.416
  81 0.805 21.798 489.156
  82 0.815 21.936 440.171
  83 0.825 21.996 449.5
  84 0.835 21.994 444.024
  85 0.845 21.862 471.167
  86 0.855 21.27 447.315
  87 0.865 18.826 442.716
  88 0.875 19.162 423.204
  89 0.885 21.05 420.335
  90 0.895 21.836 441.716
  91 0.905 22 431.08
  92 0.915 21.986 447.873
  93 0.925 21.946 428.236
  94 0.935 21.84 426.094
  95 0.945 21.406 429.593
  96 0.955 21.316 447.027
  97 0.965 21.648 447.5
  98 0.975 21.598 417.583
  99 0.985 20.242 434.658
  100 0.995 18.588 444.082
65000 100 2112
  1 0.005 18.824 413.325
  2 0.015 20.738 381.512
  3 0.025 21.592 389.784
  4 0.035 21.588 414.799
  5 0.045 21.352 428.804
  6 0.055 21.536 429.105
  7 0.065 21.752 435.865
  8 0.075 21.952 426.232
  9 0.085 21.998 448.317
  10 0.095 21.978 445.821
  11 0.105 21.946 432.904
  12 0.115 20.806 467.926
  13 0.125 19.234 447.158
  14 0.135 19.248 437.623
  15 0.145 20.958 437.783
  16 0.155 21.884 440.997
  17 0.165 21.942 452.644
  18 0.175 22 463.201
  19 0.185 21.916 485.125
  20 0.195 21.786 460.377
  21 0.205 21.53 456.994
  22 0.215 21.388 441.013
  23 0.225 21.46 483.302
  24 0.235 21.498 491.353
  25 0.245 20.136 496.424
  26 0.255 18.34 488.075
  27 0.265 18.982 469.884
  28 0.275 21.058 462.222
  29 0.285 21.696 484.769
  30 0.295 21.41 481.771
  31 0.305 21.382 487.72
  32 0.315 21.624 520.633
  33 0.325 21.816 532.617
  34 0.335 22 519.268
  35 0.345 21.966 526.39
  36 0.355 21.862 562.224
  37 0.365 21.356 579.652
  38 0.375 19.418 575.34
  39 0.385 18.956 559.592
  40 0.395 20.616 580.277
  41 0.405 21.814 591.237
  42 0.415 21.984 585.088
  43 0.425 21.992 581.124
  44 0.435 21.904 586.226
  45 0.445 21.662 604.649
  46 0.455 21.374 598.049
  47 0.465 21.518 624.534
  48 0.475 21.424 594.881
  49 0.485 20.806 618.379
  50 0.495 18.934 625.367
  51 0.505 18.664 687.774
  52 0.515 20.208 676.617
  53 0.525 21.248 648.596
  54 0.535 21.562 613.864
  55 0.545 21.398 642.902
  56 0.555 21.554 607.98
  57 0.565 21.788 625.143
  58 0.575 21.98 600.461
  59 0.585 21.962 619.506
  60 0.595 21.702 567.352
  61 0.605 21.036 578.419
  62 0.615 19.122 564.128
  63 0.625 19.438 587.865
  64 0.635 20.928 609.075
  65 0.645 21.828 607.187
  66 0.655 21.97 582.673
  67 0.665 21.962 582.067
  68 0.675 21.836 572.636
  69 0.685 21.682 555.345
  70 0.695 21.352 547.598
  71 0.705 21.384 537.26
  72 0.715 21.624 506.637
  73 0.725 20.712 514.465
  74 0.735 18.822 549.052
  75 0.745 18.518 509.103
  76 0.755 20.394 522.377
  77 0.765 21.568 530.528
  78 0.775 21.478 515.376
  79 0.785 21.304 498.226
  80 0.795 21.534 476.941
  81 0.805 21.908 455.646
  82 0.815 21.926 446.9
  83 0.825 22.008 450.499
  84 0.835 21.966 449.707
  85 0.845 21.834 444.405
  86 0.855 20.838 456.751
  87 0.865 18.89 453.717
  88 0.875 19.364 455.66
  89 0.885 21.17 435.784
  90 0.895 21.93 424.704
  91 0.905 22 447.271
  92 0.915 21.978 425.54
  93 0.925 21.912 417.121
  94 0.935 21.878 400.23
  95 0.945 21.41 411.662
  96 0.955 21.382 399.117
  97 0.965 21.566 432.107
  98 0.975 21.674 403.187
  99 0.985 20.346 415.394
  100 0.995 18.526 415.947
70000 100 2112
  1 0.005 18.926 392.3
  2 0.015 20.346 387.148
  3 0.025 21.618 377.249
  4 0.035 21.544 411.027
  5 0.045 21.346 395.248
  6 0.055 21.474 411.373
  7 0.065 21.846 392.205
  8 0.075 21.958 408.858
  9 0.085 21.97 409.891
  10 0.095 22 402.894
  11 0.105 21.836 419.47
  12 0.115 20.992 423.853
  13 0.125 19.518 400.938
  14 0.135 19.044 433.426
  15 0.145 20.758 450.043
  16 0.155 21.852 441.923
  17 0.165 22 474.387
  18 0.175 21.974 477.785
  19 0.185 21.994 464.43
  20 0.195 21.69 489.783
  21 0.205 21.476 495.414
  22 0.215 21.5 465.867
  23 0.225 21.476 462.112
  24 0.235 21.536 476.85
  25 0.245 20.144 480.2
  26 0.255 18.334 487.793
  27 0.265 18.928 472.324
  28 0.275 21.018 472.838
  29 0.285 21.654 485.909
  30 0.295 21.442 489.009
  31 0.305 21.444 489.641
  32 0.315 21.538 480.735
  33 0.325 21.87 507.937
  34 0.335 21.986 535.877
  35 0.345 21.964 535.396
  36 0.355 21.962 552.699
  37 0.365 21.266 559.482
  38 0.375 19.542 562.092
  39 0.385 18.814 563.849
  40 0.395 20.696 554.805
  41 0.405 21.79 583.819
  42 0.415 21.962 592.156
  43 0.425 21.99 595.341
  44 0.435 21.9 624.793
  45 0.445 21.622 662.814
  46 0.455 21.482 633.091
  47 0.465 21.324 668.997
  48 0.475 21.502 629.755
  49 0.485 20.496 630.303
  50 0.495 18.822 566.492
  51 0.505 18.626 603.788
  52 0.515 20.576 617.65
  53 0.525 21.366 648.636
  54 0.535 21.416 673.056
  55 0.545 21.45 660.165
  56 0.555 21.624 652.407
  57 0.565 21.84 649.542
  58 0.575 21.99 659.19
  59 0.585 21.924 637.739
  60 0.595 21.74 612.027
  61 0.605 20.82 599.49
  62 0.615 19.118 592.517
  63 0.625 19.512 571.993
  64 0.635 20.984 619.709
  65 0.645 21.896 589.636
  66 0.655 21.962 547.064
  67 0.665 21.996 521.797
  68 0.675 21.84 526.425
  69 0.685 21.632 521.802
  70 0.695 21.432 514.468
  71 0.705 21.416 516.067
  72 0.715 21.568 540.966
  73 0.725 20.878 558.323
  74 0.735 19.014 537.296
  75 0.745 18.382 518.186
  76 0.755 20.268 531.037
  77 0.765 21.474 520.673
  78 0.775 21.546 511.27
  79 0.785 21.372 507.836
  80 0.795 21.496 505.554
  81 0.805 21.766 499.71
  82 0.815 21.942 512.225
  83 0.825 21.996 474.257
  84 0.835 21.994 491.164
  85 0.845 21.82 491.637
  86 0.855 20.578 474.112
  87 0.865 19.12 442.617
  88 0.875 19.214 444.007
  89 0.885 21.374 429.648
  90 0.895 21.906 437.964
  91 0.905 21.994 441.253
  92 0.915 22 425.484
  93 0.925 21.958 423.62
  94 0.935 21.75 406.837
  95 0.945 21.394 404.406
  96 0.955 21.474 385.806
  97 0.965 21.574 393.788
  98 0.975 21.592 386.94
  99 0.985 20.558 403.144
  100 0.995 18.672 399.671
75000 100 2112.000000000001
  1 0.005 19.228 349.695
  2 0.015 20.918 336.221
  3 0.025 21.736 370.092
  4 0.035 21.55 366.004
  5 0.045 21.24 387.669
  6 0.055 21.63 379.821
  7 0.065 21.788 374.945
  8 0.075 21.948 398.982
  9 0.085 21.988 404.54
  10 0.095 22 384.647
  11 0.105 21.86 406.539
  12 0.115 21.056 421.019
  13 0.125 19.822 410.895
  14 0.135 19.222 376.703
  15 0.145 20.488 394.997
  16 0.155 21.654 440.39
  17 0.165 21.9 448.794
  18 0.175 21.988 495.03
  19 0.185 21.868 508.501
  20 0.195 21.908 511.05
  21 0.205 21.438 522.993
  22 0.215 21.446 451.152
  23 0.225 21.53 439.701
  24 0.235 21.604 446.043
  25 0.245 20.602 463.352
  26 0.255 18.506 465.567
  27 0.265 18.522 494.8
  28 0.275 20.714 485.455
  29 0.285 21.63 491.7
  30 0.295 21.454 533.003
  31 0.305 21.38 546.087
  32 0.315 21.636 566.384
  33 0.325 21.864 557.932
  34 0.335 21.934 558.304
  35 0.345 21.954 525.373
  36 0.355 21.928 521.314
  37 0.365 20.994 568.792
  38 0.375 19.692 573.702
  39 0.385 19.014 552.862
  40 0.395 20.646 550.132
  41 0.405 21.784 587.47
  42 0.415 21.966 607.53
  43 0.425 21.972 604.344
  44 0.435 21.836 601.225
  45 0.445 21.746 590.806
  46 0.455 21.414 629.901
  47 0.465 21.436 646.938
  48 0.475 21.31 677.213
  49 0.485 20.674 673.544
  50 0.495 18.894 657.633
  51 0.505 18.776 681.313
  52 0.515 20.342 667.266
  53 0.525 21.348 675.651
  54 0.535 21.374 622.745
  55 0.545 21.496 622.899
  56 0.555 21.578 632.847
  57 0.565 21.848 624.118
  58 0.575 21.98 616.085
  59 0.585 21.918 637.935
  60 0.595 21.744 587.45
  61 0.605 20.544 599.215
  62 0.615 19.346 588.555
  63 0.625 19.258 593.868
  64 0.635 21.406 581.735
  65 0.645 21.756 571.351
  66 0.655 21.988 552.208
  67 0.665 21.94 554.667
  68 0.675 21.838 542.144
  69 0.685 21.644 522.031
  70 0.695 21.368 515.054
  71 0.705 21.506 501.404
  72 0.715 21.514 530.511
  73 0.725 20.734 526.801
  74 0.735 18.832 526.692
  75 0.745 18.696 526.277
  76 0.755 20.162 544.745
  77 0.765 21.642 494.335
  78 0.775 21.518 523.098
  79 0.785 21.294 510.305
  80 0.795 21.57 485.331
  81 0.805 21.798 471.978
  82 0.815 21.96 482.182
  83 0.825 21.996 486.465
  84 0.835 21.982 471.728
  85 0.845 21.732 476.197
  86 0.855 20.57 470.274
  87 0.865 18.866 471.952
  88 0.875 19.624 481.243
  89 0.885 21.288 454.952
  90 0.895 21.938 468.339
  91 0.905 21.996 439.037
  92 0.915 22.004 452.903
  93 0.925 21.874 443.117
  94 0.935 21.75 429.273
  95 0.945 21.38 455.353
  96 0.955 21.476 415.468
  97 0.965 21.57 415.774
  98 0.975 21.626 399.05
  99 0.985 20.132 378.827
  100 0.995 18.166 366.339
80000 100 2112
  1 0.005 19.37 363.475
  2 0.015 21.124 350.748
  3 0.025 21.646 356.662
  4 0.035 21.504 355.526
  5 0.045 21.404 371.055
  6 0.055 21.57 370.85
  7 0.065 21.78 392.17
  8 0.075 21.958 368.941
  9 0.085 21.988 375.392
  10 0.095 22 393.526
  11 0.105 21.814 410.858
  12 0.115 20.792 414.707
  13 0.125 19.318 424.353
  14 0.135 19.416 418.301
  15 0.145 20.948 436.87
  16 0.155 21.77 450.581
  17 0.165 21.938 435.432
  18 0.175 21.968 461.292
  19 0.185 21.992 469.903
  20 0.195 21.72 478.317
  21 0.205 21.52 480.218
  22 0.215 21.33 462.522
  23 0.225 21.644 441.381
  24 0.235 21.466 463.499
  25 0.245 20.274 476.272
  26 0.255 18.632 481.895
  27 0.265 18.734 527.581
  28 0.275 20.88 517.15
  29 0.285 21.568 565.053
  30 0.295 21.478 537.654
  31 0.305 21.374 526.641
  32 0.315 21.52 552.875
  33 0.325 21.938 552.154
  34 0.335 21.966 550.956
  35 0.345 22 538.741
  36 0.355 21.902 533.465
  37 0.365 21.234 551.476
  38 0.375 19.654 571.308
  39 0.385 18.904 572.194
  40 0.395 20.63 583.023
  41 0.405 21.732 597.186
  42 0.415 21.948 600.593
  43 0.425 21.924 612.85
  44 0.435 21.928 601.438
  45 0.445 21.674 597.666
  46 0.455 21.37 607.951
  47 0.465 21.446 652.209
  48 0.475 21.504 626.141
  49 0.485 20.49 603.488
  50 0.495 18.872 592.092
  51 0.505 18.988 589.379
  52 0.515 20.268 596.757
  53 0.525 21.264 605.335
  54 0.535 21.418 628.507
  55 0.545 21.508 618.202
  56 0.555 21.558 661.095
  57 0.565 21.834 655.143
  58 0.575 21.956 660.579
  59 0.585 21.968 629.524
  60 0.595 21.758 627.717
  61 0.605 20.86 615.08
  62 0.615 19.26 596.288
  63 0.625 19.464 573.061
  64 0.635 20.942 546.175
  65 0.645 21.764 549.005
  66 0.655 21.978 527.547
  67 0.665 21.944 542.288
  68 0.675 21.826 545.808
  69 0.685 21.766 515.204
  70 0.695 21.402 535.04
  71 0.705 21.486 527.424
  72 0.715 21.48 529.859
  73 0.725 20.962 527.469
  74 0.735 19.134 535.924
  75 0.745 18.594 573.295
  76 0.755 19.962 563.755
  77 0.765 21.238 584.689
  78 0.775 21.7 556.717
  79 0.785 21.324 516.61
  80 0.795 21.506 494.388
  81 0.805 21.736 472.147
  82 0.815 21.966 459.05
  83 0.825 21.974 473.077
  84 0.835 21.988 475.346
  85 0.845 21.824 453.094
  86 0.855 20.56 468.15
  87 0.865 19.128 461.268
  88 0.875 19.206 461.471
  89 0.885 21.346 430.243
  90 0.895 21.948 444.126
  91 0.905 21.994 439.194
  92 0.915 21.982 457.651
  93 0.925 21.894 483.236
  94 0.935 21.752 451.153
  95 0.945 21.378 464.55
  96 0.955 21.438 427.526
  97 0.965 21.636 396.041
  98 0.975 21.45 416.559
  99 0.985 19.916 425.391
  100 0.995 18.216 409.545
85000 100 2112
  1 0.005 19.18 383.682
  2 0.015 21.126 353.858
  3 0.025 21.72 354.805
  4 0.035 21.44 369.207
  5 0.045 21.374 372.892
  6 0.055 21.596 355.931
  7 0.065 21.774 403.224
  8 0.075 21.954 404.662
  9 0.085 21.996 418.552
  10 0.095 22 423.394
  11 0.105 21.822 425.382
  12 0.115 21.174 396.821
  13 0.125 19.106 407.494
  14 0.135 19.284 418.777
  15 0.145 20.754 428.949
  16 0.155 21.86 421.879
  17 0.165 22 413.61
  18 0.175 22 421.098
  19 0.185 21.934 426.751
  20 0.195 21.818 465.638
  21 0.205 21.438 467.026
  22 0.215 21.416 497.764
  23 0.225 21.554 487.285
  24 0.235 21.598 504.08
  25 0.245 20.318 525.019
  26 0.255 18.436 530.677
  27 0.265 18.712 529.428
  28 0.275 20.928 554.909
  29 0.285 21.606 525.864
  30 0.295 21.478 549.934
  31 0.305 21.25 567.559
  32 0.315 21.63 524.295
  33 0.325 21.91 533.25
  34 0.335 21.982 524.584
  35 0.345 21.992 518.62
  36 0.355 21.878 536.455
  37 0.365 21.368 559.772
  38 0.375 19.588 548.512
  39 0.385 18.908 543.151
  40 0.395 20.64 567.06
  41 0.405 21.666 572.775
  42 0.415 21.952 588.601
  43 0.425 21.982 585.733
  44 0.435 21.878 605.163
  45 0.445 21.686 623.384
  46 0.455 21.478 626.31
  47 0.465 21.362 630.914
  48 0.475 21.424 644.564
  49 0.485 20.866 627.792
  50 0.495 18.974 633.985
  51 0.505 18.768 645.501
  52 0.515 20.03 663.572
  53 0.525 21.392 657.344
  54 0.535 21.41 660.891
  55 0.545 21.402 615.127
  56 0.555 21.506 641.555
  57 0.565 21.906 671.21
  58 0.575 21.968 666.28
  59 0.585 21.958 629.802
  60 0.595 21.758 591.882
  61 0.605 20.858 597.201
  62 0.615 19.312 579.349
  63 0.625 19.38 570.243
  64 0.635 20.792 568.73
  65 0.645 21.932 565.635
  66 0.655 21.966 595.723
  67 0.665 21.956 567.802
  68 0.675 21.846 556.509
  69 0.685 21.664 534.351
  70 0.695 21.38 534.675
  71 0.705 21.42 537.222
  72 0.715 21.556 505.175
  73 0.725 20.934 474.872
  74 0.735 18.94 489.571
  75 0.745 18.338 498.759
  76 0.755 20.322 508.155
  77 0.765 21.48 510.641
  78 0.775 21.538 493.537
  79 0.785 21.286 496.842
  80 0.795 21.638 479.747
  81 0.805 21.76 481.182
  82 0.815 21.954 483.007
  83 0.825 22 462.754
  84 0.835 21.94 489.47
  85 0.845 21.784 467.712
  86 0.855 20.59 497.738
  87 0.865 18.732 489.028
  88 0.875 19.53 485.757
  89 0.885 21.51 476.027
  90 0.895 21.914 463.857
  91 0.905 22 458.494
  92 0.915 21.972 472.967
  93 0.925 21.952 431.638
  94 0.935 21.626 445.163
  95 0.945 21.406 407.589
  96 0.955 21.454 409.304
  97 0.965 21.688 398.112
  98 0.975 21.506 405.784
  99 0.985 20.206 399.256
  100 0.995 18.03 383.738
90000 100 2112
  1 0.005 19.154 402.885
  2 0.015 21.094 365.57
  3 0.025 21.724 353.954
  4 0.035 21.604 366.187
  5 0.045 21.244 356.433
  6 0.055 21.488 380.228
  7 0.065 21.836 360.817
  8 0.075 21.958 382.332
  9 0.085 21.988 392.408
  10 0.095 21.988 407.798
  11 0.105 21.95 409.836
  12 0.115 21.304 422.876
  13 0.125 19.696 415.36
  14 0.135 18.894 418.003
  15 0.145 20.578 411.045
  16 0.155 21.696 422.022
  17 0.165 21.894 438.472
  18 0.175 21.99 424.372
  19 0.185 21.934 479.624
  20 0.195 21.776 487.391
  21 0.205 21.722 508.51
  22 0.215 21.362 501.652
  23 0.225 21.336 531.241
  24 0.235 21.604 545.93
  25 0.245 20.49 526.638
  26 0.255 18.58 529.221
  27 0.265 18.548 513.645
  28 0.275 20.816 506.55
  29 0.285 21.602 510.171
  30 0.295 21.432 483.012
  31 0.305 21.342 503.229
  32 0.315 21.612 533.827
  33 0.325 21.88 541.633
  34 0.335 21.958 601.901
  35 0.345 22.016 554.735
  36 0.355 21.844 559.678
  37 0.365 21.098 600.75
  38 0.375 19.554 607.131
  39 0.385 18.95 597.733
  40 0.395 20.808 585.983
  41 0.405 21.746 557.053
  42 0.415 22 548.579
  43 0.425 21.974 614.477
  44 0.435 21.874 602.637
  45 0.445 21.614 622.686
  46 0.455 21.348 617.251
  47 0.465 21.448 626.232
  48 0.475 21.536 599.294
  49 0.485 20.414 645.911
  50 0.495 18.64 652.993
  51 0.505 18.786 701.116
  52 0.515 20.484 707.075
  53 0.525 21.532 667.049
  54 0.535 21.44 616.005
  55 0.545 21.314 608.505
  56 0.555 21.766 577.944
  57 0.565 21.864 601.848
  58 0.575 21.966 617.564
  59 0.585 22.006 593.312
  60 0.595 21.696 578.904
  61 0.605 20.808 587.385
  62 0.615 19.092 564.965
  63 0.625 19.484 550.582
  64 0.635 21.08 559.672
  65 0.645 21.834 585.767
  66 0.655 21.994 586.417
  67 0.665 21.95 604.721
  68 0.675 21.828 551.235
  69 0.685 21.712 511.609
  70 0.695 21.394 525.014
  71 0.705 21.37 537.518
  72 0.715 21.55 499.803
  73 0.725 20.996 475.916
  74 0.735 19.156 456.729
  75 0.745 18.298 461.851
  76 0.755 20.122 472.988
  77 0.765 21.552 509.411
  78 0.775 21.58 525.441
  79 0.785 21.276 531.83
  80 0.795 21.492 513.008
  81 0.805 21.816 513.405
  82 0.815 21.92 499.365
  83 0.825 22.008 494.229
  84 0.835 21.932 467.381
  85 0.845 21.8 474.285
  86 0.855 20.644 489.141
  87 0.865 18.742 496.718
  88 0.875 19.624 489.403
  89 0.885 21.336 462.184
  90 0.895 21.92 449.252
  91 0.905 21.988 470.637
  92 0.915 21.992 439.089
  93 0.925 21.89 425.153
  94 0.935 21.654 429.568
  95 0.945 21.576 408.609
  96 0.955 21.304 414.146
  97 0.965 21.658 396.243
  98 0.975 21.63 408.888
  99 0.985 20.064 406.764
  100 0.995 18.142 397.236
95000 100 2111.9999999999995
  1 0.005 18.836 362.791
  2 0.015 20.904 336.824
  3 0.025 21.714 348.231
  4 0.035 21.63 344.539
  5 0.045 21.286 355.537
  6 0.055 21.41 370.84
  7 0.065 21.858 377.729
  8 0.075 21.942 396.947
  9 0.085 21.992 420.632
  10 0.095 22 430.07
  11 0.105 21.91 442.378
  12 0.115 21.024 439.144
  13 0.125 19.49 455.006
  14 0.135 18.818 449.787
  15 0.145 20.882 458.61
  16 0.155 21.888 448.722
  17 0.165 21.986 473.515
  18 0.175 21.99 469.13
  19 0.185 21.93 465.668
  20 0.195 21.764 482.083
  21 0.205 21.404 501.72
  22 0.215 21.536 501.95
  23 0.225 21.514 526.208
  24 0.235 21.374 531.453
  25 0.245 20.192 514.845
  26 0.255 18.436 502.941
  27 0.265 18.912 514.403
  28 0.275 20.996 512.65
  29 0.285 21.61 483.745
  30 0.295 21.538 501.069
  31 0.305 21.326 500.929
  32 0.315 21.708 493.636
  33 0.325 21.816 522.993
  34 0.335 21.958 585
  35 0.345 21.982 586.042
  36 0.355 21.93 584.168
  37 0.365 21.216 608.47
  38 0.375 19.558 586.639
  39 0.385 19.054 581.929
  40 0.395 20.546 589.048
  41 0.405 21.724 598.49
  42 0.415 21.988 561.144
  43 0.425 21.972 575.722
  44 0.435 21.892 560.273
  45 0.445 21.72 598.772
  46 0.455 21.42 624.838
  47 0.465 21.41 648.753
  48 0.475 21.398 651.319
  49 0.485 20.632 645.937
  50 0.495 18.956 642.425
  51 0.505 18.662 678.744
  52 0.515 20.172 675.5
  53 0.525 21.558 642.176
  54 0.535 21.31 609.472
  55 0.545 21.412 584.723
  56 0.555 21.694 574.028
  57 0.565 21.804 575.365
  58 0.575 21.99 594.709
  59 0.585 21.992 600.328
  60 0.595 21.73 621.725
  61 0.605 20.896 573.988
  62 0.615 19.034 572.205
  63 0.625 19.468 546.695
  64 0.635 20.992 552.878
  65 0.645 21.918 555.322
  66 0.655 21.968 561.61
  67 0.665 21.966 552.716
  68 0.675 21.892 550.972
  69 0.685 21.572 534.169
  70 0.695 21.43 533.77
  71 0.705 21.378 532.121
  72 0.715 21.552 528.759
  73 0.725 20.798 532.393
  74 0.735 18.806 517.195
  75 0.745 18.774 550.876
  76 0.755 20.248 527.464
  77 0.765 21.394 529.671
  78 0.775 21.55 502.651
  79 0.785 21.312 481.666
  80 0.795 21.576 487.118
  81 0.805 21.812 470.163
  82 0.815 21.946 474.91
  83 0.825 21.994 476.958
  84 0.835 22 468.095
  85 0.845 21.742 487.27
  86 0.855 20.744 462.506
  87 0.865 19.01 454.699
  88 0.875 19.558 446.888
  89 0.885 21.018 464.22
  90 0.895 21.964 455.17
  91 0.905 21.964 445.73
  92 0.915 21.966 435.463
  93 0.925 21.946 438.976
  94 0.935 21.704 464.158
  95 0.945 21.536 456.061
  96 0.955 21.362 439.294
  97 0.965 21.634 414.341
  98 0.975 21.524 405.281
  99 0.985 20.374 388.584
  100 0.995 18.382 389.255
100000 100 2112.0000000000005
  1 0.005 18.782 364.586
  2 0.015 20.834 357.03
  3 0.025 21.802 350.106
  4 0.035 21.538 354.551
  5 0.045 21.414 374.159
  6 0.055 21.44 407.515
  7 0.065 21.774 392.58
  8 0.075 21.942 396.776
  9 0.085 21.982 408.951
  10 0.095 22.006 424.035
  11 0.105 21.888 438.78
  12 0.115 21.45 436.913
  13 0.125 19.332 442.024
  14 0.135 19.244 449.308
  15 0.145 20.532 471.91
  16 0.155 21.572 467.389
  17 0.165 21.982 466.889
  18 0.175 21.988 507.846
  19 0.185 21.958 507.313
  20 0.195 21.726 498.934
  21 0.205 21.622 494.151
  22 0.215 21.392 501.587
  23 0.225 21.444 483.655
  24 0.235 21.532 459.706
  25 0.245 20.254 493.88
  26 0.255 18.686 496.692
  27 0.265 18.796 494.22
  28 0.275 20.764 509.615
  29 0.285 21.594 533.764
  30 0.295 21.41 532.523
  31 0.305 21.4 558.104
  32 0.315 21.632 554.828
  33 0.325 21.83 528.185
  34 0.335 21.972 543
  35 0.345 22 558.321
  36 0.355 21.862 594.669
  37 0.365 21.018 589.628
  38 0.375 19.28 593.226
  39 0.385 19.19 609.887
  40 0.395 20.894 605.187
  41 0.405 21.774 588.735
  42 0.415 21.98 617.65
  43 0.425 21.936 618.618
  44 0.435 21.9 613.275
  45 0.445 21.68 604.451
  46 0.455 21.33 599.963
  47 0.465 21.414 632.708
  48 0.475 21.446 623.885
  49 0.485 20.434 640.411
  50 0.495 18.634 628.282
  51 0.505 18.878 599.543
  52 0.515 20.64 619.324
  53 0.525 21.362 620.085
  54 0.535 21.498 623.32
  55 0.545 21.406 632.348
  56 0.555 21.61 619.821
  57 0.565 21.87 619.986
  58 0.575 21.972 597.538
  59 0.585 21.974 596.965
  60 0.595 21.872 598.492
  61 0.605 20.896 583.158
  62 0.615 19.024 590.822
  63 0.625 19.244 589.16
  64 0.635 21.094 560.397
  65 0.645 21.908 535.616
  66 0.655 21.966 523.328
  67 0.665 21.996 521.828
  68 0.675 21.868 538.522
  69 0.685 21.474 595.707
  70 0.695 21.604 555.363
  71 0.705 21.36 539.749
  72 0.715 21.606 501.864
  73 0.725 20.874 490.854
  74 0.735 19.06 506.587
  75 0.745 18.518 505.657
  76 0.755 20.024 540.455
  77 0.765 21.516 488.933
  78 0.775 21.618 484.262
  79 0.785 21.342 481.24
  80 0.795 21.412 476.143
  81 0.805 21.806 464.817
  82 0.815 21.944 454.888
  83 0.825 21.992 469.434
  84 0.835 22 444.39
  85 0.845 21.812 452.839
  86 0.855 20.516 461.678
  87 0.865 19.204 481.567
  88 0.875 19.52 502.283
  89 0.885 21.112 447.988
  90 0.895 21.836 467.978
  91 0.905 21.992 458.329
  92 0.915 22.004 429.692
  93 0.925 21.922 417.922
  94 0.935 21.722 424.702
  95 0.945 21.554 419.065
  96 0.955 21.31 428.559
  97 0.965 21.632 430.321
  98 0.975 21.568 406.4
  99 0.985 20.494 394.563
  100 0.995 18.288 395.263
105000 100 2112.0000000000005
  1 0.005 18.696 369.441
  2 0.015 20.9 347
  3 0.025 21.79 347.623
  4 0.035 21.514 359.528
  5 0.045 21.33 371.353
  6 0.055 21.498 395.837
  7 0.065 21.82 389.618
  8 0.075 21.944 403.249
  9 0.085 21.992 391.582
  10 0.095 22 391.146
  11 0.105 21.92 414.351
  12 0.115 21.188 436.851
  13 0.125 19.09 450.055
  14 0.135 19.282 471.632
  15 0.145 20.802 495.086
  16 0.155 21.734 473.563
  17 0.165 21.984 480.521
  18 0.175 21.96 480.439
  19 0.185 21.99 465.105
  20 0.195 21.718 456.337
  21 0.205 21.496 465.519
  22 0.215 21.44 464.845
  23 0.225 21.484 479.223
  24 0.235 21.48 493.287
  25 0.245 20.222 513.44
  26 0.255 18.348 506.334
  27 0.265 19.048 518.667
  28 0.275 20.892 498.49
  29 0.285 21.63 512.14
  30 0.295 21.478 532.817
  31 0.305 21.376 542.996
  32 0.315 21.65 579.864
  33 0.325 21.808 586.861
  34 0.335 21.984 591.882
  35 0.345 21.962 574.897
  36 0.355 21.908 556.695
  37 0.365 21.386 539.034
  38 0.375 19.332 571.512
  39 0.385 19.26 590.846
  40 0.395 20.596 600.699
  41 0.405 21.58 607.654
  42 0.415 21.972 599.15
  43 0.425 21.98 605.906
  44 0.435 21.83 601.901
  45 0.445 21.652 583.951
  46 0.455 21.524 618.643
  47 0.465 21.436 634.066
  48 0.475 21.388 622.182
  49 0.485 20.87 653.656
  50 0.495 18.962 646.183
  51 0.505 18.532 625.749
  52 0.515 20.108 627.281
  53 0.525 21.466 617.786
  54 0.535 21.482 645.234
  55 0.545 21.326 627.301
  56 0.555 21.674 628.029
  57 0.565 21.804 612.648
  58 0.575 21.97 580.569
  59 0.585 21.986 631.333
  60 0.595 21.754 629.712
  61 0.605 20.816 647.484
  62 0.615 18.542 655.848
  63 0.625 19.874 614.259
  64 0.635 21.172 595.881
  65 0.645 21.848 564.948
  66 0.655 22.004 532.42
  67 0.665 21.932 535.609
  68 0.675 21.866 552.679
  69 0.685 21.526 536.443
  70 0.695 21.49 513.765
  71 0.705 21.418 534.139
  72 0.715 21.558 490.62
  73 0.725 20.73 501.252
  74 0.735 18.772 502.194
  75 0.745 18.616 516.94
  76 0.755 20.326 536.856
  77 0.765 21.592 494.378
  78 0.775 21.618 470.522
  79 0.785 21.388 479.306
  80 0.795 21.486 471.421
  81 0.805 21.752 457.798
  82 0.815 21.94 453.83
  83 0.825 21.99 458.637
  84 0.835 21.964 481.675
  85 0.845 21.764 470.606
  86 0.855 20.772 457.277
  87 0.865 19.372 483.233
  88 0.875 19.29 498.62
  89 0.885 20.99 462.143
  90 0.895 21.868 435.452
  91 0.905 21.98 445.532
  92 0.915 21.996 410.711
  93 0.925 21.94 396.945
  94 0.935 21.762 425.25
  95 0.945 21.414 417.609
  96 0.955 21.46 414.452
  97 0.965 21.534 407.218
  98 0.975 21.632 409.744
  99 0.985 20.428 458.257
  100 0.995 18.35 398.208
110000 100 2112
  1 0.005 19.164 341.603
  2 0.015 20.976 347.677
  3 0.025 21.746 352.497
  4 0.035 21.556 371.055
  5 0.045 21.394 378.956
  6 0.055 21.422 403.028
  7 0.065 21.868 407.088
  8 0.075 21.954 409.839
  9 0.085 21.984 424.695
  10 0.095 22 417.801
  11 0.105 21.842 416.331
  12 0.115 21.296 402.014
  13 0.125 19.514 438.777
  14 0.135 19.256 448.851
  15 0.145 20.508 476.116
  16 0.155 21.634 470.201
  17 0.165 21.944 435.27
  18 0.175 21.99 448.754
  19 0.185 21.948 464.426
  20 0.195 21.782 432.596
  21 0.205 21.604 424.529
  22 0.215 21.456 436.545
  23 0.225 21.43 513.564
  24 0.235 21.48 506.931
  25 0.245 20.586 532.775
  26 0.255 18.496 510.556
  27 0.265 18.528 526.23
  28 0.275 20.84 500.06
  29 0.285 21.686 507.794
  30 0.295 21.42 514.696
  31 0.305 21.392 559.191
  32 0.315 21.528 596.361
  33 0.325 21.902 578.925
  34 0.335 21.942 577.103
  35 0.345 21.992 580.594
  36 0.355 21.876 562.619
  37 0.365 21.114 563.086
  38 0.375 19.688 564.005
  39 0.385 19.096 587.476
  40 0.395 20.622 590.365
  41 0.405 21.62 605.142
  42 0.415 21.992 590.386
  43 0.425 21.938 600.595
  44 0.435 21.898 592.851
  45 0.445 21.662 616.438
  46 0.455 21.348 630.532
  47 0.465 21.592 658.624
  48 0.475 21.28 672.761
  49 0.485 20.544 652.551
  50 0.495 18.69 690.901
  51 0.505 18.846 673.32
  52 0.515 20.402 685.701
  53 0.525 21.458 617.027
  54 0.535 21.39 614.555
  55 0.545 21.612 583.184
  56 0.555 21.484 613.397
  57 0.565 21.92 593.85
  58 0.575 21.936 593.85
  59 0.585 21.98 586.291
  60 0.595 21.74 567.5
  61 0.605 20.938 605.804
  62 0.615 19.228 597.798
  63 0.625 19.314 603.949
  64 0.635 21.064 617.352
  65 0.645 21.732 616.05
  66 0.655 21.99 565.828
  67 0.665 21.966 580.067
  68 0.675 21.888 565.924
  69 0.685 21.622 535.957
  70 0.695 21.386 541.17
  71 0.705 21.456 517.443
  72 0.715 21.514 495.087
  73 0.725 20.876 501.046
  74 0.735 19.1 496.564
  75 0.745 18.402 500.932
  76 0.755 20.13 509.884
  77 0.765 21.574 475.073
  78 0.775 21.4 474.173
  79 0.785 21.442 495.705
  80 0.795 21.508 466.693
  81 0.805 21.798 463.356
  82 0.815 21.952 457.407
  83 0.825 21.996 464.049
  84 0.835 21.934 477.837
  85 0.845 21.722 477.695
  86 0.855 20.186 478.787
  87 0.865 19.122 489.048
  88 0.875 19.87 503.484
  89 0.885 21.334 459.167
  90 0.895 21.832 456.455
  91 0.905 21.998 460.893
  92 0.915 21.97 445.314
  93 0.925 21.942 421.18
  94 0.935 21.614 419.175
  95 0.945 21.528 425.257
  96 0.955 21.398 425.961
  97 0.965 21.554 416.067
  98 0.975 21.626 401.429
  99 0.985 20.08 390.697
  100 0.995 18.226 376.34
115000 100 2112
  1 0.005 18.602 358.981
  2 0.015 20.716 348.067
  3 0.025 21.696 359.428
  4 0.035 21.624 383.661
  5 0.045 21.322 396.714
  6 0.055 21.398 395.117
  7 0.065 21.804 391.974
  8 0.075 21.96 412.887
  9 0.085 21.988 431.626
  10 0.095 22 423.041
  11 0.105 21.86 421.298
  12 0.115 21.32 433.167
  13 0.125 19.498 435.625
  14 0.135 19.362 438.65
  15 0.145 20.336 431.934
  16 0.155 21.68 431.358
  17 0.165 21.952 465.971
  18 0.175 21.988 466.345
  19 0.185 21.946 456.115
  20 0.195 21.806 462.531
  21 0.205 21.506 478.349
  22 0.215 21.426 481.769
  23 0.225 21.45 479.767
  24 0.235 21.602 473.497
  25 0.245 20.428 498.477
  26 0.255 18.8 526.226
  27 0.265 18.656 517.521
  28 0.275 20.586 512.004
  29 0.285 21.586 539.81
  30 0.295 21.442 576.666
  31 0.305 21.374 571.48
  32 0.315 21.554 576.124
  33 0.325 21.908 573.506
  34 0.335 21.934 582.103
  35 0.345 21.988 567.561
  36 0.355 21.796 564.702
  37 0.365 21.142 542.64
  38 0.375 19.638 563.355
  39 0.385 19.18 547.445
  40 0.395 20.644 563.305
  41 0.405 21.68 579.953
  42 0.415 21.928 637.07
  43 0.425 21.94 628.902
  44 0.435 21.904 642.303
  45 0.445 21.536 657.267
  46 0.455 21.452 619.115
  47 0.465 21.434 630.799
  48 0.475 21.484 623.212
  49 0.485 20.456 604.394
  50 0.495 18.53 641.946
  51 0.505 18.884 671.967
  52 0.515 20.564 649.347
  53 0.525 21.476 606.336
  54 0.535 21.414 611.655
  55 0.545 21.512 606.217
  56 0.555 21.61 601.488
  57 0.565 21.842 593.424
  58 0.575 21.972 582.242
  59 0.585 21.938 600.155
  60 0.595 21.938 582.022
  61 0.605 20.782 569.546
  62 0.615 18.844 595.745
  63 0.625 19.372 601.983
  64 0.635 21.174 606.704
  65 0.645 21.956 608.161
  66 0.655 21.968 571.529
  67 0.665 21.986 564.834
  68 0.675 21.822 545.346
  69 0.685 21.526 552.7
  70 0.695 21.508 537.988
  71 0.705 21.382 559.706
  72 0.715 21.478 546.426
  73 0.725 20.638 517.355
  74 0.735 18.848 490.596
  75 0.745 18.72 520.861
  76 0.755 20.294 498.011
  77 0.765 21.642 509.07
  78 0.775 21.446 494.746
  79 0.785 21.456 491.402
  80 0.795 21.538 471.98
  81 0.805 21.778 482.828
  82 0.815 21.97 495.335
  83 0.825 21.99 499.601
  84 0.835 21.988 449.484
  85 0.845 21.724 458.885
  86 0.855 20.534 444.023
  87 0.865 19.106 431.333
  88 0.875 19.79 423.717
  89 0.885 21.042 449.388
  90 0.895 21.816 450.539
  91 0.905 21.994 463.427
  92 0.915 21.998 444.893
  93 0.925 21.918 455.924
  94 0.935 21.798 454.803
  95 0.945 21.514 449.639
  96 0.955 21.282 419.215
  97 0.965 21.586 396.757
  98 0.975 21.726 389.631
  99 0.985 20.64 371.103
  100 0.995 18.434 380.991
120000 100 2111.9999999999995
  1 0.005 18.75 375.627
  2 0.015 20.994 349.144
  3 0.025 21.75 381.889
  4 0.035 21.532 396.675
  5 0.045 21.326 411.267
  6 0.055 21.53 415.955
  7 0.065 21.754 407.002
  8 0.075 21.986 402.125
  9 0.085 21.988 419.049
  10 0.095 21.994 436.584
  11 0.105 21.816 432.554
  12 0.115 21.274 446.841
  13 0.125 19.534 436.012
  14 0.135 18.89 431.223
  15 0.145 20.768 427.097
  16 0.155 21.744 434.428
  17 0.165 21.98 459.778
  18 0.175 21.99 475.974
  19 0.185 21.93 497.117
  20 0.195 21.812 472.511
  21 0.205 21.572 496.039
  22 0.215 21.362 501.162
  23 0.225 21.474 527.2
  24 0.235 21.472 537.803
  25 0.245 20.148 547.276
  26 0.255 18.258 527.264
  27 0.265 19.132 528.15
  28 0.275 20.916 542.55
  29 0.285 21.558 532.181
  30 0.295 21.404 535.116
  31 0.305 21.528 526.356
  32 0.315 21.54 550.993
  33 0.325 21.93 521.013
  34 0.335 21.982 559.126
  35 0.345 21.992 548.108
  36 0.355 21.722 517.228
  37 0.365 21.276 553.912
  38 0.375 19.098 587.04
  39 0.385 19.38 593.914
  40 0.395 20.758 607.823
  41 0.405 21.79 612.048
  42 0.415 21.976 557.911
  43 0.425 21.946 573.55
  44 0.435 21.846 613.366
  45 0.445 21.604 598.825
  46 0.455 21.528 599.033
  47 0.465 21.396 633.838
  48 0.475 21.49 642.165
  49 0.485 20.576 631.855
  50 0.495 18.794 653.281
  51 0.505 18.512 691.285
  52 0.515 20.524 637.443
  53 0.525 21.44 662.939
  54 0.535 21.53 642.953
  55 0.545 21.354 628.475
  56 0.555 21.578 590.084
  57 0.565 21.912 593.647
  58 0.575 21.98 564.298
  59 0.585 21.958 602.655
  60 0.595 21.822 575.507
  61 0.605 21.04 555.896
  62 0.615 19.17 568.501
  63 0.625 19.22 552.632
  64 0.635 20.936 538.127
  65 0.645 21.864 497.156
  66 0.655 21.98 504.005
  67 0.665 21.972 506.643
  68 0.675 21.864 525.606
  69 0.685 21.684 550.715
  70 0.695 21.352 576.725
  71 0.705 21.452 579.404
  72 0.715 21.564 543.889
  73 0.725 20.678 529.619
  74 0.735 19.116 529.389
  75 0.745 18.562 547.911
  76 0.755 20.158 512.258
  77 0.765 21.476 542.072
  78 0.775 21.54 520.298
  79 0.785 21.274 510.901
  80 0.795 21.646 487.538
  81 0.805 21.718 520.482
  82 0.815 21.948 488.925
  83 0.825 21.996 453.672
  84 0.835 21.994 437.512
  85 0.845 21.78 447.328
  86 0.855 20.858 426.11
  87 0.865 18.97 418.685
  88 0.875 19.516 442.828
  89 0.885 21.006 461.307
  90 0.895 21.922 449.042
  91 0.905 21.954 464.158
  92 0.915 21.99 484.085
  93 0.925 21.92 444.365
  94 0.935 21.756 410.692
  95 0.945 21.444 407.835
  96 0.955 21.3 418.482
  97 0.965 21.692 406.285
  98 0.975 21.602 412.837
  99 0.985 20.43 401.971
  100 0.995 18.256 399.256
125000 100 2112
  1 0.005 18.6 387.131
  2 0.015 20.822 368.924
  3 0.025 21.746 393.632
  4 0.035 21.648 392.811
  5 0.045 21.196 411.77
  6 0.055 21.522 391.405
  7 0.065 21.794 387.205
  8 0.075 21.976 386.723
  9 0.085 21.99 417.259
  10 0.095 21.996 431.376
  11 0.105 21.86 439.96
  12 0.115 21.3 445.62
  13 0.125 19.356 437.84
  14 0.135 19.112 437.259
  15 0.145 20.628 458.544
  16 0.155 21.762 460.497
  17 0.165 21.986 499.732
  18 0.175 21.986 478.279
  19 0.185 21.952 483.281
  20 0.195 21.766 487.006
  21 0.205 21.498 514.064
  22 0.215 21.302 521.887
  23 0.225 21.602 520.393
  24 0.235 21.366 509.949
  25 0.245 20.138 515.796
  26 0.255 18.362 513.519
  27 0.265 19.18 523.708
  28 0.275 20.896 533.96
  29 0.285 21.624 519.21
  30 0.295 21.482 523.257
  31 0.305 21.274 537.079
  32 0.315 21.72 543.713
  33 0.325 21.87 543.401
  34 0.335 21.982 571.696
  35 0.345 21.972 564.283
  36 0.355 21.812 540.97
  37 0.365 21.094 525.824
  38 0.375 19.098 540.268
  39 0.385 19.434 546.175
  40 0.395 20.81 564.299
  41 0.405 21.78 572.087
  42 0.415 22 581.799
  43 0.425 21.962 623.797
  44 0.435 21.87 630.989
  45 0.445 21.572 622.785
  46 0.455 21.374 607.604
  47 0.465 21.502 588.623
  48 0.475 21.56 578.331
  49 0.485 20.532 613.581
  50 0.495 18.742 626.783
  51 0.505 18.6 608.84
  52 0.515 20.558 665.407
  53 0.525 21.4 661.84
  54 0.535 21.518 624.022
  55 0.545 21.306 672.482
  56 0.555 21.666 681.055
  57 0.565 21.868 620.192
  58 0.575 21.988 607.402
  59 0.585 21.946 605.932
  60 0.595 21.892 585.459
  61 0.605 20.564 589.306
  62 0.615 19.476 557.294
  63 0.625 19.218 559.213
  64 0.635 21.118 534.314
  65 0.645 21.776 557.852
  66 0.655 21.98 554.628
  67 0.665 21.98 534.146
  68 0.675 21.872 502.56
  69 0.685 21.702 519.605
  70 0.695 21.364 548.365
  71 0.705 21.488 539.523
  72 0.715 21.518 519.762
  73 0.725 20.91 554.397
  74 0.735 19.074 581.611
  75 0.745 18.504 548.41
  76 0.755 20.024 521.325
  77 0.765 21.418 508.35
  78 0.775 21.654 479.012
  79 0.785 21.276 488.387
  80 0.795 21.46 460.276
  81 0.805 21.842 466.943
  82 0.815 21.942 469.123
  83 0.825 21.984 491.104
  84 0.835 22 475.923
  85 0.845 21.764 473.945
  86 0.855 20.776 450.115
  87 0.865 19.066 444.709
  88 0.875 19.546 440.984
  89 0.885 21.056 454.233
  90 0.895 21.848 461.423
  91 0.905 21.944 477.557
  92 0.915 21.996 449.3
  93 0.925 21.922 450.742
  94 0.935 21.766 431.063
  95 0.945 21.48 416.675
  96 0.955 21.272 417.57
  97 0.965 21.682 391.409
  98 0.975 21.63 391.326
  99 0.985 20.52 385.543
  100 0.995 18.438 399.101
130000 100 2112
  1 0.005 18.538 398.12
  2 0.015 20.66 377.475
  3 0.025 21.756 389.995
  4 0.035 21.542 395.54
  5 0.045 21.424 390.842
  6 0.055 21.398 413.562
  7 0.065 21.79 433.391
  8 0.075 21.994 420.091
  9 0.085 21.994 427.933
  10 0.095 22 422.29
  11 0.105 21.928 414.698
  12 0.115 21.164 431.636
  13 0.125 19.074 448.162
  14 0.135 19.132 423.53
  15 0.145 20.906 434.313
  16 0.155 21.82 451.478
  17 0.165 21.976 451.976
  18 0.175 21.974 480.495
  19 0.185 21.944 456.574
  20 0.195 21.698 482.079
  21 0.205 21.564 501.375
  22 0.215 21.436 502.235
  23 0.225 21.452 535.365
  24 0.235 21.32 544.458
  25 0.245 20.006 516.15
  26 0.255 18.442 532.173
  27 0.265 19.302 536.369
  28 0.275 20.9 536.347
  29 0.285 21.574 544.846
  30 0.295 21.556 525.604
  31 0.305 21.292 539.617
  32 0.315 21.694 531.023
  33 0.325 21.892 520.018
  34 0.335 21.966 528.379
  35 0.345 21.982 558.845
  36 0.355 21.77 546.705
  37 0.365 21.098 565.072
  38 0.375 19.314 564.383
  39 0.385 19.468 565.516
  40 0.395 20.676 593.239
  41 0.405 21.716 600.022
  42 0.415 21.964 580.691
  43 0.425 21.956 587.164
  44 0.435 21.842 604.735
  45 0.445 21.668 614.225
  46 0.455 21.376 618.012
  47 0.465 21.496 563.449
  48 0.475 21.492 573.469
  49 0.485 20.75 585.506
  50 0.495 18.852 600.362
  51 0.505 18.494 623.76
  52 0.515 20.45 657.087
  53 0.525 21.39 643.073
  54 0.535 21.376 639.769
  55 0.545 21.5 651.606
  56 0.555 21.542 664.276
  57 0.565 21.884 630.386
  58 0.575 21.932 634.37
  59 0.585 21.986 625.474
  60 0.595 21.758 628.993
  61 0.605 20.858 616.54
  62 0.615 19.204 648.821
  63 0.625 19.414 586.234
  64 0.635 20.962 554.487
  65 0.645 21.818 548.05
  66 0.655 21.998 528.14
  67 0.665 21.954 515.298
  68 0.675 21.914 503.992
  69 0.685 21.706 514.386
  70 0.695 21.39 533.201
  71 0.705 21.4 541.594
  72 0.715 21.56 542.341
  73 0.725 20.83 515.086
  74 0.735 19.21 530.779
  75 0.745 18.598 518.302
  76 0.755 19.916 519.284
  77 0.765 21.402 488.262
  78 0.775 21.616 496.246
  79 0.785 21.278 479.933
  80 0.795 21.492 468.079
  81 0.805 21.78 489.712
  82 0.815 21.97 488.267
  83 0.825 21.986 514.859
  84 0.835 21.966 509.347
  85 0.845 21.638 476.456
  86 0.855 20.754 452.88
  87 0.865 19.25 446.478
  88 0.875 19.406 438.97
  89 0.885 21.296 410.983
  90 0.895 21.708 411.752
  91 0.905 21.982 428.421
  92 0.915 21.998 423.915
  93 0.925 21.922 406.4
  94 0.935 21.808 413.304
  95 0.945 21.516 421.352
  96 0.955 21.406 426.176
  97 0.965 21.462 419.253
  98 0.975 21.636 444.329
  99 0.985 20.63 425.775
  100 0.995 18.526 419.146
135000 100 2111.9999999999995
  1 0.005 18.498 379.573
  2 0.015 20.842 385.263
  3 0.025 21.666 402.398
  4 0.035 21.494 417.345
  5 0.045 21.406 401.607
  6 0.055 21.488 412.463
  7 0.065 21.784 423.383
  8 0.075 21.946 429.34
  9 0.085 21.998 419.781
  10 0.095 21.988 418.781
  11 0.105 21.926 413.541
  12 0.115 21.208 449.153
  13 0.125 19.34 470.238
  14 0.135 19.22 458.12
  15 0.145 20.672 463.906
  16 0.155 21.646 488.404
  17 0.165 21.998 469.202
  18 0.175 21.988 494.257
  19 0.185 21.886 490.59
  20 0.195 21.772 480.854
  21 0.205 21.584 490.442
  22 0.215 21.466 506.428
  23 0.225 21.426 511.874
  24 0.235 21.448 508.212
  25 0.245 20.25 496.133
  26 0.255 18.174 514.132
  27 0.265 19.08 511.226
  28 0.275 20.962 513.437
  29 0.285 21.668 513.518
  30 0.295 21.414 518.712
  31 0.305 21.354 529.79
  32 0.315 21.708 506.084
  33 0.325 21.842 511.271
  34 0.335 21.976 530.246
  35 0.345 21.97 564.11
  36 0.355 21.922 547.255
  37 0.365 20.892 580.542
  38 0.375 19.308 585.865
  39 0.385 19.284 556.07
  40 0.395 20.818 532.272
  41 0.405 21.836 560.758
  42 0.415 21.964 628.165
  43 0.425 21.962 648.394
  44 0.435 21.882 633.469
  45 0.445 21.652 673.819
  46 0.455 21.372 659.215
  47 0.465 21.438 629.642
  48 0.475 21.548 606.524
  49 0.485 20.448 645.568
  50 0.495 18.85 626.721
  51 0.505 18.64 634.026
  52 0.515 20.48 639.361
  53 0.525 21.468 619.702
  54 0.535 21.352 606.464
  55 0.545 21.608 596.877
  56 0.555 21.426 594.246
  57 0.565 21.902 597.783
  58 0.575 21.98 630.28
  59 0.585 21.956 639.323
  60 0.595 21.752 631.316
  61 0.605 20.926 633.435
  62 0.615 18.55 642.205
  63 0.625 19.716 608.105
  64 0.635 21.348 577.405
  65 0.645 21.75 579.978
  66 0.655 21.988 536.434
  67 0.665 21.96 534.58
  68 0.675 21.768 543.842
  69 0.685 21.732 548.893
  70 0.695 21.318 537.393
  71 0.705 21.53 538.21
  72 0.715 21.438 533.518
  73 0.725 20.674 482.444
  74 0.735 18.946 465.188
  75 0.745 18.698 482.167
  76 0.755 20.384 485.256
  77 0.765 21.478 508.254
  78 0.775 21.438 484.953
  79 0.785 21.49 485.541
  80 0.795 21.452 465.184
  81 0.805 21.766 490.906
  82 0.815 21.942 490.01
  83 0.825 22.002 494.38
  84 0.835 21.996 485.755
  85 0.845 21.722 443.124
  86 0.855 20.834 453.105
  87 0.865 19.28 428.276
  88 0.875 19.388 408.724
  89 0.885 20.98 401.208
  90 0.895 21.796 403.511
  91 0.905 21.994 446.716
  92 0.915 22.006 426.147
  93 0.925 21.952 442.781
  94 0.935 21.702 419.414
  95 0.945 21.594 422.923
  96 0.955 21.3 433.908
  97 0.965 21.592 439.518
  98 0.975 21.604 418.148
  99 0.985 20.72 398.913
  100 0.995 18.418 370.916
140000 100 2112.0000000000005
  1 0.005 18.524 383.84
  2 0.015 20.538 369.155
  3 0.025 21.646 368.641
  4 0.035 21.592 394.725
  5 0.045 21.428 402.586
  6 0.055 21.412 394.379
  7 0.065 21.804 410.811
  8 0.075 21.892 438.079
  9 0.085 21.978 461.848
  10 0.095 22.01 461.175
  11 0.105 21.766 456.29
  12 0.115 21.37 456.015
  13 0.125 19.612 456.227
  14 0.135 18.926 452.695
  15 0.145 20.626 456.092
  16 0.155 21.712 478.346
  17 0.165 21.978 485.401
  18 0.175 21.984 466.816
  19 0.185 21.934 469.071
  20 0.195 21.786 488.627
  21 0.205 21.584 479.139
  22 0.215 21.33 483.898
  23 0.225 21.508 515.815
  24 0.235 21.376 516.604
  25 0.245 20.266 539.756
  26 0.255 18.65 519.504
  27 0.265 18.982 525.688
  28 0.275 20.662 532.573
  29 0.285 21.668 495.28
  30 0.295 21.446 502.934
  31 0.305 21.374 523.871
  32 0.315 21.634 524.557
  33 0.325 21.846 539.602
  34 0.335 21.972 524.829
  35 0.345 21.996 526.59
  36 0.355 21.808 543.617
  37 0.365 21.298 549.289
  38 0.375 19.47 561.505
  39 0.385 19.314 582.648
  40 0.395 20.418 626.353
  41 0.405 21.722 599.579
  42 0.415 21.972 604.959
  43 0.425 21.98 631.227
  44 0.435 21.884 635.751
  45 0.445 21.602 645.58
  46 0.455 21.376 614.282
  47 0.465 21.414 630.51
  48 0.475 21.512 625.479
  49 0.485 20.506 656.395
  50 0.495 18.882 616.785
  51 0.505 18.658 620.266
  52 0.515 20.446 613.79
  53 0.525 21.486 582.003
  54 0.535 21.478 572.568
  55 0.545 21.372 589.725
  56 0.555 21.628 636.334
  57 0.565 21.838 644.695
  58 0.575 21.944 649.101
  59 0.585 21.966 659.561
  60 0.595 21.604 657.277
  61 0.605 20.57 604.952
  62 0.615 19.124 577.208
  63 0.625 19.538 575.68
  64 0.635 21.24 569.429
  65 0.645 22.006 538.038
  66 0.655 21.932 531.815
  67 0.665 21.994 531.28
  68 0.675 21.824 551.58
  69 0.685 21.668 563.505
  70 0.695 21.252 561.516
  71 0.705 21.51 571.381
  72 0.715 21.462 539.834
  73 0.725 20.75 503.484
  74 0.735 18.702 539.707
  75 0.745 18.838 526.691
  76 0.755 20.374 536.736
  77 0.765 21.468 500.576
  78 0.775 21.452 491.93
  79 0.785 21.352 499.04
  80 0.795 21.638 480.703
  81 0.805 21.806 460.794
  82 0.815 21.926 466.786
  83 0.825 21.998 450.399
  84 0.835 21.952 454.901
  85 0.845 21.518 469.566
  86 0.855 20.7 434.294
  87 0.865 18.992 438.613
  88 0.875 19.748 435.652
  89 0.885 21.22 425.959
  90 0.895 21.886 432.151
  91 0.905 21.984 421.777
  92 0.915 21.998 418.269
  93 0.925 21.96 427.517
  94 0.935 21.834 397.375
  95 0.945 21.414 409.805
  96 0.955 21.396 409.686
  97 0.965 21.474 425.152
  98 0.975 21.75 412.802
  99 0.985 20.768 399.248
  100 0.995 18.592 404.475
145000 100 2111.9999999999995
  1 0.005 18.812 345.33
  2 0.015 20.962 366.257
  3 0.025 21.728 372.102
  4 0.035 21.522 377.729
  5 0.045 21.24 399.51
  6 0.055 21.612 397.141
  7 0.065 21.8 401.502
  8 0.075 21.944 392.537
  9 0.085 21.998 375.535
  10 0.095 21.99 414.515
  11 0.105 21.904 431.151
  12 0.115 21.24 441.388
  13 0.125 19.496 453.7
  14 0.135 18.894 460.085
  15 0.145 20.766 454.842
  16 0.155 21.762 436.795
  17 0.165 21.938 470.475
  18 0.175 21.998 463.577
  19 0.185 21.942 485.514
  20 0.195 21.744 490.329
  21 0.205 21.63 473.143
  22 0.215 21.384 492.545
  23 0.225 21.494 500.667
  24 0.235 21.548 523.812
  25 0.245 20.422 508.646
  26 0.255 18.74 528.051
  27 0.265 18.674 512.718
  28 0.275 20.68 524.764
  29 0.285 21.492 522.588
  30 0.295 21.484 564.559
  31 0.305 21.356 554.5
  32 0.315 21.562 558.188
  33 0.325 21.914 533.212
  34 0.335 21.948 553.417
  35 0.345 21.998 549.399
  36 0.355 21.916 553.063
  37 0.365 21.072 566.648
  38 0.375 19.544 543.261
  39 0.385 18.924 591.496
  40 0.395 20.858 595.484
  41 0.405 21.734 602.082
  42 0.415 21.936 573.249
  43 0.425 21.952 594.736
  44 0.435 21.894 597.459
  45 0.445 21.654 613.862
  46 0.455 21.398 604.322
  47 0.465 21.444 623.116
  48 0.475 21.452 628.68
  49 0.485 20.486 628.089
  50 0.495 18.762 655.266
  51 0.505 18.868 666.337
  52 0.515 20.444 635.394
  53 0.525 21.338 645.234
  54 0.535 21.442 651.659
  55 0.545 21.432 632.413
  56 0.555 21.642 599.721
  57 0.565 21.86 612.579
  58 0.575 21.962 628.949
  59 0.585 21.99 611.636
  60 0.595 21.748 601.484
  61 0.605 20.77 572.216
  62 0.615 19.326 584.179
  63 0.625 19.252 588.644
  64 0.635 20.99 577.992
  65 0.645 21.942 561.582
  66 0.655 21.968 564.658
  67 0.665 21.928 580.703
  68 0.675 21.922 579.423
  69 0.685 21.548 552.873
  70 0.695 21.428 546.025
  71 0.705 21.442 530.521
  72 0.715 21.63 523.937
  73 0.725 20.75 517.174
  74 0.735 18.992 524.518
  75 0.745 18.538 539.429
  76 0.755 20.154 533.307
  77 0.765 21.492 487.828
  78 0.775 21.624 489.657
  79 0.785 21.322 504.428
  80 0.795 21.484 499.251
  81 0.805 21.796 490.071
  82 0.815 21.95 508.376
  83 0.825 21.99 494.994
  84 0.835 21.94 470.584
  85 0.845 21.726 448.302
  86 0.855 20.608 440.451
  87 0.865 19.138 441.029
  88 0.875 19.552 464.946
  89 0.885 21.076 461.762
  90 0.895 21.97 444.163
  91 0.905 21.996 461.871
  92 0.915 21.968 470.196
  93 0.925 21.942 441.548
  94 0.935 21.758 417.996
  95 0.945 21.442 424.645
  96 0.955 21.364 392.866
  97 0.965 21.578 403.772
  98 0.975 21.674 411.922
  99 0.985 20.372 395.244
  100 0.995 18.288 351.73
150000 100 2111.9999999999995
  1 0.005 19.01 354.176
  2 0.015 21.088 337.311
  3 0.025 21.742 368.11
  4 0.035 21.402 383.344
  5 0.045 21.472 385.517
  6 0.055 21.518 377.989
  7 0.065 21.82 401.209
  8 0.075 21.94 385.715
  9 0.085 22.006 393.959
  10 0.095 21.994 414.414
  11 0.105 21.736 448.12
  12 0.115 20.982 479.305
  13 0.125 19.37 445.62
  14 0.135 19.662 443.481
  15 0.145 20.526 442.109
  16 0.155 21.806 429.073
  17 0.165 21.918 425.937
  18 0.175 21.998 445.23
  19 0.185 21.922 449.15
  20 0.195 21.838 481.95
  21 0.205 21.4 494.347
  22 0.215 21.524 479.961
  23 0.225 21.478 477.186
  24 0.235 21.33 512.816
  25 0.245 20.08 534.014
  26 0.255 18.48 532.645
  27 0.265 19.254 529.605
  28 0.275 20.83 560.722
  29 0.285 21.56 602.431
  30 0.295 21.34 619.19
  31 0.305 21.474 580.897
  32 0.315 21.616 576.073
  33 0.325 21.908 559.273
  34 0.335 21.968 560.123
  35 0.345 21.926 548.452
  36 0.355 21.862 538.419
  37 0.365 20.986 517.797
  38 0.375 19.556 507.607
  39 0.385 19.28 545.472
  40 0.395 20.59 544.537
  41 0.405 21.8 579.491
  42 0.415 22 595.5
  43 0.425 21.94 626.034
  44 0.435 21.912 615.589
  45 0.445 21.696 626.948
  46 0.455 21.35 642.841
  47 0.465 21.488 629.913
  48 0.475 21.522 620.734
  49 0.485 20.79 625.47
  50 0.495 18.84 650.784
  51 0.505 18.756 670.109
  52 0.515 20.136 706.776
  53 0.525 21.336 632.095
  54 0.535 21.494 630.542
  55 0.545 21.31 623.043
  56 0.555 21.604 599.573
  57 0.565 21.868 610.599
  58 0.575 21.982 588.502
  59 0.585 21.968 578.834
  60 0.595 21.79 569.369
  61 0.605 21 549.051
  62 0.615 19.542 551.145
  63 0.625 19.25 568.638
  64 0.635 20.66 564.856
  65 0.645 21.798 552.474
  66 0.655 21.97 574.37
  67 0.665 21.968 573.686
  68 0.675 21.884 571.747
  69 0.685 21.574 553.555
  70 0.695 21.542 555.79
  71 0.705 21.39 571.512
  72 0.715 21.558 558.135
  73 0.725 20.83 555.207
  74 0.735 19.146 561.068
  75 0.745 18.628 544.312
  76 0.755 20.034 547.05
  77 0.765 21.286 554.814
  78 0.775 21.588 541.661
  79 0.785 21.402 516.174
  80 0.795 21.472 494.5
  81 0.805 21.798 497.297
  82 0.815 21.968 490.844
  83 0.825 21.944 496.071
  84 0.835 21.92 467.929
  85 0.845 21.766 460.874
  86 0.855 20.744 458.53
  87 0.865 19.254 453.436
  88 0.875 19.334 437.898
  89 0.885 21.162 447.335
  90 0.895 21.806 452.019
  91 0.905 22 445.826
  92 0.915 21.976 451.546
  93 0.925 21.956 416.978
  94 0.935 21.706 405.257
  95 0.945 21.382 415.759
  96 0.955 21.37 388.724
  97 0.965 21.642 393.79
  98 0.975 21.6 374.914
  99 0.985 20.026 378.308
  100 0.995 18.35 387.094
155000 100 2112.0000000000005
  1 0.005 18.608 370.567
  2 0.015 20.716 357.963
  3 0.025 21.702 371.52
  4 0.035 21.608 371.661
  5 0.045 21.34 372.413
  6 0.055 21.546 375.438
  7 0.065 21.72 408.293
  8 0.075 21.978 410.51
  9 0.085 21.964 405.818
  10 0.095 21.986 445.535
  11 0.105 21.876 427.118
  12 0.115 20.992 418.644
  13 0.125 19.41 430.373
  14 0.135 19.434 435.189
  15 0.145 20.61 424.697
  16 0.155 21.742 423.528
  17 0.165 21.954 447.105
  18 0.175 21.984 460.22
  19 0.185 21.93 483.557
  20 0.195 21.718 504.569
  21 0.205 21.56 517.32
  22 0.215 21.488 500.563
  23 0.225 21.508 503.02
  24 0.235 21.324 515.16
  25 0.245 20.016 539.6
  26 0.255 18.818 506.574
  27 0.265 19.028 518.748
  28 0.275 20.826 515.231
  29 0.285 21.458 546.286
  30 0.295 21.472 591.64
  31 0.305 21.272 581.451
  32 0.315 21.758 532.22
  33 0.325 21.868 523.945
  34 0.335 21.966 510.883
  35 0.345 21.966 535.199
  36 0.355 21.978 530.06
  37 0.365 20.9 587.152
  38 0.375 19.54 599.871
  39 0.385 18.996 621.306
  40 0.395 20.88 599.613
  41 0.405 21.74 597.594
  42 0.415 22.002 591.714
  43 0.425 21.97 633.928
  44 0.435 21.826 630.223
  45 0.445 21.622 645.58
  46 0.455 21.442 643.4
  47 0.465 21.404 604.159
  48 0.475 21.51 604.043
  49 0.485 20.61 596.461
  50 0.495 18.548 651.218
  51 0.505 18.684 639.387
  52 0.515 20.604 636.733
  53 0.525 21.446 614.586
  54 0.535 21.468 619.073
  55 0.545 21.426 613.878
  56 0.555 21.63 593.588
  57 0.565 21.834 583.132
  58 0.575 21.984 607.922
  59 0.585 21.948 615.333
  60 0.595 21.706 605.064
  61 0.605 20.828 577.023
  62 0.615 19.406 594.575
  63 0.625 19.558 606.669
  64 0.635 20.762 632.08
  65 0.645 21.836 580.659
  66 0.655 21.946 551.623
  67 0.665 21.96 536.936
  68 0.675 21.844 554.464
  69 0.685 21.68 549.755
  70 0.695 21.386 552.388
  71 0.705 21.576 570.318
  72 0.715 21.364 578.96
  73 0.725 20.828 568.392
  74 0.735 19.016 526.092
  75 0.745 18.682 509.328
  76 0.755 20.148 538.168
  77 0.765 21.31 577.607
  78 0.775 21.528 589.75
  79 0.785 21.452 518.76
  80 0.795 21.398 469.319
  81 0.805 21.874 477.229
  82 0.815 21.964 488.022
  83 0.825 21.99 460.029
  84 0.835 21.95 466.396
  85 0.845 21.466 462.035
  86 0.855 20.74 457.73
  87 0.865 19.138 435.232
  88 0.875 19.538 433.238
  89 0.885 21.32 420.314
  90 0.895 21.86 426.699
  91 0.905 21.988 409.461
  92 0.915 21.998 404.272
  93 0.925 21.978 396.024
  94 0.935 21.69 418.388
  95 0.945 21.536 447.114
  96 0.955 21.374 415.67
  97 0.965 21.52 415.378
  98 0.975 21.678 401.684
  99 0.985 20.668 405.119
  100 0.995 18.378 374.119
160000 100 2112
  1 0.005 18.674 377.342
  2 0.015 20.678 377.013
  3 0.025 21.608 401.634
  4 0.035 21.612 395.875
  5 0.045 21.302 390.69
  6 0.055 21.522 387.743
  7 0.065 21.754 409.225
  8 0.075 21.96 419.841
  9 0.085 21.972 429.037
  10 0.095 21.99 439.089
  11 0.105 21.828 444.411
  12 0.115 21.08 432.313
  13 0.125 19.906 430.66
  14 0.135 19.352 431.17
  15 0.145 20.436 432.613
  16 0.155 21.434 444.347
  17 0.165 21.96 457.069
  18 0.175 22.008 469.057
  19 0.185 21.938 461.575
  20 0.195 21.85 477.495
  21 0.205 21.564 476.919
  22 0.215 21.39 497.132
  23 0.225 21.518 474.566
  24 0.235 21.406 504.174
  25 0.245 20.422 492.655
  26 0.255 19.15 503.643
  27 0.265 18.668 514.704
  28 0.275 20.39 522.856
  29 0.285 21.45 524.182
  30 0.295 21.478 548.711
  31 0.305 21.38 566.226
  32 0.315 21.61 557.484
  33 0.325 21.858 553.08
  34 0.335 21.932 535.609
  35 0.345 21.96 556.993
  36 0.355 21.86 545.378
  37 0.365 20.966 583.29
  38 0.375 19.588 595.187
  39 0.385 19.276 610.112
  40 0.395 20.692 592.389
  41 0.405 21.674 592.175
  42 0.415 21.984 601.014
  43 0.425 21.966 600.022
  44 0.435 21.862 603.02
  45 0.445 21.646 597.468
  46 0.455 21.358 632.663
  47 0.465 21.43 633.044
  48 0.475 21.54 629.638
  49 0.485 20.34 648.305
  50 0.495 18.75 625.043
  51 0.505 18.744 654.305
  52 0.515 20.568 642.421
  53 0.525 21.448 617.434
  54 0.535 21.436 598.186
  55 0.545 21.412 607.972
  56 0.555 21.618 590.072
  57 0.565 21.922 567.322
  58 0.575 21.966 589.436
  59 0.585 21.984 587.773
  60 0.595 21.644 614.789
  61 0.605 20.496 601.102
  62 0.615 19.44 567.141
  63 0.625 19.818 570.44
  64 0.635 20.876 567.109
  65 0.645 21.738 552.692
  66 0.655 21.984 542.904
  67 0.665 21.96 568.03
  68 0.675 21.798 567.97
  69 0.685 21.64 577.382
  70 0.695 21.304 561.151
  71 0.705 21.614 575.377
  72 0.715 21.342 551.831
  73 0.725 20.498 560.439
  74 0.735 18.642 539.956
  75 0.745 19.21 532.425
  76 0.755 20.38 538.209
  77 0.765 21.386 552.688
  78 0.775 21.444 533.097
  79 0.785 21.516 499.721
  80 0.795 21.474 511.097
  81 0.805 21.89 485.37
  82 0.815 21.924 495.796
  83 0.825 22 498.536
  84 0.835 21.934 481.59
  85 0.845 21.652 467.958
  86 0.855 20.402 461.103
  87 0.865 19.26 435.651
  88 0.875 19.494 441.965
  89 0.885 21.33 431.579
  90 0.895 21.922 429.734
  91 0.905 21.994 439.886
  92 0.915 21.994 408.279
  93 0.925 21.936 412.124
  94 0.935 21.844 423.118
  95 0.945 21.44 423.164
  96 0.955 21.368 437.187
  97 0.965 21.486 445.764
  98 0.975 21.766 404.391
  99 0.985 20.634 390.395
  100 0.995 18.456 380.624
165000 100 2112
  1 0.005 18.644 355.352
  2 0.015 21.058 350.638
  3 0.025 21.718 371.377
  4 0.035 21.654 381.147
  5 0.045 21.21 411.834
  6 0.055 21.618 420.388
  7 0.065 21.788 423.132
  8 0.075 21.934 423.603
  9 0.085 21.984 420.786
  10 0.095 21.994 388.081
  11 0.105 21.804 431.732
  12 0.115 20.94 460.083
  13 0.125 19.708 444.658
  14 0.135 19.362 429.191
  15 0.145 20.704 421.768
  16 0.155 21.544 437.736
  17 0.165 21.944 455.373
  18 0.175 22 475.474
  19 0.185 21.948 471.086
  20 0.195 21.77 474.006
  21 0.205 21.524 490.054
  22 0.215 21.43 502.208
  23 0.225 21.498 484.283
  24 0.235 21.394 486.368
  25 0.245 20.31 523.69
  26 0.255 18.878 525.293
  27 0.265 18.942 528.222
  28 0.275 20.524 543.606
  29 0.285 21.444 545.661
  30 0.295 21.606 564.322
  31 0.305 21.286 604.433
  32 0.315 21.642 572.353
  33 0.325 21.82 525.622
  34 0.335 21.984 516.555
  35 0.345 21.96 548.998
  36 0.355 21.744 576.475
  37 0.365 21.152 574.213
  38 0.375 19.612 545.503
  39 0.385 19.13 549.604
  40 0.395 20.582 578.119
  41 0.405 21.836 559.583
  42 0.415 21.976 602.669
  43 0.425 21.994 596.583
  44 0.435 21.882 605.217
  45 0.445 21.754 596.767
  46 0.455 21.322 612.189
  47 0.465 21.402 607.731
  48 0.475 21.55 628.134
  49 0.485 20.692 627.609
  50 0.495 18.682 666.159
  51 0.505 18.618 689.077
  52 0.515 20.452 662.274
  53 0.525 21.324 667.254
  54 0.535 21.516 642.593
  55 0.545 21.358 605.609
  56 0.555 21.604 597.287
  57 0.565 21.9 597.139
  58 0.575 21.958 568.468
  59 0.585 21.962 556.303
  60 0.595 21.802 545.028
  61 0.605 20.872 556.62
  62 0.615 19.362 568.621
  63 0.625 19.45 560.727
  64 0.635 20.844 549.084
  65 0.645 21.72 587.967
  66 0.655 21.962 587.472
  67 0.665 21.974 559.692
  68 0.675 21.806 558.896
  69 0.685 21.644 536.097
  70 0.695 21.424 516.688
  71 0.705 21.574 521.832
  72 0.715 21.44 547.522
  73 0.725 20.702 585.737
  74 0.735 19.014 581.775
  75 0.745 18.834 584.458
  76 0.755 20.244 584.605
  77 0.765 21.256 571.389
  78 0.775 21.426 519.929
  79 0.785 21.43 528.955
  80 0.795 21.536 492.597
  81 0.805 21.782 496.822
  82 0.815 21.958 498.629
  83 0.825 21.966 509.134
  84 0.835 22.006 485.545
  85 0.845 21.482 481.429
  86 0.855 20.744 464.405
  87 0.865 19.278 447.609
  88 0.875 19.516 458.005
  89 0.885 21.094 452.815
  90 0.895 21.916 446.861
  91 0.905 21.98 445.519
  92 0.915 22 438.618
  93 0.925 21.924 441.45
  94 0.935 21.762 441.828
  95 0.945 21.366 440.199
  96 0.955 21.374 427.48
  97 0.965 21.662 394.945
  98 0.975 21.73 374.079
  99 0.985 20.558 375.357
  100 0.995 18.016 364.956
170000 100 2111.9999999999995
  1 0.005 18.498 359.021
  2 0.015 20.954 347.714
  3 0.025 21.814 349.327
  4 0.035 21.56 351.697
  5 0.045 21.402 382.263
  6 0.055 21.328 393.629
  7 0.065 21.942 395.672
  8 0.075 21.882 428.09
  9 0.085 21.99 454.217
  10 0.095 21.992 466.953
  11 0.105 21.814 474.016
  12 0.115 21.136 497.731
  13 0.125 18.88 471.697
  14 0.135 19.248 468.561
  15 0.145 21.104 455.639
  16 0.155 21.838 454.564
  17 0.165 21.988 462.658
  18 0.175 21.992 492.596
  19 0.185 21.922 500.059
  20 0.195 21.746 481.227
  21 0.205 21.41 475.421
  22 0.215 21.396 482.751
  23 0.225 21.62 502.834
  24 0.235 21.254 503.322
  25 0.245 19.75 518.318
  26 0.255 18.482 521.623
  27 0.265 19.522 534.829
  28 0.275 20.958 516.277
  29 0.285 21.536 532.007
  30 0.295 21.452 529.819
  31 0.305 21.484 524.745
  32 0.315 21.576 506.102
  33 0.325 21.924 498.007
  34 0.335 21.976 537.833
  35 0.345 21.986 527.095
  36 0.355 21.798 539.635
  37 0.365 21.14 557.615
  38 0.375 19.382 583.58
  39 0.385 19.168 576.195
  40 0.395 20.792 582.856
  41 0.405 21.754 596.086
  42 0.415 21.976 596.747
  43 0.425 21.96 596.465
  44 0.435 21.88 606.674
  45 0.445 21.718 604.037
  46 0.455 21.26 641.86
  47 0.465 21.466 614.344
  48 0.475 21.526 639.971
  49 0.485 20.602 666.457
  50 0.495 18.64 642.904
  51 0.505 18.574 630.374
  52 0.515 20.654 640.046
  53 0.525 21.386 650.784
  54 0.535 21.522 631.593
  55 0.545 21.41 583.385
  56 0.555 21.59 577.766
  57 0.565 21.862 583.431
  58 0.575 21.952 601.129
  59 0.585 22 589.116
  60 0.595 21.874 581.408
  61 0.605 21.182 588.857
  62 0.615 19.36 588.36
  63 0.625 19.018 577.282
  64 0.635 20.804 588.953
  65 0.645 21.784 608.211
  66 0.655 21.986 609.686
  67 0.665 21.986 555.542
  68 0.675 21.894 553.61
  69 0.685 21.638 551.727
  70 0.695 21.506 546.399
  71 0.705 21.418 495.314
  72 0.715 21.618 504.626
  73 0.725 21.012 526.324
  74 0.735 19.35 541.895
  75 0.745 18.728 524.703
  76 0.755 19.598 543.663
  77 0.765 21.202 527.262
  78 0.775 21.53 530.431
  79 0.785 21.412 510.379
  80 0.795 21.486 501.777
  81 0.805 21.774 517.603
  82 0.815 21.884 490.826
  83 0.825 21.958 490.743
  84 0.835 21.904 505.648
  85 0.845 21.674 528.426
  86 0.855 20.662 515.674
  87 0.865 19.222 496.685
  88 0.875 19.522 471.73
  89 0.885 21.11 462.125
  90 0.895 21.93 445.973
  91 0.905 21.976 446.826
  92 0.915 21.992 433.627
  93 0.925 21.954 420.279
  94 0.935 21.728 414.162
  95 0.945 21.528 416.377
  96 0.955 21.27 411.427
  97 0.965 21.634 417.001
  98 0.975 21.642 392.172
  99 0.985 20.718 364.643
  100 0.995 18.164 346.721
175000 100 2112.0000000000005
  1 0.005 18.142 358.621
  2 0.015 20.714 397.668
  3 0.025 21.704 404.699
  4 0.035 21.586 398.323
  5 0.045 21.364 398.293
  6 0.055 21.45 393.543
  7 0.065 21.778 416.429
  8 0.075 21.94 422.477
  9 0.085 21.994 451.052
  10 0.095 21.988 461.026
  11 0.105 21.812 479.229
  12 0.115 21.05 463.543
  13 0.125 19.2 456.555
  14 0.135 19.246 445.88
  15 0.145 20.946 467.944
  16 0.155 21.766 478.565
  17 0.165 21.984 517.736
  18 0.175 21.984 523.741
  19 0.185 21.93 489.856
  20 0.195 21.782 480.53
  21 0.205 21.402 489.329
  22 0.215 21.422 477.874
  23 0.225 21.592 510.647
  24 0.235 21.366 532.803
  25 0.245 19.82 503.171
  26 0.255 18.394 506.79
  27 0.265 19.444 517.4
  28 0.275 20.958 494.471
  29 0.285 21.614 488.846
  30 0.295 21.434 504.379
  31 0.305 21.366 526.065
  32 0.315 21.616 533.134
  33 0.325 21.892 531.46
  34 0.335 21.998 547.008
  35 0.345 21.966 579.811
  36 0.355 21.702 560.289
  37 0.365 21.004 565.263
  38 0.375 19.424 547.288
  39 0.385 19.126 562.491
  40 0.395 21.078 570.386
  41 0.405 21.694 583.806
  42 0.415 21.992 622.265
  43 0.425 21.962 643.525
  44 0.435 21.854 647.613
  45 0.445 21.604 664.681
  46 0.455 21.382 627.095
  47 0.465 21.542 650.639
  48 0.475 21.484 654.282
  49 0.485 20.452 650.468
  50 0.495 18.602 617.92
  51 0.505 18.658 613.552
  52 0.515 20.72 626.074
  53 0.525 21.492 611.324
  54 0.535 21.49 637.692
  55 0.545 21.296 618.102
  56 0.555 21.702 634.677
  57 0.565 21.796 595.174
  58 0.575 21.982 581.741
  59 0.585 21.978 593.483
  60 0.595 21.916 570.013
  61 0.605 20.948 538.56
  62 0.615 19.19 533.559
  63 0.625 19.328 528.387
  64 0.635 20.864 536.403
  65 0.645 21.786 569.046
  66 0.655 21.974 554.122
  67 0.665 21.98 561.905
  68 0.675 21.844 587.405
  69 0.685 21.73 571.037
  70 0.695 21.448 528.898
  71 0.705 21.292 527.189
  72 0.715 21.632 560.081
  73 0.725 21.162 498.662
  74 0.735 19.13 494.205
  75 0.745 18.316 520.792
  76 0.755 19.962 521.517
  77 0.765 21.408 535.693
  78 0.775 21.47 546.107
  79 0.785 21.472 549.649
  80 0.795 21.492 509.456
  81 0.805 21.758 477.916
  82 0.815 21.916 503.602
  83 0.825 21.994 485.883
  84 0.835 21.988 486.478
  85 0.845 21.75 482.406
  86 0.855 20.744 491.09
  87 0.865 19.382 464.486
  88 0.875 19.006 454.85
  89 0.885 21.208 446.222
  90 0.895 21.94 451.909
  91 0.905 21.982 464.296
  92 0.915 21.982 433.413
  93 0.925 21.956 419.127
  94 0.935 21.82 407.193
  95 0.945 21.474 378.376
  96 0.955 21.288 377.519
  97 0.965 21.592 385.848
  98 0.975 21.82 404.356
  99 0.985 21.024 367.914
  100 0.995 18.372 375.558
180000 100 2112.0000000000005
  1 0.005 18.818 370.646
  2 0.015 21.27 364.237
  3 0.025 21.79 376.886
  4 0.035 21.534 385.723
  5 0.045 21.252 390.613
  6 0.055 21.6 403.165
  7 0.065 21.808 419.835
  8 0.075 21.954 416.494
  9 0.085 21.996 411.24
  10 0.095 21.996 436.953
  11 0.105 21.88 439.48
  12 0.115 20.938 448.048
  13 0.125 19.316 438.435
  14 0.135 19.178 448.51
  15 0.145 20.928 454.841
  16 0.155 21.772 463.299
  17 0.165 21.992 492.146
  18 0.175 21.994 475.284
  19 0.185 21.88 500.423
  20 0.195 21.792 527.122
  21 0.205 21.584 509.039
  22 0.215 21.412 504.689
  23 0.225 21.474 500.061
  24 0.235 21.448 477.92
  25 0.245 20.292 492.068
  26 0.255 18.64 508.616
  27 0.265 18.916 494.297
  28 0.275 20.78 475.283
  29 0.285 21.528 515.872
  30 0.295 21.45 497.346
  31 0.305 21.452 487.547
  32 0.315 21.582 501.878
  33 0.325 21.816 534.689
  34 0.335 21.96 551.548
  35 0.345 22 569.416
  36 0.355 21.892 571.251
  37 0.365 21.356 565.081
  38 0.375 19.466 588.228
  39 0.385 19.258 552.635
  40 0.395 20.264 593.821
  41 0.405 21.76 613.714
  42 0.415 22.004 621.788
  43 0.425 21.984 627.015
  44 0.435 21.846 654.525
  45 0.445 21.622 644.188
  46 0.455 21.546 598.204
  47 0.465 21.392 580.957
  48 0.475 21.52 610.272
  49 0.485 20.836 602.226
  50 0.495 18.762 651.048
  51 0.505 18.234 626.837
  52 0.515 20.508 600.718
  53 0.525 21.558 615.953
  54 0.535 21.356 634.882
  55 0.545 21.448 599.077
  56 0.555 21.596 626.765
  57 0.565 21.808 650.612
  58 0.575 21.982 603.485
  59 0.585 21.976 586.4
  60 0.595 21.704 588.813
  61 0.605 21.11 573.751
  62 0.615 19.124 571.885
  63 0.625 19.222 553.537
  64 0.635 21.034 547.139
  65 0.645 21.85 559.03
  66 0.655 21.982 562.931
  67 0.665 21.942 571.172
  68 0.675 21.88 541.007
  69 0.685 21.678 576.783
  70 0.695 21.474 567.449
  71 0.705 21.394 572.261
  72 0.715 21.506 556.456
  73 0.725 20.83 540.414
  74 0.735 19.044 520.413
  75 0.745 18.54 521.188
  76 0.755 20.168 543.881
  77 0.765 21.41 533.964
  78 0.775 21.474 514.267
  79 0.785 21.506 518.282
  80 0.795 21.436 516.635
  81 0.805 21.82 516.913
  82 0.815 21.918 502.319
  83 0.825 21.98 479.757
  84 0.835 21.94 485.491
  85 0.845 21.712 493.61
  86 0.855 20.834 496.459
  87 0.865 18.67 500.618
  88 0.875 19.648 449.821
  89 0.885 21.306 438.914
  90 0.895 21.91 445.541
  91 0.905 21.974 455.153
  92 0.915 22 435.496
  93 0.925 21.908 457.123
  94 0.935 21.792 439.44
  95 0.945 21.346 422.008
  96 0.955 21.4 424.4
  97 0.965 21.614 440.187
  98 0.975 21.672 419.614
  99 0.985 20.356 387.938
  100 0.995 17.896 368.219
185000 100 2112
  1 0.005 18.386 399.838
  2 0.015 20.762 385.854
  3 0.025 21.734 394.157
  4 0.035 21.604 400.619
  5 0.045 21.388 412.234
  6 0.055 21.504 422.948
  7 0.065 21.718 432.822
  8 0.075 21.92 437.77
  9 0.085 21.99 440.242
  10 0.095 21.982 452.733
  11 0.105 21.856 438.866
  12 0.115 20.928 439.449
  13 0.125 19.74 449.668
  14 0.135 19.256 446.079
  15 0.145 20.516 440.208
  16 0.155 21.762 403.232
  17 0.165 21.964 453.334
  18 0.175 21.996 424.764
  19 0.185 21.96 429.867
  20 0.195 21.804 449.619
  21 0.205 21.522 489.133
  22 0.215 21.4 511.837
  23 0.225 21.482 508.272
  24 0.235 21.428 531.526
  25 0.245 20.258 525.647
  26 0.255 18.388 524.152
  27 0.265 19.038 539.732
  28 0.275 20.838 554.502
  29 0.285 21.494 566.794
  30 0.295 21.496 550.824
  31 0.305 21.428 560.935
  32 0.315 21.598 567.489
  33 0.325 21.882 578.706
  34 0.335 21.988 555.22
  35 0.345 21.928 597.501
  36 0.355 21.618 587.329
  37 0.365 20.776 569.379
  38 0.375 19.372 563.729
  39 0.385 19.452 552.629
  40 0.395 21.046 560.606
  41 0.405 21.804 576.492
  42 0.415 21.998 577.056
  43 0.425 21.984 549.696
  44 0.435 21.91 561.856
  45 0.445 21.518 536.263
  46 0.455 21.476 579.741
  47 0.465 21.476 561.752
  48 0.475 21.468 624.436
  49 0.485 20.642 605.237
  50 0.495 18.748 599.054
  51 0.505 18.536 630.832
  52 0.515 20.498 653.953
  53 0.525 21.494 605.276
  54 0.535 21.472 619.946
  55 0.545 21.336 618.909
  56 0.555 21.642 649.55
  57 0.565 21.866 626.462
  58 0.575 21.942 646.244
  59 0.585 21.966 604.368
  60 0.595 21.692 629.015
  61 0.605 20.936 603.852
  62 0.615 19.294 590.624
  63 0.625 19.218 599.368
  64 0.635 21.036 550.266
  65 0.645 21.858 539.867
  66 0.655 22 551.482
  67 0.665 21.974 512.316
  68 0.675 21.894 520.058
  69 0.685 21.59 524.654
  70 0.695 21.526 557.594
  71 0.705 21.36 538.497
  72 0.715 21.5 541.413
  73 0.725 20.892 533.642
  74 0.735 19.326 549.154
  75 0.745 18.396 556.847
  76 0.755 20.086 559.603
  77 0.765 21.342 567.749
  78 0.775 21.516 567.206
  79 0.785 21.33 551.127
  80 0.795 21.524 506.688
  81 0.805 21.782 478.726
  82 0.815 21.956 464.849
  83 0.825 22.002 475.065
  84 0.835 21.968 481.981
  85 0.845 21.7 473.934
  86 0.855 20.788 435.774
  87 0.865 18.994 458.252
  88 0.875 19.51 464.928
  89 0.885 21.25 457.081
  90 0.895 21.788 438.002
  91 0.905 21.994 437.697
  92 0.915 21.988 461.629
  93 0.925 21.956 466.478
  94 0.935 21.672 436.627
  95 0.945 21.542 424.003
  96 0.955 21.332 422.344
  97 0.965 21.632 444.444
  98 0.975 21.696 435.661
  99 0.985 20.774 403.868
  100 0.995 18.408 389.175
190000 100 2112
  1 0.005 18.496 384.168
  2 0.015 21.046 366.106
  3 0.025 21.758 363.159
  4 0.035 21.544 374.959
  5 0.045 21.378 378.658
  6 0.055 21.558 390.097
  7 0.065 21.71 416.352
  8 0.075 21.972 405.888
  9 0.085 21.986 408.401
  10 0.095 21.992 434.036
  11 0.105 21.886 419.631
  12 0.115 20.908 428.027
  13 0.125 19.512 449.274
  14 0.135 19.232 466.796
  15 0.145 20.732 462.183
  16 0.155 21.772 457.608
  17 0.165 21.966 449.612
  18 0.175 21.994 450.665
  19 0.185 21.942 457.026
  20 0.195 21.71 466.194
  21 0.205 21.618 445.098
  22 0.215 21.374 453.091
  23 0.225 21.526 492.499
  24 0.235 21.508 480.518
  25 0.245 20.35 478.793
  26 0.255 18.536 499.328
  27 0.265 18.914 509.243
  28 0.275 20.686 539.831
  29 0.285 21.574 548.155
  30 0.295 21.53 536.518
  31 0.305 21.364 561.903
  32 0.315 21.608 599.34
  33 0.325 21.816 610.171
  34 0.335 21.954 619.004
  35 0.345 21.98 613.446
  36 0.355 21.864 618.804
  37 0.365 21.078 600.952
  38 0.375 19.154 592.458
  39 0.385 19.072 609.162
  40 0.395 21 600.755
  41 0.405 21.886 568.453
  42 0.415 21.952 599.189
  43 0.425 21.958 596.447
  44 0.435 21.79 613.036
  45 0.445 21.668 586.205
  46 0.455 21.356 634.874
  47 0.465 21.466 626.904
  48 0.475 21.52 618.717
  49 0.485 20.47 620.342
  50 0.495 18.638 599.427
  51 0.505 18.67 627.755
  52 0.515 20.638 606.011
  53 0.525 21.486 606.925
  54 0.535 21.434 608.129
  55 0.545 21.478 630.106
  56 0.555 21.608 618.061
  57 0.565 21.886 574.094
  58 0.575 21.946 586.622
  59 0.585 21.998 567.448
  60 0.595 21.756 588.702
  61 0.605 20.752 575.028
  62 0.615 19.242 585.392
  63 0.625 19.454 601.862
  64 0.635 20.962 598.147
  65 0.645 21.872 581.835
  66 0.655 21.96 591.538
  67 0.665 21.948 561.478
  68 0.675 21.856 571.136
  69 0.685 21.66 540.366
  70 0.695 21.452 536.674
  71 0.705 21.406 554.377
  72 0.715 21.44 555.092
  73 0.725 20.934 508.36
  74 0.735 19.102 516.702
  75 0.745 18.618 549.985
  76 0.755 20.144 542.313
  77 0.765 21.326 512.763
  78 0.775 21.49 519.016
  79 0.785 21.384 529.546
  80 0.795 21.564 509.602
  81 0.805 21.76 515.1
  82 0.815 21.946 485.169
  83 0.825 21.972 476.947
  84 0.835 22 484.18
  85 0.845 21.83 434.675
  86 0.855 20.896 432.065
  87 0.865 19.276 430.002
  88 0.875 19.258 445.258
  89 0.885 20.858 451.256
  90 0.895 21.884 441.281
  91 0.905 21.99 441.993
  92 0.915 21.984 475.131
  93 0.925 21.884 493.154
  94 0.935 21.876 461.124
  95 0.945 21.418 479.965
  96 0.955 21.384 435.726
  97 0.965 21.598 420.079
  98 0.975 21.654 435.647
  99 0.985 20.63 431.575
  100 0.995 18.132 404.831
195000 100 2111.9999999999995
  1 0.005 19.028 371.506
  2 0.015 21.222 364.182
  3 0.025 21.736 367.701
  4 0.035 21.538 363.436
  5 0.045 21.332 370.508
  6 0.055 21.554 389.857
  7 0.065 21.86 410.604
  8 0.075 21.936 415.666
  9 0.085 21.996 401.492
  10 0.095 21.99 415.196
  11 0.105 21.79 416.139
  12 0.115 21.084 426.881
  13 0.125 19.216 428.896
  14 0.135 19.478 450.432
  15 0.145 20.804 483.031
  16 0.155 21.652 473.711
  17 0.165 21.986 428.592
  18 0.175 21.984 432.236
  19 0.185 21.956 428.311
  20 0.195 21.726 452.441
  21 0.205 21.598 466.436
  22 0.215 21.348 471.622
  23 0.225 21.61 483.873
  24 0.235 21.342 515.474
  25 0.245 20.064 514.445
  26 0.255 18.698 518.644
  27 0.265 19.234 496.091
  28 0.275 20.716 535.741
  29 0.285 21.448 541.807
  30 0.295 21.468 542.525
  31 0.305 21.432 558.389
  32 0.315 21.592 597.67
  33 0.325 21.828 588.402
  34 0.335 21.972 604.869
  35 0.345 21.968 571.206
  36 0.355 21.844 612.486
  37 0.365 20.746 638.046
  38 0.375 19.334 640.446
  39 0.385 19.39 596.645
  40 0.395 20.854 613.17
  41 0.405 21.854 636.14
  42 0.415 21.982 650.416
  43 0.425 21.942 641.301
  44 0.435 21.884 605.798
  45 0.445 21.588 610.553
  46 0.455 21.468 613.019
  47 0.465 21.396 616.574
  48 0.475 21.552 612.589
  49 0.485 20.594 608.621
  50 0.495 18.67 623.146
  51 0.505 18.746 619.293
  52 0.515 20.504 577.126
  53 0.525 21.424 578.9
  54 0.535 21.436 582.111
  55 0.545 21.388 578.837
  56 0.555 21.678 606.064
  57 0.565 21.808 599.313
  58 0.575 21.95 617.781
  59 0.585 21.96 626.142
  60 0.595 21.872 601.246
  61 0.605 21.054 603.899
  62 0.615 19.54 580.697
  63 0.625 19.296 559.981
  64 0.635 20.62 573.516
  65 0.645 21.732 583.388
  66 0.655 21.894 569.19
  67 0.665 22.016 581.384
  68 0.675 21.822 554.861
  69 0.685 21.666 543.858
  70 0.695 21.47 539.132
  71 0.705 21.474 556.859
  72 0.715 21.5 575.473
  73 0.725 20.83 552.329
  74 0.735 19.242 543.026
  75 0.745 18.81 544.828
  76 0.755 19.836 528.046
  77 0.765 21.304 536.964
  78 0.775 21.428 521.744
  79 0.785 21.328 549.071
  80 0.795 21.512 532.322
  81 0.805 21.886 486.408
  82 0.815 21.914 485.903
  83 0.825 21.978 491.504
  84 0.835 21.988 470.24
  85 0.845 21.77 470.996
  86 0.855 20.698 454.344
  87 0.865 18.826 464.407
  88 0.875 19.462 449.453
  89 0.885 21.356 444.994
  90 0.895 21.896 453.355
  91 0.905 22.004 451.36
  92 0.915 21.982 457.061
  93 0.925 21.974 441.872
  94 0.935 21.66 429.915
  95 0.945 21.454 425.394
  96 0.955 21.322 416.325
  97 0.965 21.65 406.612
  98 0.975 21.682 406.063
  99 0.985 20.21 399.299
  100 0.995 17.864 387.224
200000 100 2112
  1 0.005 19.076 354.77
  2 0.015 20.928 359.007
  3 0.025 21.786 372.538
  4 0.035 21.484 384.117
  5 0.045 21.37 395.747
  6 0.055 21.556 370.271
  7 0.065 21.776 380.218
  8 0.075 21.944 389.354
  9 0.085 21.988 391.84
  10 0.095 21.99 420.632
  11 0.105 21.92 431.837
  12 0.115 21.044 430.546
  13 0.125 19.508 439.205
  14 0.135 19.052 458.119
  15 0.145 20.866 475.61
  16 0.155 21.662 479.944
  17 0.165 21.958 496.914
  18 0.175 21.984 495.47
  19 0.185 21.93 522.169
  20 0.195 21.74 498.073
  21 0.205 21.5 486.095
  22 0.215 21.428 487.893
  23 0.225 21.546 487.58
  24 0.235 21.462 485.396
  25 0.245 20.1 514.287
  26 0.255 18.722 514.409
  27 0.265 19.216 515.46
  28 0.275 20.564 508.972
  29 0.285 21.516 541.131
  30 0.295 21.44 539.947
  31 0.305 21.552 543.383
  32 0.315 21.53 539.737
  33 0.325 21.806 548.742
  34 0.335 21.97 544.003
  35 0.345 21.952 560.216
  36 0.355 21.944 564.45
  37 0.365 21.186 610.954
  38 0.375 19.686 609.255
  39 0.385 19.038 621.604
  40 0.395 20.596 645.523
  41 0.405 21.636 670.264
  42 0.415 21.936 689.236
  43 0.425 21.97 664.743
  44 0.435 21.896 649.743
  45 0.445 21.642 653.111
  46 0.455 21.342 665.511
  47 0.465 21.428 647.796
  48 0.475 21.574 626.984
  49 0.485 20.438 612.173
  50 0.495 18.646 653.496
  51 0.505 18.862 625.681
  52 0.515 20.438 596.545
  53 0.525 21.492 614.645
  54 0.535 21.418 622.101
  55 0.545 21.432 602.865
  56 0.555 21.622 603.219
  57 0.565 21.87 587.828
  58 0.575 21.962 556.674
  59 0.585 21.988 541.215
  60 0.595 21.85 541.58
  61 0.605 20.74 557.696
  62 0.615 19.44 542.015
  63 0.625 19.518 539.718
  64 0.635 20.774 568.585
  65 0.645 21.694 561.253
  66 0.655 21.96 582.616
  67 0.665 21.982 562.822
  68 0.675 21.854 570.323
  69 0.685 21.68 546.669
  70 0.695 21.432 547.044
  71 0.705 21.444 548.741
  72 0.715 21.56 543.211
  73 0.725 20.624 566.619
  74 0.735 19.064 624.404
  75 0.745 18.862 583.338
  76 0.755 20.034 568.498
  77 0.765 21.358 548.629
  78 0.775 21.44 526.149
  79 0.785 21.506 505.919
  80 0.795 21.526 512.609
  81 0.805 21.71 500.775
  82 0.815 21.952 489.543
  83 0.825 21.996 464.263
  84 0.835 21.954 443.245
  85 0.845 21.666 454.84
  86 0.855 20.766 451.926
  87 0.865 18.892 436.814
  88 0.875 19.75 436.807
  89 0.885 21.146 441.046
  90 0.895 21.83 421.886
  91 0.905 21.996 418.597
  92 0.915 21.988 435.344
  93 0.925 21.86 448.174
  94 0.935 21.802 453.473
  95 0.945 21.284 437.743
  96 0.955 21.552 427.041
  97 0.965 21.548 405.443
  98 0.975 21.652 393.795
  99 0.985 20.344 376.39
  100 0.995 18.062 364.158
205000 100 2112
  1 0.005 18.38 349.271
  2 0.015 20.798 350.286
  3 0.025 21.75 388.086
  4 0.035 21.592 394.475
  5 0.045 21.338 391.339
  6 0.055 21.4 376.733
  7 0.065 21.826 367.628
  8 0.075 21.914 409.291
  9 0.085 21.976 382.584
  10 0.095 22 393.495
  11 0.105 21.974 430.587
  12 0.115 21.448 461.17
  13 0.125 19.962 470.789
  14 0.135 19.208 447.704
  15 0.145 20.074 457.346
  16 0.155 21.39 470.309
  17 0.165 21.944 480.502
  18 0.175 21.99 486.035
  19 0.185 21.924 535.569
  20 0.195 21.916 512.668
  21 0.205 21.432 506.907
  22 0.215 21.462 518.566
  23 0.225 21.5 519.48
  24 0.235 21.458 523.704
  25 0.245 20.334 537.024
  26 0.255 19 554.095
  27 0.265 18.95 521.204
  28 0.275 20.358 530.055
  29 0.285 21.448 551.385
  30 0.295 21.406 560.564
  31 0.305 21.474 556.404
  32 0.315 21.562 569.232
  33 0.325 21.854 585.314
  34 0.335 21.944 580.703
  35 0.345 21.988 554.094
  36 0.355 21.876 585.51
  37 0.365 21.13 595.876
  38 0.375 19.424 583.435
  39 0.385 18.974 576.705
  40 0.395 20.706 581.695
  41 0.405 21.904 576.268
  42 0.415 21.974 583.202
  43 0.425 21.988 610.882
  44 0.435 21.89 624.028
  45 0.445 21.584 614.694
  46 0.455 21.428 645.5
  47 0.465 21.36 664.504
  48 0.475 21.486 676.395
  49 0.485 20.202 656.945
  50 0.495 18.654 656.417
  51 0.505 18.77 649.604
  52 0.515 20.856 657.122
  53 0.525 21.424 676.804
  54 0.535 21.37 622.059
  55 0.545 21.518 594.222
  56 0.555 21.66 603.891
  57 0.565 21.88 608.043
  58 0.575 21.954 615.209
  59 0.585 21.924 601.082
  60 0.595 21.636 586.68
  61 0.605 20.79 529.648
  62 0.615 18.896 553.336
  63 0.625 19.668 575.332
  64 0.635 21.15 543.6
  65 0.645 21.946 555.613
  66 0.655 21.964 578.025
  67 0.665 21.932 565.95
  68 0.675 21.876 563.406
  69 0.685 21.63 571.409
  70 0.695 21.312 584.578
  71 0.705 21.548 556.072
  72 0.715 21.484 542.076
  73 0.725 20.33 567.733
  74 0.735 18.774 528.727
  75 0.745 18.838 563.402
  76 0.755 20.622 527.549
  77 0.765 21.442 507.23
  78 0.775 21.444 491.132
  79 0.785 21.42 500.785
  80 0.795 21.648 502.192
  81 0.805 21.762 485.921
  82 0.815 21.964 457.483
  83 0.825 21.988 465.839
  84 0.835 21.918 469.189
  85 0.845 21.62 462.128
  86 0.855 20.67 436.987
  87 0.865 18.616 436.034
  88 0.875 19.828 440.896
  89 0.885 21.426 459.5
  90 0.895 21.922 452.132
  91 0.905 22.014 432.283
  92 0.915 21.972 422.494
  93 0.925 21.942 429.638
  94 0.935 21.698 415.101
  95 0.945 21.588 395.488
  96 0.955 21.24 393.015
  97 0.965 21.632 393.966
  98 0.975 21.764 377.666
  99 0.985 20.676 388.378
  100 0.995 18.5 379.148
210000 100 2112
  1 0.005 18.474 361.365
  2 0.015 20.464 358.528
  3 0.025 21.668 370.162
  4 0.035 21.588 340.168
  5 0.045 21.396 366.14
  6 0.055 21.456 389.632
  7 0.065 21.688 400.958
  8 0.075 21.956 421.549
  9 0.085 22 413.843
  10 0.095 22 398.619
  11 0.105 21.94 402.854
  12 0.115 21.392 420.441
  13 0.125 19.67 442.711
  14 0.135 18.82 459.129
  15 0.145 20.568 470.822
  16 0.155 21.626 492.7
  17 0.165 21.984 511.076
  18 0.175 21.99 519.015
  19 0.185 21.894 529.334
  20 0.195 21.862 518.324
  21 0.205 21.502 530.77
  22 0.215 21.392 517.014
  23 0.225 21.516 519.484
  24 0.235 21.47 503.572
  25 0.245 20.094 527.183
  26 0.255 18.526 530.509
  27 0.265 19.204 528.876
  28 0.275 20.79 515.067
  29 0.285 21.464 565.53
  30 0.295 21.454 551.05
  31 0.305 21.32 552.893
  32 0.315 21.688 541.086
  33 0.325 21.926 540.986
  34 0.335 21.908 535.513
  35 0.345 21.992 561.487
  36 0.355 21.852 595.824
  37 0.365 20.864 610.208
  38 0.375 19.366 632.484
  39 0.385 19.444 615.303
  40 0.395 20.744 631.686
  41 0.405 21.774 609.294
  42 0.415 21.946 579.711
  43 0.425 22 583.489
  44 0.435 21.912 601.842
  45 0.445 21.58 627.669
  46 0.455 21.438 680.971
  47 0.465 21.412 686.014
  48 0.475 21.404 676.57
  49 0.485 20.406 662.392
  50 0.495 18.542 678.498
  51 0.505 18.78 665.231
  52 0.515 20.688 665.499
  53 0.525 21.462 640.831
  54 0.535 21.48 621.621
  55 0.545 21.344 591.462
  56 0.555 21.694 555.431
  57 0.565 21.9 557.201
  58 0.575 21.976 569.035
  59 0.585 21.968 560.54
  60 0.595 21.708 562.394
  61 0.605 20.89 555.738
  62 0.615 19.082 573.231
  63 0.625 19.29 583.616
  64 0.635 21.308 576.679
  65 0.645 21.754 568.031
  66 0.655 21.992 574.456
  67 0.665 21.96 579.219
  68 0.675 21.828 572.093
  69 0.685 21.624 581.236
  70 0.695 21.38 551.641
  71 0.705 21.482 566.973
  72 0.715 21.59 573.723
  73 0.725 20.45 553.894
  74 0.735 18.928 548.37
  75 0.745 18.798 525.861
  76 0.755 20.486 496.179
  77 0.765 21.386 514.445
  78 0.775 21.436 495.591
  79 0.785 21.392 506.581
  80 0.795 21.604 480.646
  81 0.805 21.694 465.042
  82 0.815 21.988 463.885
  83 0.825 21.988 473.417
  84 0.835 21.966 492.426
  85 0.845 21.726 485.939
  86 0.855 20.912 465.998
  87 0.865 19.08 484.005
  88 0.875 19.432 466.524
  89 0.885 20.986 445.147
  90 0.895 21.92 441.525
  91 0.905 21.972 413.867
  92 0.915 21.978 404.287
  93 0.925 21.906 408.922
  94 0.935 21.852 419.307
  95 0.945 21.544 441.269
  96 0.955 21.252 425.413
  97 0.965 21.6 387.518
  98 0.975 21.736 364.441
  99 0.985 20.758 383.966
  100 0.995 18.684 376.191
215000 100 2112
  1 0.005 18.656 367.033
  2 0.015 20.788 361.287
  3 0.025 21.64 400.832
  4 0.035 21.598 380.124
  5 0.045 21.37 406.128
  6 0.055 21.47 408.622
  7 0.065 21.744 447.726
  8 0.075 21.97 427.232
  9 0.085 21.994 428.089
  10 0.095 21.994 413.202
  11 0.105 21.89 427.86
  12 0.115 21.2 447.724
  13 0.125 19.34 457.805
  14 0.135 19.148 483.139
  15 0.145 20.722 523.668
  16 0.155 21.706 489.6
  17 0.165 22 473.546
  18 0.175 21.998 485.928
  19 0.185 21.924 466.801
  20 0.195 21.73 497.635
  21 0.205 21.512 525.58
  22 0.215 21.346 524.528
  23 0.225 21.664 468.643
  24 0.235 21.368 486.518
  25 0.245 20.03 512.333
  26 0.255 18.378 507.114
  27 0.265 19.51 533.23
  28 0.275 20.822 532.605
  29 0.285 21.426 500.684
  30 0.295 21.422 507.618
  31 0.305 21.386 507.732
  32 0.315 21.682 521.37
  33 0.325 21.846 570.27
  34 0.335 21.968 558.442
  35 0.345 21.988 553.258
  36 0.355 21.862 575.637
  37 0.365 20.928 635.043
  38 0.375 19.318 639.108
  39 0.385 19.386 639.238
  40 0.395 20.738 622.407
  41 0.405 21.792 600.413
  42 0.415 21.972 605.721
  43 0.425 21.876 616.732
  44 0.435 21.914 610.666
  45 0.445 21.692 602.793
  46 0.455 21.448 603.265
  47 0.465 21.338 638.948
  48 0.475 21.422 637.781
  49 0.485 20.398 612.089
  50 0.495 18.682 633.088
  51 0.505 18.81 640.774
  52 0.515 20.704 651.109
  53 0.525 21.356 655.267
  54 0.535 21.5 663.152
  55 0.545 21.362 600.872
  56 0.555 21.61 625.047
  57 0.565 21.916 605.575
  58 0.575 21.986 603.843
  59 0.585 21.962 595.952
  60 0.595 21.81 599.652
  61 0.605 20.98 569.629
  62 0.615 19.156 586.614
  63 0.625 19.412 586.741
  64 0.635 20.874 598.47
  65 0.645 21.842 580.206
  66 0.655 21.954 580.273
  67 0.665 21.972 579.228
  68 0.675 21.748 583.119
  69 0.685 21.756 577.377
  70 0.695 21.442 525.765
  71 0.705 21.464 526.433
  72 0.715 21.556 530.818
  73 0.725 20.85 535.324
  74 0.735 19.29 522.111
  75 0.745 18.902 518.114
  76 0.755 19.82 502.744
  77 0.765 21.166 530.671
  78 0.775 21.416 516.778
  79 0.785 21.552 504.256
  80 0.795 21.464 513.283
  81 0.805 21.672 497.915
  82 0.815 21.958 468.817
  83 0.825 21.972 478.458
  84 0.835 21.976 474.272
  85 0.845 21.778 444.078
  86 0.855 20.738 453.789
  87 0.865 19.016 468.568
  88 0.875 19.378 456.495
  89 0.885 21.248 439.983
  90 0.895 21.866 420.168
  91 0.905 22 419.762
  92 0.915 21.996 428.694
  93 0.925 21.886 439.655
  94 0.935 21.884 424.281
  95 0.945 21.398 413.872
  96 0.955 21.304 400.15
  97 0.965 21.616 401.199
  98 0.975 21.698 401.596
  99 0.985 20.506 397.357
  100 0.995 18.482 359.718
220000 100 2112
  1 0.005 18.358 357.295
  2 0.015 20.664 369.889
  3 0.025 21.722 366.102
  4 0.035 21.58 392.902
  5 0.045 21.322 382.301
  6 0.055 21.544 408.291
  7 0.065 21.682 399.835
  8 0.075 21.972 421.326
  9 0.085 21.988 450.787
  10 0.095 21.986 469.549
  11 0.105 21.958 433.771
  12 0.115 21.152 447.299
  13 0.125 19.55 474.251
  14 0.135 18.84 468.261
  15 0.145 20.716 480.921
  16 0.155 21.846 488.437
  17 0.165 21.952 493.575
  18 0.175 21.984 513.947
  19 0.185 21.916 489.551
  20 0.195 21.788 505.291
  21 0.205 21.448 529.933
  22 0.215 21.436 524.067
  23 0.225 21.544 532.705
  24 0.235 21.354 505.921
  25 0.245 19.872 494.706
  26 0.255 18.558 515.618
  27 0.265 19.446 528.358
  28 0.275 20.79 526.885
  29 0.285 21.558 525.486
  30 0.295 21.314 531.337
  31 0.305 21.494 553.074
  32 0.315 21.692 568.837
  33 0.325 21.866 558.828
  34 0.335 21.94 579.104
  35 0.345 21.986 554.105
  36 0.355 21.75 557.072
  37 0.365 20.946 574.303
  38 0.375 19.458 582.831
  39 0.385 19.338 601.211
  40 0.395 20.716 608.946
  41 0.405 21.83 610.503
  42 0.415 21.968 604.123
  43 0.425 21.988 611.212
  44 0.435 21.842 595.794
  45 0.445 21.63 617.868
  46 0.455 21.44 612.211
  47 0.465 21.472 606.731
  48 0.475 21.486 624.028
  49 0.485 20.434 666.467
  50 0.495 18.854 668.571
  51 0.505 18.814 688.333
  52 0.515 20.302 664.587
  53 0.525 21.478 608.815
  54 0.535 21.43 606.158
  55 0.545 21.412 609.693
  56 0.555 21.612 639.105
  57 0.565 21.86 606
  58 0.575 21.958 572.207
  59 0.585 21.996 585.564
  60 0.595 21.846 574.866
  61 0.605 21.134 589.247
  62 0.615 19.128 602.465
  63 0.625 19.138 609.375
  64 0.635 21.046 597.893
  65 0.645 21.736 588.04
  66 0.655 21.972 580.22
  67 0.665 21.932 591.281
  68 0.675 21.856 582.506
  69 0.685 21.672 536.717
  70 0.695 21.328 521.146
  71 0.705 21.528 533.787
  72 0.715 21.516 517.51
  73 0.725 20.882 517.038
  74 0.735 18.948 491.373
  75 0.745 18.58 507.2
  76 0.755 20.262 510.485
  77 0.765 21.362 521.326
  78 0.775 21.504 502.434
  79 0.785 21.47 497.802
  80 0.795 21.476 521.855
  81 0.805 21.784 509.171
  82 0.815 21.91 507.398
  83 0.825 22.002 519.303
  84 0.835 21.972 493.023
  85 0.845 21.692 486.278
  86 0.855 20.642 467.885
  87 0.865 19.322 446.652
  88 0.875 19.442 457.851
  89 0.885 21.118 447.911
  90 0.895 21.8 445.87
  91 0.905 22 442.13
  92 0.915 21.992 424.063
  93 0.925 21.934 407.494
  94 0.935 21.706 397.146
  95 0.945 21.492 395.672
  96 0.955 21.404 367.297
  97 0.965 21.584 377.864
  98 0.975 21.718 365.613
  99 0.985 20.674 376.714
  100 0.995 18.664 361.68
225000 100 2112.0000000000005
  1 0.005 18.536 369.116
  2 0.015 20.82 380.264
  3 0.025 21.776 364.563
  4 0.035 21.596 364.099
  5 0.045 21.33 357.056
  6 0.055 21.404 389.352
  7 0.065 21.844 400.504
  8 0.075 21.928 408.528
  9 0.085 22 422.181
  10 0.095 21.994 438.315
  11 0.105 21.858 453.651
  12 0.115 21.35 459.162
  13 0.125 19.86 453.349
  14 0.135 18.766 473.274
  15 0.145 20.62 484.805
  16 0.155 21.654 511.853
  17 0.165 21.91 506.309
  18 0.175 21.972 498.325
  19 0.185 21.942 497.416
  20 0.195 21.798 516.599
  21 0.205 21.578 488.41
  22 0.215 21.402 517.804
  23 0.225 21.484 525.359
  24 0.235 21.53 514.305
  25 0.245 20.44 510.375
  26 0.255 18.586 544.851
  27 0.265 19.05 541.902
  28 0.275 20.46 528.635
  29 0.285 21.562 529.874
  30 0.295 21.372 526.397
  31 0.305 21.532 490.889
  32 0.315 21.546 538.306
  33 0.325 21.804 549.427
  34 0.335 21.946 577.204
  35 0.345 21.984 573.548
  36 0.355 21.882 573.736
  37 0.365 21.078 579.496
  38 0.375 19.684 590.163
  39 0.385 19.316 601.884
  40 0.395 20.356 580.825
  41 0.405 21.684 598.598
  42 0.415 21.992 581.602
  43 0.425 22.004 563.393
  44 0.435 21.884 626.404
  45 0.445 21.488 634.183
  46 0.455 21.5 665.328
  47 0.465 21.428 663.718
  48 0.475 21.428 659.161
  49 0.485 20.438 660.186
  50 0.495 18.88 672.376
  51 0.505 18.574 691.63
  52 0.515 20.618 677.165
  53 0.525 21.48 627.57
  54 0.535 21.404 647.137
  55 0.545 21.48 628.642
  56 0.555 21.626 626.124
  57 0.565 21.814 636.501
  58 0.575 21.958 623.75
  59 0.585 22.002 594.235
  60 0.595 21.754 570.054
  61 0.605 20.696 576.299
  62 0.615 18.922 569.649
  63 0.625 19.472 581.783
  64 0.635 21.258 573.454
  65 0.645 21.916 550.271
  66 0.655 21.984 529.871
  67 0.665 21.928 556.971
  68 0.675 21.93 546.039
  69 0.685 21.58 565.081
  70 0.695 21.324 556.538
  71 0.705 21.538 539.217
  72 0.715 21.542 534.232
  73 0.725 20.58 529.877
  74 0.735 18.806 539.835
  75 0.745 18.844 521.005
  76 0.755 20.41 506.396
  77 0.765 21.332 492.799
  78 0.775 21.486 514.558
  79 0.785 21.422 515.093
  80 0.795 21.55 516.032
  81 0.805 21.812 519.456
  82 0.815 21.918 509.446
  83 0.825 21.976 484.541
  84 0.835 21.972 500.9
  85 0.845 21.522 491.355
  86 0.855 20.448 477.599
  87 0.865 19.304 450.611
  88 0.875 19.738 428.174
  89 0.885 21.148 425.684
  90 0.895 21.916 399.799
  91 0.905 21.966 435.95
  92 0.915 21.998 417.463
  93 0.925 21.962 414.181
  94 0.935 21.566 428.998
  95 0.945 21.638 391.847
  96 0.955 21.296 379.121
  97 0.965 21.632 407.355
  98 0.975 21.648 374.941
  99 0.985 20.512 394.576
  100 0.995 18.522 374.956
230000 100 2112.0000000000005
  1 0.005 18.564 393.529
  2 0.015 20.752 392.652
  3 0.025 21.648 387.228
  4 0.035 21.608 410.494
  5 0.045 21.422 420.484
  6 0.055 21.414 413.576
  7 0.065 21.738 399.521
  8 0.075 21.992 412.163
  9 0.085 21.968 409.46
  10 0.095 22 432.868
  11 0.105 21.908 444.938
  12 0.115 21.546 464.502
  13 0.125 19.454 446.936
  14 0.135 18.818 465.621
  15 0.145 20.59 466.504
  16 0.155 21.69 470.936
  17 0.165 22 496.662
  18 0.175 21.966 509.972
  19 0.185 21.982 495.631
  20 0.195 21.844 451.192
  21 0.205 21.412 462.147
  22 0.215 21.41 455.471
  23 0.225 21.558 508.022
  24 0.235 21.456 511.814
  25 0.245 20.172 506.443
  26 0.255 18.716 499.164
  27 0.265 19.128 499.691
  28 0.275 20.592 507.896
  29 0.285 21.5 519.487
  30 0.295 21.368 548.989
  31 0.305 21.438 517.801
  32 0.315 21.63 534.168
  33 0.325 21.876 557.954
  34 0.335 21.954 582.86
  35 0.345 21.992 562.434
  36 0.355 21.768 607.842
  37 0.365 20.946 607.553
  38 0.375 19.472 588.863
  39 0.385 19.294 578.204
  40 0.395 20.778 614.465
  41 0.405 21.762 605.106
  42 0.415 21.966 609.099
  43 0.425 21.982 593.781
  44 0.435 21.84 593.003
  45 0.445 21.632 641.894
  46 0.455 21.448 636.219
  47 0.465 21.368 701.203
  48 0.475 21.478 706.122
  49 0.485 20.604 639.184
  50 0.495 18.632 647.479
  51 0.505 18.54 639.753
  52 0.515 20.694 641.326
  53 0.525 21.452 628.069
  54 0.535 21.586 616.45
  55 0.545 21.27 625.035
  56 0.555 21.666 573.002
  57 0.565 21.856 575.533
  58 0.575 21.972 600.433
  59 0.585 21.982 607.029
  60 0.595 21.84 620.518
  61 0.605 20.758 647.79
  62 0.615 19.336 614.672
  63 0.625 19.26 589.387
  64 0.635 20.978 613.974
  65 0.645 21.846 602.968
  66 0.655 21.992 616.483
  67 0.665 21.968 578.16
  68 0.675 21.85 534.861
  69 0.685 21.544 531.749
  70 0.695 21.516 542.396
  71 0.705 21.43 525.127
  72 0.715 21.64 531.79
  73 0.725 20.756 532.637
  74 0.735 18.854 537.109
  75 0.745 18.608 517.073
  76 0.755 20.31 531.995
  77 0.765 21.378 504.618
  78 0.775 21.474 480.731
  79 0.785 21.404 500.301
  80 0.795 21.572 488.57
  81 0.805 21.792 457.829
  82 0.815 21.926 483.23
  83 0.825 21.98 480.408
  84 0.835 21.984 508.503
  85 0.845 21.578 475.877
  86 0.855 20.5 472.232
  87 0.865 18.964 479.955
  88 0.875 20.04 470.5
  89 0.885 21.034 443.396
  90 0.895 21.9 417.707
  91 0.905 22 398.075
  92 0.915 22 412.593
  93 0.925 21.902 430.052
  94 0.935 21.704 426.792
  95 0.945 21.546 438.412
  96 0.955 21.326 405.832
  97 0.965 21.594 379.595
  98 0.975 21.688 389.572
  99 0.985 20.572 409.288
  100 0.995 18.562 398.921
235000 100 2112
  1 0.005 18.45 408.758
  2 0.015 20.72 384.283
  3 0.025 21.69 405.173
  4 0.035 21.572 429.128
  5 0.045 21.22 439.714
  6 0.055 21.582 402.714
  7 0.065 21.874 445.231
  8 0.075 21.916 418.614
  9 0.085 21.988 443.376
  10 0.095 22 450.883
  11 0.105 21.884 450.315
  12 0.115 21.166 450.342
  13 0.125 19.154 468.474
  14 0.135 19.128 488.672
  15 0.145 20.9 484.676
  16 0.155 21.828 512.869
  17 0.165 21.94 511.885
  18 0.175 21.994 519.846
  19 0.185 21.91 491.891
  20 0.195 21.7 494.825
  21 0.205 21.532 498.898
  22 0.215 21.354 485.516
  23 0.225 21.608 475.646
  24 0.235 21.352 458.529
  25 0.245 19.878 472.528
  26 0.255 18.668 477.185
  27 0.265 19.408 485.693
  28 0.275 20.848 522.693
  29 0.285 21.348 507.953
  30 0.295 21.496 532.146
  31 0.305 21.492 513.387
  32 0.315 21.608 520.277
  33 0.325 21.838 508.922
  34 0.335 21.97 561.91
  35 0.345 21.954 563.254
  36 0.355 21.786 569.706
  37 0.365 20.886 568.232
  38 0.375 19.446 579.486
  39 0.385 19.67 571.948
  40 0.395 20.642 580.176
  41 0.405 21.688 578.196
  42 0.415 21.932 589.539
  43 0.425 21.928 638.72
  44 0.435 21.872 627.418
  45 0.445 21.672 652.685
  46 0.455 21.322 662.485
  47 0.465 21.498 683.704
  48 0.475 21.366 660.742
  49 0.485 20.258 707.583
  50 0.495 18.886 691.539
  51 0.505 18.752 719.339
  52 0.515 20.592 703.621
  53 0.525 21.516 672.939
  54 0.535 21.326 625.056
  55 0.545 21.484 606.736
  56 0.555 21.644 596.964
  57 0.565 21.894 581.931
  58 0.575 21.986 614.891
  59 0.585 21.986 605.406
  60 0.595 21.704 624.202
  61 0.605 21.104 607.346
  62 0.615 18.714 607.893
  63 0.625 19.552 551.614
  64 0.635 21.136 521.511
  65 0.645 21.81 557.144
  66 0.655 21.99 553.606
  67 0.665 21.986 562.208
  68 0.675 21.82 559.874
  69 0.685 21.674 545.274
  70 0.695 21.26 550.786
  71 0.705 21.538 513.902
  72 0.715 21.556 497.7
  73 0.725 20.744 513.607
  74 0.735 19.352 509.3
  75 0.745 18.872 493.696
  76 0.755 20.01 529.02
  77 0.765 21.05 518.151
  78 0.775 21.568 474.996
  79 0.785 21.496 450.375
  80 0.795 21.524 453.716
  81 0.805 21.652 442.649
  82 0.815 21.944 441.454
  83 0.825 21.956 486.663
  84 0.835 21.964 513.886
  85 0.845 21.698 502.025
  86 0.855 20.874 478.147
  87 0.865 19.558 484.255
  88 0.875 19.424 498.851
  89 0.885 20.792 463.655
  90 0.895 21.694 435.034
  91 0.905 21.998 432.788
  92 0.915 21.986 454.151
  93 0.925 21.95 431.207
  94 0.935 21.722 435.004
  95 0.945 21.604 421.609
  96 0.955 21.314 440.421
  97 0.965 21.54 414.099
  98 0.975 21.664 394.616
  99 0.985 20.86 389.802
  100 0.995 18.344 398.954
240000 100 2111.9999999999995
  1 0.005 18.198 393.488
  2 0.015 20.412 378.665
  3 0.025 21.66 409.082
  4 0.035 21.658 396.973
  5 0.045 21.226 419.486
  6 0.055 21.476 427.669
  7 0.065 21.9 437.07
  8 0.075 21.85 453.382
  9 0.085 21.992 471.115
  10 0.095 21.978 496.741
  11 0.105 21.98 479.343
  12 0.115 21 445.585
  13 0.125 19.356 471.287
  14 0.135 19.21 460.366
  15 0.145 20.612 501.111
  16 0.155 21.866 479.128
  17 0.165 21.99 468.508
  18 0.175 22.002 488.06
  19 0.185 21.9 499.763
  20 0.195 21.7 524.856
  21 0.205 21.388 537.533
  22 0.215 21.542 517.591
  23 0.225 21.54 519.78
  24 0.235 21.17 511.052
  25 0.245 19.56 474.289
  26 0.255 18.738 464.201
  27 0.265 19.682 485.078
  28 0.275 20.89 468.108
  29 0.285 21.502 504.807
  30 0.295 21.42 506.873
  31 0.305 21.508 532.935
  32 0.315 21.64 551.07
  33 0.325 21.88 537.425
  34 0.335 21.946 549.171
  35 0.345 21.956 523.432
  36 0.355 21.936 525.587
  37 0.365 20.722 555.375
  38 0.375 19.384 531.087
  39 0.385 19.674 541.426
  40 0.395 20.726 579.002
  41 0.405 21.654 595.319
  42 0.415 21.948 597.24
  43 0.425 21.942 594.312
  44 0.435 21.95 622.195
  45 0.445 21.598 651.276
  46 0.455 21.446 674.743
  47 0.465 21.4 669.888
  48 0.475 21.412 682.588
  49 0.485 20.544 686.147
  50 0.495 18.698 700.912
  51 0.505 18.704 739.072
  52 0.515 20.454 706.586
  53 0.525 21.53 649.47
  54 0.535 21.384 641.163
  55 0.545 21.52 645.71
  56 0.555 21.576 650.59
  57 0.565 21.858 642.939
  58 0.575 21.988 628.403
  59 0.585 21.992 616.306
  60 0.595 21.74 574.433
  61 0.605 20.684 568.227
  62 0.615 19.074 571.118
  63 0.625 19.406 588.27
  64 0.635 21.236 571.495
  65 0.645 21.878 533.49
  66 0.655 21.978 538.917
  67 0.665 21.954 540.361
  68 0.675 21.862 530.57
  69 0.685 21.656 533.495
  70 0.695 21.464 551.463
  71 0.705 21.43 515.946
  72 0.715 21.55 527.639
  73 0.725 20.698 533.867
  74 0.735 19.378 537.234
  75 0.745 19.084 496.789
  76 0.755 19.85 505.296
  77 0.765 21.01 519.913
  78 0.775 21.512 493.92
  79 0.785 21.436 462.55
  80 0.795 21.468 486.011
  81 0.805 21.78 490.889
  82 0.815 21.892 477.131
  83 0.825 21.986 437.754
  84 0.835 21.958 450.758
  85 0.845 21.806 451.279
  86 0.855 20.632 485.09
  87 0.865 19.354 454.594
  88 0.875 19.882 444.449
  89 0.885 20.764 452.738
  90 0.895 21.616 454.858
  91 0.905 21.986 438.31
  92 0.915 22 451.67
  93 0.925 21.93 444.896
  94 0.935 21.764 454.766
  95 0.945 21.52 426.306
  96 0.955 21.368 421.784
  97 0.965 21.578 390.013
  98 0.975 21.656 408.342
  99 0.985 20.798 403.019
  100 0.995 19.014 415.79
245000 100 2111.9999999999995
  1 0.005 18.608 373.02
  2 0.015 20.574 393.359
  3 0.025 21.646 400.048
  4 0.035 21.654 388.583
  5 0.045 21.244 409.901
  6 0.055 21.484 399.381
  7 0.065 21.84 432.637
  8 0.075 21.904 444.354
  9 0.085 21.996 441.434
  10 0.095 21.996 463.59
  11 0.105 21.878 472.933
  12 0.115 21.212 472.199
  13 0.125 19.524 491.243
  14 0.135 18.808 479.033
  15 0.145 20.686 459.18
  16 0.155 21.934 466.264
  17 0.165 21.958 498.619
  18 0.175 21.99 500.623
  19 0.185 21.96 489.342
  20 0.195 21.818 482.106
  21 0.205 21.456 502.621
  22 0.215 21.392 503.257
  23 0.225 21.628 514.313
  24 0.235 21.258 514.884
  25 0.245 20.106 512.317
  26 0.255 18.898 473.755
  27 0.265 19.43 483.144
  28 0.275 20.566 494.94
  29 0.285 21.28 504.804
  30 0.295 21.486 499.431
  31 0.305 21.432 519.235
  32 0.315 21.586 530.288
  33 0.325 21.772 554.242
  34 0.335 21.942 558.739
  35 0.345 21.946 539.595
  36 0.355 21.808 567.062
  37 0.365 20.838 594.609
  38 0.375 19.956 581.598
  39 0.385 19.708 581.3
  40 0.395 20.384 579.366
  41 0.405 21.436 584.831
  42 0.415 21.934 618.276
  43 0.425 21.91 600.014
  44 0.435 21.886 606.31
  45 0.445 21.726 623.992
  46 0.455 21.416 653.282
  47 0.465 21.438 678.094
  48 0.475 21.244 689.964
  49 0.485 20.484 704.152
  50 0.495 18.862 729.738
  51 0.505 18.864 713.527
  52 0.515 20.432 754.11
  53 0.525 21.316 759.21
  54 0.535 21.338 727.089
  55 0.545 21.45 682.615
  56 0.555 21.836 613.236
  57 0.565 21.818 648.718
  58 0.575 21.97 611.008
  59 0.585 21.98 585.147
  60 0.595 21.728 549.735
  61 0.605 20.466 520.853
  62 0.615 18.876 522.921
  63 0.625 19.624 544.807
  64 0.635 21.388 520.851
  65 0.645 21.938 528.848
  66 0.655 22 517.362
  67 0.665 21.976 503.721
  68 0.675 21.818 516.958
  69 0.685 21.586 516.292
  70 0.695 21.422 527.683
  71 0.705 21.552 552.875
  72 0.715 21.372 551.775
  73 0.725 20.42 542.035
  74 0.735 19.024 542.595
  75 0.745 19.12 543.029
  76 0.755 20.416 530.37
  77 0.765 21.146 505.297
  78 0.775 21.37 498.993
  79 0.785 21.498 487.466
  80 0.795 21.624 494.841
  81 0.805 21.756 482.48
  82 0.815 21.918 467.905
  83 0.825 22 502.257
  84 0.835 21.954 469.899
  85 0.845 21.548 442.729
  86 0.855 20.328 470.069
  87 0.865 19.502 445.239
  88 0.875 19.984 452.151
  89 0.885 21.038 444.047
  90 0.895 21.64 438.496
  91 0.905 21.976 437.294
  92 0.915 21.994 437.198
  93 0.925 21.966 436.263
  94 0.935 21.696 450.241
  95 0.945 21.472 430.588
  96 0.955 21.446 415.618
  97 0.965 21.584 407.357
  98 0.975 21.622 412.89
  99 0.985 20.598 397.488
  100 0.995 18.688 387.205
250000 100 2112
  1 0.005 18.774 367.735
  2 0.015 20.642 361.902
  3 0.025 21.628 371.93
  4 0.035 21.618 387.913
  5 0.045 21.436 413.305
  6 0.055 21.388 406.605
  7 0.065 21.776 409.641
  8 0.075 21.946 405.015
  9 0.085 22.002 403.53
  10 0.095 21.996 436.46
  11 0.105 21.976 436.765
  12 0.115 21.272 439.279
  13 0.125 19.854 496.878
  14 0.135 18.798 533.034
  15 0.145 20.472 509.368
  16 0.155 21.646 487.363
  17 0.165 21.982 501.593
  18 0.175 21.976 504.209
  19 0.185 21.938 496.946
  20 0.195 21.806 495.231
  21 0.205 21.532 501.922
  22 0.215 21.506 515.394
  23 0.225 21.48 558.478
  24 0.235 21.014 559.271
  25 0.245 19.898 528.078
  26 0.255 19.61 529.61
  27 0.265 19.668 510.111
  28 0.275 20.16 528.003
  29 0.285 21.152 489.326
  30 0.295 21.432 512.56
  31 0.305 21.572 528.079
  32 0.315 21.626 551.679
  33 0.325 21.75 558.874
  34 0.335 21.888 550.399
  35 0.345 21.928 534.111
  36 0.355 21.712 556.047
  37 0.365 20.984 564.625
  38 0.375 19.836 565.799
  39 0.385 19.914 567.715
  40 0.395 20.242 587.906
  41 0.405 21.5 576.231
  42 0.415 21.868 581.706
  43 0.425 21.97 611.186
  44 0.435 21.85 600.918
  45 0.445 21.644 636.022
  46 0.455 21.544 616.621
  47 0.465 21.266 642.059
  48 0.475 21.466 650.897
  49 0.485 20.638 646.241
  50 0.495 18.74 680.19
  51 0.505 18.774 711.653
  52 0.515 20.37 719.233
  53 0.525 21.426 689.973
  54 0.535 21.274 660.941
  55 0.545 21.612 617.41
  56 0.555 21.606 620.518
  57 0.565 21.868 615.149
  58 0.575 21.96 615.864
  59 0.585 21.952 597.536
  60 0.595 21.68 626.073
  61 0.605 20.84 585.266
  62 0.615 18.914 592.101
  63 0.625 19.336 566.855
  64 0.635 21.346 521.214
  65 0.645 21.924 539.016
  66 0.655 22.004 548.962
  67 0.665 21.926 533.784
  68 0.675 21.84 526.796
  69 0.685 21.694 533.742
  70 0.695 21.354 534.926
  71 0.705 21.506 539.983
  72 0.715 21.386 552.964
  73 0.725 20.468 552.477
  74 0.735 18.988 544.417
  75 0.745 19.176 552.074
  76 0.755 20.336 534.027
  77 0.765 21.132 548.757
  78 0.775 21.5 547.674
  79 0.785 21.414 539.154
  80 0.795 21.55 512.555
  81 0.805 21.874 473.644
  82 0.815 21.87 453.919
  83 0.825 21.99 431.415
  84 0.835 21.958 442.503
  85 0.845 21.38 464.754
  86 0.855 19.95 463.673
  87 0.865 19.68 461.951
  88 0.875 20.25 457.168
  89 0.885 21.156 450.762
  90 0.895 21.668 451.667
  91 0.905 21.954 444.507
  92 0.915 21.96 434.267
  93 0.925 21.916 425.25
  94 0.935 21.708 423.853
  95 0.945 21.486 405.045
  96 0.955 21.486 423.861
  97 0.965 21.558 419.479
  98 0.975 21.418 411.224
  99 0.985 20.316 425.499
  100 0.995 18.95 398.48
255000 100 2112.0000000000005
  1 0.005 18.45 408.913
  2 0.015 20.41 387.107
  3 0.025 21.692 414.142
  4 0.035 21.508 418.016
  5 0.045 21.376 428.197
  6 0.055 21.506 386.57
  7 0.065 21.78 403.888
  8 0.075 21.962 419.392
  9 0.085 21.96 412.95
  10 0.095 21.97 439.826
  11 0.105 21.844 449.563
  12 0.115 21.076 453.677
  13 0.125 19.394 459.367
  14 0.135 19.37 477.104
  15 0.145 20.572 474.826
  16 0.155 21.832 498.22
  17 0.165 21.938 476.036
  18 0.175 21.988 466.645
  19 0.185 21.876 499.751
  20 0.195 21.732 517.314
  21 0.205 21.46 488.484
  22 0.215 21.53 500.031
  23 0.225 21.472 502.148
  24 0.235 20.704 559.056
  25 0.245 19.698 518.137
  26 0.255 19.4 526.54
  27 0.265 19.8 523.228
  28 0.275 20.75 535.185
  29 0.285 21.208 520.038
  30 0.295 21.358 517.341
  31 0.305 21.552 503.671
  32 0.315 21.718 507.44
  33 0.325 21.872 529.16
  34 0.335 21.898 563.807
  35 0.345 21.956 563.094
  36 0.355 21.63 568.851
  37 0.365 20.712 569.684
  38 0.375 19.462 570.046
  39 0.385 20 560.998
  40 0.395 20.812 562.476
  41 0.405 21.428 586.098
  42 0.415 21.978 580.981
  43 0.425 21.942 621.456
  44 0.435 21.758 614.833
  45 0.445 21.75 588.043
  46 0.455 21.528 568.972
  47 0.465 21.46 579.247
  48 0.475 21.466 626.495
  49 0.485 20.574 637.372
  50 0.495 19.016 682.534
  51 0.505 18.764 706.475
  52 0.515 20.112 669.902
  53 0.525 21.422 672.845
  54 0.535 21.422 668.965
  55 0.545 21.41 693.782
  56 0.555 21.548 675.58
  57 0.565 21.872 661.802
  58 0.575 21.966 650.491
  59 0.585 21.934 670.412
  60 0.595 21.642 646.736
  61 0.605 20.884 624.038
  62 0.615 19.26 600.875
  63 0.625 19.438 591.684
  64 0.635 21.028 554.442
  65 0.645 21.812 567.633
  66 0.655 21.988 554.17
  67 0.665 21.924 490.114
  68 0.675 21.834 495.751
  69 0.685 21.76 498.648
  70 0.695 21.318 542.383
  71 0.705 21.632 527.431
  72 0.715 21.242 512.733
  73 0.725 20.586 523.564
  74 0.735 19.29 529.652
  75 0.745 19.452 505.251
  76 0.755 20.116 548.604
  77 0.765 20.868 543.466
  78 0.775 21.42 495.608
  79 0.785 21.408 495.37
  80 0.795 21.646 501.733
  81 0.805 21.658 465.302
  82 0.815 21.904 480.986
  83 0.825 21.94 499.832
  84 0.835 21.948 508.425
  85 0.845 21.436 504.62
  86 0.855 20.534 476.731
  87 0.865 19.868 462.76
  88 0.875 20.038 424.873
  89 0.885 20.616 447.621
  90 0.895 21.618 455.301
  91 0.905 21.952 432.15
  92 0.915 21.968 450.871
  93 0.925 21.934 411.444
  94 0.935 21.762 417.958
  95 0.945 21.534 414.984
  96 0.955 21.468 421.777
  97 0.965 21.494 425.037
  98 0.975 21.506 411.341
  99 0.985 20.628 419.501
  100 0.995 19.068 433.766
260000 100 2112.0000000000005
  1 0.005 18.836 398.167
  2 0.015 20.596 385.163
  3 0.025 21.582 398.996
  4 0.035 21.588 401.137
  5 0.045 21.25 413.191
  6 0.055 21.616 415.568
  7 0.065 21.786 419.972
  8 0.075 21.93 424.082
  9 0.085 21.986 428.213
  10 0.095 21.972 426.164
  11 0.105 21.646 459.019
  12 0.115 20.526 472.473
  13 0.125 19.66 435.826
  14 0.135 19.686 455.299
  15 0.145 20.766 480.021
  16 0.155 21.766 463.301
  17 0.165 21.994 456.855
  18 0.175 21.97 476.898
  19 0.185 21.892 491.335
  20 0.195 21.574 527.958
  21 0.205 21.55 510.628
  22 0.215 21.508 509.323
  23 0.225 21.58 503.011
  24 0.235 20.882 513.65
  25 0.245 19.318 522.082
  26 0.255 19.422 519.241
  27 0.265 20.158 524.271
  28 0.275 20.788 526.065
  29 0.285 21 528.883
  30 0.295 21.362 515.818
  31 0.305 21.574 513.711
  32 0.315 21.764 546.425
  33 0.325 21.768 549.603
  34 0.335 21.886 508.37
  35 0.345 21.976 540.153
  36 0.355 21.492 513.072
  37 0.365 20.512 535.992
  38 0.375 19.522 554.462
  39 0.385 20.356 553.02
  40 0.395 20.898 566.772
  41 0.405 21.34 611.366
  42 0.415 21.88 649.686
  43 0.425 21.974 623.419
  44 0.435 21.78 623.582
  45 0.445 21.66 633.119
  46 0.455 21.378 622.219
  47 0.465 21.442 641.153
  48 0.475 21.366 661.024
  49 0.485 20.186 667.83
  50 0.495 18.716 685.461
  51 0.505 19.252 686.663
  52 0.515 20.49 684.847
  53 0.525 21.408 695.099
  54 0.535 21.41 734.836
  55 0.545 21.402 679.402
  56 0.555 21.746 689.303
  57 0.565 21.834 649.799
  58 0.575 21.974 608.687
  59 0.585 21.876 593.577
  60 0.595 21.708 551.596
  61 0.605 20.692 562.054
  62 0.615 19.466 562.743
  63 0.625 19.74 557.693
  64 0.635 20.612 581.206
  65 0.645 21.938 558.494
  66 0.655 21.954 580.829
  67 0.665 21.928 520.464
  68 0.675 21.862 526.231
  69 0.685 21.672 546.029
  70 0.695 21.484 548.753
  71 0.705 21.534 520.051
  72 0.715 21.392 518.571
  73 0.725 20.588 508.499
  74 0.735 19.69 516.519
  75 0.745 19.606 525.344
  76 0.755 20.102 486.882
  77 0.765 20.612 502.405
  78 0.775 21.114 507.537
  79 0.785 21.468 492.194
  80 0.795 21.562 474.383
  81 0.805 21.734 487.651
  82 0.815 21.744 527.223
  83 0.825 21.932 500.711
  84 0.835 21.934 490.893
  85 0.845 21.562 505.53
  86 0.855 20.636 499.388
  87 0.865 20.186 489.875
  88 0.875 20.204 457.803
  89 0.885 20.082 477.528
  90 0.895 21.442 460.875
  91 0.905 21.962 455.083
  92 0.915 21.956 427.705
  93 0.925 21.948 442.087
  94 0.935 21.84 415.103
  95 0.945 21.484 444.417
  96 0.955 21.364 429.797
  97 0.965 21.546 415.844
  98 0.975 21.626 396.654
  99 0.985 20.474 414.214
  100 0.995 18.568 399.108
265000 100 2112
  1 0.005 18.688 382.886
  2 0.015 20.676 397.297
  3 0.025 21.618 404.222
  4 0.035 21.606 411.828
  5 0.045 21.292 411.724
  6 0.055 21.512 414.377
  7 0.065 21.768 431.045
  8 0.075 21.996 443.948
  9 0.085 21.96 465.4
  10 0.095 21.944 449.653
  11 0.105 21.754 439.218
  12 0.115 20.86 452.861
  13 0.125 19.666 445.685
  14 0.135 19.398 453.427
  15 0.145 20.726 448.534
  16 0.155 21.672 469.876
  17 0.165 21.974 435.398
  18 0.175 21.974 446.573
  19 0.185 21.908 446.387
  20 0.195 21.74 492.346
  21 0.205 21.55 483.554
  22 0.215 21.5 487.074
  23 0.225 21.376 489.946
  24 0.235 21.11 512.231
  25 0.245 19.962 494.091
  26 0.255 19.006 527.306
  27 0.265 19.868 520.511
  28 0.275 20.722 532.365
  29 0.285 21.11 530.366
  30 0.295 21.294 531.127
  31 0.305 21.492 540.656
  32 0.315 21.712 532.37
  33 0.325 21.77 585.271
  34 0.335 21.924 593.103
  35 0.345 21.948 582.301
  36 0.355 21.682 584.012
  37 0.365 20.764 577.354
  38 0.375 19.836 610.826
  39 0.385 19.792 571.539
  40 0.395 20.606 548.127
  41 0.405 21.46 538.767
  42 0.415 21.91 568.175
  43 0.425 21.946 570.004
  44 0.435 21.914 612.318
  45 0.445 21.642 629.68
  46 0.455 21.558 654.652
  47 0.465 21.33 700.342
  48 0.475 21.41 715.602
  49 0.485 20.554 679.813
  50 0.495 19.098 701.527
  51 0.505 18.69 715.674
  52 0.515 20.242 684.674
  53 0.525 21.266 642.741
  54 0.535 21.54 615.687
  55 0.545 21.424 639.042
  56 0.555 21.552 609.71
  57 0.565 21.888 608.068
  58 0.575 21.93 601.545
  59 0.585 21.942 601.926
  60 0.595 21.788 568.691
  61 0.605 20.982 579.134
  62 0.615 19.36 589.205
  63 0.625 19.414 623.46
  64 0.635 20.822 578.912
  65 0.645 21.72 574.363
  66 0.655 21.962 569.972
  67 0.665 21.89 572.622
  68 0.675 21.912 541.426
  69 0.685 21.47 561.731
  70 0.695 21.624 558.629
  71 0.705 21.518 527.458
  72 0.715 21.256 569.69
  73 0.725 20.188 525.637
  74 0.735 19.124 524.279
  75 0.745 19.528 510.182
  76 0.755 20.382 478.999
  77 0.765 21.226 458.428
  78 0.775 21.262 480.897
  79 0.785 21.406 493.118
  80 0.795 21.594 476.21
  81 0.805 21.81 486.341
  82 0.815 21.85 493.583
  83 0.825 21.958 483.211
  84 0.835 21.902 472.593
  85 0.845 21.21 481.935
  86 0.855 20.072 508.687
  87 0.865 19.99 486.058
  88 0.875 20.482 465.477
  89 0.885 20.808 475.82
  90 0.895 21.588 473.391
  91 0.905 21.96 459.391
  92 0.915 21.98 446.333
  93 0.925 21.884 433.976
  94 0.935 21.668 431.726
  95 0.945 21.646 434.058
  96 0.955 21.384 441.775
  97 0.965 21.528 423.499
  98 0.975 21.518 413.881
  99 0.985 20.512 397.468
  100 0.995 18.77 385.32
270000 100 2112
  1 0.005 18.934 409.839
  2 0.015 21.08 391.981
  3 0.025 21.69 409.415
  4 0.035 21.514 408.36
  5 0.045 21.398 408.772
  6 0.055 21.454 424.126
  7 0.065 21.92 412.375
  8 0.075 21.938 394.985
  9 0.085 21.988 414.2
  10 0.095 21.982 413.73
  11 0.105 21.838 427.842
  12 0.115 21.126 434.902
  13 0.125 19.67 431.587
  14 0.135 19.258 450.882
  15 0.145 20.518 470.427
  16 0.155 21.616 463.884
  17 0.165 21.99 472.641
  18 0.175 21.976 468.041
  19 0.185 21.908 471.834
  20 0.195 21.81 435.893
  21 0.205 21.7 459.386
  22 0.215 21.462 475.972
  23 0.225 21.398 494.552
  24 0.235 21.166 520.297
  25 0.245 20.318 536
  26 0.255 19.612 509.328
  27 0.265 19.766 525.341
  28 0.275 20.286 537.646
  29 0.285 20.592 510.285
  30 0.295 21.324 522.872
  31 0.305 21.512 520.427
  32 0.315 21.602 546.891
  33 0.325 21.752 585.511
  34 0.335 21.866 570.203
  35 0.345 21.95 604.653
  36 0.355 21.706 603.036
  37 0.365 21.008 604.305
  38 0.375 20.132 625.461
  39 0.385 19.842 606.968
  40 0.395 20.05 598.823
  41 0.405 21.408 593.359
  42 0.415 21.886 616.906
  43 0.425 21.922 648.682
  44 0.435 21.868 621.425
  45 0.445 21.646 647.368
  46 0.455 21.452 646.99
  47 0.465 21.446 650.918
  48 0.475 21.404 662.131
  49 0.485 20.594 672.646
  50 0.495 18.612 672.556
  51 0.505 18.656 662.302
  52 0.515 20.586 668.448
  53 0.525 21.464 654.619
  54 0.535 21.364 620.826
  55 0.545 21.544 610.018
  56 0.555 21.63 643.862
  57 0.565 21.798 610.989
  58 0.575 21.978 617.913
  59 0.585 21.976 585.307
  60 0.595 21.66 569.712
  61 0.605 20.374 580.244
  62 0.615 19.49 562.075
  63 0.625 19.466 568.854
  64 0.635 21.218 579.427
  65 0.645 21.824 571.97
  66 0.655 21.988 557.993
  67 0.665 21.882 563.409
  68 0.675 21.754 555.632
  69 0.685 21.618 527.761
  70 0.695 21.56 503.065
  71 0.705 21.51 505.984
  72 0.715 21.092 533.406
  73 0.725 20.26 541.626
  74 0.735 19.532 528.274
  75 0.745 19.274 530.462
  76 0.755 20.436 511.581
  77 0.765 21.028 503.436
  78 0.775 21.25 510.871
  79 0.785 21.552 525.456
  80 0.795 21.678 534.595
  81 0.805 21.734 536.338
  82 0.815 21.902 517.967
  83 0.825 21.956 480.433
  84 0.835 21.946 459.687
  85 0.845 21.33 487.589
  86 0.855 20.064 481.184
  87 0.865 19.704 470.105
  88 0.875 20.306 460.171
  89 0.885 20.894 459.453
  90 0.895 21.792 436.579
  91 0.905 21.936 427.288
  92 0.915 22.004 428.91
  93 0.925 21.912 461.426
  94 0.935 21.71 444.064
  95 0.945 21.412 445.752
  96 0.955 21.496 425.994
  97 0.965 21.514 440.935
  98 0.975 21.52 440.398
  99 0.985 20.086 407.832
  100 0.995 18.45 415.664
275000 100 2112
  1 0.005 18.558 392.074
  2 0.015 20.768 379.469
  3 0.025 21.768 378.941
  4 0.035 21.588 391.622
  5 0.045 21.308 419.686
  6 0.055 21.442 436.745
  7 0.065 21.828 432.047
  8 0.075 21.934 429.422
  9 0.085 21.992 428.55
  10 0.095 21.964 436.157
  11 0.105 21.932 428.594
  12 0.115 20.928 430.102
  13 0.125 19.616 418.949
  14 0.135 19.166 452.949
  15 0.145 20.65 461.002
  16 0.155 21.76 463.391
  17 0.165 21.968 476.593
  18 0.175 21.994 497.585
  19 0.185 21.924 473.904
  20 0.195 21.79 442.331
  21 0.205 21.624 455.747
  22 0.215 21.296 465.967
  23 0.225 21.568 460.954
  24 0.235 21.112 473.394
  25 0.245 20.068 500.17
  26 0.255 19.098 517.552
  27 0.265 19.576 523.694
  28 0.275 20.642 538.869
  29 0.285 21.088 544.384
  30 0.295 21.43 560.864
  31 0.305 21.46 563.679
  32 0.315 21.638 540.507
  33 0.325 21.772 567.512
  34 0.335 21.94 515.877
  35 0.345 21.968 521.094
  36 0.355 21.678 556.007
  37 0.365 20.752 592.138
  38 0.375 19.932 599.246
  39 0.385 19.978 611.725
  40 0.395 20.468 600.024
  41 0.405 21.32 600.228
  42 0.415 21.892 617.788
  43 0.425 21.912 656.828
  44 0.435 21.924 584.393
  45 0.445 21.604 588.979
  46 0.455 21.574 596.8
  47 0.465 21.386 612.602
  48 0.475 21.444 642.787
  49 0.485 20.706 675.392
  50 0.495 19.078 683.363
  51 0.505 18.55 696.706
  52 0.515 20.218 705.279
  53 0.525 21.32 669.848
  54 0.535 21.434 638.945
  55 0.545 21.466 628.795
  56 0.555 21.576 627.442
  57 0.565 21.84 635.057
  58 0.575 21.98 653.314
  59 0.585 21.944 658.042
  60 0.595 21.618 644.391
  61 0.605 20.78 609.025
  62 0.615 19.418 594.822
  63 0.625 19.418 570.04
  64 0.635 21.018 566.923
  65 0.645 21.828 559.144
  66 0.655 21.968 569.378
  67 0.665 21.936 580.787
  68 0.675 21.828 576.577
  69 0.685 21.59 591.451
  70 0.695 21.458 561.889
  71 0.705 21.462 544.933
  72 0.715 21.382 529.966
  73 0.725 20.354 518.685
  74 0.735 19.216 522.67
  75 0.745 19.306 513.555
  76 0.755 20.412 535.111
  77 0.765 21.054 540.885
  78 0.775 21.246 521.315
  79 0.785 21.494 547.394
  80 0.795 21.616 531.736
  81 0.805 21.794 522.491
  82 0.815 21.902 521.688
  83 0.825 21.938 496.587
  84 0.835 21.86 476.22
  85 0.845 21.358 456.868
  86 0.855 20.096 449.96
  87 0.865 19.954 436.526
  88 0.875 20.288 430.015
  89 0.885 20.822 437.13
  90 0.895 21.658 466.29
  91 0.905 21.974 462.401
  92 0.915 21.992 443.305
  93 0.925 21.862 446.732
  94 0.935 21.782 464.012
  95 0.945 21.42 446.3
  96 0.955 21.44 427.93
  97 0.965 21.584 408.206
  98 0.975 21.59 368.917
  99 0.985 20.394 376.759
  100 0.995 18.756 385.586
280000 100 2112
  1 0.005 18.388 361.299
  2 0.015 20.69 352.041
  3 0.025 21.786 370.809
  4 0.035 21.578 387.795
  5 0.045 21.392 430.976
  6 0.055 21.426 428.655
  7 0.065 21.744 397.407
  8 0.075 21.956 405.176
  9 0.085 21.994 429.052
  10 0.095 22 446.814
  11 0.105 21.812 444.798
  12 0.115 21.03 469.923
  13 0.125 19.418 471.663
  14 0.135 19.414 459.881
  15 0.145 20.602 489.589
  16 0.155 21.76 481.784
  17 0.165 21.956 500.221
  18 0.175 21.968 469.314
  19 0.185 21.958 467.928
  20 0.195 21.628 494.598
  21 0.205 21.56 480.924
  22 0.215 21.468 483.416
  23 0.225 21.44 496.091
  24 0.235 20.89 523.362
  25 0.245 19.598 537.574
  26 0.255 19.148 518.891
  27 0.265 20.022 520.033
  28 0.275 20.66 525.669
  29 0.285 21.178 516.662
  30 0.295 21.454 509.819
  31 0.305 21.646 538.491
  32 0.315 21.628 561.52
  33 0.325 21.834 533.549
  34 0.335 21.94 531.489
  35 0.345 21.9 508.381
  36 0.355 21.722 506.661
  37 0.365 20.594 510.917
  38 0.375 19.826 517.117
  39 0.385 19.84 536.963
  40 0.395 20.754 538.173
  41 0.405 21.45 595.515
  42 0.415 21.898 599.141
  43 0.425 21.97 613.755
  44 0.435 21.832 639.125
  45 0.445 21.712 685.697
  46 0.455 21.348 691.799
  47 0.465 21.514 683.864
  48 0.475 21.432 700.034
  49 0.485 20.508 684.354
  50 0.495 18.746 676.216
  51 0.505 18.622 682.256
  52 0.515 20.57 664.769
  53 0.525 21.448 645.347
  54 0.535 21.462 640.83
  55 0.545 21.4 613.26
  56 0.555 21.618 625.207
  57 0.565 21.89 641.04
  58 0.575 21.956 659.772
  59 0.585 21.906 650.247
  60 0.595 21.76 627.384
  61 0.605 20.764 612.445
  62 0.615 19.416 627.153
  63 0.625 19.358 637.964
  64 0.635 20.98 589.802
  65 0.645 21.836 592.534
  66 0.655 21.946 600.1
  67 0.665 21.936 607.519
  68 0.675 21.832 546.89
  69 0.685 21.616 549.872
  70 0.695 21.59 524.152
  71 0.705 21.402 537.963
  72 0.715 21.382 522.949
  73 0.725 20.44 512.849
  74 0.735 19.512 519.669
  75 0.745 19.498 550.129
  76 0.755 20.176 515.146
  77 0.765 20.726 545.77
  78 0.775 21.258 528.658
  79 0.785 21.49 525.904
  80 0.795 21.59 508.067
  81 0.805 21.724 492.602
  82 0.815 21.894 485.485
  83 0.825 21.948 490.907
  84 0.835 21.87 509.567
  85 0.845 21.562 505.141
  86 0.855 20.508 459.11
  87 0.865 20.006 439.417
  88 0.875 19.826 449.245
  89 0.885 20.434 442.978
  90 0.895 21.818 436.011
  91 0.905 21.966 444.482
  92 0.915 22.002 441.652
  93 0.925 21.912 431.008
  94 0.935 21.742 425.585
  95 0.945 21.484 418.006
  96 0.955 21.446 427.132
  97 0.965 21.584 410.364
  98 0.975 21.666 395.124
  99 0.985 20.708 382.795
  100 0.995 18.508 396.613
285000 100 2112
  1 0.005 18.794 390.061
  2 0.015 20.956 380.999
  3 0.025 21.82 400.641
  4 0.035 21.408 411.533
  5 0.045 21.372 390.173
  6 0.055 21.494 404.239
  7 0.065 21.902 420.513
  8 0.075 21.946 429.493
  9 0.085 21.996 437.757
  10 0.095 22 418.006
  11 0.105 21.744 422.468
  12 0.115 20.652 427.51
  13 0.125 19.664 427.805
  14 0.135 19.646 450.848
  15 0.145 20.602 490.933
  16 0.155 21.728 494.204
  17 0.165 21.952 479.901
  18 0.175 22.006 489.183
  19 0.185 21.842 460.517
  20 0.195 21.764 496.525
  21 0.205 21.436 485.432
  22 0.215 21.522 503.287
  23 0.225 21.544 501.381
  24 0.235 21.188 499.433
  25 0.245 19.782 516.429
  26 0.255 18.828 536.008
  27 0.265 19.824 539.538
  28 0.275 20.746 522.223
  29 0.285 21.178 540.44
  30 0.295 21.452 537.089
  31 0.305 21.434 508.623
  32 0.315 21.772 495.231
  33 0.325 21.79 504.886
  34 0.335 21.914 536.149
  35 0.345 21.976 521.925
  36 0.355 21.826 525.243
  37 0.365 20.966 524.928
  38 0.375 19.656 541.9
  39 0.385 19.722 519.755
  40 0.395 20.476 569.55
  41 0.405 21.498 612.501
  42 0.415 21.912 615.335
  43 0.425 21.914 625.511
  44 0.435 21.832 687.123
  45 0.445 21.768 678.853
  46 0.455 21.428 674.89
  47 0.465 21.458 710.202
  48 0.475 21.382 672.155
  49 0.485 20.71 693.208
  50 0.495 18.866 685.089
  51 0.505 18.782 677.274
  52 0.515 20.182 698.323
  53 0.525 21.352 680.565
  54 0.535 21.45 649.832
  55 0.545 21.38 617.391
  56 0.555 21.636 584.64
  57 0.565 21.834 575.07
  58 0.575 21.984 600.109
  59 0.585 21.89 629.772
  60 0.595 21.766 660.614
  61 0.605 20.866 624.227
  62 0.615 19.482 647.394
  63 0.625 19.238 628.386
  64 0.635 20.916 601.837
  65 0.645 21.856 581.344
  66 0.655 21.976 590.546
  67 0.665 21.958 580.488
  68 0.675 21.77 559.735
  69 0.685 21.7 538.951
  70 0.695 21.482 544.032
  71 0.705 21.432 502.018
  72 0.715 21.44 513.225
  73 0.725 20.508 514.759
  74 0.735 19.408 514.73
  75 0.745 19.11 533.092
  76 0.755 20.112 522.557
  77 0.765 21.04 503.808
  78 0.775 21.422 493.64
  79 0.785 21.532 465.707
  80 0.795 21.464 498.699
  81 0.805 21.778 494.734
  82 0.815 21.91 515.006
  83 0.825 21.95 496.203
  84 0.835 21.864 486.437
  85 0.845 21.512 492.483
  86 0.855 20.454 474.099
  87 0.865 19.878 489.72
  88 0.875 19.87 499.377
  89 0.885 20.68 478.795
  90 0.895 21.79 466.303
  91 0.905 21.94 473.299
  92 0.915 22 455.758
  93 0.925 21.862 441.131
  94 0.935 21.78 458.765
  95 0.945 21.438 446.219
  96 0.955 21.454 418.259
  97 0.965 21.578 412.583
  98 0.975 21.61 376.544
  99 0.985 20.55 390.766
  100 0.995 18.046 381.373
290000 100 2112.0000000000005
  1 0.005 18.91 391.237
  2 0.015 20.902 392.178
  3 0.025 21.794 401.431
  4 0.035 21.57 394.564
  5 0.045 21.212 412.128
  6 0.055 21.544 412.558
  7 0.065 21.768 440.453
  8 0.075 21.986 446.407
  9 0.085 22.004 446.594
  10 0.095 21.952 461.166
  11 0.105 21.784 437.224
  12 0.115 21.062 419.798
  13 0.125 19.708 457.566
  14 0.135 19.438 457.942
  15 0.145 20.522 442.467
  16 0.155 21.618 456.436
  17 0.165 21.906 449.482
  18 0.175 21.992 467.353
  19 0.185 21.912 463.529
  20 0.195 21.792 460.715
  21 0.205 21.536 478.024
  22 0.215 21.574 498.532
  23 0.225 21.426 537.982
  24 0.235 21.168 521.804
  25 0.245 20.21 514.221
  26 0.255 19.302 503.217
  27 0.265 19.688 509.114
  28 0.275 20.212 534.177
  29 0.285 21.018 535.708
  30 0.295 21.46 506.519
  31 0.305 21.458 524.342
  32 0.315 21.602 523.896
  33 0.325 21.794 525.552
  34 0.335 21.858 527.223
  35 0.345 21.98 535.869
  36 0.355 21.888 547.07
  37 0.365 21.026 572.234
  38 0.375 20.412 562.174
  39 0.385 19.342 591.585
  40 0.395 20.034 588.831
  41 0.405 21.356 618.306
  42 0.415 21.96 624.726
  43 0.425 21.96 655.449
  44 0.435 21.918 664.264
  45 0.445 21.648 656.133
  46 0.455 21.416 642.236
  47 0.465 21.432 649.349
  48 0.475 21.48 645.794
  49 0.485 20.696 687.172
  50 0.495 18.998 690.038
  51 0.505 18.348 640.473
  52 0.515 20.41 662.708
  53 0.525 21.406 678.693
  54 0.535 21.502 651.351
  55 0.545 21.352 653.758
  56 0.555 21.6 637.263
  57 0.565 21.866 647.551
  58 0.575 21.982 648.466
  59 0.585 21.868 676.788
  60 0.595 21.726 604.735
  61 0.605 20.344 614.067
  62 0.615 19.532 575.567
  63 0.625 19.868 571.121
  64 0.635 20.902 591.16
  65 0.645 21.766 577.223
  66 0.655 21.98 542.081
  67 0.665 21.892 544.451
  68 0.675 21.824 552.752
  69 0.685 21.57 532.962
  70 0.695 21.546 539.56
  71 0.705 21.402 545.155
  72 0.715 21.236 537.069
  73 0.725 20.096 543.929
  74 0.735 19.146 529.432
  75 0.745 19.604 486.321
  76 0.755 20.458 523.999
  77 0.765 21.016 510.48
  78 0.775 21.434 496.62
  79 0.785 21.374 521.016
  80 0.795 21.734 492.617
  81 0.805 21.772 466.245
  82 0.815 21.92 482.983
  83 0.825 21.952 479.477
  84 0.835 21.864 504.697
  85 0.845 21.148 510.629
  86 0.855 20.078 526.162
  87 0.865 19.95 495.344
  88 0.875 20.03 489.938
  89 0.885 21.152 469.699
  90 0.895 21.836 469.017
  91 0.905 21.954 469.297
  92 0.915 21.986 457.556
  93 0.925 21.93 435.988
  94 0.935 21.698 408.569
  95 0.945 21.396 417.063
  96 0.955 21.478 433.215
  97 0.965 21.608 416.832
  98 0.975 21.626 409.058
  99 0.985 20.382 374.102
  100 0.995 18.228 385.612
295000 100 2112
  1 0.005 19.172 387.813
  2 0.015 20.802 380.936
  3 0.025 21.628 357.885
  4 0.035 21.63 400.177
  5 0.045 21.202 397.868
  6 0.055 21.69 410.759
  7 0.065 21.654 426.081
  8 0.075 21.976 419.863
  9 0.085 22 405.181
  10 0.095 21.988 435.056
  11 0.105 21.718 422.253
  12 0.115 21.198 424.773
  13 0.125 19.942 441.832
  14 0.135 19.654 440.163
  15 0.145 20.324 463.044
  16 0.155 21.258 466.86
  17 0.165 21.926 464.487
  18 0.175 21.97 437.336
  19 0.185 21.914 473.602
  20 0.195 21.796 514.191
  21 0.205 21.632 495.294
  22 0.215 21.462 519.545
  23 0.225 21.462 524.945
  24 0.235 21.148 507.436
  25 0.245 20.206 529.675
  26 0.255 19.488 513.007
  27 0.265 19.554 537.935
  28 0.275 20.164 531.375
  29 0.285 21.04 546.994
  30 0.295 21.478 546.716
  31 0.305 21.378 565.036
  32 0.315 21.6 534.341
  33 0.325 21.79 559.554
  34 0.335 21.924 575.103
  35 0.345 21.952 562.261
  36 0.355 21.722 562.724
  37 0.365 21.256 588.137
  38 0.375 19.588 577.45
  39 0.385 19.598 574.976
  40 0.395 20.402 590.62
  41 0.405 21.508 570.577
  42 0.415 21.948 588.608
  43 0.425 21.946 614.795
  44 0.435 21.876 653.678
  45 0.445 21.692 610.479
  46 0.455 21.462 668.351
  47 0.465 21.454 676.891
  48 0.475 21.326 651.65
  49 0.485 20.51 666.674
  50 0.495 18.828 663.4
  51 0.505 18.752 670.085
  52 0.515 20.468 618.144
  53 0.525 21.352 636.565
  54 0.535 21.456 633.433
  55 0.545 21.422 637.994
  56 0.555 21.654 654.013
  57 0.565 21.888 681.862
  58 0.575 21.926 687.452
  59 0.585 21.972 640.018
  60 0.595 21.45 618.628
  61 0.605 20.458 592.016
  62 0.615 19.294 567.246
  63 0.625 20.02 571.616
  64 0.635 21.114 570.594
  65 0.645 21.71 542.478
  66 0.655 21.962 545.538
  67 0.665 21.892 554.184
  68 0.675 21.84 546.699
  69 0.685 21.59 571.039
  70 0.695 21.438 556.394
  71 0.705 21.524 549.015
  72 0.715 21.254 531.078
  73 0.725 20.344 539.544
  74 0.735 19.234 546.474
  75 0.745 19.256 534.036
  76 0.755 20.39 519.698
  77 0.765 21.066 511.584
  78 0.775 21.49 498.403
  79 0.785 21.41 514.765
  80 0.795 21.696 504.685
  81 0.805 21.712 477.396
  82 0.815 21.908 502.77
  83 0.825 21.958 508.255
  84 0.835 21.904 485.293
  85 0.845 21.204 481.949
  86 0.855 20.394 513.662
  87 0.865 19.592 490.584
  88 0.875 20.214 477.268
  89 0.885 21.036 434.546
  90 0.895 21.692 443.18
  91 0.905 21.956 452.597
  92 0.915 21.988 447.845
  93 0.925 21.932 446.329
  94 0.935 21.674 427.123
  95 0.945 21.446 437.792
  96 0.955 21.444 433.765
  97 0.965 21.594 425.844
  98 0.975 21.584 407.459
  99 0.985 20.156 421.165
  100 0.995 18.454 402.271
300000 100 2111.9999999999995
  1 0.005 18.874 354.705
  2 0.015 20.692 368.752
  3 0.025 21.606 372.612
  4 0.035 21.552 384.66
  5 0.045 21.358 384.544
  6 0.055 21.516 390.485
  7 0.065 21.762 384.68
  8 0.075 21.934 408.744
  9 0.085 21.994 431.458
  10 0.095 21.942 442.583
  11 0.105 21.904 442.935
  12 0.115 20.946 452.365
  13 0.125 19.672 475.479
  14 0.135 19.562 478.956
  15 0.145 20.47 518.306
  16 0.155 21.538 511.036
  17 0.165 21.962 500.886
  18 0.175 21.98 502.229
  19 0.185 21.92 492.069
  20 0.195 21.698 482.511
  21 0.205 21.486 478.909
  22 0.215 21.498 499.473
  23 0.225 21.522 483.105
  24 0.235 20.92 519.517
  25 0.245 19.652 513.609
  26 0.255 19.322 512.104
  27 0.265 19.714 513.999
  28 0.275 20.77 527.385
  29 0.285 21.26 516.772
  30 0.295 21.33 522.145
  31 0.305 21.53 536.253
  32 0.315 21.668 543.886
  33 0.325 21.82 580.332
  34 0.335 21.932 575.157
  35 0.345 21.84 565.243
  36 0.355 21.744 578.887
  37 0.365 20.628 567.288
  38 0.375 19.612 574.935
  39 0.385 19.876 566.738
  40 0.395 20.752 560.892
  41 0.405 21.548 582.614
  42 0.415 21.976 586.991
  43 0.425 21.988 581.648
  44 0.435 21.878 591.555
  45 0.445 21.532 637.708
  46 0.455 21.46 663.682
  47 0.465 21.492 657.876
  48 0.475 21.342 707.99
  49 0.485 20.456 681.584
  50 0.495 18.79 671.763
  51 0.505 18.976 718.193
  52 0.515 20.364 686.32
  53 0.525 21.43 637.453
  54 0.535 21.45 620.957
  55 0.545 21.36 643.008
  56 0.555 21.788 655.571
  57 0.565 21.76 631.164
  58 0.575 21.938 642.993
  59 0.585 21.908 658.712
  60 0.595 21.712 610.855
  61 0.605 21.004 606.204
  62 0.615 19.372 600.752
  63 0.625 19.476 613.746
  64 0.635 20.814 600.806
  65 0.645 21.798 602.035
  66 0.655 21.896 582.691
  67 0.665 21.966 571.351
  68 0.675 21.798 558.128
  69 0.685 21.602 551.219
  70 0.695 21.574 531.245
  71 0.705 21.43 540.065
  72 0.715 21.322 526.403
  73 0.725 20.466 529.413
  74 0.735 19.724 480.082
  75 0.745 19.392 502.779
  76 0.755 19.942 523.87
  77 0.765 20.892 541.328
  78 0.775 21.314 515.089
  79 0.785 21.45 528.548
  80 0.795 21.56 509.197
  81 0.805 21.78 476.706
  82 0.815 21.88 509.854
  83 0.825 21.934 520.909
  84 0.835 21.904 509.14
  85 0.845 21.466 480.367
  86 0.855 20.662 451.813
  87 0.865 19.876 432.291
  88 0.875 19.816 447.333
  89 0.885 20.64 463.563
  90 0.895 21.658 459.249
  91 0.905 21.97 450.84
  92 0.915 21.948 447.368
  93 0.925 21.976 431.169
  94 0.935 21.756 428.151
  95 0.945 21.542 440.88
  96 0.955 21.416 438.448
  97 0.965 21.5 435.3
  98 0.975 21.644 382.084
  99 0.985 20.438 386.596
  100 0.995 18.496 353.015
305000 100 2111.999999999999
  1 0.005 18.662 396.989
  2 0.015 20.948 386.225
  3 0.025 21.776 372.794
  4 0.035 21.512 386.775
  5 0.045 21.344 387.197
  6 0.055 21.492 395.275
  7 0.065 21.808 390.641
  8 0.075 21.978 407.275
  9 0.085 22 434.589
  10 0.095 21.996 456.045
  11 0.105 21.678 444.131
  12 0.115 20.552 479.549
  13 0.125 19.646 441.151
  14 0.135 19.592 437.333
  15 0.145 20.946 445.412
  16 0.155 21.618 450.332
  17 0.165 21.98 455.225
  18 0.175 21.96 477.262
  19 0.185 21.894 489.046
  20 0.195 21.69 492.355
  21 0.205 21.552 539.783
  22 0.215 21.478 521.658
  23 0.225 21.494 502.926
  24 0.235 20.974 519.952
  25 0.245 19.652 518
  26 0.255 19.108 517.493
  27 0.265 19.828 505.669
  28 0.275 20.758 486.683
  29 0.285 21.308 509.216
  30 0.295 21.374 518.175
  31 0.305 21.554 543.124
  32 0.315 21.684 571.675
  33 0.325 21.8 590.618
  34 0.335 21.922 574.518
  35 0.345 21.914 568.864
  36 0.355 21.816 545.969
  37 0.365 20.802 567.563
  38 0.375 19.552 562.932
  39 0.385 19.69 536.832
  40 0.395 20.632 536.257
  41 0.405 21.614 596.394
  42 0.415 21.934 612.905
  43 0.425 21.994 608.421
  44 0.435 21.788 659.896
  45 0.445 21.81 663.85
  46 0.455 21.37 706.688
  47 0.465 21.424 693.42
  48 0.475 21.414 678.419
  49 0.485 20.622 664.864
  50 0.495 18.726 665.04
  51 0.505 18.89 672.888
  52 0.515 20.36 672.35
  53 0.525 21.348 710.247
  54 0.535 21.41 675.088
  55 0.545 21.384 659
  56 0.555 21.666 650.856
  57 0.565 21.844 627.345
  58 0.575 22.002 585.772
  59 0.585 21.912 595.189
  60 0.595 21.67 592.763
  61 0.605 20.742 615.369
  62 0.615 19.638 643.115
  63 0.625 19.618 637.499
  64 0.635 20.67 608.723
  65 0.645 21.746 589.049
  66 0.655 21.96 596.063
  67 0.665 21.92 601.203
  68 0.675 21.906 568.86
  69 0.685 21.538 578.493
  70 0.695 21.6 540.272
  71 0.705 21.406 518.067
  72 0.715 21.298 540.936
  73 0.725 20.326 535.205
  74 0.735 19.8 518.205
  75 0.745 19.362 533.131
  76 0.755 19.97 506.622
  77 0.765 20.848 477.469
  78 0.775 21.458 450.222
  79 0.785 21.488 468.323
  80 0.795 21.636 469.555
  81 0.805 21.634 493.791
  82 0.815 21.852 479.34
  83 0.825 21.962 477.318
  84 0.835 21.982 463.409
  85 0.845 21.58 489.429
  86 0.855 20.488 505.013
  87 0.865 19.816 471.522
  88 0.875 19.66 461.103
  89 0.885 20.64 466.497
  90 0.895 21.83 472.152
  91 0.905 21.998 447.145
  92 0.915 21.988 451.986
  93 0.925 21.956 436.867
  94 0.935 21.728 431.284
  95 0.945 21.454 455.058
  96 0.955 21.398 414.425
  97 0.965 21.564 389.2
  98 0.975 21.68 395.367
  99 0.985 20.466 402.813
  100 0.995 18.248 393.675
310000 100 2112.0000000000005
  1 0.005 18.494 361.165
  2 0.015 20.856 366.636
  3 0.025 21.764 384.395
  4 0.035 21.604 383.504
  5 0.045 21.372 414.966
  6 0.055 21.448 417.497
  7 0.065 21.758 397.394
  8 0.075 21.98 412.432
  9 0.085 21.95 422.569
  10 0.095 22.01 416.06
  11 0.105 21.83 432.65
  12 0.115 21.234 433.325
  13 0.125 19.926 452.325
  14 0.135 19.482 454.961
  15 0.145 20.044 439.49
  16 0.155 21.572 453.359
  17 0.165 21.916 485.617
  18 0.175 21.968 499.381
  19 0.185 21.898 502.406
  20 0.195 21.824 465.544
  21 0.205 21.608 512.49
  22 0.215 21.412 517.37
  23 0.225 21.566 491.052
  24 0.235 21.26 500.441
  25 0.245 20.202 494.823
  26 0.255 19.114 542.003
  27 0.265 19.264 551.729
  28 0.275 20.478 527.593
  29 0.285 21.184 566.733
  30 0.295 21.368 547.104
  31 0.305 21.586 546.825
  32 0.315 21.542 574.452
  33 0.325 21.794 539.169
  34 0.335 21.942 547.536
  35 0.345 21.976 563.28
  36 0.355 21.736 558.299
  37 0.365 21.134 566.157
  38 0.375 19.55 600.608
  39 0.385 19.516 619.732
  40 0.395 20.404 633.915
  41 0.405 21.688 635.198
  42 0.415 21.976 611.29
  43 0.425 21.964 615.908
  44 0.435 21.898 635.418
  45 0.445 21.65 640.272
  46 0.455 21.488 651.272
  47 0.465 21.378 643.403
  48 0.475 21.534 676.01
  49 0.485 20.534 694.015
  50 0.495 18.716 704.724
  51 0.505 18.79 696.73
  52 0.515 20.37 704.033
  53 0.525 21.328 670.155
  54 0.535 21.528 670.077
  55 0.545 21.322 662.756
  56 0.555 21.692 592.574
  57 0.565 21.896 578.796
  58 0.575 21.922 610.471
  59 0.585 21.906 613.244
  60 0.595 21.718 601.351
  61 0.605 20.496 622.642
  62 0.615 19.452 574.989
  63 0.625 19.522 576.782
  64 0.635 21.182 583.08
  65 0.645 21.726 604.3
  66 0.655 21.974 592.704
  67 0.665 21.946 582.322
  68 0.675 21.77 564.942
  69 0.685 21.652 564.741
  70 0.695 21.492 544.944
  71 0.705 21.442 561.281
  72 0.715 21.25 543.501
  73 0.725 20.334 512.935
  74 0.735 19.168 517.643
  75 0.745 19.308 561.66
  76 0.755 20.306 524.055
  77 0.765 21.062 538.028
  78 0.775 21.504 498.639
  79 0.785 21.544 493.583
  80 0.795 21.538 501.694
  81 0.805 21.808 493.541
  82 0.815 21.912 492.295
  83 0.825 21.984 497.635
  84 0.835 21.9 493.646
  85 0.845 21.4 487.511
  86 0.855 20.098 474.364
  87 0.865 19.628 467.752
  88 0.875 20.1 436.2
  89 0.885 21.07 432.592
  90 0.895 21.822 441.731
  91 0.905 21.978 412.878
  92 0.915 21.96 430.949
  93 0.925 21.968 421.221
  94 0.935 21.7 409.985
  95 0.945 21.486 421.711
  96 0.955 21.332 420.287
  97 0.965 21.618 419.537
  98 0.975 21.742 411.876
  99 0.985 20.458 395.838
  100 0.995 18.504 381.939
315000 100 2112
  1 0.005 18.346 376.03
  2 0.015 20.874 372.037
  3 0.025 21.762 384.699
  4 0.035 21.648 392.598
  5 0.045 21.328 400.876
  6 0.055 21.398 404.095
  7 0.065 21.84 387.371
  8 0.075 21.906 409.209
  9 0.085 21.984 433.299
  10 0.095 21.99 438.909
  11 0.105 21.91 451.788
  12 0.115 20.886 496.274
  13 0.125 20.318 465.101
  14 0.135 19.498 440.696
  15 0.145 20.19 452.709
  16 0.155 21.332 493.426
  17 0.165 21.874 469.75
  18 0.175 21.98 447.022
  19 0.185 21.934 467.285
  20 0.195 21.748 489.298
  21 0.205 21.692 528.721
  22 0.215 21.55 525.246
  23 0.225 21.444 510.906
  24 0.235 21.08 539.547
  25 0.245 20.404 527.927
  26 0.255 19.88 510.756
  27 0.265 19.408 516.184
  28 0.275 19.818 542.04
  29 0.285 20.904 536.079
  30 0.295 21.48 545.361
  31 0.305 21.538 585.665
  32 0.315 21.552 610.874
  33 0.325 21.676 589.213
  34 0.335 21.952 594.687
  35 0.345 21.954 624.714
  36 0.355 21.888 589.476
  37 0.365 20.984 566.676
  38 0.375 19.86 618.295
  39 0.385 19.446 622.139
  40 0.395 20.308 595.298
  41 0.405 21.6 589.122
  42 0.415 21.91 587.323
  43 0.425 21.988 600.544
  44 0.435 21.852 624.455
  45 0.445 21.634 660.12
  46 0.455 21.354 666.701
  47 0.465 21.512 644.445
  48 0.475 21.332 683.257
  49 0.485 20.34 661.268
  50 0.495 18.876 650.498
  51 0.505 18.678 656.003
  52 0.515 20.588 669.497
  53 0.525 21.422 636.335
  54 0.535 21.482 604.262
  55 0.545 21.468 579.01
  56 0.555 21.668 591.461
  57 0.565 21.88 574.705
  58 0.575 21.938 632.107
  59 0.585 21.978 597.135
  60 0.595 21.428 598.79
  61 0.605 20.388 592.793
  62 0.615 19.54 625.16
  63 0.625 19.85 609.777
  64 0.635 21.168 599.086
  65 0.645 21.66 596.426
  66 0.655 21.962 576.535
  67 0.665 21.896 577.831
  68 0.675 21.8 544.584
  69 0.685 21.572 529.924
  70 0.695 21.402 542.542
  71 0.705 21.566 542.591
  72 0.715 21.01 545.795
  73 0.725 19.86 546.571
  74 0.735 19.492 542.853
  75 0.745 19.744 531.111
  76 0.755 20.386 541.197
  77 0.765 20.97 540.574
  78 0.775 21.496 546.55
  79 0.785 21.524 526.049
  80 0.795 21.628 523.567
  81 0.805 21.79 530.261
  82 0.815 21.898 493.573
  83 0.825 21.988 485.472
  84 0.835 21.894 469.263
  85 0.845 21.506 450.418
  86 0.855 20.146 443.703
  87 0.865 19.162 474.263
  88 0.875 20.23 434.374
  89 0.885 21.25 426.997
  90 0.895 21.85 443.876
  91 0.905 21.962 433.944
  92 0.915 21.988 438.53
  93 0.925 21.918 452.375
  94 0.935 21.77 421.267
  95 0.945 21.396 402.39
  96 0.955 21.418 400.153
  97 0.965 21.616 390.403
  98 0.975 21.712 401.683
  99 0.985 20.828 382.604
  100 0.995 18.272 396.577
320000 100 2112.0000000000005
  1 0.005 18.43 372.145
  2 0.015 20.326 359.457
  3 0.025 21.534 375.559
  4 0.035 21.634 377.976
  5 0.045 21.36 408.821
  6 0.055 21.476 420.326
  7 0.065 21.702 414.344
  8 0.075 21.964 395.481
  9 0.085 21.962 418.108
  10 0.095 21.998 405.058
  11 0.105 21.81 410.002
  12 0.115 21.052 426.246
  13 0.125 20.054 446.914
  14 0.135 19.47 460.191
  15 0.145 20.338 485.665
  16 0.155 21.368 486.697
  17 0.165 21.93 472.116
  18 0.175 21.932 481.658
  19 0.185 21.886 517.104
  20 0.195 21.774 529.924
  21 0.205 21.576 554.326
  22 0.215 21.556 548.392
  23 0.225 21.262 583.209
  24 0.235 20.782 563.692
  25 0.245 19.944 548.635
  26 0.255 19.346 534.756
  27 0.265 19.678 534.555
  28 0.275 20.546 520.991
  29 0.285 21.208 531.212
  30 0.295 21.548 567.126
  31 0.305 21.5 575.323
  32 0.315 21.614 569.905
  33 0.325 21.884 552.844
  34 0.335 21.97 573.058
  35 0.345 21.882 561.693
  36 0.355 21.662 601.75
  37 0.365 20.576 585.087
  38 0.375 19.558 577.287
  39 0.385 19.7 595.753
  40 0.395 20.982 596.765
  41 0.405 21.644 594.73
  42 0.415 21.96 579.43
  43 0.425 21.962 589.024
  44 0.435 21.806 613.745
  45 0.445 21.644 665.12
  46 0.455 21.352 687.187
  47 0.465 21.394 675.093
  48 0.475 21.434 650.676
  49 0.485 20.118 641.359
  50 0.495 18.576 658.88
  51 0.505 19.096 675.356
  52 0.515 20.804 661.091
  53 0.525 21.506 644.877
  54 0.535 21.27 634.409
  55 0.545 21.57 642.617
  56 0.555 21.622 583.675
  57 0.565 21.896 565.302
  58 0.575 21.958 563.211
  59 0.585 21.926 580.392
  60 0.595 21.526 626.249
  61 0.605 20.716 576.326
  62 0.615 19.582 599.27
  63 0.625 19.8 624.05
  64 0.635 20.794 604.048
  65 0.645 21.722 592.127
  66 0.655 21.914 592.723
  67 0.665 21.964 583.049
  68 0.675 21.804 556.73
  69 0.685 21.626 524.025
  70 0.695 21.56 526.214
  71 0.705 21.438 530.583
  72 0.715 21.292 536.192
  73 0.725 20.412 552.416
  74 0.735 19.648 551.038
  75 0.745 19.134 553.37
  76 0.755 20.068 523.247
  77 0.765 20.992 524.453
  78 0.775 21.44 509.482
  79 0.785 21.444 515.11
  80 0.795 21.582 496.754
  81 0.805 21.756 494.163
  82 0.815 21.878 489.013
  83 0.825 21.982 471.345
  84 0.835 21.964 443.751
  85 0.845 21.54 463.334
  86 0.855 20.622 464.423
  87 0.865 19.712 437.293
  88 0.875 19.82 471.338
  89 0.885 20.704 453.038
  90 0.895 21.644 454.398
  91 0.905 21.986 460.915
  92 0.915 21.984 461.458
  93 0.925 21.958 434.19
  94 0.935 21.804 418.376
  95 0.945 21.604 427.321
  96 0.955 21.316 435.816
  97 0.965 21.448 443.737
  98 0.975 21.742 420.545
  99 0.985 21.002 391.048
  100 0.995 18.764 367.26
325000 100 2112
  1 0.005 18.294 370.526
  2 0.015 20.732 354.835
  3 0.025 21.692 371.901
  4 0.035 21.562 354.783
  5 0.045 21.548 367.162
  6 0.055 21.318 403.068
  7 0.065 21.708 395.016
  8 0.075 21.96 403.315
  9 0.085 21.984 406.165
  10 0.095 21.962 410.179
  11 0.105 21.812 436.598
  12 0.115 20.742 444.838
  13 0.125 20.016 470.411
  14 0.135 19.608 470.269
  15 0.145 20.434 478.331
  16 0.155 21.518 469.874
  17 0.165 21.906 471.886
  18 0.175 21.988 478.307
  19 0.185 21.87 529.266
  20 0.195 21.678 537.936
  21 0.205 21.53 552.043
  22 0.215 21.678 526.856
  23 0.225 21.31 533.6
  24 0.235 20.766 565.846
  25 0.245 19.766 573.694
  26 0.255 19.42 554.532
  27 0.265 19.88 550.225
  28 0.275 20.51 526.334
  29 0.285 21.138 528.798
  30 0.295 21.506 520.207
  31 0.305 21.608 564.715
  32 0.315 21.618 591.027
  33 0.325 21.806 576.257
  34 0.335 21.956 608.849
  35 0.345 21.942 604.63
  36 0.355 21.59 608.862
  37 0.365 20.166 617.921
  38 0.375 19.798 632.055
  39 0.385 19.912 608.237
  40 0.395 20.926 636.092
  41 0.405 21.666 632.668
  42 0.415 21.956 591.084
  43 0.425 21.93 605.425
  44 0.435 21.858 626.121
  45 0.445 21.548 649.475
  46 0.455 21.414 645.808
  47 0.465 21.464 635.779
  48 0.475 21.41 643.289
  49 0.485 20.066 663.51
  50 0.495 18.644 672.115
  51 0.505 18.898 650.468
  52 0.515 20.946 654.883
  53 0.525 21.484 659.487
  54 0.535 21.366 646.22
  55 0.545 21.432 608.012
  56 0.555 21.78 602.201
  57 0.565 21.79 613.265
  58 0.575 21.994 560.555
  59 0.585 21.97 570.869
  60 0.595 21.652 586.978
  61 0.605 20.73 584.43
  62 0.615 19.844 588.178
  63 0.625 19.334 599.683
  64 0.635 20.804 577.036
  65 0.645 21.696 591.219
  66 0.655 21.942 553.319
  67 0.665 21.904 580.907
  68 0.675 21.914 590.679
  69 0.685 21.556 571.618
  70 0.695 21.666 556.13
  71 0.705 21.322 542.458
  72 0.715 21.164 536.329
  73 0.725 20.632 532.761
  74 0.735 19.902 539.88
  75 0.745 19.47 498.64
  76 0.755 19.842 509.823
  77 0.765 20.716 492.565
  78 0.775 21.35 508.525
  79 0.785 21.512 516.52
  80 0.795 21.606 516.261
  81 0.805 21.662 480.722
  82 0.815 21.846 487.581
  83 0.825 21.952 482.844
  84 0.835 21.966 491.722
  85 0.845 21.422 515.535
  86 0.855 20.882 512.245
  87 0.865 19.824 465.754
  88 0.875 19.89 436.261
  89 0.885 20.464 431.894
  90 0.895 21.596 433.156
  91 0.905 21.962 444.84
  92 0.915 21.972 432.362
  93 0.925 21.954 418.135
  94 0.935 21.76 437.266
  95 0.945 21.54 423.64
  96 0.955 21.458 389.786
  97 0.965 21.452 406.642
  98 0.975 21.718 407.668
  99 0.985 20.872 398.627
  100 0.995 18.476 374.998
330000 100 2112.0000000000005
  1 0.005 18.728 385.156
  2 0.015 20.658 352.635
  3 0.025 21.718 372.469
  4 0.035 21.538 373.493
  5 0.045 21.394 408.733
  6 0.055 21.348 426.233
  7 0.065 21.898 408.133
  8 0.075 21.896 408.172
  9 0.085 22 426.983
  10 0.095 21.992 431.603
  11 0.105 21.784 454.467
  12 0.115 21.112 425.829
  13 0.125 19.69 451.279
  14 0.135 19.616 473.032
  15 0.145 20.428 441.816
  16 0.155 21.534 464.572
  17 0.165 21.836 475.784
  18 0.175 21.976 480.422
  19 0.185 21.936 490.027
  20 0.195 21.686 515.894
  21 0.205 21.544 500.207
  22 0.215 21.606 493.104
  23 0.225 21.466 521.323
  24 0.235 20.92 524.913
  25 0.245 20.014 548.673
  26 0.255 19.414 562.504
  27 0.265 19.664 557.809
  28 0.275 20.26 552.149
  29 0.285 21.174 548.067
  30 0.295 21.486 552.342
  31 0.305 21.53 562.473
  32 0.315 21.612 547.152
  33 0.325 21.802 561.362
  34 0.335 21.9 542.653
  35 0.345 21.96 572.026
  36 0.355 21.614 598.277
  37 0.365 20.992 584.069
  38 0.375 19.696 587.282
  39 0.385 19.648 611.524
  40 0.395 20.518 613.417
  41 0.405 21.664 606.952
  42 0.415 21.912 609.582
  43 0.425 21.952 652.745
  44 0.435 21.836 633.632
  45 0.445 21.682 644.746
  46 0.455 21.422 654.981
  47 0.465 21.406 697.892
  48 0.475 21.232 712.843
  49 0.485 20.426 693.319
  50 0.495 18.66 697.686
  51 0.505 19.102 704.769
  52 0.515 20.522 703.06
  53 0.525 21.402 658.293
  54 0.535 21.426 647.143
  55 0.545 21.45 668.992
  56 0.555 21.602 657.324
  57 0.565 21.922 629.672
  58 0.575 21.97 608.699
  59 0.585 21.952 578.088
  60 0.595 21.672 581.244
  61 0.605 20.632 589.406
  62 0.615 19.444 581.811
  63 0.625 19.35 596.553
  64 0.635 21.114 573.688
  65 0.645 21.83 583.323
  66 0.655 21.992 551.64
  67 0.665 21.92 531.404
  68 0.675 21.874 544.124
  69 0.685 21.564 525.078
  70 0.695 21.52 516.307
  71 0.705 21.514 541.588
  72 0.715 21.238 540.692
  73 0.725 20.526 535.771
  74 0.735 19.552 532.939
  75 0.745 19.318 526.177
  76 0.755 19.928 519.221
  77 0.765 21 550.444
  78 0.775 21.378 525.208
  79 0.785 21.564 513.931
  80 0.795 21.548 521.854
  81 0.805 21.628 533.286
  82 0.815 21.958 504.5
  83 0.825 21.958 477.67
  84 0.835 21.85 481.605
  85 0.845 21.418 487.791
  86 0.855 20.45 468.825
  87 0.865 19.914 471.96
  88 0.875 19.868 456.912
  89 0.885 20.888 432.034
  90 0.895 21.632 432.218
  91 0.905 22 428.504
  92 0.915 21.972 435.061
  93 0.925 21.92 413.254
  94 0.935 21.726 386.009
  95 0.945 21.514 396.541
  96 0.955 21.44 379.126
  97 0.965 21.564 406.049
  98 0.975 21.478 390.327
  99 0.985 20.558 402.643
  100 0.995 18.658 396.148
335000 100 2111.9999999999995
  1 0.005 18.746 358.661
  2 0.015 20.954 346.872
  3 0.025 21.74 365.54
  4 0.035 21.614 395.794
  5 0.045 21.308 418.798
  6 0.055 21.518 419.198
  7 0.065 21.71 416.151
  8 0.075 21.978 420.398
  9 0.085 21.994 423.695
  10 0.095 21.978 433.386
  11 0.105 21.808 459.071
  12 0.115 21.138 427.862
  13 0.125 20.124 412.314
  14 0.135 19.324 436.369
  15 0.145 20.132 463.059
  16 0.155 21.554 481.438
  17 0.165 21.94 481.092
  18 0.175 22 484.268
  19 0.185 21.882 479.189
  20 0.195 21.82 487.177
  21 0.205 21.688 466.019
  22 0.215 21.468 503.094
  23 0.225 21.564 503.186
  24 0.235 21.048 502.904
  25 0.245 20.52 504.237
  26 0.255 19.844 514.241
  27 0.265 19.608 524.947
  28 0.275 19.84 528.043
  29 0.285 20.804 517.831
  30 0.295 21.212 552.665
  31 0.305 21.658 564.614
  32 0.315 21.498 597.122
  33 0.325 21.762 609.595
  34 0.335 21.814 610.692
  35 0.345 21.876 592.67
  36 0.355 21.674 558.693
  37 0.365 21.146 570.876
  38 0.375 20.29 606.656
  39 0.385 19.83 631.051
  40 0.395 20.222 590.587
  41 0.405 21.112 600.632
  42 0.415 21.808 615.424
  43 0.425 21.988 648.079
  44 0.435 21.816 608.743
  45 0.445 21.682 619.065
  46 0.455 21.616 623.004
  47 0.465 21.346 638.612
  48 0.475 21.324 692.234
  49 0.485 20.548 716.683
  50 0.495 19.002 700.007
  51 0.505 18.654 703.255
  52 0.515 20.31 688.809
  53 0.525 21.45 686.192
  54 0.535 21.304 672.511
  55 0.545 21.594 640.745
  56 0.555 21.56 654.42
  57 0.565 21.87 635.932
  58 0.575 21.948 637.81
  59 0.585 21.978 603.071
  60 0.595 21.488 606.479
  61 0.605 20.52 617.981
  62 0.615 19.304 616.085
  63 0.625 19.736 593.589
  64 0.635 21.104 574.159
  65 0.645 21.88 592.701
  66 0.655 21.978 574.048
  67 0.665 21.9 576.477
  68 0.675 21.78 567.5
  69 0.685 21.502 569.333
  70 0.695 21.542 562.07
  71 0.705 21.5 542.73
  72 0.715 20.934 536.501
  73 0.725 19.832 564.016
  74 0.735 19.38 545.43
  75 0.745 19.8 553.447
  76 0.755 20.486 526.352
  77 0.765 21.048 537.157
  78 0.775 21.314 526.992
  79 0.785 21.68 504.144
  80 0.795 21.642 511.016
  81 0.805 21.744 486.066
  82 0.815 21.982 490.305
  83 0.825 21.912 505.319
  84 0.835 21.76 500.926
  85 0.845 20.734 481.55
  86 0.855 20.022 465.085
  87 0.865 20.114 458.929
  88 0.875 20.626 443.954
  89 0.885 21.17 418.175
  90 0.895 21.634 440.457
  91 0.905 21.974 430.727
  92 0.915 21.984 419.086
  93 0.925 21.882 404.141
  94 0.935 21.67 403.468
  95 0.945 21.53 412.748
  96 0.955 21.352 408.2
  97 0.965 21.66 409.664
  98 0.975 21.526 387.818
  99 0.985 20.404 353.083
  100 0.995 18.432 376.548
340000 100 2112.0000000000005
  1 0.005 18.608 355.523
  2 0.015 20.872 340.335
  3 0.025 21.824 374.111
  4 0.035 21.496 378.932
  5 0.045 21.4 382.597
  6 0.055 21.516 391.262
  7 0.065 21.706 382.086
  8 0.075 21.946 404.152
  9 0.085 21.988 421.25
  10 0.095 21.992 421.248
  11 0.105 21.738 458.257
  12 0.115 21.164 447.112
  13 0.125 20.1 447.986
  14 0.135 19.386 445.208
  15 0.145 20.222 451.762
  16 0.155 21.39 467.052
  17 0.165 22.008 439.833
  18 0.175 21.976 467.348
  19 0.185 21.952 489.069
  20 0.195 21.752 500.171
  21 0.205 21.618 478.796
  22 0.215 21.56 475.945
  23 0.225 21.43 486.435
  24 0.235 21.002 521.036
  25 0.245 20.278 547.096
  26 0.255 19.654 547.055
  27 0.265 19.558 558.941
  28 0.275 20.09 534.21
  29 0.285 21 537.431
  30 0.295 21.382 510.733
  31 0.305 21.536 527.069
  32 0.315 21.56 584.462
  33 0.325 21.746 585.742
  34 0.335 21.926 573.967
  35 0.345 21.96 596.894
  36 0.355 21.642 606.783
  37 0.365 20.776 589.039
  38 0.375 20.218 589.046
  39 0.385 19.896 608.395
  40 0.395 20.226 597.81
  41 0.405 21.42 627.084
  42 0.415 21.842 663.067
  43 0.425 21.922 636.032
  44 0.435 21.868 647.854
  45 0.445 21.71 619.204
  46 0.455 21.484 660.38
  47 0.465 21.346 685.604
  48 0.475 21.428 666.929
  49 0.485 20.48 663.586
  50 0.495 18.698 673.53
  51 0.505 18.762 662.702
  52 0.515 20.534 672.139
  53 0.525 21.48 657.454
  54 0.535 21.324 665.849
  55 0.545 21.448 652.223
  56 0.555 21.64 639.948
  57 0.565 21.924 595.633
  58 0.575 21.96 587.345
  59 0.585 21.944 601.003
  60 0.595 21.522 625.174
  61 0.605 20.904 570.095
  62 0.615 19.35 605.502
  63 0.625 19.554 632.96
  64 0.635 20.886 608.069
  65 0.645 21.876 600.32
  66 0.655 21.928 575.011
  67 0.665 21.896 584.319
  68 0.675 21.828 577.791
  69 0.685 21.556 577.212
  70 0.695 21.466 566.791
  71 0.705 21.39 567.677
  72 0.715 21.13 555.436
  73 0.725 19.88 575.133
  74 0.735 19.766 580.1
  75 0.745 19.704 583.32
  76 0.755 20.118 570.319
  77 0.765 21.044 530.15
  78 0.775 21.556 495.062
  79 0.785 21.444 500.722
  80 0.795 21.628 490.545
  81 0.805 21.72 458.825
  82 0.815 21.976 461.327
  83 0.825 21.928 463.965
  84 0.835 21.838 483.552
  85 0.845 21.198 491.188
  86 0.855 20.092 480.665
  87 0.865 19.81 503.851
  88 0.875 20.338 485.144
  89 0.885 21 464.792
  90 0.895 21.722 452.508
  91 0.905 22 430.351
  92 0.915 21.976 414.061
  93 0.925 21.9 402.613
  94 0.935 21.696 424.76
  95 0.945 21.482 408.614
  96 0.955 21.454 410.214
  97 0.965 21.606 394.771
  98 0.975 21.592 408.884
  99 0.985 20.458 379.252
  100 0.995 18.48 371.299
