# Chunk-averaged data for fix 3 and group all
# Timestep Number-of-chunks Total-count
# Chunk Coord1 Ncount v_temp
45000 100 2112
  1 0.005 20.114 1223.49
  2 0.015 20.524 1244.17
  3 0.025 21.102 1216.67
  4 0.035 21.246 1166.96
  5 0.045 21.57 1171.66
  6 0.055 21.732 1183.27
  7 0.065 21.654 1252.01
  8 0.075 21.778 1235.55
  9 0.085 21.792 1211.43
  10 0.095 21.718 1221.53
  11 0.105 21.364 1233.94
  12 0.115 20.878 1319.4
  13 0.125 20.378 1332.91
  14 0.135 20.42 1346.99
  15 0.145 20.778 1280.86
  16 0.155 21.044 1328.16
  17 0.165 21.58 1356.05
  18 0.175 21.778 1364.13
  19 0.185 21.748 1373.43
  20 0.195 21.764 1374.07
  21 0.205 21.618 1367.66
  22 0.215 21.48 1376.77
  23 0.225 21.348 1363.02
  24 0.235 20.812 1435.84
  25 0.245 20.444 1442.13
  26 0.255 19.688 1442.1
  27 0.265 19.808 1427.67
  28 0.275 20.484 1357.16
  29 0.285 20.744 1438.97
  30 0.295 21.312 1409.23
  31 0.305 21.516 1394.1
  32 0.315 21.778 1377.59
  33 0.325 21.83 1389.04
  34 0.335 21.772 1390.52
  35 0.345 21.834 1363.6
  36 0.355 21.452 1387.59
  37 0.365 20.926 1419.92
  38 0.375 20.12 1463.38
  39 0.385 20.114 1439.21
  40 0.395 20.706 1425.27
  41 0.405 21.11 1447.63
  42 0.415 21.63 1443.05
  43 0.425 21.836 1430.71
  44 0.435 21.77 1437.5
  45 0.445 21.774 1384.19
  46 0.455 21.384 1484.63
  47 0.465 21.354 1477.59
  48 0.475 20.856 1542.57
  49 0.485 20.212 1636.12
  50 0.495 19.85 1629.31
  51 0.505 20.1 1567.98
  52 0.515 20.192 1483.41
  53 0.525 20.906 1456.9
  54 0.535 21.018 1463.06
  55 0.545 21.656 1473.68
  56 0.555 21.65 1521.26
  57 0.565 21.74 1513.3
  58 0.575 21.848 1471.63
  59 0.585 21.646 1457.6
  60 0.595 21.152 1434.23
  61 0.605 20.788 1468.41
  62 0.615 20.204 1511.97
  63 0.625 20.42 1471.38
  64 0.635 20.8 1362.87
  65 0.645 21.324 1340.53
  66 0.655 21.68 1335.99
  67 0.665 21.602 1474.27
  68 0.675 21.784 1483.16
  69 0.685 21.59 1518.54
  70 0.695 21.454 1509.45
  71 0.705 21.266 1497.41
  72 0.715 20.86 1470.93
  73 0.725 20.166 1450
  74 0.735 20.082 1504.33
  75 0.745 19.92 1447.53
  76 0.755 20.432 1367.51
  77 0.765 20.782 1400.56
  78 0.775 21.254 1325.81
  79 0.785 21.544 1329.6
  80 0.795 21.73 1329.2
  81 0.805 21.748 1383.37
  82 0.815 21.818 1394.91
  83 0.825 21.812 1369.78
  84 0.835 21.702 1379.45
  85 0.845 21.298 1368.1
  86 0.855 20.528 1348.13
  87 0.865 20.23 1438.44
  88 0.875 20.27 1413.83
  89 0.885 20.932 1353.52
  90 0.895 21.436 1347.12
  91 0.905 21.62 1316.22
  92 0.915 21.87 1251.58
  93 0.925 21.806 1296.54
  94 0.935 21.622 1356.96
  95 0.945 21.508 1332.74
  96 0.955 21.61 1282.79
  97 0.965 21.056 1308.58
  98 0.975 20.852 1264.8
  99 0.985 20.128 1273.76
  100 0.995 20.04 1257.96
50000 100 2111.9999999999995
  1 0.005 20.17 1250.02
  2 0.015 20.542 1216.02
  3 0.025 20.972 1241.25
  4 0.035 21.358 1202.57
  5 0.045 21.46 1278.03
  6 0.055 21.592 1284.58
  7 0.065 21.702 1247.22
  8 0.075 21.864 1202.19
  9 0.085 21.874 1206.65
  10 0.095 21.656 1202.53
  11 0.105 21.262 1248.37
  12 0.115 20.542 1300.99
  13 0.125 20.36 1289.34
  14 0.135 20.656 1377.1
  15 0.145 20.846 1361.04
  16 0.155 21.164 1236.34
  17 0.165 21.544 1225.51
  18 0.175 21.69 1338.1
  19 0.185 21.892 1372.18
  20 0.195 21.68 1422.89
  21 0.205 21.598 1398.18
  22 0.215 21.456 1415.27
  23 0.225 21.118 1423.45
  24 0.235 20.86 1402.95
  25 0.245 20.082 1347.95
  26 0.255 20.028 1334.58
  27 0.265 19.996 1317.85
  28 0.275 20.518 1358.92
  29 0.285 21.106 1416.66
  30 0.295 21.29 1415.11
  31 0.305 21.456 1466.71
  32 0.315 21.598 1458.61
  33 0.325 21.854 1400.93
  34 0.335 21.872 1359.9
  35 0.345 21.724 1371.53
  36 0.355 21.562 1418.16
  37 0.365 20.846 1421.03
  38 0.375 20.202 1414.58
  39 0.385 20.492 1400.06
  40 0.395 20.828 1407.49
  41 0.405 20.978 1440.53
  42 0.415 21.426 1450.88
  43 0.425 21.732 1526.32
  44 0.435 21.682 1527.9
  45 0.445 21.702 1520.22
  46 0.455 21.458 1521.23
  47 0.465 21.426 1508.66
  48 0.475 21.008 1526.53
  49 0.485 20.198 1675.14
  50 0.495 19.996 1592.42
  51 0.505 19.73 1620.22
  52 0.515 20.086 1540.32
  53 0.525 20.892 1517.21
  54 0.535 21.114 1574.46
  55 0.545 21.584 1455.46
  56 0.555 21.686 1435.91
  57 0.565 21.706 1483.28
  58 0.575 21.75 1484.76
  59 0.585 21.486 1469.6
  60 0.595 21.248 1451.47
  61 0.605 20.542 1400.38
  62 0.615 20.438 1352.36
  63 0.625 20.33 1357.31
  64 0.635 21.204 1338.84
  65 0.645 21.33 1318.75
  66 0.655 21.538 1381.39
  67 0.665 21.59 1513.33
  68 0.675 21.92 1404.06
  69 0.685 21.676 1414.51
  70 0.695 21.522 1457.04
  71 0.705 21.42 1454.31
  72 0.715 20.946 1452.14
  73 0.725 20.466 1487.65
  74 0.735 19.934 1457.8
  75 0.745 19.758 1440.42
  76 0.755 20.342 1490.38
  77 0.765 20.668 1516
  78 0.775 21.174 1458.38
  79 0.785 21.394 1406.72
  80 0.795 21.69 1370.35
  81 0.805 21.694 1351.75
  82 0.815 21.84 1339.82
  83 0.825 21.828 1337.33
  84 0.835 21.608 1403.06
  85 0.845 21.136 1349.74
  86 0.855 20.518 1386.91
  87 0.865 19.928 1350.16
  88 0.875 20.268 1338.57
  89 0.885 21.376 1351.22
  90 0.895 21.4 1358.2
  91 0.905 21.796 1291.57
  92 0.915 21.898 1292.56
  93 0.925 21.742 1274.81
  94 0.935 21.626 1302.57
  95 0.945 21.628 1277.04
  96 0.955 21.46 1310.9
  97 0.965 21.078 1332.85
  98 0.975 20.65 1273.71
  99 0.985 20.392 1213.11
  100 0.995 20.052 1272.64
55000 100 2111.9999999999995
  1 0.005 20.234 1232.83
  2 0.015 20.53 1214.32
  3 0.025 21.06 1195.18
  4 0.035 21.386 1162.16
  5 0.045 21.5 1227.06
  6 0.055 21.572 1273.49
  7 0.065 21.844 1300.36
  8 0.075 21.796 1269.94
  9 0.085 21.826 1322.9
  10 0.095 21.644 1257.7
  11 0.105 21.298 1319.33
  12 0.115 20.754 1282.52
  13 0.125 20.3 1321.74
  14 0.135 20.418 1304.22
  15 0.145 20.664 1339.08
  16 0.155 21.27 1303.25
  17 0.165 21.72 1340.67
  18 0.175 21.792 1452.87
  19 0.185 21.768 1468.13
  20 0.195 21.75 1369.09
  21 0.205 21.666 1381.64
  22 0.215 21.41 1337.05
  23 0.225 21.278 1318.69
  24 0.235 20.876 1279.27
  25 0.245 20.366 1291.35
  26 0.255 19.894 1281.54
  27 0.265 19.896 1325.08
  28 0.275 20.42 1263.77
  29 0.285 20.874 1400.33
  30 0.295 21.262 1411.1
  31 0.305 21.622 1338.09
  32 0.315 21.612 1408.98
  33 0.325 21.766 1351.04
  34 0.335 21.802 1423.73
  35 0.345 21.846 1436.96
  36 0.355 21.448 1471.05
  37 0.365 20.784 1492.47
  38 0.375 20.272 1465.41
  39 0.385 20.524 1534.28
  40 0.395 20.718 1577.29
  41 0.405 21.088 1605.47
  42 0.415 21.34 1622.12
  43 0.425 21.582 1555.09
  44 0.435 21.798 1537.73
  45 0.445 21.71 1515.85
  46 0.455 21.646 1457.66
  47 0.465 21.26 1478.16
  48 0.475 21 1474.4
  49 0.485 20.522 1469.38
  50 0.495 20.196 1459.06
  51 0.505 19.928 1490.9
  52 0.515 20.262 1416.27
  53 0.525 20.532 1512.03
  54 0.535 21.058 1505.64
  55 0.545 21.442 1532.62
  56 0.555 21.638 1552.18
  57 0.565 21.602 1560.41
  58 0.575 21.928 1519.95
  59 0.585 21.48 1568.91
  60 0.595 21.31 1423.58
  61 0.605 20.938 1376.26
  62 0.615 20.33 1434.68
  63 0.625 20.262 1447.27
  64 0.635 20.784 1392.81
  65 0.645 21.034 1319.74
  66 0.655 21.712 1375.9
  67 0.665 21.724 1421.25
  68 0.675 21.86 1377.98
  69 0.685 21.648 1412.01
  70 0.695 21.628 1455.4
  71 0.705 21.272 1426.9
  72 0.715 21.034 1491.43
  73 0.725 20.47 1475.62
  74 0.735 20.062 1433.89
  75 0.745 19.698 1438.84
  76 0.755 20.008 1465.15
  77 0.765 20.808 1417.26
  78 0.775 21.216 1505.59
  79 0.785 21.398 1474.49
  80 0.795 21.682 1462.7
  81 0.805 21.76 1455.95
  82 0.815 21.804 1480.2
  83 0.825 21.792 1405.77
  84 0.835 21.268 1363.43
  85 0.845 20.898 1338.29
  86 0.855 20.486 1334.31
  87 0.865 20.578 1352.46
  88 0.875 20.54 1322.26
  89 0.885 21.09 1371.83
  90 0.895 21.524 1314.8
  91 0.905 21.59 1258.5
  92 0.915 21.87 1298.41
  93 0.925 21.738 1252.44
  94 0.935 21.656 1263.95
  95 0.945 21.578 1278.21
  96 0.955 21.236 1258.14
  97 0.965 21.16 1267.51
  98 0.975 20.72 1206.43
  99 0.985 20.204 1207.99
  100 0.995 20.156 1203.62
60000 100 2112.0000000000005
  1 0.005 20.27 1209.18
  2 0.015 20.502 1235.8
  3 0.025 21.06 1250.35
  4 0.035 21.48 1250.39
  5 0.045 21.45 1284.68
  6 0.055 21.642 1231.99
  7 0.065 21.748 1287.46
  8 0.075 21.882 1255.06
  9 0.085 21.842 1274.53
  10 0.095 21.586 1312.15
  11 0.105 21.316 1297.28
  12 0.115 20.784 1323.79
  13 0.125 20.288 1399.19
  14 0.135 20.382 1368.3
  15 0.145 20.662 1340.21
  16 0.155 21.29 1277.11
  17 0.165 21.74 1343.76
  18 0.175 21.742 1346.83
  19 0.185 21.842 1300.8
  20 0.195 21.76 1388.4
  21 0.205 21.524 1392.42
  22 0.215 21.54 1376.55
  23 0.225 21.16 1403.61
  24 0.235 20.988 1371.27
  25 0.245 20.138 1343.85
  26 0.255 19.962 1335.26
  27 0.265 20.14 1329.09
  28 0.275 20.452 1254.37
  29 0.285 20.758 1327.12
  30 0.295 21.322 1290.8
  31 0.305 21.454 1281.44
  32 0.315 21.824 1386.14
  33 0.325 21.594 1443.79
  34 0.335 21.884 1438.24
  35 0.345 21.786 1379.4
  36 0.355 21.242 1515.24
  37 0.365 20.94 1477.19
  38 0.375 20.436 1548.06
  39 0.385 20.386 1490.71
  40 0.395 20.562 1517.47
  41 0.405 21.104 1452.33
  42 0.415 21.596 1446.85
  43 0.425 21.634 1521.54
  44 0.435 21.654 1612.02
  45 0.445 21.674 1638.85
  46 0.455 21.556 1607.01
  47 0.465 21.04 1566.1
  48 0.475 20.852 1497.5
  49 0.485 20.428 1420.12
  50 0.495 20.034 1470.26
  51 0.505 20.012 1475.95
  52 0.515 20.234 1476.02
  53 0.525 20.936 1426.95
  54 0.535 21.064 1470.58
  55 0.545 21.544 1483.28
  56 0.555 21.626 1588.96
  57 0.565 21.756 1557.77
  58 0.575 21.948 1522.24
  59 0.585 21.582 1599.95
  60 0.595 21.172 1567.11
  61 0.605 20.894 1457.49
  62 0.615 20.296 1399.36
  63 0.625 20.316 1398.9
  64 0.635 20.644 1401.16
  65 0.645 21.222 1387.04
  66 0.655 21.674 1388.29
  67 0.665 21.77 1376.28
  68 0.675 21.816 1375.18
  69 0.685 21.668 1416.38
  70 0.695 21.588 1411.67
  71 0.705 21.374 1501.3
  72 0.715 20.802 1495.42
  73 0.725 20.466 1420.05
  74 0.735 20.276 1465.36
  75 0.745 19.82 1523.3
  76 0.755 20.094 1399.98
  77 0.765 20.82 1364.26
  78 0.775 21.104 1438.58
  79 0.785 21.306 1441.02
  80 0.795 21.704 1420.03
  81 0.805 21.668 1526.98
  82 0.815 21.812 1452.38
  83 0.825 21.854 1421.24
  84 0.835 21.346 1395.23
  85 0.845 21.116 1365.66
  86 0.855 20.336 1353.9
  87 0.865 20.386 1367.38
  88 0.875 20.604 1367.53
  89 0.885 21.088 1316.68
  90 0.895 21.524 1334.22
  91 0.905 21.68 1262.01
  92 0.915 21.716 1277.84
  93 0.925 21.662 1253.07
  94 0.935 21.808 1240.24
  95 0.945 21.428 1248.02
  96 0.955 21.436 1266.8
  97 0.965 21.11 1173.62
  98 0.975 20.762 1171.87
  99 0.985 20.11 1178.17
  100 0.995 20.094 1233.83
65000 100 2112.0000000000005
  1 0.005 20.358 1174.81
  2 0.015 20.6 1199.87
  3 0.025 20.744 1234.57
  4 0.035 21.058 1338.22
  5 0.045 21.362 1317.2
  6 0.055 21.56 1297.7
  7 0.065 21.7 1282.5
  8 0.075 21.896 1329.6
  9 0.085 21.794 1324.4
  10 0.095 21.648 1263.9
  11 0.105 21.196 1297.41
  12 0.115 20.734 1168.98
  13 0.125 20.398 1232.37
  14 0.135 20.536 1236.7
  15 0.145 20.862 1260.9
  16 0.155 21.188 1368.48
  17 0.165 21.412 1364.24
  18 0.175 21.764 1330.98
  19 0.185 21.844 1317.55
  20 0.195 21.614 1427.95
  21 0.205 21.656 1434.95
  22 0.215 21.292 1467.97
  23 0.225 21.218 1405.58
  24 0.235 20.444 1463.27
  25 0.245 20.232 1442.1
  26 0.255 20.162 1367.97
  27 0.265 20.208 1337.92
  28 0.275 20.554 1297.42
  29 0.285 21.018 1257.15
  30 0.295 21.34 1264.67
  31 0.305 21.594 1328.46
  32 0.315 21.63 1349.94
  33 0.325 21.726 1338.71
  34 0.335 21.792 1327.5
  35 0.345 21.618 1336.33
  36 0.355 21.446 1372.55
  37 0.365 20.83 1487.67
  38 0.375 20.404 1518
  39 0.385 20.582 1612.95
  40 0.395 20.85 1526.66
  41 0.405 20.93 1570.06
  42 0.415 21.406 1431.8
  43 0.425 21.768 1424.92
  44 0.435 21.51 1535.22
  45 0.445 21.712 1542
  46 0.455 21.5 1518.37
  47 0.465 21.24 1633.91
  48 0.475 20.734 1604.7
  49 0.485 20.216 1612.57
  50 0.495 19.998 1554.05
  51 0.505 20.084 1521.38
  52 0.515 20.49 1511.85
  53 0.525 20.704 1563.69
  54 0.535 21.198 1548.21
  55 0.545 21.536 1503.07
  56 0.555 21.634 1570.03
  57 0.565 21.648 1506
  58 0.575 21.924 1401.9
  59 0.585 21.578 1428.96
  60 0.595 21.22 1422.65
  61 0.605 20.386 1439.07
  62 0.615 20.38 1434.38
  63 0.625 20.486 1383.58
  64 0.635 20.578 1468.12
  65 0.645 21.596 1384.11
  66 0.655 21.728 1386.85
  67 0.665 21.726 1440.63
  68 0.675 21.668 1509.25
  69 0.685 21.76 1511.87
  70 0.695 21.472 1549.55
  71 0.705 21.178 1495.73
  72 0.715 20.848 1514.84
  73 0.725 20.442 1432.87
  74 0.735 20.114 1478.44
  75 0.745 20.082 1483.07
  76 0.755 20.186 1431.64
  77 0.765 20.828 1357.86
  78 0.775 21.154 1426.4
  79 0.785 21.552 1361.74
  80 0.795 21.658 1276.31
  81 0.805 21.754 1338.02
  82 0.815 21.718 1368.42
  83 0.825 21.742 1302.31
  84 0.835 21.484 1313.72
  85 0.845 21.33 1257.43
  86 0.855 20.648 1334.75
  87 0.865 20.748 1340.79
  88 0.875 20.494 1405.02
  89 0.885 20.852 1392.42
  90 0.895 21.218 1342.26
  91 0.905 21.552 1318.51
  92 0.915 21.68 1302.75
  93 0.925 21.66 1292.19
  94 0.935 21.762 1277.61
  95 0.945 21.43 1386.32
  96 0.955 21.498 1330.63
  97 0.965 21.13 1249.68
  98 0.975 20.866 1277.5
  99 0.985 20.458 1152.92
  100 0.995 20.26 1186.9
70000 100 2112.0000000000005
  1 0.005 20.316 1263.93
  2 0.015 20.414 1209.92
  3 0.025 20.838 1221.38
  4 0.035 21.236 1212.73
  5 0.045 21.42 1209.94
  6 0.055 21.602 1256.53
  7 0.065 21.798 1232.08
  8 0.075 21.744 1241.31
  9 0.085 21.916 1228.48
  10 0.095 21.784 1269.58
  11 0.105 21.242 1267.99
  12 0.115 20.912 1267.12
  13 0.125 20.626 1247.75
  14 0.135 20.082 1291.19
  15 0.145 20.398 1331.82
  16 0.155 21.262 1246.81
  17 0.165 21.656 1281.46
  18 0.175 21.844 1260.42
  19 0.185 21.816 1283.91
  20 0.195 21.698 1380.81
  21 0.205 21.536 1391.13
  22 0.215 21.558 1374.95
  23 0.225 21.12 1338.01
  24 0.235 20.702 1355.33
  25 0.245 20.522 1344.15
  26 0.255 19.836 1340.8
  27 0.265 20.06 1342.99
  28 0.275 20.592 1411.03
  29 0.285 20.716 1413.61
  30 0.295 21.358 1298.76
  31 0.305 21.486 1369.85
  32 0.315 21.714 1383.55
  33 0.325 21.752 1394.42
  34 0.335 21.766 1421.73
  35 0.345 21.45 1443.16
  36 0.355 21.086 1487.1
  37 0.365 20.84 1496.45
  38 0.375 20.514 1567.72
  39 0.385 20.742 1504.84
  40 0.395 20.878 1543.41
  41 0.405 21.156 1518.47
  42 0.415 21.492 1472.93
  43 0.425 21.632 1514.5
  44 0.435 21.572 1516.7
  45 0.445 21.674 1500.66
  46 0.455 21.472 1511.86
  47 0.465 21.186 1479.54
  48 0.475 20.798 1531.35
  49 0.485 20.292 1513.2
  50 0.495 20.048 1507.24
  51 0.505 20.07 1527.22
  52 0.515 20.58 1509.51
  53 0.525 20.658 1623.29
  54 0.535 21.176 1639.69
  55 0.545 21.52 1529.4
  56 0.555 21.61 1486.78
  57 0.565 21.634 1486.05
  58 0.575 21.86 1498.91
  59 0.585 21.77 1433.08
  60 0.595 21.182 1421.9
  61 0.605 20.526 1448.07
  62 0.615 20.26 1430.27
  63 0.625 20.194 1374.97
  64 0.635 20.838 1395.85
  65 0.645 21.45 1447.45
  66 0.655 21.756 1421.61
  67 0.665 21.73 1437.85
  68 0.675 21.748 1435.66
  69 0.685 21.692 1429.73
  70 0.695 21.488 1390.65
  71 0.705 21.138 1441.63
  72 0.715 20.974 1467.45
  73 0.725 20.498 1463.5
  74 0.735 19.924 1486.3
  75 0.745 19.882 1413.45
  76 0.755 20.566 1398.67
  77 0.765 20.696 1404.03
  78 0.775 21.23 1417.22
  79 0.785 21.392 1473.5
  80 0.795 21.696 1444.66
  81 0.805 21.64 1419.15
  82 0.815 21.744 1418.63
  83 0.825 21.776 1427.89
  84 0.835 21.278 1437.26
  85 0.845 21.112 1399.28
  86 0.855 20.73 1371.76
  87 0.865 20.836 1307.33
  88 0.875 20.834 1333.96
  89 0.885 20.878 1337.88
  90 0.895 21.114 1313.91
  91 0.905 21.564 1258.69
  92 0.915 21.76 1279.22
  93 0.925 21.606 1317.92
  94 0.935 21.758 1299.82
  95 0.945 21.604 1332.29
  96 0.955 21.492 1306.33
  97 0.965 20.972 1317.58
  98 0.975 20.79 1322.39
  99 0.985 20.502 1276.27
  100 0.995 20.118 1236.15
75000 100 2111.9999999999995
  1 0.005 20.148 1240.6
  2 0.015 20.57 1213.88
  3 0.025 20.95 1229.96
  4 0.035 21.376 1182.48
  5 0.045 21.454 1158.25
  6 0.055 21.836 1101.71
  7 0.065 21.616 1142.88
  8 0.075 21.888 1228.83
  9 0.085 21.734 1288.94
  10 0.095 21.798 1286.94
  11 0.105 21.604 1200.96
  12 0.115 20.998 1261.62
  13 0.125 20.53 1303.47
  14 0.135 20.236 1341.66
  15 0.145 20.44 1314.54
  16 0.155 21.068 1308.93
  17 0.165 21.516 1297.09
  18 0.175 21.82 1324.97
  19 0.185 21.748 1385.56
  20 0.195 21.692 1384.75
  21 0.205 21.68 1343.57
  22 0.215 21.674 1325.19
  23 0.225 21.17 1315.5
  24 0.235 21.024 1298.33
  25 0.245 20.506 1306.97
  26 0.255 19.866 1359.04
  27 0.265 20.01 1412.66
  28 0.275 20.176 1430.64
  29 0.285 20.76 1424.93
  30 0.295 21.182 1411.22
  31 0.305 21.532 1479.22
  32 0.315 21.672 1538.9
  33 0.325 21.68 1497.52
  34 0.335 21.628 1524.99
  35 0.345 21.636 1563.13
  36 0.355 21.148 1466.01
  37 0.365 20.626 1483.22
  38 0.375 20.268 1499.48
  39 0.385 20.496 1493.92
  40 0.395 21.202 1448.89
  41 0.405 21.304 1484.89
  42 0.415 21.448 1506.85
  43 0.425 21.738 1528.69
  44 0.435 21.57 1586.08
  45 0.445 21.592 1621.4
  46 0.455 21.41 1540.83
  47 0.465 21.162 1539.21
  48 0.475 20.708 1525.01
  49 0.485 20.276 1545.31
  50 0.495 19.658 1548.06
  51 0.505 20.27 1495.49
  52 0.515 20.324 1571.65
  53 0.525 21.094 1490.08
  54 0.535 21.202 1426.49
  55 0.545 21.628 1412.16
  56 0.555 21.74 1456.66
  57 0.565 21.736 1514.72
  58 0.575 21.82 1575.01
  59 0.585 21.622 1571.45
  60 0.595 21.128 1635.82
  61 0.605 20.682 1483.28
  62 0.615 20.234 1428.53
  63 0.625 20.206 1444.74
  64 0.635 20.784 1507.79
  65 0.645 21.46 1477.81
  66 0.655 21.902 1411.84
  67 0.665 21.664 1436.54
  68 0.675 21.834 1447.81
  69 0.685 21.632 1347.11
  70 0.695 21.532 1400.72
  71 0.705 21.35 1390.23
  72 0.715 21.04 1353.63
  73 0.725 20.48 1318.21
  74 0.735 20.134 1337.84
  75 0.745 19.784 1352.3
  76 0.755 19.996 1386.68
  77 0.765 20.796 1367.9
  78 0.775 21.226 1347.41
  79 0.785 21.422 1369.64
  80 0.795 21.682 1329.29
  81 0.805 21.646 1309.53
  82 0.815 21.898 1320.53
  83 0.825 21.762 1281.1
  84 0.835 21.632 1373.14
  85 0.845 21.064 1419.76
  86 0.855 20.526 1398.5
  87 0.865 20.33 1454.81
  88 0.875 20.732 1403.75
  89 0.885 21.038 1360.82
  90 0.895 21.306 1388.64
  91 0.905 21.522 1384.06
  92 0.915 21.772 1344.31
  93 0.925 21.644 1345.52
  94 0.935 21.65 1381.31
  95 0.945 21.542 1344.18
  96 0.955 21.526 1300.39
  97 0.965 21.182 1224.19
  98 0.975 20.536 1234.53
  99 0.985 20.334 1247.85
  100 0.995 20.13 1231.31
80000 100 2112.0000000000005
  1 0.005 20.22 1153.96
  2 0.015 20.896 1159.51
  3 0.025 20.778 1216.79
  4 0.035 21.184 1187.77
  5 0.045 21.632 1209.82
  6 0.055 21.59 1217.85
  7 0.065 21.59 1241.48
  8 0.075 21.994 1204.14
  9 0.085 21.848 1300.14
  10 0.095 21.672 1302.86
  11 0.105 21.574 1285.82
  12 0.115 20.98 1266.9
  13 0.125 20.398 1297.16
  14 0.135 20.254 1276.82
  15 0.145 20.4 1311.42
  16 0.155 21.038 1303.29
  17 0.165 21.664 1324.64
  18 0.175 21.842 1299.18
  19 0.185 21.84 1310.84
  20 0.195 21.744 1318.58
  21 0.205 21.69 1362.59
  22 0.215 21.554 1445.45
  23 0.225 21.366 1476.92
  24 0.235 20.99 1445.97
  25 0.245 20.696 1372.66
  26 0.255 20.118 1338.63
  27 0.265 19.856 1344.09
  28 0.275 20.02 1399.17
  29 0.285 20.704 1423.7
  30 0.295 21.078 1500.44
  31 0.305 21.412 1515.14
  32 0.315 21.632 1454.9
  33 0.325 21.676 1482.6
  34 0.335 21.72 1389.66
  35 0.345 21.876 1366.73
  36 0.355 21.378 1501.73
  37 0.365 20.834 1507.56
  38 0.375 20.554 1467.11
  39 0.385 20.358 1486.32
  40 0.395 20.57 1469.34
  41 0.405 21.222 1447.3
  42 0.415 21.404 1440.18
  43 0.425 21.664 1552.17
  44 0.435 21.632 1659.29
  45 0.445 21.646 1721.13
  46 0.455 21.442 1723.55
  47 0.465 21.254 1592.85
  48 0.475 20.564 1562.19
  49 0.485 20.096 1605.56
  50 0.495 20.002 1590.81
  51 0.505 20.016 1557.69
  52 0.515 20.326 1533.44
  53 0.525 21.062 1501.64
  54 0.535 21.204 1479.64
  55 0.545 21.622 1506.85
  56 0.555 21.676 1511.96
  57 0.565 21.662 1494.83
  58 0.575 21.796 1527.22
  59 0.585 21.752 1503.46
  60 0.595 20.954 1501.12
  61 0.605 20.262 1468.53
  62 0.615 20.01 1510.92
  63 0.625 20.538 1456.46
  64 0.635 21.042 1467.49
  65 0.645 21.626 1420.88
  66 0.655 21.768 1376.41
  67 0.665 21.886 1353.86
  68 0.675 21.832 1347.19
  69 0.685 21.502 1344.11
  70 0.695 21.608 1320.75
  71 0.705 21.302 1313
  72 0.715 20.91 1381.42
  73 0.725 20.322 1370.31
  74 0.735 20.062 1299.87
  75 0.745 19.89 1318.6
  76 0.755 20.308 1390.38
  77 0.765 20.858 1357.95
  78 0.775 21.152 1336.37
  79 0.785 21.552 1270.94
  80 0.795 21.582 1287.01
  81 0.805 21.876 1440.73
  82 0.815 21.648 1486.62
  83 0.825 21.716 1437.43
  84 0.835 21.586 1380.01
  85 0.845 21.024 1342.08
  86 0.855 20.568 1310.14
  87 0.865 20.366 1374.84
  88 0.875 20.594 1325.72
  89 0.885 21.076 1350.74
  90 0.895 21.404 1402.71
  91 0.905 21.54 1366.16
  92 0.915 21.952 1305.75
  93 0.925 21.534 1308.27
  94 0.935 21.804 1350.25
  95 0.945 21.454 1340.04
  96 0.955 21.372 1310.45
  97 0.965 21.3 1179.93
  98 0.975 20.58 1226.76
  99 0.985 20.262 1205.23
  100 0.995 20.116 1206.98
85000 100 2111.9999999999995
  1 0.005 19.906 1187.69
  2 0.015 20.524 1196.61
  3 0.025 20.948 1177.66
  4 0.035 21.436 1164.65
  5 0.045 21.676 1203.71
  6 0.055 21.432 1265.1
  7 0.065 21.81 1269.56
  8 0.075 21.734 1206.58
  9 0.085 21.864 1192.19
  10 0.095 21.95 1192.17
  11 0.105 21.506 1313.24
  12 0.115 20.884 1357.77
  13 0.125 20.518 1272.55
  14 0.135 20.368 1338.76
  15 0.145 20.526 1299.11
  16 0.155 20.91 1304.88
  17 0.165 21.426 1325.57
  18 0.175 21.856 1311.56
  19 0.185 21.798 1376.68
  20 0.195 21.806 1412.31
  21 0.205 21.672 1380.87
  22 0.215 21.548 1399.11
  23 0.225 21.384 1466.82
  24 0.235 21.134 1466.77
  25 0.245 20.296 1481.69
  26 0.255 19.76 1552.63
  27 0.265 19.712 1516.26
  28 0.275 20.112 1543.91
  29 0.285 20.956 1495.23
  30 0.295 21.294 1446.61
  31 0.305 21.436 1438.24
  32 0.315 21.752 1485.11
  33 0.325 21.704 1469.69
  34 0.335 21.848 1452.71
  35 0.345 21.632 1522.37
  36 0.355 21.452 1430.9
  37 0.365 21.016 1427.77
  38 0.375 20.3 1476.89
  39 0.385 20.28 1505.75
  40 0.395 20.81 1484.71
  41 0.405 21.328 1514.47
  42 0.415 21.316 1553.47
  43 0.425 21.564 1568.07
  44 0.435 21.712 1613.58
  45 0.445 21.554 1534.36
  46 0.455 21.656 1505.96
  47 0.465 21.252 1530.08
  48 0.475 20.95 1574.33
  49 0.485 20.216 1529.74
  50 0.495 19.804 1542.92
  51 0.505 19.862 1547.59
  52 0.515 20.302 1460.65
  53 0.525 20.784 1590.06
  54 0.535 21.254 1457.55
  55 0.545 21.538 1483.22
  56 0.555 21.784 1453.81
  57 0.565 21.766 1430.79
  58 0.575 21.762 1471.58
  59 0.585 21.602 1478.58
  60 0.595 21.456 1473.12
  61 0.605 20.268 1507.91
  62 0.615 20.04 1446.4
  63 0.625 20.202 1432.62
  64 0.635 20.956 1477.66
  65 0.645 21.438 1556.52
  66 0.655 21.882 1489.14
  67 0.665 21.76 1530.43
  68 0.675 21.568 1581.16
  69 0.685 21.64 1489.88
  70 0.695 21.542 1401.72
  71 0.705 21.022 1433.5
  72 0.715 20.78 1377
  73 0.725 20.27 1297.42
  74 0.735 19.766 1332.02
  75 0.745 19.92 1294.07
  76 0.755 20.602 1353.16
  77 0.765 21.09 1357.12
  78 0.775 21.472 1361.5
  79 0.785 21.41 1433.13
  80 0.795 21.7 1401.44
  81 0.805 21.766 1369.89
  82 0.815 21.876 1341.06
  83 0.825 21.754 1302.03
  84 0.835 21.456 1306.27
  85 0.845 20.94 1274.91
  86 0.855 20.348 1275.06
  87 0.865 20.412 1292.04
  88 0.875 20.574 1265.23
  89 0.885 21.174 1318.14
  90 0.895 21.56 1247.76
  91 0.905 21.614 1265.03
  92 0.915 21.886 1234.48
  93 0.925 21.752 1182.66
  94 0.935 21.704 1303.56
  95 0.945 21.62 1285.25
  96 0.955 21.58 1246.03
  97 0.965 21.236 1252.6
  98 0.975 20.852 1269.78
  99 0.985 20.316 1201.16
  100 0.995 19.814 1199.34
90000 100 2111.999999999999
  1 0.005 20.186 1192.79
  2 0.015 20.42 1218.29
  3 0.025 20.81 1175.84
  4 0.035 21.418 1171.57
  5 0.045 21.416 1173.88
  6 0.055 21.746 1236.06
  7 0.065 21.542 1292.63
  8 0.075 21.914 1208.72
  9 0.085 21.862 1256.14
  10 0.095 21.742 1249.48
  11 0.105 21.588 1248.73
  12 0.115 21.184 1232.39
  13 0.125 20.516 1278
  14 0.135 20.098 1250.99
  15 0.145 20.678 1268.4
  16 0.155 20.89 1280.88
  17 0.165 21.372 1290.49
  18 0.175 21.804 1358.83
  19 0.185 21.782 1436.26
  20 0.195 21.78 1410.78
  21 0.205 21.54 1472.7
  22 0.215 21.614 1424.17
  23 0.225 21.164 1474.12
  24 0.235 20.962 1510.1
  25 0.245 20.35 1443.86
  26 0.255 19.792 1477.73
  27 0.265 19.774 1515.98
  28 0.275 20.412 1488.05
  29 0.285 20.9 1446.55
  30 0.295 21.302 1384.38
  31 0.305 21.406 1386.13
  32 0.315 21.854 1447.78
  33 0.325 21.622 1370.02
  34 0.335 21.84 1352.63
  35 0.345 21.756 1392.25
  36 0.355 21.19 1522.59
  37 0.365 20.672 1437.1
  38 0.375 20.6 1424.29
  39 0.385 20.632 1475.97
  40 0.395 20.99 1470.84
  41 0.405 21.022 1531.74
  42 0.415 21.254 1524.14
  43 0.425 21.772 1506.66
  44 0.435 21.674 1526.84
  45 0.445 21.65 1548.65
  46 0.455 21.354 1581.26
  47 0.465 21.45 1564.72
  48 0.475 20.764 1586.56
  49 0.485 20.24 1539.31
  50 0.495 19.952 1576.72
  51 0.505 19.888 1546.78
  52 0.515 20.406 1592.43
  53 0.525 20.762 1593.51
  54 0.535 21.236 1494.66
  55 0.545 21.554 1561.95
  56 0.555 21.556 1587.01
  57 0.565 21.744 1547.2
  58 0.575 21.776 1500.36
  59 0.585 21.546 1498.22
  60 0.595 21.376 1466.42
  61 0.605 20.26 1554.85
  62 0.615 20.328 1524.57
  63 0.625 20.448 1545.72
  64 0.635 20.796 1533.08
  65 0.645 21.454 1524.36
  66 0.655 21.724 1501.53
  67 0.665 21.82 1483.48
  68 0.675 21.726 1503.78
  69 0.685 21.492 1487.45
  70 0.695 21.48 1417.93
  71 0.705 21.104 1425.07
  72 0.715 20.822 1424.58
  73 0.725 19.886 1424.78
  74 0.735 19.79 1375.95
  75 0.745 20.25 1317.06
  76 0.755 20.574 1362.05
  77 0.765 20.972 1313.67
  78 0.775 21.376 1333.3
  79 0.785 21.462 1334.27
  80 0.795 21.82 1253.33
  81 0.805 21.828 1287.22
  82 0.815 21.926 1261.82
  83 0.825 21.592 1262.89
  84 0.835 21.464 1289.09
  85 0.845 21.004 1317.41
  86 0.855 20.444 1282.29
  87 0.865 20.534 1249.38
  88 0.875 20.952 1216.16
  89 0.885 21.064 1259.12
  90 0.895 21.168 1307.26
  91 0.905 21.628 1367.34
  92 0.915 21.694 1334.11
  93 0.925 21.826 1348.04
  94 0.935 21.648 1299.49
  95 0.945 21.67 1213.33
  96 0.955 21.47 1180.16
  97 0.965 21.2 1216.55
  98 0.975 21.042 1245.85
  99 0.985 20.394 1246.85
  100 0.995 19.772 1253.85
95000 100 2112
  1 0.005 20.19 1124.71
  2 0.015 20.698 1156.73
  3 0.025 20.936 1201.7
  4 0.035 21.478 1131.92
  5 0.045 21.596 1116.8
  6 0.055 21.668 1172.07
  7 0.065 21.648 1186.14
  8 0.075 21.892 1164.74
  9 0.085 21.838 1218.06
  10 0.095 21.832 1295.37
  11 0.105 21.308 1333.7
  12 0.115 20.93 1291.81
  13 0.125 20.5 1260.22
  14 0.135 20.266 1199.81
  15 0.145 20.728 1278.3
  16 0.155 21.06 1318.71
  17 0.165 21.494 1369.04
  18 0.175 21.78 1377.47
  19 0.185 21.768 1352.64
  20 0.195 21.768 1326.09
  21 0.205 21.746 1291.81
  22 0.215 21.606 1395.85
  23 0.225 21.264 1378.45
  24 0.235 21.026 1441.29
  25 0.245 20.58 1464.79
  26 0.255 19.734 1482.25
  27 0.265 19.61 1479.61
  28 0.275 20.258 1436.41
  29 0.285 20.87 1399.42
  30 0.295 21.366 1447.99
  31 0.305 21.39 1509.98
  32 0.315 21.582 1510.39
  33 0.325 21.63 1517.07
  34 0.335 21.91 1458.4
  35 0.345 21.76 1437.33
  36 0.355 21.45 1466.09
  37 0.365 20.892 1417.33
  38 0.375 20.44 1351.86
  39 0.385 20.166 1435.43
  40 0.395 20.632 1424.49
  41 0.405 21.144 1425.36
  42 0.415 21.548 1430.32
  43 0.425 21.718 1431.19
  44 0.435 21.846 1482.22
  45 0.445 21.594 1478.8
  46 0.455 21.554 1458.81
  47 0.465 21.422 1511.08
  48 0.475 20.972 1597.75
  49 0.485 20.104 1646.35
  50 0.495 19.858 1766.74
  51 0.505 19.892 1641.4
  52 0.515 20.122 1661.96
  53 0.525 20.87 1548.92
  54 0.535 21.172 1561.45
  55 0.545 21.528 1501.12
  56 0.555 21.702 1568.34
  57 0.565 21.752 1472.52
  58 0.575 21.754 1475.7
  59 0.585 21.95 1449.44
  60 0.595 20.986 1484.6
  61 0.605 20.7 1574.88
  62 0.615 20.084 1490.32
  63 0.625 20.364 1495.57
  64 0.635 20.93 1585.72
  65 0.645 21.238 1545.23
  66 0.655 21.75 1511
  67 0.665 21.588 1575.12
  68 0.675 21.878 1569.24
  69 0.685 21.644 1540.18
  70 0.695 21.348 1500.7
  71 0.705 21.282 1467.64
  72 0.715 20.784 1413.76
  73 0.725 20.252 1404.74
  74 0.735 19.786 1413.31
  75 0.745 20.032 1349.36
  76 0.755 20.434 1287.63
  77 0.765 20.95 1329.17
  78 0.775 21.35 1328.27
  79 0.785 21.654 1314.23
  80 0.795 21.51 1427.28
  81 0.805 21.792 1390.11
  82 0.815 21.878 1383.63
  83 0.825 21.712 1361.71
  84 0.835 21.474 1323.72
  85 0.845 20.916 1309.87
  86 0.855 20.656 1252.73
  87 0.865 20.396 1258.55
  88 0.875 20.566 1285.29
  89 0.885 21.036 1241.55
  90 0.895 21.5 1298.32
  91 0.905 21.658 1281.25
  92 0.915 21.748 1310.95
  93 0.925 21.76 1313.69
  94 0.935 21.688 1270.57
  95 0.945 21.582 1287.45
  96 0.955 21.494 1315.3
  97 0.965 20.99 1339.82
  98 0.975 20.602 1281.1
  99 0.985 20.224 1253.34
  100 0.995 19.992 1217.48
100000 100 2112
  1 0.005 20.018 1173.1
  2 0.015 20.534 1171.45
  3 0.025 20.93 1168.77
  4 0.035 21.42 1183.09
  5 0.045 21.492 1204.04
  6 0.055 21.636 1162.03
  7 0.065 21.806 1203.55
  8 0.075 21.752 1248.61
  9 0.085 21.938 1276.65
  10 0.095 21.746 1329.26
  11 0.105 21.604 1227.25
  12 0.115 20.676 1237.24
  13 0.125 20.226 1264.31
  14 0.135 20.466 1307.41
  15 0.145 20.562 1289.14
  16 0.155 21.256 1281.58
  17 0.165 21.564 1327.02
  18 0.175 21.694 1322.36
  19 0.185 21.904 1345.12
  20 0.195 21.792 1385.37
  21 0.205 21.654 1422.87
  22 0.215 21.432 1479.36
  23 0.225 21.304 1474.2
  24 0.235 20.698 1488.01
  25 0.245 20.224 1466.09
  26 0.255 19.84 1422.18
  27 0.265 19.764 1335.84
  28 0.275 20.728 1381.62
  29 0.285 20.704 1428.3
  30 0.295 21.476 1394.38
  31 0.305 21.428 1437.72
  32 0.315 21.66 1377.68
  33 0.325 21.77 1393.23
  34 0.335 21.764 1426.66
  35 0.345 21.726 1423.88
  36 0.355 21.604 1400.36
  37 0.365 21.048 1325.86
  38 0.375 20.166 1392.66
  39 0.385 20.396 1409.55
  40 0.395 20.612 1526.41
  41 0.405 20.886 1525.95
  42 0.415 21.616 1469.47
  43 0.425 21.808 1450.01
  44 0.435 21.744 1432.71
  45 0.445 21.792 1421
  46 0.455 21.554 1470.13
  47 0.465 21.354 1489.41
  48 0.475 21 1551.36
  49 0.485 20.736 1514.84
  50 0.495 19.828 1499.04
  51 0.505 19.69 1542.6
  52 0.515 20.032 1611.71
  53 0.525 20.692 1569.29
  54 0.535 21.198 1494.87
  55 0.545 21.42 1609.76
  56 0.555 21.63 1674.65
  57 0.565 21.628 1607.4
  58 0.575 21.792 1656.64
  59 0.585 21.632 1562.69
  60 0.595 21.286 1540.28
  61 0.605 20.244 1498.75
  62 0.615 20.174 1436.41
  63 0.625 20.656 1405.88
  64 0.635 20.856 1389.3
  65 0.645 21.39 1445.26
  66 0.655 21.742 1447.64
  67 0.665 21.7 1596.25
  68 0.675 21.84 1556.07
  69 0.685 21.516 1566.95
  70 0.695 21.576 1584.54
  71 0.705 21.2 1548.47
  72 0.715 20.706 1470.18
  73 0.725 20.246 1434.98
  74 0.735 19.702 1442.01
  75 0.745 19.916 1400.47
  76 0.755 20.476 1449.82
  77 0.765 20.98 1389.14
  78 0.775 21.522 1358.02
  79 0.785 21.54 1348.99
  80 0.795 21.584 1392.9
  81 0.805 21.936 1349.71
  82 0.815 21.848 1336.47
  83 0.825 21.604 1340.23
  84 0.835 21.688 1261.85
  85 0.845 20.93 1393.81
  86 0.855 20.702 1330.62
  87 0.865 20.29 1284.14
  88 0.875 20.586 1310.32
  89 0.885 20.79 1278.89
  90 0.895 21.4 1265.32
  91 0.905 21.808 1235.9
  92 0.915 21.714 1249.32
  93 0.925 21.794 1275.19
  94 0.935 21.824 1268.88
  95 0.945 21.39 1370.71
  96 0.955 21.676 1271.03
  97 0.965 21.084 1249.33
  98 0.975 20.798 1283.07
  99 0.985 20.234 1247.15
  100 0.995 20.006 1270.35
105000 100 2112.0000000000005
  1 0.005 19.996 1194.48
  2 0.015 20.446 1194.08
  3 0.025 20.858 1242.96
  4 0.035 21.234 1283.93
  5 0.045 21.5 1268.81
  6 0.055 21.592 1265.44
  7 0.065 21.724 1220.31
  8 0.075 21.838 1212.62
  9 0.085 21.79 1320.75
  10 0.095 21.814 1253.65
  11 0.105 21.448 1177.13
  12 0.115 20.776 1178.98
  13 0.125 20.328 1124.85
  14 0.135 20.466 1156.24
  15 0.145 20.826 1286.76
  16 0.155 21.014 1438.85
  17 0.165 21.482 1479.52
  18 0.175 21.81 1451.12
  19 0.185 21.748 1407.43
  20 0.195 21.772 1490.09
  21 0.205 21.638 1440.88
  22 0.215 21.47 1379.63
  23 0.225 21.258 1499.85
  24 0.235 20.962 1441.75
  25 0.245 20.11 1398.54
  26 0.255 19.86 1315.89
  27 0.265 20.188 1346.1
  28 0.275 20.158 1397.76
  29 0.285 20.956 1313.16
  30 0.295 21.436 1356.37
  31 0.305 21.48 1404.43
  32 0.315 21.53 1426.37
  33 0.325 21.808 1464.15
  34 0.335 21.746 1478.14
  35 0.345 21.808 1581.4
  36 0.355 21.288 1450.25
  37 0.365 20.736 1356.23
  38 0.375 20.274 1319.76
  39 0.385 20.21 1410.6
  40 0.395 20.756 1385.93
  41 0.405 21.24 1406.95
  42 0.415 21.698 1409.48
  43 0.425 21.792 1463.01
  44 0.435 21.748 1484.58
  45 0.445 21.578 1509.76
  46 0.455 21.558 1420.74
  47 0.465 21.37 1504.78
  48 0.475 21.058 1463.07
  49 0.485 20.348 1550.55
  50 0.495 19.998 1627.35
  51 0.505 19.634 1677.58
  52 0.515 20.244 1654.89
  53 0.525 20.604 1624.68
  54 0.535 21.354 1536.23
  55 0.545 21.502 1583.98
  56 0.555 21.612 1528.62
  57 0.565 21.84 1471.86
  58 0.575 21.816 1494.66
  59 0.585 21.61 1413.88
  60 0.595 21.282 1382.53
  61 0.605 20.708 1402.74
  62 0.615 20.282 1402.45
  63 0.625 20.196 1418.86
  64 0.635 20.892 1467.72
  65 0.645 21.286 1527.39
  66 0.655 21.686 1546.04
  67 0.665 21.674 1542.99
  68 0.675 21.854 1595.58
  69 0.685 21.61 1613.7
  70 0.695 21.558 1662.15
  71 0.705 21.054 1633.53
  72 0.715 20.946 1529.01
  73 0.725 20.292 1457.96
  74 0.735 19.686 1400.27
  75 0.745 19.91 1372.94
  76 0.755 20.258 1412.81
  77 0.765 21.008 1386.67
  78 0.775 21.456 1394.66
  79 0.785 21.466 1444.96
  80 0.795 21.624 1437.45
  81 0.805 21.798 1371.79
  82 0.815 21.822 1349
  83 0.825 21.778 1336.62
  84 0.835 21.54 1320.8
  85 0.845 21.268 1260.95
  86 0.855 20.352 1291.09
  87 0.865 20.318 1266.88
  88 0.875 20.418 1304.33
  89 0.885 21.102 1287.71
  90 0.895 21.442 1309.06
  91 0.905 21.72 1284.05
  92 0.915 21.838 1298.94
  93 0.925 21.746 1323.91
  94 0.935 21.738 1262.56
  95 0.945 21.568 1286.96
  96 0.955 21.478 1209.39
  97 0.965 21.36 1247.91
  98 0.975 20.78 1212.79
  99 0.985 20.43 1215.3
  100 0.995 20.038 1221.4
110000 100 2112.0000000000005
  1 0.005 19.982 1226.88
  2 0.015 20.508 1203.42
  3 0.025 21.188 1188.76
  4 0.035 21.484 1182.14
  5 0.045 21.514 1218.51
  6 0.055 21.598 1294.48
  7 0.065 21.786 1221.47
  8 0.075 21.906 1226.66
  9 0.085 21.782 1222.65
  10 0.095 21.784 1226.66
  11 0.105 21.564 1231.9
  12 0.115 20.824 1255.99
  13 0.125 20.496 1225.34
  14 0.135 20.404 1243.02
  15 0.145 20.71 1267.35
  16 0.155 21.036 1342.8
  17 0.165 21.434 1434.59
  18 0.175 21.664 1328.51
  19 0.185 21.808 1357.09
  20 0.195 21.834 1295.64
  21 0.205 21.564 1348.81
  22 0.215 21.488 1369.42
  23 0.225 21.358 1302.32
  24 0.235 21.136 1248.37
  25 0.245 20.438 1287.07
  26 0.255 19.75 1317.33
  27 0.265 19.75 1337.01
  28 0.275 20.416 1377.13
  29 0.285 20.878 1359.12
  30 0.295 21.182 1381.69
  31 0.305 21.516 1374.62
  32 0.315 21.574 1422.07
  33 0.325 21.64 1360.9
  34 0.335 21.868 1369.72
  35 0.345 21.866 1421.77
  36 0.355 21.522 1409.55
  37 0.365 20.914 1439.77
  38 0.375 20.016 1499.19
  39 0.385 20.608 1485.06
  40 0.395 20.492 1535.31
  41 0.405 21.056 1561.41
  42 0.415 21.552 1489.31
  43 0.425 21.654 1561.37
  44 0.435 21.726 1619.96
  45 0.445 21.696 1660.84
  46 0.455 21.448 1616.78
  47 0.465 21.154 1651.68
  48 0.475 20.78 1574.76
  49 0.485 20.262 1532.12
  50 0.495 19.872 1530.82
  51 0.505 19.858 1565.57
  52 0.515 20.346 1548.69
  53 0.525 20.914 1566.72
  54 0.535 21.356 1542.23
  55 0.545 21.504 1464.83
  56 0.555 21.724 1386.24
  57 0.565 21.874 1491.14
  58 0.575 21.81 1514.78
  59 0.585 21.52 1500.39
  60 0.595 21.186 1528.73
  61 0.605 20.386 1595
  62 0.615 20.036 1604.38
  63 0.625 20.382 1532.75
  64 0.635 20.984 1484.53
  65 0.645 21.576 1423.75
  66 0.655 21.746 1406.49
  67 0.665 21.736 1409.9
  68 0.675 21.858 1412.56
  69 0.685 21.674 1389.71
  70 0.695 21.398 1444.09
  71 0.705 21.316 1416.95
  72 0.715 20.908 1433.52
  73 0.725 20.31 1503.92
  74 0.735 19.954 1448.39
  75 0.745 19.814 1401.19
  76 0.755 20.26 1391.56
  77 0.765 20.942 1366.26
  78 0.775 21.39 1342.96
  79 0.785 21.42 1373.65
  80 0.795 21.666 1267.8
  81 0.805 21.63 1335.56
  82 0.815 21.94 1380.34
  83 0.825 21.75 1491.99
  84 0.835 21.65 1409.39
  85 0.845 21.148 1387.49
  86 0.855 20.324 1483.37
  87 0.865 20.124 1407.2
  88 0.875 20.646 1324.71
  89 0.885 20.85 1399.54
  90 0.895 21.516 1384.5
  91 0.905 21.734 1410.16
  92 0.915 21.932 1365.2
  93 0.925 21.728 1330.52
  94 0.935 21.644 1279.36
  95 0.945 21.536 1248.33
  96 0.955 21.334 1313.22
  97 0.965 21.222 1246.75
  98 0.975 20.65 1324.76
  99 0.985 20.122 1230.4
  100 0.995 20.19 1249.66
115000 100 2112.0000000000005
  1 0.005 19.862 1281.95
  2 0.015 20.484 1191.82
  3 0.025 21.348 1148.29
  4 0.035 21.314 1218.43
  5 0.045 21.554 1237.99
  6 0.055 21.6 1279.54
  7 0.065 21.794 1274.18
  8 0.075 21.78 1281.72
  9 0.085 21.93 1339.76
  10 0.095 21.492 1307.64
  11 0.105 21.346 1267.14
  12 0.115 20.64 1250.77
  13 0.125 20.268 1233.1
  14 0.135 20.566 1279.49
  15 0.145 20.818 1263.79
  16 0.155 21.308 1292.35
  17 0.165 21.558 1355.32
  18 0.175 21.84 1318.04
  19 0.185 21.82 1359.5
  20 0.195 21.73 1353.89
  21 0.205 21.648 1329.32
  22 0.215 21.61 1276.01
  23 0.225 21.248 1324.64
  24 0.235 20.906 1334.94
  25 0.245 20.67 1299.18
  26 0.255 20.196 1264.23
  27 0.265 19.986 1278.85
  28 0.275 20.04 1301.35
  29 0.285 20.672 1288.22
  30 0.295 21.264 1344.95
  31 0.305 21.376 1378.65
  32 0.315 21.66 1338.37
  33 0.325 21.712 1441.72
  34 0.335 21.728 1427.04
  35 0.345 21.794 1451.56
  36 0.355 21.61 1432.75
  37 0.365 21.194 1396.07
  38 0.375 20.61 1435.16
  39 0.385 20.168 1504.41
  40 0.395 20.422 1566.21
  41 0.405 21.066 1547.55
  42 0.415 21.222 1588.94
  43 0.425 21.748 1588.12
  44 0.435 21.696 1596
  45 0.445 21.584 1580.34
  46 0.455 21.544 1524.9
  47 0.465 21.376 1528.9
  48 0.475 21.098 1528.62
  49 0.485 20.334 1529.56
  50 0.495 19.864 1514.38
  51 0.505 19.684 1470.42
  52 0.515 20.094 1538.08
  53 0.525 20.74 1483.43
  54 0.535 21.318 1482.75
  55 0.545 21.53 1500.99
  56 0.555 21.654 1538.05
  57 0.565 21.694 1524.11
  58 0.575 21.832 1527.81
  59 0.585 21.652 1527.03
  60 0.595 21.132 1531.08
  61 0.605 20.308 1572.62
  62 0.615 20.304 1502.79
  63 0.625 20.354 1485.95
  64 0.635 21.184 1487.58
  65 0.645 21.356 1513.41
  66 0.655 21.568 1480.64
  67 0.665 21.752 1494.61
  68 0.675 21.762 1496.93
  69 0.685 21.702 1415.45
  70 0.695 21.402 1463.18
  71 0.705 21.378 1371.21
  72 0.715 20.578 1404.86
  73 0.725 20.438 1419.42
  74 0.735 19.854 1451.63
  75 0.745 20.022 1461.64
  76 0.755 20.302 1432.29
  77 0.765 20.936 1405.5
  78 0.775 21.384 1327.21
  79 0.785 21.578 1326.09
  80 0.795 21.548 1419.88
  81 0.805 21.778 1311.46
  82 0.815 21.804 1363.38
  83 0.825 21.746 1460.1
  84 0.835 21.554 1397.87
  85 0.845 21.172 1413.43
  86 0.855 20.254 1421.47
  87 0.865 20.294 1461.75
  88 0.875 20.592 1436.14
  89 0.885 20.87 1435.48
  90 0.895 21.52 1421.35
  91 0.905 21.79 1418.59
  92 0.915 21.796 1300.97
  93 0.925 21.802 1243.48
  94 0.935 21.734 1249.32
  95 0.945 21.504 1193.43
  96 0.955 21.534 1218.57
  97 0.965 21.176 1254.58
  98 0.975 20.782 1334.47
  99 0.985 20.224 1342.72
  100 0.995 19.936 1307.23
120000 100 2112
  1 0.005 19.946 1259.59
  2 0.015 20.588 1223.47
  3 0.025 21.232 1198.36
  4 0.035 21.238 1270.51
  5 0.045 21.534 1274.53
  6 0.055 21.63 1292.17
  7 0.065 21.858 1296.84
  8 0.075 21.73 1358.28
  9 0.085 21.856 1361.39
  10 0.095 21.79 1267.09
  11 0.105 21.192 1324.46
  12 0.115 20.524 1296.58
  13 0.125 20.094 1339.54
  14 0.135 20.682 1259.73
  15 0.145 21.026 1159.85
  16 0.155 21.514 1189.2
  17 0.165 21.518 1181.21
  18 0.175 21.774 1204.49
  19 0.185 21.63 1306.77
  20 0.195 21.804 1275.69
  21 0.205 21.604 1312.19
  22 0.215 21.624 1282.28
  23 0.225 21.346 1307.31
  24 0.235 20.972 1383.9
  25 0.245 20.286 1431.06
  26 0.255 20.034 1494.92
  27 0.265 19.684 1439.58
  28 0.275 20.336 1368.1
  29 0.285 20.94 1387.07
  30 0.295 21.124 1410.56
  31 0.305 21.502 1413.21
  32 0.315 21.672 1389.98
  33 0.325 21.848 1425.91
  34 0.335 21.594 1467.99
  35 0.345 21.898 1428.09
  36 0.355 21.584 1454.06
  37 0.365 20.92 1489.13
  38 0.375 20.51 1440.56
  39 0.385 20.154 1502.12
  40 0.395 20.394 1513.56
  41 0.405 20.978 1411.45
  42 0.415 21.62 1496.49
  43 0.425 21.776 1575.94
  44 0.435 21.614 1624.06
  45 0.445 21.712 1571.98
  46 0.455 21.59 1504.64
  47 0.465 21.258 1506.4
  48 0.475 20.852 1499.74
  49 0.485 20.442 1483.21
  50 0.495 19.94 1498.22
  51 0.505 19.772 1438.46
  52 0.515 20.378 1456.56
  53 0.525 20.682 1453.49
  54 0.535 21.298 1515.21
  55 0.545 21.484 1466.36
  56 0.555 21.624 1524.16
  57 0.565 21.742 1495.59
  58 0.575 21.874 1480.36
  59 0.585 21.54 1506.14
  60 0.595 21.38 1513.68
  61 0.605 20.556 1498.24
  62 0.615 20.168 1509.57
  63 0.625 20.46 1551.4
  64 0.635 20.754 1500.76
  65 0.645 21.456 1544.14
  66 0.655 21.548 1557.45
  67 0.665 21.75 1508.36
  68 0.675 21.648 1446.97
  69 0.685 21.65 1507.9
  70 0.695 21.37 1493.49
  71 0.705 21.242 1493.1
  72 0.715 20.606 1418.33
  73 0.725 20.46 1349.2
  74 0.735 20.11 1409.64
  75 0.745 19.932 1384.17
  76 0.755 20.466 1391.97
  77 0.765 20.9 1408.57
  78 0.775 21.252 1489.93
  79 0.785 21.606 1409.35
  80 0.795 21.448 1463.12
  81 0.805 21.8 1452.62
  82 0.815 21.804 1367.4
  83 0.825 21.894 1337.11
  84 0.835 21.584 1399.6
  85 0.845 20.998 1399.7
  86 0.855 20.376 1353.24
  87 0.865 20.234 1346.08
  88 0.875 20.316 1416.12
  89 0.885 21.132 1307.14
  90 0.895 21.506 1378.11
  91 0.905 21.81 1418.32
  92 0.915 21.84 1382.4
  93 0.925 21.734 1343.98
  94 0.935 21.772 1237.89
  95 0.945 21.59 1261.86
  96 0.955 21.44 1256.62
  97 0.965 21.344 1246.72
  98 0.975 20.8 1205.2
  99 0.985 20.2 1202.82
  100 0.995 19.702 1274.98
125000 100 2112
  1 0.005 19.96 1230.89
  2 0.015 20.744 1229.78
  3 0.025 20.978 1199.46
  4 0.035 21.498 1235.68
  5 0.045 21.522 1226.27
  6 0.055 21.672 1231.73
  7 0.065 21.738 1269.93
  8 0.075 21.794 1253.53
  9 0.085 21.892 1273.06
  10 0.095 21.742 1283.33
  11 0.105 21.138 1257.62
  12 0.115 20.566 1311.63
  13 0.125 20.36 1323.52
  14 0.135 20.388 1373.67
  15 0.145 21.07 1350.14
  16 0.155 21.328 1371.93
  17 0.165 21.382 1310.57
  18 0.175 21.912 1276.3
  19 0.185 21.736 1245.99
  20 0.195 21.79 1264.79
  21 0.205 21.554 1291.52
  22 0.215 21.468 1381.11
  23 0.225 21.216 1414.91
  24 0.235 21.024 1361.77
  25 0.245 20.296 1373.4
  26 0.255 19.86 1272.44
  27 0.265 19.942 1373.27
  28 0.275 20.26 1309.17
  29 0.285 20.962 1362.06
  30 0.295 21.42 1364.12
  31 0.305 21.434 1411
  32 0.315 21.664 1446.36
  33 0.325 21.754 1492.26
  34 0.335 21.77 1525.98
  35 0.345 21.912 1468.05
  36 0.355 21.436 1481.92
  37 0.365 20.944 1449.34
  38 0.375 20.48 1335.93
  39 0.385 20.206 1362.32
  40 0.395 20.38 1430.8
  41 0.405 21.144 1491.06
  42 0.415 21.502 1473.93
  43 0.425 21.832 1526.35
  44 0.435 21.766 1540.6
  45 0.445 21.764 1535.59
  46 0.455 21.572 1508.07
  47 0.465 21.488 1476.32
  48 0.475 21.146 1498.29
  49 0.485 20.554 1519.34
  50 0.495 20.022 1529.07
  51 0.505 19.736 1588.09
  52 0.515 20.034 1556.82
  53 0.525 20.316 1585.83
  54 0.535 21.3 1542.65
  55 0.545 21.424 1525.95
  56 0.555 21.538 1546.89
  57 0.565 21.752 1538.74
  58 0.575 21.86 1505.4
  59 0.585 21.702 1518.28
  60 0.595 21.118 1558.54
  61 0.605 20.724 1579.66
  62 0.615 20.244 1605.04
  63 0.625 20.38 1538.36
  64 0.635 20.938 1494.75
  65 0.645 21.192 1521.08
  66 0.655 21.522 1439.15
  67 0.665 21.784 1503.55
  68 0.675 21.774 1517.24
  69 0.685 21.498 1531.05
  70 0.695 21.448 1486.39
  71 0.705 21.338 1469.32
  72 0.715 20.854 1444.77
  73 0.725 20.452 1373.96
  74 0.735 20.132 1317.62
  75 0.745 19.748 1347.98
  76 0.755 20.492 1490.5
  77 0.765 20.632 1478.48
  78 0.775 21.284 1424.15
  79 0.785 21.428 1488.56
  80 0.795 21.678 1480.25
  81 0.805 21.66 1530.08
  82 0.815 21.85 1484.07
  83 0.825 21.764 1413.46
  84 0.835 21.682 1302.74
  85 0.845 20.648 1361.06
  86 0.855 20.246 1347.96
  87 0.865 20.182 1382.1
  88 0.875 20.636 1321.19
  89 0.885 21.15 1327.38
  90 0.895 21.588 1278.13
  91 0.905 22.008 1311.83
  92 0.915 21.76 1283.22
  93 0.925 21.75 1269.53
  94 0.935 21.728 1214.26
  95 0.945 21.606 1209.66
  96 0.955 21.356 1184.13
  97 0.965 21.332 1196.22
  98 0.975 20.732 1185.23
  99 0.985 20.21 1291.98
  100 0.995 19.808 1307.95
130000 100 2112
  1 0.005 20.014 1234.57
  2 0.015 20.538 1164.87
  3 0.025 21.128 1166.91
  4 0.035 21.396 1188.4
  5 0.045 21.586 1204.96
  6 0.055 21.608 1265.76
  7 0.065 21.814 1260.88
  8 0.075 21.736 1297.6
  9 0.085 21.882 1252.74
  10 0.095 21.69 1288.58
  11 0.105 21.174 1297.91
  12 0.115 20.852 1271.94
  13 0.125 20.278 1347.29
  14 0.135 20.588 1314.07
  15 0.145 20.95 1320.21
  16 0.155 21.14 1326.97
  17 0.165 21.682 1276.36
  18 0.175 21.422 1347.4
  19 0.185 21.872 1300.2
  20 0.195 21.76 1316.31
  21 0.205 21.55 1413.9
  22 0.215 21.602 1412.82
  23 0.225 21.24 1412.28
  24 0.235 20.874 1394.21
  25 0.245 20.156 1425.2
  26 0.255 20.22 1326.84
  27 0.265 19.854 1399.47
  28 0.275 20.45 1414.43
  29 0.285 20.646 1400.4
  30 0.295 21.358 1346.19
  31 0.305 21.568 1355.4
  32 0.315 21.48 1411.79
  33 0.325 21.906 1385.81
  34 0.335 21.79 1463.37
  35 0.345 21.738 1453.38
  36 0.355 21.674 1444.3
  37 0.365 21.09 1393.67
  38 0.375 20.072 1470.18
  39 0.385 20.146 1457.74
  40 0.395 20.402 1549.96
  41 0.405 21.146 1567.1
  42 0.415 21.692 1486.85
  43 0.425 21.734 1518.94
  44 0.435 21.836 1457.42
  45 0.445 21.694 1454.76
  46 0.455 21.454 1429.12
  47 0.465 21.484 1425.74
  48 0.475 20.908 1587.11
  49 0.485 20.556 1572.94
  50 0.495 19.682 1703.69
  51 0.505 19.84 1702.63
  52 0.515 20.206 1646.12
  53 0.525 20.486 1560.1
  54 0.535 21.46 1529.21
  55 0.545 21.438 1476.3
  56 0.555 21.66 1453.97
  57 0.565 21.78 1512.32
  58 0.575 21.75 1575.34
  59 0.585 21.486 1564.36
  60 0.595 21.284 1530.25
  61 0.605 20.742 1583.68
  62 0.615 20.616 1520.27
  63 0.625 20.35 1622.67
  64 0.635 20.73 1570.76
  65 0.645 21.202 1433.64
  66 0.655 21.678 1352.19
  67 0.665 21.578 1432.17
  68 0.675 21.736 1415.13
  69 0.685 21.69 1461.24
  70 0.695 21.508 1427.89
  71 0.705 21.424 1398.19
  72 0.715 20.862 1422.24
  73 0.725 20.444 1389.27
  74 0.735 20.016 1493.49
  75 0.745 19.944 1532.51
  76 0.755 20.142 1544.08
  77 0.765 20.768 1476.07
  78 0.775 21.2 1468.5
  79 0.785 21.566 1481.68
  80 0.795 21.51 1456.36
  81 0.805 21.694 1442.65
  82 0.815 21.686 1433.27
  83 0.825 22.052 1368.14
  84 0.835 21.404 1413.09
  85 0.845 21.058 1401.16
  86 0.855 20.096 1348.26
  87 0.865 19.888 1319.39
  88 0.875 20.624 1220.78
  89 0.885 21.404 1269.68
  90 0.895 21.618 1357.36
  91 0.905 21.814 1415.95
  92 0.915 21.812 1320.85
  93 0.925 21.714 1290.77
  94 0.935 21.726 1240.29
  95 0.945 21.534 1252.68
  96 0.955 21.41 1194.22
  97 0.965 21.05 1162.18
  98 0.975 20.626 1168.29
  99 0.985 20.442 1124.01
  100 0.995 20.14 1147.45
135000 100 2112
  1 0.005 19.932 1165.68
  2 0.015 20.602 1142.58
  3 0.025 21.076 1192.37
  4 0.035 21.232 1196.12
  5 0.045 21.732 1217.27
  6 0.055 21.558 1230.84
  7 0.065 21.708 1297.23
  8 0.075 21.864 1320.73
  9 0.085 21.67 1346.37
  10 0.095 21.642 1338.02
  11 0.105 21.198 1305.4
  12 0.115 20.794 1274.2
  13 0.125 20.344 1375.42
  14 0.135 20.636 1301.91
  15 0.145 20.89 1290.57
  16 0.155 21.27 1275.82
  17 0.165 21.572 1333.34
  18 0.175 21.71 1384.5
  19 0.185 21.744 1311.47
  20 0.195 21.73 1272.78
  21 0.205 21.684 1295.74
  22 0.215 21.384 1286.05
  23 0.225 21.336 1277.32
  24 0.235 20.726 1278.54
  25 0.245 20.528 1321.71
  26 0.255 19.916 1308.21
  27 0.265 20.166 1383.23
  28 0.275 20.32 1360.81
  29 0.285 20.838 1357.55
  30 0.295 21.288 1378.88
  31 0.305 21.3 1468.16
  32 0.315 21.782 1454.61
  33 0.325 21.598 1484.03
  34 0.335 21.874 1422.06
  35 0.345 21.876 1423.54
  36 0.355 21.59 1451.89
  37 0.365 21.09 1463.17
  38 0.375 20.154 1515.8
  39 0.385 19.788 1527.37
  40 0.395 20.738 1473.05
  41 0.405 21.048 1561.18
  42 0.415 21.578 1578.11
  43 0.425 21.86 1486.42
  44 0.435 21.786 1507.27
  45 0.445 21.714 1619.69
  46 0.455 21.444 1605.77
  47 0.465 21.442 1551.04
  48 0.475 20.99 1580.52
  49 0.485 20.366 1539.08
  50 0.495 20.052 1505.93
  51 0.505 19.73 1605.16
  52 0.515 20.138 1565.36
  53 0.525 20.726 1531.85
  54 0.535 21.172 1574.04
  55 0.545 21.45 1626.42
  56 0.555 21.612 1582.25
  57 0.565 21.828 1518.4
  58 0.575 21.724 1454.03
  59 0.585 21.556 1538.18
  60 0.595 21.424 1465.65
  61 0.605 20.844 1444.43
  62 0.615 20.228 1473.5
  63 0.625 20.242 1542.94
  64 0.635 20.766 1443.98
  65 0.645 21.178 1413.51
  66 0.655 21.756 1421.16
  67 0.665 21.78 1424.19
  68 0.675 21.808 1463.15
  69 0.685 21.558 1542.64
  70 0.695 21.622 1493.47
  71 0.705 21.234 1466.15
  72 0.715 20.798 1487.67
  73 0.725 20.57 1403
  74 0.735 19.986 1397.1
  75 0.745 19.9 1501.26
  76 0.755 20.306 1495.49
  77 0.765 20.7 1458.91
  78 0.775 21.19 1411.99
  79 0.785 21.58 1442.48
  80 0.795 21.558 1464.08
  81 0.805 21.644 1474.37
  82 0.815 21.858 1397.66
  83 0.825 21.802 1387.89
  84 0.835 21.554 1452.8
  85 0.845 20.758 1424.75
  86 0.855 20.534 1317.98
  87 0.865 19.956 1376.32
  88 0.875 20.458 1344.39
  89 0.885 21.09 1323.19
  90 0.895 21.814 1370.3
  91 0.905 21.858 1331.95
  92 0.915 21.836 1295.91
  93 0.925 21.89 1268.44
  94 0.935 21.478 1286.51
  95 0.945 21.588 1243.81
  96 0.955 21.528 1211.71
  97 0.965 21.148 1234.4
  98 0.975 20.798 1182.5
  99 0.985 20.29 1144.44
  100 0.995 19.994 1134.98
140000 100 2112.0000000000005
  1 0.005 20.082 1218.66
  2 0.015 20.576 1194.1
  3 0.025 20.92 1202.95
  4 0.035 21.256 1207.68
  5 0.045 21.648 1227.86
  6 0.055 21.54 1322.66
  7 0.065 21.784 1277.79
  8 0.075 21.846 1232.94
  9 0.085 21.706 1175.23
  10 0.095 21.614 1201.64
  11 0.105 21.428 1219.07
  12 0.115 20.928 1227.54
  13 0.125 20.498 1274.37
  14 0.135 20.5 1335.68
  15 0.145 20.576 1316.03
  16 0.155 21.1 1354.31
  17 0.165 21.524 1343.12
  18 0.175 21.748 1441.79
  19 0.185 21.676 1358.75
  20 0.195 21.78 1332.05
  21 0.205 21.674 1306.28
  22 0.215 21.542 1289.41
  23 0.225 21.294 1331.79
  24 0.235 20.908 1297.27
  25 0.245 20.386 1264.82
  26 0.255 20.188 1369.95
  27 0.265 19.982 1345.75
  28 0.275 20.322 1365.02
  29 0.285 20.844 1366.42
  30 0.295 21.122 1442.17
  31 0.305 21.44 1418.51
  32 0.315 21.59 1433.44
  33 0.325 21.702 1463.93
  34 0.335 21.852 1398.87
  35 0.345 21.746 1434.75
  36 0.355 21.788 1447.44
  37 0.365 21.298 1495.34
  38 0.375 20.322 1499.61
  39 0.385 19.832 1518.4
  40 0.395 20.212 1560.96
  41 0.405 20.992 1557.65
  42 0.415 21.604 1599.68
  43 0.425 21.718 1614.91
  44 0.435 21.852 1563.12
  45 0.445 21.754 1537.14
  46 0.455 21.44 1670.37
  47 0.465 21.348 1559.58
  48 0.475 20.702 1561.25
  49 0.485 20.262 1567.71
  50 0.495 19.86 1558.72
  51 0.505 19.924 1604.74
  52 0.515 20.146 1613.19
  53 0.525 20.922 1585.12
  54 0.535 21.398 1566.94
  55 0.545 21.448 1515.37
  56 0.555 21.64 1417.28
  57 0.565 21.962 1445.57
  58 0.575 21.634 1465.81
  59 0.585 21.62 1575.17
  60 0.595 21.072 1438.39
  61 0.605 20.532 1445.66
  62 0.615 20.318 1441.25
  63 0.625 20.546 1406.37
  64 0.635 20.814 1424.56
  65 0.645 21.394 1508.77
  66 0.655 21.59 1512.37
  67 0.665 21.81 1526.45
  68 0.675 21.664 1528.75
  69 0.685 21.5 1561.5
  70 0.695 21.398 1566.34
  71 0.705 21.298 1444.41
  72 0.715 20.544 1414.74
  73 0.725 20.094 1401.78
  74 0.735 19.96 1437.23
  75 0.745 20.344 1471.61
  76 0.755 20.538 1454.56
  77 0.765 21.084 1338.69
  78 0.775 21.186 1334.72
  79 0.785 21.616 1320.16
  80 0.795 21.512 1359.38
  81 0.805 21.82 1355.8
  82 0.815 21.832 1348.64
  83 0.825 21.802 1370.9
  84 0.835 21.584 1405.17
  85 0.845 21.074 1367.69
  86 0.855 20.592 1380.95
  87 0.865 19.816 1401.97
  88 0.875 20.582 1363.15
  89 0.885 20.936 1345.89
  90 0.895 21.592 1311.31
  91 0.905 21.888 1307.64
  92 0.915 21.868 1308.42
  93 0.925 21.776 1330.24
  94 0.935 21.636 1308.35
  95 0.945 21.66 1340.15
  96 0.955 21.53 1253.6
  97 0.965 21.218 1258.88
  98 0.975 20.78 1254.2
  99 0.985 20.282 1259.12
  100 0.995 19.918 1237.73
145000 100 2112
  1 0.005 20.074 1117.24
  2 0.015 20.598 1095.64
  3 0.025 20.99 1079.64
  4 0.035 21.328 1136.25
  5 0.045 21.586 1185.16
  6 0.055 21.562 1192.29
  7 0.065 21.858 1233.83
  8 0.075 21.672 1249.82
  9 0.085 21.874 1286.64
  10 0.095 21.614 1318.42
  11 0.105 21.454 1279.25
  12 0.115 20.936 1309.9
  13 0.125 20.66 1266.17
  14 0.135 20.6 1275.39
  15 0.145 20.878 1203.1
  16 0.155 20.828 1319.39
  17 0.165 21.432 1364.27
  18 0.175 21.592 1418.22
  19 0.185 21.7 1406.36
  20 0.195 21.804 1354.74
  21 0.205 21.552 1443.22
  22 0.215 21.594 1397.79
  23 0.225 21.268 1388.12
  24 0.235 21.144 1316.62
  25 0.245 20.504 1301.51
  26 0.255 20.092 1356.95
  27 0.265 19.942 1360.01
  28 0.275 20.048 1457.26
  29 0.285 20.584 1464.17
  30 0.295 21.116 1408.72
  31 0.305 21.552 1426.5
  32 0.315 21.632 1381.97
  33 0.325 21.732 1388.76
  34 0.335 21.822 1428.21
  35 0.345 21.844 1456.18
  36 0.355 21.528 1510.01
  37 0.365 20.996 1479.55
  38 0.375 20.446 1472.04
  39 0.385 19.92 1447
  40 0.395 20.344 1489.78
  41 0.405 21.194 1537.53
  42 0.415 21.706 1644.58
  43 0.425 21.632 1600.92
  44 0.435 21.856 1541.05
  45 0.445 21.672 1629.47
  46 0.455 21.524 1598.71
  47 0.465 21.178 1565.07
  48 0.475 20.804 1590.47
  49 0.485 20.278 1665.66
  50 0.495 19.858 1618.8
  51 0.505 19.778 1612.68
  52 0.515 20.318 1624.9
  53 0.525 20.838 1573.48
  54 0.535 21.4 1489.45
  55 0.545 21.468 1515.68
  56 0.555 21.702 1514.34
  57 0.565 21.798 1506.34
  58 0.575 21.714 1524.42
  59 0.585 21.442 1524.5
  60 0.595 20.988 1495.68
  61 0.605 20.366 1557.65
  62 0.615 20.62 1489.82
  63 0.625 20.3 1505.48
  64 0.635 21 1400.19
  65 0.645 21.53 1367.37
  66 0.655 21.732 1370.64
  67 0.665 21.78 1430.21
  68 0.675 21.692 1504.01
  69 0.685 21.68 1462.77
  70 0.695 21.47 1402.95
  71 0.705 21.196 1394.35
  72 0.715 20.576 1361.91
  73 0.725 20.444 1374.77
  74 0.735 19.92 1329.73
  75 0.745 20.328 1441.98
  76 0.755 20.242 1420.96
  77 0.765 20.84 1364.93
  78 0.775 21.344 1423.97
  79 0.785 21.394 1503.57
  80 0.795 21.648 1431.48
  81 0.805 21.816 1397.76
  82 0.815 21.77 1403.95
  83 0.825 21.856 1385.72
  84 0.835 21.514 1330.9
  85 0.845 21.214 1361.37
  86 0.855 20.068 1395.48
  87 0.865 19.924 1414.3
  88 0.875 20.618 1386.9
  89 0.885 21.146 1386.23
  90 0.895 21.648 1370.47
  91 0.905 21.874 1341.38
  92 0.915 21.802 1346.16
  93 0.925 21.796 1403.08
  94 0.935 21.844 1305.28
  95 0.945 21.358 1318.24
  96 0.955 21.478 1245.83
  97 0.965 21.264 1223.37
  98 0.975 20.714 1267.74
  99 0.985 20.328 1185.1
  100 0.995 20.018 1161.15
150000 100 2112.0000000000005
  1 0.005 20.078 1204.38
  2 0.015 20.53 1232.52
  3 0.025 21.036 1209.68
  4 0.035 21.342 1204.21
  5 0.045 21.472 1192.49
  6 0.055 21.64 1170.71
  7 0.065 21.82 1114.73
  8 0.075 21.724 1156.69
  9 0.085 21.942 1316.74
  10 0.095 21.648 1313.56
  11 0.105 21.476 1247.55
  12 0.115 21.18 1217.82
  13 0.125 20.676 1222.29
  14 0.135 20.164 1262.48
  15 0.145 20.688 1260.78
  16 0.155 20.984 1311.86
  17 0.165 21.33 1329.93
  18 0.175 21.806 1338.79
  19 0.185 21.596 1424.06
  20 0.195 21.842 1392.43
  21 0.205 21.646 1418.95
  22 0.215 21.588 1436.39
  23 0.225 21.396 1351.8
  24 0.235 20.884 1407.81
  25 0.245 20.646 1445.97
  26 0.255 19.926 1487.03
  27 0.265 20.052 1452.65
  28 0.275 20.038 1427.45
  29 0.285 20.64 1397.72
  30 0.295 21.228 1379.5
  31 0.305 21.332 1449.01
  32 0.315 21.704 1418.9
  33 0.325 21.708 1447.06
  34 0.335 21.772 1522.58
  35 0.345 21.83 1458.98
  36 0.355 21.512 1456.49
  37 0.365 21.084 1461.14
  38 0.375 20.146 1490.54
  39 0.385 19.856 1566.93
  40 0.395 20.398 1553.29
  41 0.405 21.332 1614.98
  42 0.415 21.762 1595.43
  43 0.425 21.766 1546.24
  44 0.435 21.748 1539.28
  45 0.445 21.47 1545.9
  46 0.455 21.49 1628.44
  47 0.465 21.078 1621.01
  48 0.475 20.648 1593.92
  49 0.485 20.168 1671.88
  50 0.495 19.63 1682.86
  51 0.505 20.082 1566.84
  52 0.515 20.402 1534.26
  53 0.525 21.168 1495.39
  54 0.535 21.442 1407.63
  55 0.545 21.516 1476.51
  56 0.555 21.786 1409.26
  57 0.565 21.79 1556.56
  58 0.575 21.592 1507.25
  59 0.585 21.58 1470.45
  60 0.595 21.086 1495.52
  61 0.605 20.438 1552.89
  62 0.615 20.032 1505.93
  63 0.625 20.58 1419.87
  64 0.635 21.078 1366.73
  65 0.645 21.65 1375.15
  66 0.655 21.656 1422.47
  67 0.665 21.786 1355.74
  68 0.675 21.822 1360.29
  69 0.685 21.632 1335.92
  70 0.695 21.588 1340.7
  71 0.705 21.322 1422.94
  72 0.715 20.928 1438.3
  73 0.725 20.466 1417.49
  74 0.735 20.07 1387.06
  75 0.745 19.976 1370.87
  76 0.755 20.27 1427.05
  77 0.765 20.624 1465.24
  78 0.775 21.076 1477.25
  79 0.785 21.62 1492.99
  80 0.795 21.52 1506.24
  81 0.805 21.746 1510.96
  82 0.815 21.816 1489.23
  83 0.825 21.8 1427.02
  84 0.835 21.634 1409.28
  85 0.845 21.308 1428.93
  86 0.855 20.09 1405.05
  87 0.865 20.022 1376.63
  88 0.875 20.142 1391.18
  89 0.885 21.194 1426.92
  90 0.895 21.674 1402.39
  91 0.905 21.834 1367.6
  92 0.915 21.896 1275.75
  93 0.925 21.752 1260.67
  94 0.935 21.662 1261.97
  95 0.945 21.576 1225.26
  96 0.955 21.624 1211.89
  97 0.965 21.054 1181.31
  98 0.975 20.782 1245.74
  99 0.985 20.354 1164.6
  100 0.995 20.01 1231.95
155000 100 2111.9999999999995
  1 0.005 19.968 1222.37
  2 0.015 20.444 1242.39
  3 0.025 21.098 1171.91
  4 0.035 21.37 1138.69
  5 0.045 21.688 1147.32
  6 0.055 21.564 1225.8
  7 0.065 21.816 1239.12
  8 0.075 21.734 1211.85
  9 0.085 21.898 1223.9
  10 0.095 21.842 1248.08
  11 0.105 21.456 1236.01
  12 0.115 21.068 1262.37
  13 0.125 20.264 1308.65
  14 0.135 20.212 1324.91
  15 0.145 20.788 1329.66
  16 0.155 21.132 1346.7
  17 0.165 21.436 1321.86
  18 0.175 21.708 1315.19
  19 0.185 21.894 1319.38
  20 0.195 21.632 1398.34
  21 0.205 21.758 1331.35
  22 0.215 21.63 1313.98
  23 0.225 21.314 1334.86
  24 0.235 21.114 1388.25
  25 0.245 20.556 1383.47
  26 0.255 19.992 1499.5
  27 0.265 19.792 1461.52
  28 0.275 20.054 1459.19
  29 0.285 20.612 1500.46
  30 0.295 21.184 1478.45
  31 0.305 21.512 1482.2
  32 0.315 21.598 1449.53
  33 0.325 21.736 1497.55
  34 0.335 21.774 1493.75
  35 0.345 21.798 1557.19
  36 0.355 21.528 1499.79
  37 0.365 21.008 1452.06
  38 0.375 20.212 1482.18
  39 0.385 19.994 1482.64
  40 0.395 20.288 1484.54
  41 0.405 21.394 1507.74
  42 0.415 21.592 1540.71
  43 0.425 21.766 1562.51
  44 0.435 21.9 1587.63
  45 0.445 21.602 1598.25
  46 0.455 21.492 1538.19
  47 0.465 21.286 1558.25
  48 0.475 20.936 1539.45
  49 0.485 20.196 1538.72
  50 0.495 19.962 1509.56
  51 0.505 19.868 1537.41
  52 0.515 20.154 1574.81
  53 0.525 20.836 1548.73
  54 0.535 21.412 1515.8
  55 0.545 21.406 1537.27
  56 0.555 21.726 1543.09
  57 0.565 21.748 1567.56
  58 0.575 21.714 1516.84
  59 0.585 21.582 1457.42
  60 0.595 21.304 1440.68
  61 0.605 20.432 1405.55
  62 0.615 20.172 1387.26
  63 0.625 20.354 1437.5
  64 0.635 20.96 1480.47
  65 0.645 21.45 1398.07
  66 0.655 21.774 1359.05
  67 0.665 21.77 1420.62
  68 0.675 21.666 1523.16
  69 0.685 21.636 1485.47
  70 0.695 21.444 1503.02
  71 0.705 21.368 1498.46
  72 0.715 20.744 1445.99
  73 0.725 20.286 1402.44
  74 0.735 19.766 1418.67
  75 0.745 20.098 1387.73
  76 0.755 20.336 1437.44
  77 0.765 20.872 1400.37
  78 0.775 21.448 1399.59
  79 0.785 21.48 1384.29
  80 0.795 21.644 1372.88
  81 0.805 21.744 1402.23
  82 0.815 21.844 1400.89
  83 0.825 21.854 1388.12
  84 0.835 21.604 1418.08
  85 0.845 21.302 1444.18
  86 0.855 20.464 1472.17
  87 0.865 19.81 1435.12
  88 0.875 20.334 1434.91
  89 0.885 21.034 1462.19
  90 0.895 21.504 1395.14
  91 0.905 21.966 1321.5
  92 0.915 21.802 1321.68
  93 0.925 21.818 1308.09
  94 0.935 21.678 1254.29
  95 0.945 21.562 1238.98
  96 0.955 21.454 1249.4
  97 0.965 21.346 1149.83
  98 0.975 20.718 1194.23
  99 0.985 20.334 1131.6
  100 0.995 19.786 1156.23
160000 100 2112
  1 0.005 19.918 1181.07
  2 0.015 20.448 1139.59
  3 0.025 21.054 1151.48
  4 0.035 21.488 1166.59
  5 0.045 21.444 1210.29
  6 0.055 21.608 1166.87
  7 0.065 21.77 1171.83
  8 0.075 21.746 1173
  9 0.085 21.856 1229.95
  10 0.095 21.824 1271
  11 0.105 21.668 1237.98
  12 0.115 20.836 1291.91
  13 0.125 20.446 1296.63
  14 0.135 19.998 1323.83
  15 0.145 20.636 1392.01
  16 0.155 21.102 1394.32
  17 0.165 21.644 1402.19
  18 0.175 21.686 1337.23
  19 0.185 21.75 1323.43
  20 0.195 21.898 1391.55
  21 0.205 21.55 1363.43
  22 0.215 21.608 1342.63
  23 0.225 21.324 1329.66
  24 0.235 20.772 1357.17
  25 0.245 20.288 1389.64
  26 0.255 19.72 1419.34
  27 0.265 19.966 1445.32
  28 0.275 20.35 1419.09
  29 0.285 21.014 1386.87
  30 0.295 21.334 1364.5
  31 0.305 21.46 1398.35
  32 0.315 21.664 1402.6
  33 0.325 21.686 1457.67
  34 0.335 21.828 1489.1
  35 0.345 21.854 1589.64
  36 0.355 21.506 1573.7
  37 0.365 20.434 1589.92
  38 0.375 20.306 1639.14
  39 0.385 20.086 1558.72
  40 0.395 20.666 1521.44
  41 0.405 21.17 1561.62
  42 0.415 21.872 1470.2
  43 0.425 21.796 1515.52
  44 0.435 21.79 1582.58
  45 0.445 21.68 1585.07
  46 0.455 21.612 1505.99
  47 0.465 21.29 1470.04
  48 0.475 20.864 1498.34
  49 0.485 20.534 1457.25
  50 0.495 19.784 1494.63
  51 0.505 19.814 1517.38
  52 0.515 20.068 1538.6
  53 0.525 20.9 1547.74
  54 0.535 21.274 1556.96
  55 0.545 21.346 1523.24
  56 0.555 21.818 1477.65
  57 0.565 21.704 1494.69
  58 0.575 21.68 1473.03
  59 0.585 21.818 1393.64
  60 0.595 21.43 1407.74
  61 0.605 20.718 1480.95
  62 0.615 20.356 1420.34
  63 0.625 19.996 1403.9
  64 0.635 20.952 1475.19
  65 0.645 21.2 1477.1
  66 0.655 21.602 1485.08
  67 0.665 21.72 1465.53
  68 0.675 21.912 1461.35
  69 0.685 21.532 1533.51
  70 0.695 21.496 1535.49
  71 0.705 21.264 1458.29
  72 0.715 21.064 1509.46
  73 0.725 20.388 1473.86
  74 0.735 19.894 1456.61
  75 0.745 19.806 1491.3
  76 0.755 20.112 1448.73
  77 0.765 20.758 1437.01
  78 0.775 21.318 1474.65
  79 0.785 21.55 1509.41
  80 0.795 21.716 1435.63
  81 0.805 21.682 1406.78
  82 0.815 21.908 1433.9
  83 0.825 21.688 1529.06
  84 0.835 21.552 1453.7
  85 0.845 20.95 1353.77
  86 0.855 20.344 1413.32
  87 0.865 20.072 1441.57
  88 0.875 20.42 1410.12
  89 0.885 21.12 1401.53
  90 0.895 21.796 1330.68
  91 0.905 21.846 1368.06
  92 0.915 21.828 1302.78
  93 0.925 21.672 1346.84
  94 0.935 21.732 1271.69
  95 0.945 21.59 1242.96
  96 0.955 21.528 1205.53
  97 0.965 21.038 1164.79
  98 0.975 20.838 1174.17
  99 0.985 20.35 1122.92
  100 0.995 20.212 1170.93
165000 100 2111.9999999999995
  1 0.005 20.156 1193.2
  2 0.015 20.872 1078.16
  3 0.025 21.372 1054.1
  4 0.035 21.464 1083.81
  5 0.045 21.618 1082.46
  6 0.055 21.768 1065.15
  7 0.065 21.736 1104.55
  8 0.075 21.858 1149.34
  9 0.085 21.81 1142.68
  10 0.095 21.732 1196.59
  11 0.105 21.386 1288.16
  12 0.115 21.156 1298.41
  13 0.125 20.376 1319.88
  14 0.135 20.196 1306.3
  15 0.145 20.654 1325.58
  16 0.155 21.012 1352.53
  17 0.165 21.588 1295.02
  18 0.175 21.818 1296.11
  19 0.185 21.908 1326.47
  20 0.195 21.606 1418.19
  21 0.205 21.734 1415.73
  22 0.215 21.584 1346.73
  23 0.225 21.276 1412.54
  24 0.235 21.046 1395.06
  25 0.245 20.472 1378.05
  26 0.255 19.848 1409.61
  27 0.265 20.02 1374.69
  28 0.275 20.022 1451.76
  29 0.285 20.792 1390.72
  30 0.295 21.376 1401.93
  31 0.305 21.424 1426.69
  32 0.315 21.516 1481.78
  33 0.325 21.858 1542.33
  34 0.335 21.76 1495.13
  35 0.345 21.86 1457.18
  36 0.355 21.578 1505.18
  37 0.365 20.822 1544.38
  38 0.375 20.162 1565.27
  39 0.385 20.122 1558.68
  40 0.395 20.564 1531.13
  41 0.405 20.998 1524.13
  42 0.415 21.722 1539.49
  43 0.425 21.782 1470.27
  44 0.435 21.762 1518.4
  45 0.445 21.748 1558.5
  46 0.455 21.484 1562.6
  47 0.465 21.38 1495.43
  48 0.475 20.95 1479.97
  49 0.485 20.67 1502.87
  50 0.495 19.836 1479.75
  51 0.505 19.554 1532.68
  52 0.515 20.358 1496.02
  53 0.525 20.798 1455.41
  54 0.535 21.21 1499.09
  55 0.545 21.454 1542.59
  56 0.555 21.556 1570.58
  57 0.565 21.738 1516.69
  58 0.575 21.884 1395.89
  59 0.585 21.722 1443.37
  60 0.595 21.498 1442.02
  61 0.605 20.832 1465.02
  62 0.615 20.61 1395.85
  63 0.625 20.202 1473.69
  64 0.635 20.546 1520.87
  65 0.645 20.878 1643.77
  66 0.655 21.654 1566.13
  67 0.665 21.78 1470.9
  68 0.675 21.82 1408.73
  69 0.685 21.576 1477.18
  70 0.695 21.652 1497.07
  71 0.705 21.268 1495.63
  72 0.715 21.066 1505.24
  73 0.725 20.414 1489.85
  74 0.735 19.838 1498.68
  75 0.745 19.794 1497.65
  76 0.755 20.092 1504.77
  77 0.765 20.82 1485.54
  78 0.775 21.21 1505.97
  79 0.785 21.452 1527.88
  80 0.795 21.676 1423.94
  81 0.805 21.696 1446.51
  82 0.815 21.874 1406.35
  83 0.825 21.776 1430.95
  84 0.835 21.57 1425.48
  85 0.845 20.868 1406.25
  86 0.855 20.216 1430.25
  87 0.865 19.876 1428.7
  88 0.875 20.602 1361.88
  89 0.885 21.262 1364.51
  90 0.895 21.758 1351.53
  91 0.905 21.864 1268.43
  92 0.915 21.744 1278.08
  93 0.925 21.858 1331.85
  94 0.935 21.666 1301.83
  95 0.945 21.512 1351.1
  96 0.955 21.312 1366.19
  97 0.965 20.898 1328.71
  98 0.975 20.444 1262.25
  99 0.985 20.066 1289.89
  100 0.995 19.932 1231.44
170000 100 2112.0000000000005
  1 0.005 20.382 1218.02
  2 0.015 20.856 1207.39
  3 0.025 21.306 1214.93
  4 0.035 21.38 1199.28
  5 0.045 21.72 1117.05
  6 0.055 21.712 1161.01
  7 0.065 21.758 1292.4
  8 0.075 21.87 1245.87
  9 0.085 21.828 1175.14
  10 0.095 21.738 1171.26
  11 0.105 21.248 1161.53
  12 0.115 20.58 1216.6
  13 0.125 20.144 1280.13
  14 0.135 20.736 1250.25
  15 0.145 20.776 1284.71
  16 0.155 21.09 1317.67
  17 0.165 21.794 1266.63
  18 0.175 21.842 1240.73
  19 0.185 21.86 1248.75
  20 0.195 21.742 1249.41
  21 0.205 21.726 1308.35
  22 0.215 21.472 1343.85
  23 0.225 21.662 1279.96
  24 0.235 21.108 1221.53
  25 0.245 20.488 1320.17
  26 0.255 19.856 1412.79
  27 0.265 19.642 1412.85
  28 0.275 20.26 1416.33
  29 0.285 20.668 1394.22
  30 0.295 21.162 1404.84
  31 0.305 21.68 1373.72
  32 0.315 21.508 1331.52
  33 0.325 21.666 1333.05
  34 0.335 21.898 1409.26
  35 0.345 21.802 1517.56
  36 0.355 21.844 1498.83
  37 0.365 21.24 1548
  38 0.375 20.338 1523.27
  39 0.385 19.848 1577.63
  40 0.395 20.018 1643.6
  41 0.405 21.212 1619.71
  42 0.415 21.498 1622.69
  43 0.425 21.816 1572.09
  44 0.435 21.8 1520.75
  45 0.445 21.626 1462.04
  46 0.455 21.63 1490.18
  47 0.465 21.428 1554.54
  48 0.475 21.056 1559.23
  49 0.485 20.174 1625.64
  50 0.495 19.858 1581.25
  51 0.505 19.786 1575.77
  52 0.515 20.298 1477.82
  53 0.525 20.698 1441.18
  54 0.535 21.256 1508.6
  55 0.545 21.518 1468.15
  56 0.555 21.628 1488.45
  57 0.565 21.604 1497.09
  58 0.575 21.868 1481.18
  59 0.585 21.8 1586.51
  60 0.595 21.278 1551.92
  61 0.605 20.888 1428.63
  62 0.615 20.348 1450.16
  63 0.625 19.922 1508.46
  64 0.635 20.666 1491.21
  65 0.645 21.302 1503.35
  66 0.655 21.732 1479.6
  67 0.665 21.75 1439.14
  68 0.675 21.792 1487.12
  69 0.685 21.726 1495.91
  70 0.695 21.444 1556.32
  71 0.705 21.398 1560.97
  72 0.715 20.974 1413.78
  73 0.725 20.586 1408.88
  74 0.735 19.842 1451.78
  75 0.745 19.818 1469.5
  76 0.755 20.216 1523.34
  77 0.765 20.634 1506.45
  78 0.775 21.236 1531.8
  79 0.785 21.418 1456.48
  80 0.795 21.732 1366.35
  81 0.805 21.68 1413.55
  82 0.815 21.81 1445.16
  83 0.825 21.782 1446.15
  84 0.835 21.702 1387.97
  85 0.845 20.93 1405.12
  86 0.855 20.204 1373.94
  87 0.865 19.952 1410.27
  88 0.875 20.482 1404.31
  89 0.885 21.246 1434.38
  90 0.895 21.598 1459.28
  91 0.905 21.822 1385.63
  92 0.915 21.964 1437.14
  93 0.925 21.674 1422.61
  94 0.935 21.646 1323.85
  95 0.945 21.55 1333.19
  96 0.955 21.276 1314.57
  97 0.965 20.984 1248.11
  98 0.975 20.378 1235.12
  99 0.985 19.998 1195.43
  100 0.995 19.818 1217.43
175000 100 2112
  1 0.005 20.308 1185.12
  2 0.015 20.65 1202.49
  3 0.025 21.442 1205.52
  4 0.035 21.344 1197.16
  5 0.045 21.634 1197.47
  6 0.055 21.686 1274.83
  7 0.065 21.81 1267.13
  8 0.075 21.788 1208.88
  9 0.085 21.916 1187.09
  10 0.095 21.748 1177.81
  11 0.105 21.396 1251.2
  12 0.115 20.992 1232.11
  13 0.125 19.962 1321.14
  14 0.135 20.208 1268.66
  15 0.145 20.87 1235.73
  16 0.155 21.024 1350.34
  17 0.165 21.848 1286.48
  18 0.175 21.788 1343.64
  19 0.185 21.84 1283.87
  20 0.195 21.724 1314.74
  21 0.205 21.708 1236.54
  22 0.215 21.436 1240.13
  23 0.225 21.65 1227.31
  24 0.235 21 1303.48
  25 0.245 20.672 1183.55
  26 0.255 19.984 1238.85
  27 0.265 19.75 1254.54
  28 0.275 20.234 1305.22
  29 0.285 20.56 1386.38
  30 0.295 21.226 1397.98
  31 0.305 21.386 1424.06
  32 0.315 21.614 1339.2
  33 0.325 21.782 1454.62
  34 0.335 21.756 1529.52
  35 0.345 21.864 1457.95
  36 0.355 21.78 1454.73
  37 0.365 21.05 1458.07
  38 0.375 20.554 1549.78
  39 0.385 20.132 1524.32
  40 0.395 20.332 1557.68
  41 0.405 20.59 1633.88
  42 0.415 21.646 1606.37
  43 0.425 21.806 1625.56
  44 0.435 21.654 1645.84
  45 0.445 21.81 1630.43
  46 0.455 21.596 1601.76
  47 0.465 21.316 1574.75
  48 0.475 20.886 1588.02
  49 0.485 20.588 1512.2
  50 0.495 19.866 1536.81
  51 0.505 19.746 1501.42
  52 0.515 19.97 1528.09
  53 0.525 20.788 1550.21
  54 0.535 21.266 1481.98
  55 0.545 21.44 1528.58
  56 0.555 21.698 1486.08
  57 0.565 21.73 1552.22
  58 0.575 21.846 1525.28
  59 0.585 21.654 1516.27
  60 0.595 21.424 1508.64
  61 0.605 20.892 1583.73
  62 0.615 19.988 1586.77
  63 0.625 20.022 1578.72
  64 0.635 20.76 1589.89
  65 0.645 21.29 1506.47
  66 0.655 21.764 1504.74
  67 0.665 21.848 1506.72
  68 0.675 21.81 1439.49
  69 0.685 21.538 1487.38
  70 0.695 21.43 1477.66
  71 0.705 21.328 1481.42
  72 0.715 20.826 1486.37
  73 0.725 20.068 1453.76
  74 0.735 19.926 1470.58
  75 0.745 19.734 1485.91
  76 0.755 20.384 1373.56
  77 0.765 20.984 1401.74
  78 0.775 21.438 1381.67
  79 0.785 21.622 1350.03
  80 0.795 21.626 1309.25
  81 0.805 21.854 1330.83
  82 0.815 21.798 1343.94
  83 0.825 21.842 1332.34
  84 0.835 21.592 1372.33
  85 0.845 21.174 1427.91
  86 0.855 20.192 1471.54
  87 0.865 20.08 1462.83
  88 0.875 20.472 1478.66
  89 0.885 20.898 1474.55
  90 0.895 21.656 1456.89
  91 0.905 21.94 1361.95
  92 0.915 21.766 1365.86
  93 0.925 21.93 1343.66
  94 0.935 21.42 1343.96
  95 0.945 21.692 1300.73
  96 0.955 21.278 1375.17
  97 0.965 21.098 1313.25
  98 0.975 20.298 1301.41
  99 0.985 20.044 1208.81
  100 0.995 19.93 1225.6
180000 100 2111.9999999999995
  1 0.005 20.088 1242.43
  2 0.015 20.67 1257.77
  3 0.025 21.188 1226.28
  4 0.035 21.296 1151.76
  5 0.045 21.754 1126.99
  6 0.055 21.694 1141.4
  7 0.065 21.658 1126.01
  8 0.075 21.904 1156.62
  9 0.085 21.918 1191.18
  10 0.095 21.852 1214.62
  11 0.105 21.352 1227.82
  12 0.115 20.916 1223.07
  13 0.125 20.29 1232.99
  14 0.135 20.18 1210.84
  15 0.145 20.738 1251.38
  16 0.155 21.104 1271.45
  17 0.165 21.618 1271.57
  18 0.175 21.866 1265.31
  19 0.185 21.844 1296.64
  20 0.195 21.662 1392.57
  21 0.205 21.78 1321.01
  22 0.215 21.548 1343.93
  23 0.225 21.346 1332.26
  24 0.235 21.228 1310.04
  25 0.245 20.648 1177.39
  26 0.255 20.064 1223.17
  27 0.265 19.752 1287.41
  28 0.275 20.112 1320.18
  29 0.285 20.62 1352.45
  30 0.295 21.15 1384.43
  31 0.305 21.424 1494.61
  32 0.315 21.48 1464.42
  33 0.325 21.854 1461.61
  34 0.335 21.704 1437.23
  35 0.345 21.986 1446.8
  36 0.355 21.646 1474.4
  37 0.365 21.224 1513.46
  38 0.375 20.434 1602.87
  39 0.385 19.608 1581.74
  40 0.395 20.184 1617.71
  41 0.405 21.076 1658.56
  42 0.415 21.732 1610.4
  43 0.425 21.752 1546.21
  44 0.435 21.752 1452.23
  45 0.445 21.702 1402.99
  46 0.455 21.678 1475.17
  47 0.465 21.356 1455.27
  48 0.475 21.016 1498.19
  49 0.485 20.324 1599.05
  50 0.495 20.13 1592.46
  51 0.505 19.54 1562.27
  52 0.515 20.22 1582.32
  53 0.525 20.694 1660.53
  54 0.535 21.258 1606.67
  55 0.545 21.402 1615.56
  56 0.555 21.706 1586.24
  57 0.565 21.67 1570.62
  58 0.575 21.858 1480.95
  59 0.585 21.636 1522.26
  60 0.595 21.242 1554.83
  61 0.605 20.74 1511.55
  62 0.615 20.132 1509.42
  63 0.625 20.19 1463.38
  64 0.635 20.89 1423.7
  65 0.645 21.21 1442.66
  66 0.655 21.752 1458.15
  67 0.665 21.864 1462.68
  68 0.675 21.814 1413.24
  69 0.685 21.578 1481.46
  70 0.695 21.468 1421.09
  71 0.705 21.476 1441.75
  72 0.715 20.702 1440.1
  73 0.725 20.26 1526.53
  74 0.735 19.858 1513.56
  75 0.745 19.69 1440.13
  76 0.755 20.228 1535.76
  77 0.765 20.95 1486.8
  78 0.775 21.372 1505.44
  79 0.785 21.582 1470.86
  80 0.795 21.704 1425.52
  81 0.805 21.79 1388.54
  82 0.815 21.85 1390.45
  83 0.825 21.792 1363.54
  84 0.835 21.634 1307.12
  85 0.845 20.84 1376.49
  86 0.855 20.516 1336.68
  87 0.865 19.968 1432.77
  88 0.875 20.324 1347.05
  89 0.885 21.322 1401.68
  90 0.895 21.618 1400.41
  91 0.905 21.784 1415.66
  92 0.915 21.9 1409.53
  93 0.925 21.718 1417.78
  94 0.935 21.724 1395.65
  95 0.945 21.456 1330.64
  96 0.955 21.394 1306.76
  97 0.965 21.204 1321.47
  98 0.975 20.498 1306.52
  99 0.985 20.084 1314.97
  100 0.995 19.996 1282.4
185000 100 2111.9999999999995
  1 0.005 20.13 1203.58
  2 0.015 20.8 1170.29
  3 0.025 21.13 1173.06
  4 0.035 21.558 1144.23
  5 0.045 21.536 1156.21
  6 0.055 21.798 1087.5
  7 0.065 21.822 1124.86
  8 0.075 21.822 1211.45
  9 0.085 21.778 1232.51
  10 0.095 21.848 1213.29
  11 0.105 21.444 1224.82
  12 0.115 21.024 1261.32
  13 0.125 20.518 1271.44
  14 0.135 20.326 1306.48
  15 0.145 20.522 1323.8
  16 0.155 21.038 1324.04
  17 0.165 21.464 1327.92
  18 0.175 21.736 1304.87
  19 0.185 21.75 1367.47
  20 0.195 21.796 1399.47
  21 0.205 21.762 1322.76
  22 0.215 21.432 1333.33
  23 0.225 21.5 1276.13
  24 0.235 20.93 1302.4
  25 0.245 20.366 1340.8
  26 0.255 20.184 1362.74
  27 0.265 19.546 1405.63
  28 0.275 20.386 1338.79
  29 0.285 20.614 1371.3
  30 0.295 21.372 1332.69
  31 0.305 21.526 1369.47
  32 0.315 21.634 1396.43
  33 0.325 21.692 1405.08
  34 0.335 21.742 1391.57
  35 0.345 21.876 1286.14
  36 0.355 21.922 1329.46
  37 0.365 21.158 1401.59
  38 0.375 20.628 1386.38
  39 0.385 20.046 1477.95
  40 0.395 19.798 1557.78
  41 0.405 21.016 1496.35
  42 0.415 21.554 1501.85
  43 0.425 21.766 1536.3
  44 0.435 21.848 1556.61
  45 0.445 21.618 1596.77
  46 0.455 21.632 1532.61
  47 0.465 21.34 1578.49
  48 0.475 21.124 1582.03
  49 0.485 20.448 1555.1
  50 0.495 19.992 1594.74
  51 0.505 19.66 1645.09
  52 0.515 19.974 1632.42
  53 0.525 20.72 1726.29
  54 0.535 20.968 1702.05
  55 0.545 21.654 1599.89
  56 0.555 21.586 1635.29
  57 0.565 21.812 1636.18
  58 0.575 21.678 1528.95
  59 0.585 21.538 1481.51
  60 0.595 21.264 1475.02
  61 0.605 20.502 1493.42
  62 0.615 20.42 1430.27
  63 0.625 20.328 1426.8
  64 0.635 20.788 1470.85
  65 0.645 21.442 1443.9
  66 0.655 21.71 1521.22
  67 0.665 21.82 1520.19
  68 0.675 21.622 1499.8
  69 0.685 21.704 1469.93
  70 0.695 21.628 1430.5
  71 0.705 21.312 1432.97
  72 0.715 21.006 1385.84
  73 0.725 20.358 1532.56
  74 0.735 19.736 1519.03
  75 0.745 19.684 1474.27
  76 0.755 20.478 1417.82
  77 0.765 20.798 1469.08
  78 0.775 21.346 1466.97
  79 0.785 21.534 1476.67
  80 0.795 21.506 1478.53
  81 0.805 21.82 1465.87
  82 0.815 21.762 1528.43
  83 0.825 21.784 1418.85
  84 0.835 21.474 1353.43
  85 0.845 20.966 1341.12
  86 0.855 20.322 1365.58
  87 0.865 19.988 1342.11
  88 0.875 20.634 1362.87
  89 0.885 21.134 1389.03
  90 0.895 21.654 1375.94
  91 0.905 21.918 1314.06
  92 0.915 21.824 1328.29
  93 0.925 21.782 1328.1
  94 0.935 21.642 1354.46
  95 0.945 21.624 1287.66
  96 0.955 21.318 1380.6
  97 0.965 21.142 1390.31
  98 0.975 20.486 1352.79
  99 0.985 19.882 1360.47
  100 0.995 19.976 1263.97
190000 100 2112
  1 0.005 19.832 1319.29
  2 0.015 20.63 1264.45
  3 0.025 21.308 1133.31
  4 0.035 21.458 1208.96
  5 0.045 21.578 1255.58
  6 0.055 21.664 1227.79
  7 0.065 21.808 1199.3
  8 0.075 21.85 1197.26
  9 0.085 21.744 1203.72
  10 0.095 21.876 1160.98
  11 0.105 21.414 1170.17
  12 0.115 20.938 1217.92
  13 0.125 20.434 1207.33
  14 0.135 20.276 1235.84
  15 0.145 20.414 1313.7
  16 0.155 21.224 1336.18
  17 0.165 21.65 1385
  18 0.175 21.672 1383.16
  19 0.185 21.848 1375.32
  20 0.195 21.812 1323.1
  21 0.205 21.75 1290.25
  22 0.215 21.46 1273.18
  23 0.225 21.388 1284.37
  24 0.235 20.926 1342.64
  25 0.245 20.6 1360.34
  26 0.255 20.114 1363.92
  27 0.265 19.918 1467.57
  28 0.275 20.136 1428.32
  29 0.285 20.626 1398.74
  30 0.295 21.146 1373.91
  31 0.305 21.596 1404.84
  32 0.315 21.58 1396.35
  33 0.325 21.652 1438.3
  34 0.335 21.82 1405.11
  35 0.345 21.772 1431.99
  36 0.355 21.632 1364.57
  37 0.365 21.284 1419.07
  38 0.375 20.62 1454.44
  39 0.385 20.346 1389.8
  40 0.395 20.258 1397.95
  41 0.405 20.82 1462.41
  42 0.415 21.236 1443.57
  43 0.425 21.896 1461.62
  44 0.435 21.72 1478.03
  45 0.445 21.768 1482.4
  46 0.455 21.674 1501.43
  47 0.465 21.422 1564.22
  48 0.475 21.242 1634.5
  49 0.485 20.424 1675.64
  50 0.495 19.886 1703.37
  51 0.505 19.684 1679.08
  52 0.515 19.76 1747.13
  53 0.525 20.592 1675.88
  54 0.535 21.342 1707.69
  55 0.545 21.25 1673.9
  56 0.555 21.75 1620.45
  57 0.565 21.68 1580.23
  58 0.575 21.814 1513.66
  59 0.585 21.692 1497.98
  60 0.595 21.224 1440.57
  61 0.605 20.748 1448.15
  62 0.615 20.316 1465.52
  63 0.625 20.252 1488.75
  64 0.635 20.524 1590.51
  65 0.645 21.366 1601.59
  66 0.655 21.774 1649.3
  67 0.665 21.67 1615.89
  68 0.675 21.664 1520.97
  69 0.685 21.526 1450.88
  70 0.695 21.54 1401.69
  71 0.705 21.188 1418.44
  72 0.715 20.804 1356.12
  73 0.725 20.296 1409.33
  74 0.735 19.94 1418.89
  75 0.745 19.94 1437.99
  76 0.755 20.466 1450.44
  77 0.765 20.994 1480.86
  78 0.775 21.25 1517.52
  79 0.785 21.616 1525.05
  80 0.795 21.678 1387.17
  81 0.805 21.806 1397.23
  82 0.815 21.762 1433.74
  83 0.825 21.718 1437.47
  84 0.835 21.378 1438.99
  85 0.845 20.834 1441.17
  86 0.855 20.392 1410.79
  87 0.865 20.272 1385.88
  88 0.875 20.676 1349.29
  89 0.885 20.942 1338.29
  90 0.895 21.848 1316.75
  91 0.905 21.726 1302.47
  92 0.915 21.88 1295.83
  93 0.925 21.68 1291.52
  94 0.935 21.778 1262.46
  95 0.945 21.598 1245.35
  96 0.955 21.384 1239.62
  97 0.965 21.196 1267.01
  98 0.975 20.672 1249.89
  99 0.985 20.134 1320.71
  100 0.995 19.842 1307.84
195000 100 2111.999999999999
  1 0.005 19.896 1273.39
  2 0.015 20.54 1239.11
  3 0.025 20.986 1253.9
  4 0.035 21.42 1237.47
  5 0.045 21.594 1277
  6 0.055 21.656 1229.94
  7 0.065 21.75 1221.29
  8 0.075 21.784 1178.65
  9 0.085 21.846 1222.16
  10 0.095 21.786 1187.32
  11 0.105 21.56 1174.33
  12 0.115 21.206 1196.54
  13 0.125 20.414 1240.43
  14 0.135 20.168 1203.84
  15 0.145 20.46 1284.86
  16 0.155 20.966 1244.57
  17 0.165 21.528 1268.78
  18 0.175 21.848 1221.93
  19 0.185 21.808 1249.84
  20 0.195 21.726 1253.12
  21 0.205 21.774 1288.86
  22 0.215 21.64 1296.13
  23 0.225 21.362 1297.84
  24 0.235 21.234 1352.27
  25 0.245 20.668 1348.94
  26 0.255 20.17 1394.55
  27 0.265 19.964 1401.54
  28 0.275 19.936 1428.89
  29 0.285 20.596 1432.19
  30 0.295 21.02 1390.12
  31 0.305 21.412 1442.72
  32 0.315 21.58 1478.19
  33 0.325 21.578 1500.84
  34 0.335 21.712 1520.72
  35 0.345 21.798 1452.88
  36 0.355 21.592 1454.64
  37 0.365 21.184 1452.72
  38 0.375 20.474 1530.46
  39 0.385 20.302 1531.05
  40 0.395 20.184 1580.13
  41 0.405 21.006 1541.44
  42 0.415 21.414 1590.55
  43 0.425 21.82 1604.18
  44 0.435 21.718 1573.67
  45 0.445 21.64 1486.15
  46 0.455 21.622 1484.3
  47 0.465 21.272 1637.38
  48 0.475 20.76 1660.79
  49 0.485 20.468 1634.26
  50 0.495 19.858 1595.5
  51 0.505 19.82 1563.13
  52 0.515 20.2 1582.53
  53 0.525 20.728 1531.71
  54 0.535 21.288 1649.35
  55 0.545 21.582 1516.95
  56 0.555 21.606 1537.53
  57 0.565 21.696 1553.93
  58 0.575 21.896 1475.17
  59 0.585 21.694 1480.34
  60 0.595 21.204 1501.87
  61 0.605 20.736 1493.32
  62 0.615 20.192 1518.5
  63 0.625 20.198 1503.6
  64 0.635 20.814 1561.62
  65 0.645 21.286 1531.89
  66 0.655 21.74 1496.59
  67 0.665 21.728 1468.47
  68 0.675 21.722 1569.74
  69 0.685 21.564 1571.27
  70 0.695 21.44 1619.23
  71 0.705 21.058 1519.23
  72 0.715 20.58 1550.54
  73 0.725 20.38 1482.28
  74 0.735 19.764 1485.51
  75 0.745 20.078 1391.8
  76 0.755 20.662 1346.78
  77 0.765 21.028 1388.28
  78 0.775 21.342 1366.17
  79 0.785 21.56 1406.24
  80 0.795 21.662 1416.17
  81 0.805 21.704 1361.73
  82 0.815 21.85 1328.41
  83 0.825 21.638 1406.65
  84 0.835 21.298 1485.28
  85 0.845 20.964 1428.29
  86 0.855 20.224 1467.51
  87 0.865 20.118 1406.74
  88 0.875 20.784 1371.57
  89 0.885 21.362 1350.16
  90 0.895 21.648 1356.1
  91 0.905 21.86 1326.11
  92 0.915 21.776 1320.97
  93 0.925 21.75 1237.33
  94 0.935 21.736 1267.71
  95 0.945 21.6 1259
  96 0.955 21.444 1245.87
  97 0.965 21.196 1220.82
  98 0.975 20.74 1297.72
  99 0.985 20.394 1234.69
  100 0.995 19.966 1242.08
200000 100 2111.9999999999995
  1 0.005 20.308 1251.28
  2 0.015 20.728 1213.27
  3 0.025 21.116 1168.1
  4 0.035 21.422 1213.07
  5 0.045 21.52 1299.46
  6 0.055 21.694 1331.54
  7 0.065 21.764 1317.68
  8 0.075 21.75 1250.34
  9 0.085 21.9 1191.35
  10 0.095 21.552 1219.88
  11 0.105 21.524 1216.49
  12 0.115 20.87 1214.54
  13 0.125 20.86 1153.75
  14 0.135 20.258 1151.83
  15 0.145 20.54 1242.63
  16 0.155 21.188 1312.25
  17 0.165 21.318 1347.34
  18 0.175 21.838 1342.01
  19 0.185 21.746 1347.63
  20 0.195 21.754 1252.5
  21 0.205 21.73 1278.18
  22 0.215 21.604 1291.97
  23 0.225 21.3 1361.68
  24 0.235 21.058 1312.89
  25 0.245 20.6 1302.41
  26 0.255 20.44 1276.83
  27 0.265 19.95 1363.99
  28 0.275 20.224 1347.81
  29 0.285 20.596 1418.71
  30 0.295 20.914 1419.37
  31 0.305 21.404 1478.3
  32 0.315 21.504 1504.42
  33 0.325 21.678 1520.45
  34 0.335 21.812 1538.08
  35 0.345 21.642 1513.19
  36 0.355 21.72 1510.71
  37 0.365 20.948 1556.95
  38 0.375 20.208 1581.85
  39 0.385 20.252 1500.09
  40 0.395 20.492 1403.86
  41 0.405 21.082 1483.69
  42 0.415 21.528 1481.24
  43 0.425 21.796 1474.62
  44 0.435 21.802 1461.08
  45 0.445 21.64 1523.51
  46 0.455 21.606 1561.69
  47 0.465 21.344 1606.45
  48 0.475 20.8 1724.11
  49 0.485 20.214 1691.56
  50 0.495 20.092 1612.32
  51 0.505 19.898 1676.79
  52 0.515 20 1746.12
  53 0.525 20.82 1611.8
  54 0.535 21.192 1600.88
  55 0.545 21.488 1522.96
  56 0.555 21.786 1472.7
  57 0.565 21.636 1489.03
  58 0.575 21.878 1495.47
  59 0.585 21.618 1496.77
  60 0.595 21.306 1530.83
  61 0.605 20.582 1570.72
  62 0.615 20.19 1509.48
  63 0.625 20.44 1548.05
  64 0.635 20.742 1525.57
  65 0.645 21.328 1521
  66 0.655 21.544 1532.05
  67 0.665 21.834 1550.27
  68 0.675 21.79 1497.88
  69 0.685 21.424 1507.05
  70 0.695 21.458 1481.5
  71 0.705 21.056 1552.31
  72 0.715 20.844 1495.66
  73 0.725 20.412 1440.95
  74 0.735 20.086 1398.41
  75 0.745 20.302 1395.92
  76 0.755 20.386 1381.61
  77 0.765 20.722 1491.62
  78 0.775 21.082 1477.19
  79 0.785 21.622 1376.66
  80 0.795 21.68 1421.72
  81 0.805 21.698 1338.46
  82 0.815 21.662 1375.22
  83 0.825 21.784 1315.7
  84 0.835 21.55 1391.13
  85 0.845 21.116 1412.93
  86 0.855 20.578 1381.66
  87 0.865 19.86 1344.64
  88 0.875 20.62 1350.86
  89 0.885 20.994 1391.87
  90 0.895 21.668 1400.4
  91 0.905 21.836 1319.28
  92 0.915 21.828 1240.24
  93 0.925 21.722 1139.85
  94 0.935 21.684 1226.61
  95 0.945 21.516 1276.27
  96 0.955 21.244 1312.86
  97 0.965 20.908 1292.39
  98 0.975 20.582 1249.21
  99 0.985 20.214 1242.31
  100 0.995 20.16 1225.5
205000 100 2112
  1 0.005 20.286 1291.4
  2 0.015 20.52 1166.24
  3 0.025 20.972 1169.48
  4 0.035 21.46 1172.52
  5 0.045 21.526 1207.87
  6 0.055 21.72 1200.43
  7 0.065 21.618 1225.45
  8 0.075 21.882 1207.4
  9 0.085 21.758 1154.77
  10 0.095 21.746 1159.5
  11 0.105 21.326 1225.73
  12 0.115 20.764 1232.52
  13 0.125 20.674 1215.8
  14 0.135 20.326 1187.86
  15 0.145 20.73 1199.2
  16 0.155 21.412 1218.02
  17 0.165 21.362 1234.2
  18 0.175 21.58 1314.7
  19 0.185 21.844 1267.84
  20 0.195 21.75 1345.05
  21 0.205 21.602 1387.77
  22 0.215 21.374 1447.41
  23 0.225 21.032 1473.16
  24 0.235 20.996 1452.55
  25 0.245 20.484 1464.86
  26 0.255 20.316 1425.27
  27 0.265 20.306 1481.27
  28 0.275 20.304 1414.05
  29 0.285 20.752 1473.31
  30 0.295 21.046 1477.43
  31 0.305 21.378 1458
  32 0.315 21.602 1506.69
  33 0.325 21.728 1445.15
  34 0.335 21.748 1411.99
  35 0.345 21.834 1476.84
  36 0.355 21.512 1477.89
  37 0.365 21.15 1449.56
  38 0.375 20.48 1500.67
  39 0.385 20.16 1460.75
  40 0.395 20.638 1389.81
  41 0.405 20.798 1460.4
  42 0.415 21.61 1559.68
  43 0.425 21.658 1574.09
  44 0.435 21.66 1585.06
  45 0.445 21.688 1623.47
  46 0.455 21.578 1657.06
  47 0.465 21.292 1610.98
  48 0.475 20.794 1638.75
  49 0.485 20.524 1536.27
  50 0.495 19.962 1655.94
  51 0.505 19.736 1594.04
  52 0.515 20.186 1580.2
  53 0.525 20.81 1570.87
  54 0.535 21.17 1603.74
  55 0.545 21.53 1645.76
  56 0.555 21.66 1598.43
  57 0.565 21.618 1548.17
  58 0.575 21.862 1592.68
  59 0.585 21.65 1555.91
  60 0.595 21.18 1473.71
  61 0.605 20.894 1418.76
  62 0.615 20.134 1515.4
  63 0.625 20.316 1469.51
  64 0.635 20.846 1411.85
  65 0.645 21.352 1457.35
  66 0.655 21.576 1472.34
  67 0.665 21.756 1443.02
  68 0.675 21.758 1409.98
  69 0.685 21.578 1488.1
  70 0.695 21.434 1492.5
  71 0.705 21.176 1493.36
  72 0.715 20.988 1492.99
  73 0.725 20.316 1523.8
  74 0.735 20.336 1530.48
  75 0.745 20.16 1480.36
  76 0.755 20.09 1485.13
  77 0.765 20.806 1409.41
  78 0.775 21.186 1398.2
  79 0.785 21.436 1429.53
  80 0.795 21.586 1413.35
  81 0.805 21.642 1414.58
  82 0.815 21.822 1409.07
  83 0.825 21.66 1379.51
  84 0.835 21.528 1364.46
  85 0.845 21.118 1404.68
  86 0.855 20.456 1400.01
  87 0.865 20.112 1405.98
  88 0.875 20.48 1422.36
  89 0.885 21.03 1399.23
  90 0.895 21.746 1390.55
  91 0.905 21.714 1354.55
  92 0.915 21.884 1308.1
  93 0.925 21.684 1289.51
  94 0.935 21.706 1180.31
  95 0.945 21.54 1176.71
  96 0.955 21.408 1217.44
  97 0.965 21.132 1258.22
  98 0.975 20.604 1252.3
  99 0.985 20.226 1242.2
  100 0.995 20.12 1258.09
210000 100 2112.0000000000005
  1 0.005 20.1 1171.08
  2 0.015 20.562 1127.57
  3 0.025 21.128 1138.19
  4 0.035 21.25 1164.1
  5 0.045 21.818 1133.08
  6 0.055 21.578 1193.75
  7 0.065 21.726 1224.51
  8 0.075 21.836 1222.13
  9 0.085 21.786 1196.43
  10 0.095 21.772 1233
  11 0.105 21.23 1246.73
  12 0.115 20.918 1143.76
  13 0.125 20.612 1154.64
  14 0.135 20.616 1211.98
  15 0.145 20.782 1234.2
  16 0.155 21.022 1317.3
  17 0.165 21.312 1381.65
  18 0.175 21.718 1310.47
  19 0.185 21.752 1350.13
  20 0.195 21.648 1320.11
  21 0.205 21.708 1322.1
  22 0.215 21.314 1273.34
  23 0.225 21.228 1325.48
  24 0.235 20.836 1349.26
  25 0.245 20.674 1339.91
  26 0.255 20.534 1388.83
  27 0.265 20.16 1385.41
  28 0.275 20.134 1483.6
  29 0.285 20.692 1490.03
  30 0.295 21.14 1479.96
  31 0.305 21.308 1472.85
  32 0.315 21.554 1506.26
  33 0.325 21.736 1494.16
  34 0.335 21.862 1447.11
  35 0.345 21.62 1474.86
  36 0.355 21.668 1458.23
  37 0.365 20.91 1548.03
  38 0.375 20.508 1540.89
  39 0.385 20.06 1593.44
  40 0.395 20.398 1534.27
  41 0.405 21.32 1474.18
  42 0.415 21.392 1432.82
  43 0.425 21.768 1461.06
  44 0.435 21.83 1518
  45 0.445 21.682 1486.96
  46 0.455 21.542 1536.06
  47 0.465 21.244 1587.47
  48 0.475 21.01 1632.63
  49 0.485 20.402 1643.22
  50 0.495 20.184 1655.41
  51 0.505 19.718 1605.06
  52 0.515 20.322 1599.64
  53 0.525 20.522 1593.06
  54 0.535 21.076 1584.93
  55 0.545 21.592 1519.91
  56 0.555 21.54 1561.09
  57 0.565 21.746 1541.55
  58 0.575 21.82 1512.33
  59 0.585 21.566 1554.81
  60 0.595 21.15 1538.18
  61 0.605 20.524 1521.8
  62 0.615 20.594 1477.33
  63 0.625 20.262 1421.09
  64 0.635 20.78 1405.38
  65 0.645 21.35 1416.33
  66 0.655 21.686 1470.28
  67 0.665 21.716 1504.8
  68 0.675 21.766 1504.4
  69 0.685 21.53 1521.31
  70 0.695 21.36 1460.77
  71 0.705 21.29 1464.58
  72 0.715 20.82 1493.77
  73 0.725 20.474 1521.57
  74 0.735 20.208 1559.68
  75 0.745 20.228 1493.98
  76 0.755 20.176 1570.47
  77 0.765 20.646 1503.72
  78 0.775 21.208 1428.17
  79 0.785 21.446 1454.3
  80 0.795 21.656 1431.11
  81 0.805 21.796 1416.54
  82 0.815 21.73 1416.64
  83 0.825 21.702 1376.29
  84 0.835 21.568 1340.73
  85 0.845 21.284 1357.72
  86 0.855 20.31 1370.84
  87 0.865 20.362 1385.25
  88 0.875 20.332 1424.57
  89 0.885 21.066 1331.01
  90 0.895 21.574 1379.59
  91 0.905 21.61 1378.29
  92 0.915 21.834 1415.15
  93 0.925 21.866 1329.4
  94 0.935 21.522 1323.22
  95 0.945 21.634 1291.72
  96 0.955 21.456 1249.01
  97 0.965 20.976 1212.87
  98 0.975 20.714 1250.66
  99 0.985 20.32 1258.87
  100 0.995 19.988 1225.89
215000 100 2112
  1 0.005 20.142 1223.06
  2 0.015 20.866 1186.81
  3 0.025 21.08 1220.04
  4 0.035 21.462 1211.35
  5 0.045 21.638 1180.43
  6 0.055 21.626 1182.05
  7 0.065 21.82 1243.77
  8 0.075 21.876 1275.85
  9 0.085 21.856 1181.42
  10 0.095 21.638 1206.68
  11 0.105 21.404 1172
  12 0.115 20.862 1280.14
  13 0.125 20.446 1249.94
  14 0.135 20.536 1298.2
  15 0.145 20.754 1310.01
  16 0.155 21.054 1326.85
  17 0.165 21.408 1268.29
  18 0.175 21.734 1231.09
  19 0.185 21.84 1229.26
  20 0.195 21.776 1209.77
  21 0.205 21.638 1207.91
  22 0.215 21.578 1258.31
  23 0.225 21.19 1361.81
  24 0.235 21.062 1330.62
  25 0.245 20.632 1387.37
  26 0.255 20.342 1388.92
  27 0.265 20.134 1424.55
  28 0.275 20.016 1515.54
  29 0.285 20.57 1566.86
  30 0.295 20.81 1576.46
  31 0.305 21.58 1564.38
  32 0.315 21.524 1520.82
  33 0.325 21.726 1444.43
  34 0.335 21.874 1464.43
  35 0.345 21.694 1505.12
  36 0.355 21.38 1481.07
  37 0.365 20.816 1529.72
  38 0.375 20.366 1530.8
  39 0.385 20.162 1492.91
  40 0.395 20.858 1500.99
  41 0.405 21.016 1543.69
  42 0.415 21.6 1553.08
  43 0.425 21.69 1569.24
  44 0.435 21.77 1537.17
  45 0.445 21.638 1513.41
  46 0.455 21.568 1535.75
  47 0.465 21.198 1569.52
  48 0.475 20.982 1543.16
  49 0.485 20.408 1499.29
  50 0.495 20.128 1472.21
  51 0.505 19.78 1420.94
  52 0.515 20.308 1420.25
  53 0.525 20.852 1415.02
  54 0.535 21.06 1397.59
  55 0.545 21.602 1464.86
  56 0.555 21.67 1494.8
  57 0.565 21.628 1495.49
  58 0.575 21.712 1545.19
  59 0.585 21.938 1496
  60 0.595 21.356 1522.74
  61 0.605 20.718 1503.93
  62 0.615 20.422 1510.4
  63 0.625 20.094 1506.06
  64 0.635 20.718 1545.15
  65 0.645 21.174 1578.97
  66 0.655 21.496 1537.44
  67 0.665 21.762 1626.47
  68 0.675 21.702 1592.79
  69 0.685 21.568 1536.38
  70 0.695 21.5 1512.03
  71 0.705 21.138 1514.15
  72 0.715 20.804 1489.3
  73 0.725 20.492 1546.15
  74 0.735 20.22 1522.77
  75 0.745 20.328 1513.99
  76 0.755 20.122 1462.18
  77 0.765 20.764 1486.26
  78 0.775 21.054 1459.72
  79 0.785 21.49 1403.24
  80 0.795 21.672 1344.07
  81 0.805 21.816 1394.79
  82 0.815 21.598 1441.52
  83 0.825 21.722 1477.69
  84 0.835 21.374 1419.7
  85 0.845 20.822 1423.7
  86 0.855 20.564 1373.61
  87 0.865 20.246 1386.07
  88 0.875 20.8 1365.19
  89 0.885 21.16 1356.99
  90 0.895 21.514 1399.44
  91 0.905 21.64 1428.35
  92 0.915 21.748 1366.25
  93 0.925 21.68 1256.82
  94 0.935 21.732 1232.69
  95 0.945 21.552 1247.83
  96 0.955 21.228 1285.23
  97 0.965 21.042 1229.8
  98 0.975 20.56 1253.49
  99 0.985 20.266 1297.86
  100 0.995 20.024 1228.85
220000 100 2112
  1 0.005 20.44 1182.27
  2 0.015 20.68 1178.8
  3 0.025 21.09 1199.64
  4 0.035 21.366 1272.49
  5 0.045 21.524 1294.59
  6 0.055 21.704 1302.6
  7 0.065 21.822 1332.59
  8 0.075 21.75 1304.33
  9 0.085 21.874 1332.03
  10 0.095 21.722 1220.42
  11 0.105 21.466 1174.84
  12 0.115 20.96 1167.69
  13 0.125 20.36 1223.6
  14 0.135 20.598 1221.75
  15 0.145 20.926 1163.09
  16 0.155 20.91 1154.35
  17 0.165 21.32 1246.5
  18 0.175 21.646 1206.05
  19 0.185 21.842 1273.07
  20 0.195 21.74 1355.43
  21 0.205 21.692 1357.75
  22 0.215 21.442 1355.72
  23 0.225 21.406 1339.56
  24 0.235 20.958 1338.92
  25 0.245 20.742 1371.5
  26 0.255 20.496 1348.68
  27 0.265 20.268 1405.4
  28 0.275 20.25 1496.1
  29 0.285 20.456 1481.74
  30 0.295 20.736 1497.88
  31 0.305 21.088 1520.31
  32 0.315 21.8 1494.37
  33 0.325 21.59 1501.01
  34 0.335 21.65 1517
  35 0.345 21.882 1464.85
  36 0.355 21.216 1526.03
  37 0.365 20.864 1539.06
  38 0.375 20.648 1480.59
  39 0.385 20.184 1512.32
  40 0.395 20.636 1485.23
  41 0.405 21.104 1569.46
  42 0.415 21.462 1471
  43 0.425 21.688 1545.44
  44 0.435 21.686 1563.12
  45 0.445 21.622 1530.54
  46 0.455 21.578 1495.63
  47 0.465 21.198 1567.36
  48 0.475 20.646 1637.82
  49 0.485 20.322 1558.27
  50 0.495 19.966 1533.68
  51 0.505 20.034 1483.91
  52 0.515 20.386 1488.67
  53 0.525 20.746 1449.88
  54 0.535 21.308 1390.14
  55 0.545 21.598 1426.56
  56 0.555 21.524 1480.2
  57 0.565 21.856 1514.57
  58 0.575 21.7 1426.93
  59 0.585 21.934 1426.28
  60 0.595 21.288 1494.75
  61 0.605 21.062 1473.55
  62 0.615 20.104 1513.68
  63 0.625 20.44 1543.69
  64 0.635 20.688 1668.09
  65 0.645 21 1687.86
  66 0.655 21.616 1606.09
  67 0.665 21.604 1595.46
  68 0.675 21.65 1569.64
  69 0.685 21.724 1543.98
  70 0.695 21.192 1566.36
  71 0.705 21.074 1564.53
  72 0.715 20.978 1602.2
  73 0.725 20.398 1454.24
  74 0.735 20.22 1396.6
  75 0.745 20.192 1365.6
  76 0.755 20.336 1409.86
  77 0.765 20.842 1352.73
  78 0.775 21.196 1331.87
  79 0.785 21.376 1361.44
  80 0.795 21.682 1376.26
  81 0.805 21.738 1444.29
  82 0.815 21.808 1440.75
  83 0.825 21.59 1506.14
  84 0.835 21.252 1490.95
  85 0.845 20.522 1431.09
  86 0.855 20.87 1349.62
  87 0.865 20.27 1488.84
  88 0.875 20.79 1458.99
  89 0.885 21.108 1459.85
  90 0.895 21.662 1357.4
  91 0.905 21.54 1303.72
  92 0.915 21.81 1244.59
  93 0.925 21.8 1301.53
  94 0.935 21.606 1240.64
  95 0.945 21.41 1327.69
  96 0.955 21.282 1289.11
  97 0.965 20.91 1227.41
  98 0.975 20.756 1176.1
  99 0.985 20.202 1200.78
  100 0.995 20.31 1095.98
225000 100 2112
  1 0.005 20.184 1159.34
  2 0.015 20.382 1216.02
  3 0.025 21.032 1223.18
  4 0.035 21.258 1258.84
  5 0.045 21.616 1325.39
  6 0.055 21.612 1311.62
  7 0.065 21.824 1328.02
  8 0.075 21.738 1295.07
  9 0.085 21.878 1232.16
  10 0.095 21.7 1266.24
  11 0.105 21.278 1347.63
  12 0.115 20.8 1362.09
  13 0.125 20.218 1388.87
  14 0.135 20.382 1290.92
  15 0.145 20.918 1214.11
  16 0.155 21.226 1220.83
  17 0.165 21.614 1209.69
  18 0.175 21.648 1276
  19 0.185 21.816 1268.67
  20 0.195 21.712 1307.7
  21 0.205 21.718 1273.74
  22 0.215 21.388 1320.32
  23 0.225 21.056 1390.54
  24 0.235 20.99 1348.77
  25 0.245 20.678 1375.17
  26 0.255 20.444 1408.05
  27 0.265 20.106 1404.08
  28 0.275 20.38 1414.5
  29 0.285 20.596 1409.58
  30 0.295 20.974 1502.92
  31 0.305 21.328 1502.35
  32 0.315 21.646 1410.82
  33 0.325 21.76 1443.02
  34 0.335 21.82 1385.27
  35 0.345 21.592 1486.53
  36 0.355 21.454 1530.89
  37 0.365 21.09 1452.81
  38 0.375 20.594 1427.98
  39 0.385 20.336 1436.73
  40 0.395 20.68 1509.48
  41 0.405 20.952 1487.51
  42 0.415 21.442 1485.16
  43 0.425 21.57 1501.41
  44 0.435 21.73 1510.83
  45 0.445 21.724 1491.46
  46 0.455 21.524 1437.29
  47 0.465 21.456 1427.04
  48 0.475 21.146 1401.57
  49 0.485 20.544 1533.94
  50 0.495 20.174 1593.16
  51 0.505 20.15 1551.58
  52 0.515 19.948 1610.2
  53 0.525 20.482 1612.07
  54 0.535 20.9 1592.6
  55 0.545 21.406 1563.73
  56 0.555 21.522 1559.79
  57 0.565 21.784 1561.77
  58 0.575 21.622 1612.94
  59 0.585 21.794 1524.66
  60 0.595 21.34 1541.23
  61 0.605 20.452 1534.34
  62 0.615 20.12 1574.08
  63 0.625 20.506 1554.41
  64 0.635 20.672 1561.88
  65 0.645 21.552 1470.01
  66 0.655 21.502 1490.65
  67 0.665 21.654 1541.68
  68 0.675 21.63 1555.56
  69 0.685 21.664 1460.76
  70 0.695 21.082 1453.66
  71 0.705 20.984 1456.9
  72 0.715 20.568 1489.98
  73 0.725 20.548 1477.18
  74 0.735 20.552 1457.3
  75 0.745 20.244 1475.2
  76 0.755 20.702 1416.07
  77 0.765 20.822 1470.31
  78 0.775 21.042 1520.64
  79 0.785 21.378 1467.53
  80 0.795 21.798 1388.44
  81 0.805 21.696 1440.43
  82 0.815 21.746 1455.9
  83 0.825 21.804 1400.36
  84 0.835 21.534 1312.87
  85 0.845 20.836 1397.61
  86 0.855 20.628 1459.11
  87 0.865 20.368 1383.49
  88 0.875 20.402 1461.44
  89 0.885 21.116 1413.25
  90 0.895 21.442 1339.43
  91 0.905 21.83 1293.26
  92 0.915 21.856 1309.86
  93 0.925 21.566 1293.22
  94 0.935 21.686 1298.7
  95 0.945 21.618 1252.25
  96 0.955 21.286 1180.55
  97 0.965 21.192 1266.82
  98 0.975 20.772 1210.52
  99 0.985 20.472 1215.66
  100 0.995 20.002 1213.45
230000 100 2112
  1 0.005 20.14 1262.79
  2 0.015 20.322 1209.73
  3 0.025 20.932 1255.49
  4 0.035 21.188 1264.64
  5 0.045 21.572 1255.18
  6 0.055 21.67 1258.62
  7 0.065 21.632 1284.96
  8 0.075 21.99 1280.08
  9 0.085 21.822 1277.64
  10 0.095 21.72 1272.4
  11 0.105 21.416 1291.63
  12 0.115 20.7 1283.58
  13 0.125 20.656 1283.11
  14 0.135 20.024 1262.46
  15 0.145 20.724 1275.69
  16 0.155 21.086 1255.27
  17 0.165 21.706 1259.62
  18 0.175 21.778 1319.61
  19 0.185 21.716 1387.85
  20 0.195 21.772 1388.26
  21 0.205 21.614 1402.91
  22 0.215 21.37 1386.76
  23 0.225 21.2 1353.59
  24 0.235 20.896 1359.47
  25 0.245 20.49 1337.56
  26 0.255 20.198 1347.36
  27 0.265 20.114 1405.29
  28 0.275 20.28 1427.52
  29 0.285 20.812 1409.51
  30 0.295 21.206 1430.82
  31 0.305 21.552 1425.3
  32 0.315 21.604 1491.11
  33 0.325 21.548 1501.17
  34 0.335 21.954 1419.43
  35 0.345 21.784 1425.1
  36 0.355 21.448 1522.43
  37 0.365 20.956 1483.63
  38 0.375 20.388 1493.6
  39 0.385 20.288 1597.33
  40 0.395 20.882 1586.52
  41 0.405 21.148 1555.79
  42 0.415 21.238 1490.39
  43 0.425 21.592 1504.63
  44 0.435 21.674 1434.5
  45 0.445 21.718 1506.78
  46 0.455 21.44 1549.09
  47 0.465 21.478 1518.75
  48 0.475 20.904 1508.35
  49 0.485 20.702 1478.32
  50 0.495 20.158 1484.34
  51 0.505 19.754 1497.91
  52 0.515 20.014 1449.3
  53 0.525 20.694 1481.1
  54 0.535 21.058 1536.9
  55 0.545 21.43 1606.45
  56 0.555 21.536 1600.73
  57 0.565 21.806 1593.03
  58 0.575 21.642 1611.66
  59 0.585 21.742 1686.77
  60 0.595 20.754 1621.96
  61 0.605 20.688 1548.88
  62 0.615 20.32 1504.43
  63 0.625 20.44 1505.28
  64 0.635 20.734 1489.55
  65 0.645 21.564 1462.96
  66 0.655 21.68 1414.24
  67 0.665 21.786 1456.08
  68 0.675 21.722 1427.96
  69 0.685 21.41 1529.05
  70 0.695 21.584 1432.29
  71 0.705 20.994 1469.54
  72 0.715 20.866 1424.02
  73 0.725 20.472 1455.38
  74 0.735 20.286 1470.12
  75 0.745 20.092 1516.47
  76 0.755 20.274 1582.61
  77 0.765 20.75 1570.21
  78 0.775 21.174 1483.74
  79 0.785 21.498 1427.96
  80 0.795 21.656 1441.78
  81 0.805 21.856 1387.31
  82 0.815 21.764 1386.55
  83 0.825 21.66 1365.41
  84 0.835 21.584 1302
  85 0.845 20.85 1248.99
  86 0.855 20.382 1293.78
  87 0.865 20.436 1307.02
  88 0.875 20.75 1321.27
  89 0.885 21.142 1307.95
  90 0.895 21.514 1331.06
  91 0.905 21.704 1361.53
  92 0.915 21.714 1339.87
  93 0.925 21.666 1326.49
  94 0.935 21.726 1229.13
  95 0.945 21.656 1166.84
  96 0.955 21.382 1228.84
  97 0.965 21.16 1246.49
  98 0.975 20.704 1289.01
  99 0.985 20.652 1283.15
  100 0.995 20.076 1296.16
235000 100 2112
  1 0.005 20.002 1195.92
  2 0.015 20.55 1138.34
  3 0.025 21.018 1187.76
  4 0.035 21.166 1293.25
  5 0.045 21.704 1258.45
  6 0.055 21.566 1213.66
  7 0.065 21.768 1254.39
  8 0.075 21.734 1296.81
  9 0.085 21.944 1338.03
  10 0.095 21.808 1291.59
  11 0.105 21.422 1269.84
  12 0.115 21.186 1306.66
  13 0.125 20.372 1297.79
  14 0.135 20.454 1319.4
  15 0.145 20.322 1404.4
  16 0.155 20.95 1416.03
  17 0.165 21.484 1460.54
  18 0.175 21.842 1387.94
  19 0.185 21.726 1444.76
  20 0.195 21.754 1381.54
  21 0.205 21.802 1305.53
  22 0.215 21.384 1328.46
  23 0.225 21.26 1381.99
  24 0.235 20.968 1362.49
  25 0.245 20.498 1396.02
  26 0.255 20.392 1389.39
  27 0.265 20.024 1396.66
  28 0.275 20.118 1451.66
  29 0.285 20.68 1404.19
  30 0.295 21.018 1430.94
  31 0.305 21.488 1375.19
  32 0.315 21.632 1460.39
  33 0.325 21.612 1517.03
  34 0.335 21.912 1484.2
  35 0.345 21.684 1526.3
  36 0.355 21.412 1537.8
  37 0.365 20.92 1512.73
  38 0.375 20.106 1563.46
  39 0.385 20.318 1583.09
  40 0.395 20.646 1566.6
  41 0.405 21.188 1489.79
  42 0.415 21.668 1541.25
  43 0.425 21.606 1525.16
  44 0.435 21.758 1504.58
  45 0.445 21.59 1502.13
  46 0.455 21.55 1515.9
  47 0.465 21.212 1447.99
  48 0.475 21.022 1457.41
  49 0.485 20.316 1481.57
  50 0.495 19.736 1602.04
  51 0.505 20.06 1599.6
  52 0.515 20.154 1496.42
  53 0.525 20.936 1459.83
  54 0.535 21.256 1536.2
  55 0.545 21.626 1513.32
  56 0.555 21.536 1513.02
  57 0.565 21.802 1582.59
  58 0.575 21.704 1618.92
  59 0.585 21.704 1632.24
  60 0.595 21.312 1615.87
  61 0.605 20.664 1541.04
  62 0.615 20.482 1406.74
  63 0.625 20.114 1479.86
  64 0.635 20.788 1440.41
  65 0.645 21.164 1418.24
  66 0.655 21.658 1450.27
  67 0.665 21.814 1440.23
  68 0.675 21.798 1473.96
  69 0.685 21.628 1513.96
  70 0.695 21.562 1469.39
  71 0.705 21.074 1502.33
  72 0.715 20.548 1550.1
  73 0.725 20.458 1520.23
  74 0.735 19.962 1559.8
  75 0.745 20.174 1522.04
  76 0.755 20.376 1549.76
  77 0.765 20.608 1541.54
  78 0.775 21.454 1457.18
  79 0.785 21.314 1479.63
  80 0.795 21.752 1426.65
  81 0.805 21.776 1466.77
  82 0.815 21.784 1475.92
  83 0.825 21.716 1425.46
  84 0.835 21.546 1328.82
  85 0.845 20.798 1303.93
  86 0.855 20.396 1277.35
  87 0.865 20.208 1258.94
  88 0.875 20.808 1256.32
  89 0.885 21.172 1195.84
  90 0.895 21.682 1179.36
  91 0.905 21.766 1154.08
  92 0.915 21.742 1182.49
  93 0.925 21.75 1214.42
  94 0.935 21.788 1215.75
  95 0.945 21.492 1241.97
  96 0.955 21.352 1309.03
  97 0.965 21.354 1258.39
  98 0.975 20.708 1240.4
  99 0.985 20.348 1237.99
  100 0.995 20.04 1174.39
240000 100 2112.0000000000005
  1 0.005 19.818 1338.01
  2 0.015 20.41 1258.1
  3 0.025 20.86 1330.82
  4 0.035 21.346 1331.93
  5 0.045 21.382 1322.5
  6 0.055 21.742 1339.46
  7 0.065 21.74 1282.94
  8 0.075 21.786 1361.05
  9 0.085 21.82 1363.68
  10 0.095 21.79 1334.74
  11 0.105 21.474 1329.1
  12 0.115 20.892 1280.04
  13 0.125 20.118 1368.11
  14 0.135 20.124 1274.79
  15 0.145 20.648 1290.71
  16 0.155 21.23 1264.73
  17 0.165 21.762 1285.68
  18 0.175 21.844 1370.18
  19 0.185 21.852 1328.46
  20 0.195 21.766 1350.28
  21 0.205 21.57 1381.63
  22 0.215 21.594 1355.56
  23 0.225 21.268 1356.98
  24 0.235 20.95 1405.45
  25 0.245 20.18 1363.89
  26 0.255 20.024 1411.7
  27 0.265 20.07 1361.57
  28 0.275 20.394 1334
  29 0.285 20.766 1351.91
  30 0.295 21.174 1431.14
  31 0.305 21.392 1472.68
  32 0.315 21.72 1532.02
  33 0.325 21.78 1530.73
  34 0.335 21.682 1539.8
  35 0.345 21.584 1553.17
  36 0.355 21.31 1564.29
  37 0.365 20.746 1556.29
  38 0.375 20.338 1611.58
  39 0.385 20.228 1567.15
  40 0.395 20.882 1604.45
  41 0.405 21.248 1613.7
  42 0.415 21.528 1666.42
  43 0.425 21.814 1581.45
  44 0.435 21.776 1553.53
  45 0.445 21.536 1495.82
  46 0.455 21.678 1482.39
  47 0.465 21.202 1454.08
  48 0.475 20.808 1458.72
  49 0.485 20.286 1511.21
  50 0.495 19.79 1512.38
  51 0.505 19.748 1503.39
  52 0.515 20.428 1540.93
  53 0.525 20.964 1535.56
  54 0.535 21.296 1516.73
  55 0.545 21.478 1537.82
  56 0.555 21.848 1506.46
  57 0.565 21.558 1513.77
  58 0.575 21.876 1481.16
  59 0.585 21.876 1518.5
  60 0.595 21.246 1484.76
  61 0.605 20.696 1471.65
  62 0.615 20.272 1374.91
  63 0.625 19.962 1434.49
  64 0.635 20.8 1474.22
  65 0.645 21.354 1448.85
  66 0.655 21.73 1515.34
  67 0.665 21.866 1440.62
  68 0.675 21.818 1497.53
  69 0.685 21.466 1557.28
  70 0.695 21.62 1548.64
  71 0.705 21.264 1457.73
  72 0.715 21.06 1431.56
  73 0.725 20.314 1507.2
  74 0.735 20.174 1482.13
  75 0.745 19.71 1525.24
  76 0.755 20.166 1472.44
  77 0.765 20.928 1452.68
  78 0.775 21.092 1450.18
  79 0.785 21.486 1499.36
  80 0.795 21.676 1490.16
  81 0.805 21.62 1488.17
  82 0.815 21.75 1459.12
  83 0.825 21.842 1369.04
  84 0.835 21.522 1295.12
  85 0.845 20.912 1311.02
  86 0.855 20.462 1258.1
  87 0.865 20.236 1267.45
  88 0.875 20.652 1236.43
  89 0.885 21.03 1169.29
  90 0.895 21.602 1150.13
  91 0.905 21.838 1176.78
  92 0.915 21.728 1258.1
  93 0.925 21.868 1253.57
  94 0.935 21.68 1233.66
  95 0.945 21.62 1252.64
  96 0.955 21.628 1190.89
  97 0.965 21.352 1241.39
  98 0.975 21.03 1205.94
  99 0.985 20.316 1266.72
  100 0.995 19.818 1293.87
245000 100 2111.9999999999995
  1 0.005 19.908 1239.36
  2 0.015 20.216 1220.68
  3 0.025 20.784 1272.05
  4 0.035 21.212 1271.67
  5 0.045 21.404 1310.62
  6 0.055 21.646 1340.82
  7 0.065 21.686 1285.03
  8 0.075 21.7 1341.46
  9 0.085 21.884 1253.62
  10 0.095 21.76 1231.26
  11 0.105 21.642 1287.13
  12 0.115 20.93 1331.28
  13 0.125 20.326 1364.11
  14 0.135 20.242 1320.1
  15 0.145 20.526 1314.68
  16 0.155 21.026 1295.88
  17 0.165 21.506 1352.19
  18 0.175 21.86 1336.06
  19 0.185 21.834 1321.87
  20 0.195 21.724 1381.34
  21 0.205 21.64 1427.18
  22 0.215 21.578 1462.71
  23 0.225 20.808 1559.11
  24 0.235 20.92 1526.34
  25 0.245 19.912 1456.92
  26 0.255 19.916 1430.48
  27 0.265 20.166 1443.66
  28 0.275 20.476 1431.1
  29 0.285 20.994 1394.24
  30 0.295 21.474 1410.71
  31 0.305 21.44 1431.1
  32 0.315 21.692 1431.99
  33 0.325 21.8 1388.67
  34 0.335 21.766 1406.32
  35 0.345 21.642 1468.66
  36 0.355 21.36 1515.58
  37 0.365 20.716 1507.22
  38 0.375 20.404 1485.28
  39 0.385 20.532 1484.59
  40 0.395 20.572 1499.14
  41 0.405 21.316 1526.4
  42 0.415 21.512 1529.52
  43 0.425 21.632 1554.76
  44 0.435 21.858 1561.72
  45 0.445 21.516 1650.1
  46 0.455 21.572 1699.64
  47 0.465 21.092 1569.51
  48 0.475 20.71 1579.8
  49 0.485 20.38 1517.71
  50 0.495 19.816 1447.05
  51 0.505 19.788 1491.45
  52 0.515 20.514 1471.28
  53 0.525 20.902 1456.6
  54 0.535 21.58 1408.02
  55 0.545 21.384 1458.43
  56 0.555 21.744 1447.71
  57 0.565 21.704 1575.37
  58 0.575 21.834 1577.49
  59 0.585 21.634 1560.18
  60 0.595 21.188 1621.42
  61 0.605 20.634 1594.09
  62 0.615 20.234 1544.39
  63 0.625 20.166 1543.64
  64 0.635 20.802 1505.75
  65 0.645 21.388 1430.84
  66 0.655 21.834 1397.79
  67 0.665 21.71 1435.12
  68 0.675 21.882 1457.35
  69 0.685 21.566 1487.66
  70 0.695 21.584 1475.79
  71 0.705 21.372 1498.83
  72 0.715 20.906 1513.39
  73 0.725 20.088 1470.57
  74 0.735 19.828 1522.91
  75 0.745 19.948 1478.88
  76 0.755 20.296 1439.28
  77 0.765 20.914 1508.05
  78 0.775 21.298 1468.3
  79 0.785 21.356 1512.9
  80 0.795 21.83 1491.49
  81 0.805 21.74 1423.44
  82 0.815 21.748 1289.62
  83 0.825 21.68 1329.93
  84 0.835 21.43 1364.76
  85 0.845 21.074 1352.63
  86 0.855 20.862 1298.02
  87 0.865 20.41 1340.34
  88 0.875 20.45 1340.32
  89 0.885 20.924 1238.17
  90 0.895 21.492 1217
  91 0.905 21.722 1270.81
  92 0.915 21.816 1254.56
  93 0.925 21.702 1198.47
  94 0.935 21.726 1208.39
  95 0.945 21.658 1189.74
  96 0.955 21.54 1156.06
  97 0.965 21.354 1220.49
  98 0.975 20.972 1201.04
  99 0.985 20.642 1246.84
  100 0.995 20.122 1200.28
250000 100 2112
  1 0.005 19.932 1209.6
  2 0.015 20.012 1228.36
  3 0.025 20.792 1231.33
  4 0.035 21.206 1313.09
  5 0.045 21.472 1324.99
  6 0.055 21.532 1284.16
  7 0.065 21.812 1273.49
  8 0.075 21.808 1322.17
  9 0.085 21.874 1336.78
  10 0.095 21.75 1384.56
  11 0.105 21.498 1302.56
  12 0.115 21.126 1247.21
  13 0.125 20.408 1310.98
  14 0.135 19.984 1360.76
  15 0.145 20.418 1371.09
  16 0.155 21.084 1367.25
  17 0.165 21.592 1449.5
  18 0.175 21.9 1436.88
  19 0.185 21.828 1421.67
  20 0.195 21.842 1374.49
  21 0.205 21.492 1371.28
  22 0.215 21.582 1419.95
  23 0.225 21.13 1458.64
  24 0.235 20.908 1431.54
  25 0.245 20.322 1411.56
  26 0.255 19.912 1348.81
  27 0.265 19.808 1352.09
  28 0.275 20.498 1369.9
  29 0.285 20.768 1377.1
  30 0.295 21.312 1490.08
  31 0.305 21.614 1439.14
  32 0.315 21.678 1491.94
  33 0.325 21.664 1485.94
  34 0.335 21.816 1443.57
  35 0.345 21.63 1513.96
  36 0.355 21.472 1526.61
  37 0.365 20.688 1470.18
  38 0.375 20.618 1510.67
  39 0.385 20.446 1453.03
  40 0.395 20.576 1440.18
  41 0.405 21.066 1471.41
  42 0.415 21.51 1565.21
  43 0.425 21.766 1524.58
  44 0.435 21.804 1562.28
  45 0.445 21.53 1617.72
  46 0.455 21.572 1479.71
  47 0.465 21.286 1522.93
  48 0.475 21 1518.29
  49 0.485 20.326 1513.54
  50 0.495 19.824 1630.71
  51 0.505 19.938 1552.56
  52 0.515 20.178 1597.91
  53 0.525 20.93 1607.69
  54 0.535 21.024 1610.36
  55 0.545 21.566 1560.86
  56 0.555 21.612 1510.55
  57 0.565 21.792 1447.82
  58 0.575 21.804 1436.64
  59 0.585 21.742 1363.03
  60 0.595 21.394 1426.04
  61 0.605 20.576 1521.05
  62 0.615 19.996 1520.24
  63 0.625 20.188 1565.53
  64 0.635 20.812 1530.33
  65 0.645 21.37 1545.76
  66 0.655 21.772 1547.37
  67 0.665 21.752 1629.18
  68 0.675 21.76 1623.74
  69 0.685 21.686 1516.17
  70 0.695 21.504 1530.25
  71 0.705 21.11 1520.24
  72 0.715 20.798 1495.7
  73 0.725 20.174 1454.91
  74 0.735 19.808 1494.02
  75 0.745 20.104 1475.24
  76 0.755 20.404 1418.49
  77 0.765 21.062 1423.73
  78 0.775 21.272 1388.57
  79 0.785 21.568 1352.35
  80 0.795 21.668 1440.33
  81 0.805 21.754 1367.1
  82 0.815 21.77 1418.42
  83 0.825 21.62 1427.68
  84 0.835 21.488 1394.31
  85 0.845 21.126 1313.89
  86 0.855 20.624 1321.08
  87 0.865 20.426 1288.72
  88 0.875 20.506 1277.78
  89 0.885 21.048 1258.42
  90 0.895 21.336 1289.96
  91 0.905 21.784 1281.95
  92 0.915 21.788 1217.41
  93 0.925 21.75 1162.17
  94 0.935 21.846 1147.47
  95 0.945 21.684 1131.73
  96 0.955 21.502 1181.75
  97 0.965 21.29 1189.44
  98 0.975 21.208 1222.82
  99 0.985 20.502 1200.3
  100 0.995 20.096 1233.42
255000 100 2112
  1 0.005 20.112 1182.83
  2 0.015 20.462 1226.66
  3 0.025 20.876 1179.04
  4 0.035 21.286 1240.98
  5 0.045 21.488 1257.97
  6 0.055 21.466 1350.22
  7 0.065 21.762 1373.62
  8 0.075 21.798 1423.91
  9 0.085 21.852 1389.56
  10 0.095 21.924 1358.41
  11 0.105 21.43 1372.48
  12 0.115 20.638 1448.51
  13 0.125 20.116 1405.22
  14 0.135 20.112 1328.01
  15 0.145 20.558 1369.43
  16 0.155 21.454 1376.59
  17 0.165 21.762 1450.44
  18 0.175 21.836 1335.45
  19 0.185 21.832 1407.52
  20 0.195 21.578 1422.95
  21 0.205 21.73 1359.7
  22 0.215 21.55 1357.96
  23 0.225 21.32 1329.95
  24 0.235 20.9 1411.75
  25 0.245 20.308 1362.54
  26 0.255 20.11 1338.9
  27 0.265 19.868 1363.26
  28 0.275 20.36 1390.59
  29 0.285 20.842 1449.25
  30 0.295 21.274 1404.05
  31 0.305 21.484 1356.3
  32 0.315 21.614 1368.15
  33 0.325 21.756 1396.44
  34 0.335 21.822 1413.02
  35 0.345 21.658 1505.15
  36 0.355 21.482 1460.97
  37 0.365 20.914 1492.66
  38 0.375 20.764 1492.3
  39 0.385 20.322 1507.99
  40 0.395 20.44 1518.68
  41 0.405 20.926 1525.66
  42 0.415 21.388 1587.54
  43 0.425 21.69 1524.57
  44 0.435 21.784 1541.16
  45 0.445 21.73 1526.43
  46 0.455 21.51 1514.88
  47 0.465 21.278 1476.68
  48 0.475 21.08 1524.27
  49 0.485 20.41 1534.56
  50 0.495 19.878 1641.81
  51 0.505 19.68 1617.23
  52 0.515 20.248 1537.2
  53 0.525 20.748 1576.78
  54 0.535 21.24 1620.11
  55 0.545 21.428 1666.25
  56 0.555 21.726 1632.97
  57 0.565 21.66 1625.27
  58 0.575 21.898 1546.43
  59 0.585 21.604 1464.18
  60 0.595 21.504 1446.48
  61 0.605 20.66 1425.72
  62 0.615 20.088 1483.96
  63 0.625 20.056 1505.24
  64 0.635 20.832 1504.53
  65 0.645 21.244 1589.56
  66 0.655 21.824 1559.93
  67 0.665 21.848 1500.94
  68 0.675 21.75 1539.94
  69 0.685 21.66 1453.13
  70 0.695 21.428 1489.09
  71 0.705 21.34 1476.15
  72 0.715 20.836 1409.58
  73 0.725 20.316 1390.44
  74 0.735 19.72 1383.27
  75 0.745 20.026 1456.49
  76 0.755 20.428 1482.06
  77 0.765 20.782 1413.83
  78 0.775 21.298 1435.4
  79 0.785 21.5 1366.27
  80 0.795 21.66 1332.62
  81 0.805 21.866 1334.52
  82 0.815 21.706 1389.35
  83 0.825 21.786 1412.31
  84 0.835 21.27 1387.49
  85 0.845 21.164 1370.56
  86 0.855 20.304 1356.52
  87 0.865 20.47 1335.13
  88 0.875 20.638 1269.93
  89 0.885 21.25 1310.85
  90 0.895 21.344 1346.92
  91 0.905 21.704 1301.53
  92 0.915 21.732 1342.38
  93 0.925 21.75 1345.47
  94 0.935 21.664 1328.27
  95 0.945 21.648 1219.15
  96 0.955 21.412 1223.43
  97 0.965 21.072 1147.42
  98 0.975 20.96 1113.43
  99 0.985 20.556 1119.46
  100 0.995 20.138 1129.65
260000 100 2112
  1 0.005 20.306 1201.76
  2 0.015 20.312 1214.59
  3 0.025 20.876 1266.61
  4 0.035 21.176 1289.38
  5 0.045 21.548 1262.35
  6 0.055 21.676 1281.87
  7 0.065 21.576 1291.77
  8 0.075 21.98 1252.14
  9 0.085 21.754 1291.54
  10 0.095 21.974 1307.19
  11 0.105 21.254 1440.69
  12 0.115 20.922 1436.97
  13 0.125 20.626 1405.61
  14 0.135 19.724 1389.57
  15 0.145 20.618 1390.17
  16 0.155 21.182 1402.07
  17 0.165 21.724 1337.86
  18 0.175 21.86 1378.12
  19 0.185 21.804 1424.22
  20 0.195 21.704 1465.2
  21 0.205 21.562 1446.06
  22 0.215 21.58 1454.01
  23 0.225 21.164 1392.8
  24 0.235 20.864 1309.11
  25 0.245 20.432 1343.14
  26 0.255 19.964 1353.86
  27 0.265 20.334 1343.4
  28 0.275 20.34 1393.57
  29 0.285 20.714 1430.65
  30 0.295 21.19 1381.79
  31 0.305 21.406 1406.57
  32 0.315 21.662 1437.18
  33 0.325 21.774 1443.48
  34 0.335 21.732 1447.71
  35 0.345 21.544 1489.02
  36 0.355 21.308 1491.08
  37 0.365 21.02 1522.95
  38 0.375 20.574 1526
  39 0.385 20.562 1545.14
  40 0.395 20.64 1532.59
  41 0.405 20.918 1514.66
  42 0.415 21.392 1531.98
  43 0.425 21.684 1504.91
  44 0.435 21.752 1478.33
  45 0.445 21.678 1534.06
  46 0.455 21.436 1624.04
  47 0.465 21.204 1560.83
  48 0.475 20.904 1624.16
  49 0.485 20.694 1572.04
  50 0.495 20.17 1538.85
  51 0.505 19.996 1608.52
  52 0.515 20.11 1584.2
  53 0.525 20.526 1497.14
  54 0.535 21.27 1381.66
  55 0.545 21.378 1451.13
  56 0.555 21.68 1498.21
  57 0.565 21.678 1495.35
  58 0.575 21.808 1544.34
  59 0.585 21.644 1591.65
  60 0.595 21.384 1590.13
  61 0.605 20.81 1599.07
  62 0.615 19.776 1648.18
  63 0.625 20.204 1555.83
  64 0.635 20.89 1525.71
  65 0.645 21.32 1517
  66 0.655 21.794 1405.59
  67 0.665 21.816 1363.85
  68 0.675 21.762 1462.17
  69 0.685 21.59 1536.12
  70 0.695 21.468 1518.58
  71 0.705 21.186 1435.21
  72 0.715 20.818 1461.16
  73 0.725 20.264 1421.11
  74 0.735 19.888 1411.26
  75 0.745 20 1356.89
  76 0.755 20.504 1357.76
  77 0.765 21.038 1342.06
  78 0.775 21.264 1370.22
  79 0.785 21.348 1431.3
  80 0.795 21.73 1393.34
  81 0.805 21.682 1375.29
  82 0.815 21.874 1332.33
  83 0.825 21.612 1350.79
  84 0.835 21.408 1319.85
  85 0.845 20.696 1310.64
  86 0.855 20.748 1316.07
  87 0.865 20.672 1368.96
  88 0.875 20.546 1400.3
  89 0.885 21.198 1381.82
  90 0.895 21.222 1298.34
  91 0.905 21.636 1261.02
  92 0.915 21.776 1228.07
  93 0.925 21.814 1283.97
  94 0.935 21.628 1316.05
  95 0.945 21.596 1278.18
  96 0.955 21.266 1259.57
  97 0.965 21.01 1264.49
  98 0.975 20.732 1260.38
  99 0.985 20.64 1250.94
  100 0.995 20.506 1253.05
265000 100 2112.0000000000005
  1 0.005 20.382 1215.8
  2 0.015 20.152 1237.45
  3 0.025 20.542 1225.92
  4 0.035 21.236 1195.88
  5 0.045 21.382 1249.92
  6 0.055 21.596 1291.05
  7 0.065 21.686 1336.69
  8 0.075 21.844 1359.11
  9 0.085 21.73 1358.97
  10 0.095 21.766 1382.48
  11 0.105 21.504 1368.23
  12 0.115 20.802 1382.86
  13 0.125 20.318 1367.18
  14 0.135 20.22 1380.29
  15 0.145 20.504 1462.82
  16 0.155 21.412 1439.15
  17 0.165 21.478 1431.74
  18 0.175 21.774 1357.27
  19 0.185 21.74 1371.28
  20 0.195 21.858 1289.61
  21 0.205 21.552 1359.37
  22 0.215 21.574 1352.48
  23 0.225 21.174 1428.35
  24 0.235 20.774 1379.38
  25 0.245 20.202 1385.98
  26 0.255 19.988 1439.83
  27 0.265 20.244 1432.2
  28 0.275 20.386 1460.89
  29 0.285 20.94 1417.69
  30 0.295 21.24 1461.66
  31 0.305 21.496 1460.45
  32 0.315 21.674 1407.86
  33 0.325 21.76 1507.32
  34 0.335 21.674 1536.8
  35 0.345 21.438 1524.34
  36 0.355 21.054 1479.26
  37 0.365 21.19 1431.64
  38 0.375 20.888 1496.56
  39 0.385 20.718 1453.33
  40 0.395 20.904 1524.95
  41 0.405 20.792 1603.88
  42 0.415 21.174 1572.65
  43 0.425 21.524 1572.45
  44 0.435 21.512 1575.58
  45 0.445 21.842 1506.02
  46 0.455 21.338 1567.14
  47 0.465 20.958 1596.99
  48 0.475 20.914 1520.86
  49 0.485 20.616 1504.98
  50 0.495 20.292 1573.69
  51 0.505 19.746 1582.79
  52 0.515 20.374 1567.58
  53 0.525 20.706 1456.2
  54 0.535 21.208 1434.87
  55 0.545 21.672 1545.16
  56 0.555 21.53 1534.74
  57 0.565 21.788 1541.11
  58 0.575 21.778 1528.25
  59 0.585 21.608 1481.38
  60 0.595 21.406 1385.98
  61 0.605 20.518 1419.03
  62 0.615 20.238 1465.88
  63 0.625 20.08 1482.79
  64 0.635 20.822 1494.69
  65 0.645 21.41 1518.6
  66 0.655 21.798 1421.39
  67 0.665 21.85 1360.99
  68 0.675 21.684 1385.69
  69 0.685 21.75 1431.09
  70 0.695 21.434 1484.14
  71 0.705 21.254 1427.01
  72 0.715 20.946 1367.82
  73 0.725 20.318 1338.21
  74 0.735 20.052 1418.6
  75 0.745 20.118 1431.07
  76 0.755 20.374 1414.63
  77 0.765 20.83 1389.94
  78 0.775 21.142 1419.49
  79 0.785 21.326 1465.11
  80 0.795 21.656 1438.63
  81 0.805 21.722 1450.84
  82 0.815 21.654 1470.69
  83 0.825 21.616 1471.39
  84 0.835 21.232 1452.99
  85 0.845 20.984 1439.32
  86 0.855 20.7 1408.72
  87 0.865 20.66 1440.16
  88 0.875 20.944 1392.52
  89 0.885 20.878 1383.88
  90 0.895 21.484 1252.98
  91 0.905 21.434 1306.57
  92 0.915 21.74 1279.74
  93 0.925 21.714 1214.81
  94 0.935 21.662 1216.49
  95 0.945 21.636 1187.95
  96 0.955 21.226 1219.45
  97 0.965 21.194 1251.27
  98 0.975 21.128 1252.47
  99 0.985 20.686 1261.6
  100 0.995 20.532 1263.71
270000 100 2112.0000000000005
  1 0.005 20.178 1265.89
  2 0.015 20.226 1194.32
  3 0.025 20.524 1231.4
  4 0.035 21.138 1284.3
  5 0.045 21.548 1255.6
  6 0.055 21.418 1279.12
  7 0.065 21.854 1206
  8 0.075 21.744 1314.58
  9 0.085 21.898 1305.99
  10 0.095 21.74 1383.74
  11 0.105 21.556 1421.07
  12 0.115 20.792 1448.92
  13 0.125 20.444 1435.55
  14 0.135 20.016 1502.75
  15 0.145 20.242 1440.2
  16 0.155 21.338 1440.5
  17 0.165 21.81 1418.21
  18 0.175 21.81 1450.28
  19 0.185 21.74 1405.62
  20 0.195 21.748 1360.22
  21 0.205 21.64 1400.07
  22 0.215 21.43 1439.56
  23 0.225 21.086 1418.44
  24 0.235 20.562 1487.44
  25 0.245 19.982 1425.89
  26 0.255 20.058 1404.44
  27 0.265 20.3 1347.47
  28 0.275 20.546 1323.97
  29 0.285 20.982 1391.27
  30 0.295 21.344 1395.95
  31 0.305 21.548 1501.68
  32 0.315 21.798 1500.74
  33 0.325 21.698 1481.16
  34 0.335 21.492 1517.9
  35 0.345 21.642 1424.64
  36 0.355 21.08 1484.67
  37 0.365 20.714 1444.56
  38 0.375 20.968 1482.02
  39 0.385 20.77 1500.13
  40 0.395 20.924 1499.55
  41 0.405 20.992 1423.1
  42 0.415 21.196 1511.71
  43 0.425 21.744 1428.41
  44 0.435 21.542 1521.2
  45 0.445 21.552 1531.24
  46 0.455 21.49 1457.6
  47 0.465 21.086 1514.94
  48 0.475 21.046 1489.59
  49 0.485 20.598 1489.53
  50 0.495 20.5 1505.84
  51 0.505 19.924 1592.3
  52 0.515 20.152 1571.38
  53 0.525 20.564 1520.48
  54 0.535 21.176 1566.58
  55 0.545 21.486 1636.76
  56 0.555 21.496 1683.31
  57 0.565 21.794 1542.34
  58 0.575 21.876 1542.3
  59 0.585 21.606 1513.16
  60 0.595 21.096 1516.82
  61 0.605 20.372 1508.47
  62 0.615 20.086 1469.57
  63 0.625 20.304 1487.87
  64 0.635 20.902 1450.26
  65 0.645 21.596 1457.03
  66 0.655 21.862 1436.71
  67 0.665 21.722 1442.89
  68 0.675 21.85 1432.88
  69 0.685 21.65 1367.11
  70 0.695 21.4 1473.37
  71 0.705 21.316 1484.94
  72 0.715 20.698 1416.17
  73 0.725 20.342 1472.33
  74 0.735 20.178 1369.35
  75 0.745 20.028 1421.47
  76 0.755 20.366 1494.07
  77 0.765 20.794 1434.72
  78 0.775 21.292 1407.35
  79 0.785 21.418 1465.3
  80 0.795 21.562 1413.09
  81 0.805 21.782 1373.6
  82 0.815 21.894 1284.68
  83 0.825 21.448 1338.62
  84 0.835 21.338 1336.58
  85 0.845 21.194 1344.73
  86 0.855 21.128 1361.57
  87 0.865 20.646 1378.68
  88 0.875 20.702 1298.42
  89 0.885 20.816 1255.56
  90 0.895 21.246 1290.49
  91 0.905 21.344 1280.19
  92 0.915 21.748 1298.8
  93 0.925 21.61 1314.26
  94 0.935 21.758 1332
  95 0.945 21.646 1308.73
  96 0.955 21.426 1272.54
  97 0.965 21.006 1258.88
  98 0.975 21.038 1282.56
  99 0.985 20.86 1254.04
  100 0.995 20.388 1250.73
275000 100 2112
  1 0.005 20.23 1300.14
  2 0.015 20.124 1269.91
  3 0.025 20.528 1274.36
  4 0.035 21.13 1232.37
  5 0.045 21.306 1265.71
  6 0.055 21.486 1298.57
  7 0.065 21.74 1263.82
  8 0.075 21.78 1340.97
  9 0.085 21.804 1304.5
  10 0.095 21.772 1457.99
  11 0.105 21.5 1484.86
  12 0.115 20.958 1424.69
  13 0.125 20.378 1389.43
  14 0.135 19.84 1386.55
  15 0.145 20.714 1324.23
  16 0.155 21.05 1361.12
  17 0.165 21.736 1302.22
  18 0.175 21.896 1363.93
  19 0.185 21.714 1413.56
  20 0.195 21.708 1429.01
  21 0.205 21.63 1428
  22 0.215 21.568 1436.3
  23 0.225 21.038 1383.3
  24 0.235 20.572 1473.03
  25 0.245 20.324 1471.39
  26 0.255 19.752 1502.92
  27 0.265 20.238 1496.26
  28 0.275 20.518 1453.45
  29 0.285 20.91 1409.81
  30 0.295 21.356 1365.27
  31 0.305 21.532 1408.13
  32 0.315 21.614 1379.93
  33 0.325 21.852 1361.97
  34 0.335 21.782 1363.05
  35 0.345 21.428 1415.21
  36 0.355 20.78 1500.66
  37 0.365 20.85 1476.41
  38 0.375 20.724 1485.85
  39 0.385 20.814 1495.63
  40 0.395 20.978 1461.02
  41 0.405 21.018 1444.25
  42 0.415 21.642 1411.85
  43 0.425 21.46 1402.05
  44 0.435 21.6 1469.1
  45 0.445 21.678 1470.19
  46 0.455 21.24 1536.75
  47 0.465 20.962 1608.61
  48 0.475 20.706 1592.63
  49 0.485 20.612 1556.46
  50 0.495 20.304 1578.68
  51 0.505 20.016 1570.97
  52 0.515 20.342 1659.9
  53 0.525 20.79 1670.81
  54 0.535 21.314 1648.98
  55 0.545 21.538 1681.83
  56 0.555 21.556 1717.03
  57 0.565 21.804 1593.65
  58 0.575 21.696 1611.44
  59 0.585 21.59 1599.66
  60 0.595 21.352 1488.53
  61 0.605 20.06 1511.52
  62 0.615 20.036 1561.69
  63 0.625 20.468 1487.8
  64 0.635 20.956 1456.04
  65 0.645 21.674 1432.33
  66 0.655 21.876 1492.63
  67 0.665 21.886 1448.62
  68 0.675 21.6 1389.3
  69 0.685 21.736 1357.31
  70 0.695 21.632 1290.89
  71 0.705 21.306 1378.93
  72 0.715 21.008 1397.78
  73 0.725 20.518 1358.1
  74 0.735 19.992 1365.06
  75 0.745 19.978 1400.63
  76 0.755 20.32 1416.82
  77 0.765 20.66 1409.79
  78 0.775 21.042 1427.63
  79 0.785 21.584 1457.88
  80 0.795 21.53 1399.14
  81 0.805 21.75 1375.19
  82 0.815 21.732 1373.96
  83 0.825 21.688 1386.99
  84 0.835 21.378 1360.35
  85 0.845 21.06 1362.04
  86 0.855 21.026 1335.07
  87 0.865 21.032 1366.11
  88 0.875 20.648 1335.78
  89 0.885 20.872 1329.96
  90 0.895 20.896 1316.83
  91 0.905 21.372 1356.32
  92 0.915 21.644 1238
  93 0.925 21.798 1246.54
  94 0.935 21.698 1247.72
  95 0.945 21.666 1233.32
  96 0.955 21.426 1209.97
  97 0.965 21.108 1278.1
  98 0.975 21.124 1317.79
  99 0.985 20.698 1350.33
  100 0.995 20.648 1292.98
280000 100 2112
  1 0.005 20.126 1343.67
  2 0.015 20.102 1282.17
  3 0.025 20.48 1266.62
  4 0.035 21.108 1309.62
  5 0.045 21.28 1335.39
  6 0.055 21.594 1364.74
  7 0.065 21.668 1357.02
  8 0.075 21.77 1325.15
  9 0.085 21.896 1404.34
  10 0.095 21.732 1343.35
  11 0.105 21.472 1344.4
  12 0.115 20.994 1280.54
  13 0.125 20.118 1367.93
  14 0.135 20.13 1464.98
  15 0.145 20.6 1473.1
  16 0.155 21.088 1480.15
  17 0.165 21.818 1425.4
  18 0.175 21.806 1402.42
  19 0.185 21.646 1414.06
  20 0.195 21.822 1360.69
  21 0.205 21.582 1344.68
  22 0.215 21.48 1340.4
  23 0.225 21.114 1305.42
  24 0.235 20.662 1344.8
  25 0.245 20.298 1292.99
  26 0.255 19.934 1381.6
  27 0.265 20.41 1391.66
  28 0.275 20.512 1430.96
  29 0.285 20.784 1479.42
  30 0.295 21.278 1412.27
  31 0.305 21.578 1417.09
  32 0.315 21.468 1534.47
  33 0.325 21.832 1401.12
  34 0.335 21.724 1414.39
  35 0.345 21.264 1474.2
  36 0.355 21.078 1459.21
  37 0.365 20.786 1456.31
  38 0.375 21.002 1359.63
  39 0.385 20.938 1472.19
  40 0.395 20.812 1401.85
  41 0.405 21.132 1455.15
  42 0.415 21.222 1528.34
  43 0.425 21.538 1518.93
  44 0.435 21.6 1534.45
  45 0.445 21.704 1600.7
  46 0.455 21.446 1502.18
  47 0.465 20.976 1586.2
  48 0.475 20.806 1641.61
  49 0.485 20.364 1657.79
  50 0.495 20.43 1622.76
  51 0.505 20.004 1609.41
  52 0.515 20.176 1650.03
  53 0.525 20.724 1553.54
  54 0.535 21.194 1645.85
  55 0.545 21.588 1585.98
  56 0.555 21.596 1605.24
  57 0.565 21.824 1568.17
  58 0.575 21.554 1597.61
  59 0.585 21.642 1544.63
  60 0.595 21.05 1517.97
  61 0.605 20.526 1478.31
  62 0.615 20.112 1432.45
  63 0.625 20.34 1516.47
  64 0.635 21.118 1526.57
  65 0.645 21.488 1554.66
  66 0.655 21.914 1468.67
  67 0.665 21.812 1434.47
  68 0.675 21.806 1404.51
  69 0.685 21.476 1387.99
  70 0.695 21.644 1416.72
  71 0.705 21.154 1400.7
  72 0.715 20.892 1453.93
  73 0.725 20.502 1435.87
  74 0.735 20.272 1456.59
  75 0.745 20.148 1420.28
  76 0.755 20.42 1388.86
  77 0.765 20.7 1402.97
  78 0.775 21.056 1386.5
  79 0.785 21.354 1388.63
  80 0.795 21.622 1406.67
  81 0.805 21.69 1372.14
  82 0.815 21.592 1393.56
  83 0.825 21.49 1466.58
  84 0.835 21.39 1389.78
  85 0.845 21.176 1367.14
  86 0.855 21.006 1415.32
  87 0.865 21.134 1336.67
  88 0.875 20.898 1254.39
  89 0.885 20.574 1328.63
  90 0.895 20.828 1301.78
  91 0.905 21.578 1249.88
  92 0.915 21.736 1289.78
  93 0.925 21.69 1301.64
  94 0.935 21.67 1278.48
  95 0.945 21.742 1193.89
  96 0.955 21.294 1217.65
  97 0.965 21.27 1192.17
  98 0.975 21.124 1241.54
  99 0.985 20.712 1277.34
  100 0.995 20.694 1267.56
285000 100 2112
  1 0.005 20.044 1362.57
  2 0.015 20.356 1286.61
  3 0.025 20.53 1317.3
  4 0.035 21.112 1378.92
  5 0.045 21.24 1411.62
  6 0.055 21.712 1379.08
  7 0.065 21.58 1382.47
  8 0.075 21.758 1348.71
  9 0.085 21.872 1395.31
  10 0.095 21.672 1371.34
  11 0.105 21.348 1381.53
  12 0.115 20.734 1386.19
  13 0.125 20.166 1346.43
  14 0.135 20.242 1306.43
  15 0.145 20.722 1313.65
  16 0.155 21.552 1298.58
  17 0.165 21.558 1366.35
  18 0.175 21.93 1394.09
  19 0.185 21.786 1355.07
  20 0.195 21.598 1401.25
  21 0.205 21.668 1350.44
  22 0.215 21.45 1336.73
  23 0.225 21.088 1327.76
  24 0.235 20.522 1427.02
  25 0.245 20.294 1395.62
  26 0.255 20.076 1476.4
  27 0.265 20.058 1462.94
  28 0.275 20.642 1515.18
  29 0.285 20.902 1441.39
  30 0.295 21.232 1447.1
  31 0.305 21.552 1364.97
  32 0.315 21.718 1380.87
  33 0.325 21.84 1364.53
  34 0.335 21.558 1443.03
  35 0.345 21.362 1469.65
  36 0.355 21.08 1431.56
  37 0.365 20.902 1428.11
  38 0.375 20.654 1578.02
  39 0.385 20.862 1545.61
  40 0.395 20.784 1525.01
  41 0.405 21.16 1445.76
  42 0.415 21.422 1469.8
  43 0.425 21.626 1532.5
  44 0.435 21.706 1446.83
  45 0.445 21.644 1439.94
  46 0.455 21.498 1461.88
  47 0.465 21.172 1536.51
  48 0.475 20.74 1614.44
  49 0.485 20.508 1649.05
  50 0.495 20.142 1664.85
  51 0.505 19.976 1652.68
  52 0.515 20.436 1566.82
  53 0.525 20.524 1578.9
  54 0.535 21.198 1602.64
  55 0.545 21.626 1524.99
  56 0.555 21.62 1529.29
  57 0.565 21.698 1498.86
  58 0.575 21.736 1483.51
  59 0.585 21.732 1480.51
  60 0.595 21.45 1497
  61 0.605 20.604 1508.08
  62 0.615 20.182 1528.55
  63 0.625 19.91 1595.74
  64 0.635 20.69 1561.01
  65 0.645 21.662 1470.86
  66 0.655 21.712 1488.03
  67 0.665 21.848 1470.4
  68 0.675 21.75 1377.52
  69 0.685 21.698 1398.95
  70 0.695 21.434 1397.05
  71 0.705 21.502 1478.78
  72 0.715 20.77 1477.61
  73 0.725 20.156 1502.81
  74 0.735 20.056 1481.41
  75 0.745 20.144 1418.22
  76 0.755 20.548 1324.79
  77 0.765 20.728 1456.65
  78 0.775 21.024 1440.83
  79 0.785 21.52 1480.31
  80 0.795 21.616 1412.7
  81 0.805 21.616 1438.56
  82 0.815 21.788 1388.68
  83 0.825 21.508 1391.76
  84 0.835 21.494 1385.71
  85 0.845 21.058 1349.02
  86 0.855 21.174 1357.19
  87 0.865 20.794 1357.23
  88 0.875 20.898 1306.12
  89 0.885 20.784 1278.24
  90 0.895 20.96 1343.23
  91 0.905 21.378 1318.65
  92 0.915 21.662 1244.69
  93 0.925 21.79 1227.41
  94 0.935 21.654 1243.19
  95 0.945 21.796 1288.56
  96 0.955 21.424 1295.36
  97 0.965 21.146 1270.68
  98 0.975 21.06 1225.78
  99 0.985 20.678 1291.4
  100 0.995 20.414 1298.67
290000 100 2112.0000000000005
  1 0.005 20.3 1304.96
  2 0.015 20.234 1301.67
  3 0.025 20.842 1288.47
  4 0.035 21.356 1274.47
  5 0.045 21.46 1305.71
  6 0.055 21.548 1280.42
  7 0.065 21.774 1320.46
  8 0.075 21.776 1325.16
  9 0.085 21.806 1375.22
  10 0.095 21.672 1375.24
  11 0.105 21.406 1304.14
  12 0.115 20.618 1321.54
  13 0.125 20.292 1294.77
  14 0.135 20.134 1349.84
  15 0.145 20.848 1281.88
  16 0.155 21.354 1269.61
  17 0.165 21.834 1324.73
  18 0.175 21.716 1407.71
  19 0.185 21.718 1445.82
  20 0.195 21.76 1445.45
  21 0.205 21.642 1478.23
  22 0.215 21.306 1491.09
  23 0.225 21.268 1477.55
  24 0.235 20.418 1478.97
  25 0.245 20.214 1425.38
  26 0.255 20.14 1450.32
  27 0.265 20.384 1452.62
  28 0.275 20.65 1404.89
  29 0.285 20.924 1383.07
  30 0.295 21.162 1385.5
  31 0.305 21.538 1382.61
  32 0.315 21.596 1426.05
  33 0.325 21.876 1443.06
  34 0.335 21.588 1548.75
  35 0.345 21.432 1504.29
  36 0.355 21.246 1439.3
  37 0.365 20.956 1464.96
  38 0.375 20.952 1423.03
  39 0.385 21.006 1460.73
  40 0.395 20.574 1530.01
  41 0.405 20.914 1586.55
  42 0.415 20.99 1582.25
  43 0.425 21.664 1553.52
  44 0.435 21.612 1547.13
  45 0.445 21.64 1585.5
  46 0.455 21.564 1500.44
  47 0.465 21.022 1534.65
  48 0.475 20.744 1561.9
  49 0.485 20.578 1554.45
  50 0.495 20.376 1556.34
  51 0.505 20.032 1578.53
  52 0.515 20.12 1626.08
  53 0.525 20.7 1527.62
  54 0.535 21.206 1558.03
  55 0.545 21.444 1554.49
  56 0.555 21.704 1508
  57 0.565 21.74 1481.89
  58 0.575 21.676 1469.16
  59 0.585 21.768 1502.5
  60 0.595 21.206 1521.33
  61 0.605 20.538 1442.16
  62 0.615 20.308 1361.08
  63 0.625 20.278 1328.42
  64 0.635 20.812 1407.79
  65 0.645 21.456 1446.05
  66 0.655 21.644 1488.82
  67 0.665 21.822 1472.85
  68 0.675 21.802 1399.11
  69 0.685 21.724 1429.39
  70 0.695 21.522 1444.81
  71 0.705 21.244 1493.44
  72 0.715 21.03 1444.37
  73 0.725 20.582 1405.13
  74 0.735 19.906 1462.02
  75 0.745 20.194 1451.31
  76 0.755 20.188 1440.26
  77 0.765 20.696 1501.6
  78 0.775 20.97 1458.92
  79 0.785 21.416 1436.22
  80 0.795 21.568 1396.99
  81 0.805 21.82 1365.6
  82 0.815 21.672 1322.64
  83 0.825 21.716 1327.87
  84 0.835 21.384 1332.9
  85 0.845 20.82 1321.43
  86 0.855 20.936 1330.22
  87 0.865 20.91 1383.72
  88 0.875 20.808 1358.08
  89 0.885 20.896 1285.62
  90 0.895 21.202 1244.64
  91 0.905 21.446 1346.39
  92 0.915 21.5 1421.3
  93 0.925 21.714 1390.91
  94 0.935 21.652 1425.57
  95 0.945 21.588 1391.41
  96 0.955 21.32 1334.45
  97 0.965 20.934 1284.42
  98 0.975 20.94 1269.46
  99 0.985 20.594 1313.56
  100 0.995 20.428 1306.43
295000 100 2112
  1 0.005 20.522 1282.98
  2 0.015 20.462 1240.16
  3 0.025 20.66 1268.13
  4 0.035 21.294 1232.91
  5 0.045 21.614 1276.78
  6 0.055 21.528 1295.16
  7 0.065 21.72 1318.9
  8 0.075 21.982 1336.6
  9 0.085 21.686 1419.96
  10 0.095 21.716 1369.15
  11 0.105 21.498 1334.56
  12 0.115 20.758 1346.13
  13 0.125 20.238 1392.03
  14 0.135 20.356 1379.02
  15 0.145 20.532 1388.34
  16 0.155 21.184 1414.44
  17 0.165 21.748 1457.59
  18 0.175 21.824 1446.63
  19 0.185 21.818 1406.88
  20 0.195 21.57 1438.58
  21 0.205 21.716 1423.12
  22 0.215 21.572 1397.85
  23 0.225 21.032 1448.33
  24 0.235 20.692 1481.96
  25 0.245 20.302 1417.98
  26 0.255 20.32 1386.4
  27 0.265 20.516 1337.18
  28 0.275 20.504 1329.88
  29 0.285 20.734 1372.49
  30 0.295 21.182 1394.75
  31 0.305 21.25 1453.76
  32 0.315 21.564 1473.42
  33 0.325 21.71 1415.81
  34 0.335 21.484 1492.54
  35 0.345 21.406 1503.74
  36 0.355 21.084 1562.53
  37 0.365 21.102 1610.19
  38 0.375 21.162 1605.63
  39 0.385 20.846 1531.18
  40 0.395 20.734 1583.87
  41 0.405 20.616 1567.11
  42 0.415 21.374 1525.01
  43 0.425 21.54 1504.7
  44 0.435 21.76 1488.72
  45 0.445 21.488 1546.94
  46 0.455 21.372 1526.79
  47 0.465 21.124 1499.97
  48 0.475 20.802 1469.88
  49 0.485 20.584 1559.66
  50 0.495 20.278 1545.48
  51 0.505 19.9 1539.41
  52 0.515 20.48 1486.9
  53 0.525 20.842 1443.94
  54 0.535 21.068 1573.35
  55 0.545 21.57 1500.07
  56 0.555 21.644 1470.99
  57 0.565 21.632 1482.4
  58 0.575 21.782 1439.01
  59 0.585 21.666 1388.63
  60 0.595 21.482 1428.04
  61 0.605 20.938 1448.36
  62 0.615 20.114 1469.23
  63 0.625 20.276 1439.5
  64 0.635 20.624 1476.83
  65 0.645 21.234 1511.54
  66 0.655 21.618 1528.71
  67 0.665 21.772 1437.35
  68 0.675 21.852 1446.43
  69 0.685 21.672 1467.79
  70 0.695 21.572 1458.41
  71 0.705 21.2 1458.83
  72 0.715 20.904 1483.75
  73 0.725 20.25 1451.79
  74 0.735 19.968 1455.9
  75 0.745 20.132 1459.81
  76 0.755 20.372 1443.98
  77 0.765 20.868 1433.82
  78 0.775 21.166 1419.14
  79 0.785 21.434 1392.72
  80 0.795 21.452 1430.53
  81 0.805 21.784 1439.48
  82 0.815 21.534 1472.27
  83 0.825 21.616 1429.27
  84 0.835 21.14 1385.77
  85 0.845 20.992 1366.72
  86 0.855 21.002 1345.3
  87 0.865 20.95 1325.96
  88 0.875 21.104 1373.56
  89 0.885 20.84 1394.07
  90 0.895 21.196 1287.32
  91 0.905 21.262 1310.51
  92 0.915 21.684 1299.68
  93 0.925 21.75 1320.15
  94 0.935 21.574 1334.08
  95 0.945 21.616 1267.28
  96 0.955 21.14 1319.13
  97 0.965 21.024 1292.6
  98 0.975 20.748 1218.39
  99 0.985 20.578 1210.3
  100 0.995 20.422 1340.47
300000 100 2112
  1 0.005 20.214 1278.89
  2 0.015 20.456 1238.32
  3 0.025 20.676 1250.82
  4 0.035 21.168 1275.3
  5 0.045 21.504 1275.69
  6 0.055 21.626 1337.78
  7 0.065 21.714 1337.82
  8 0.075 21.82 1375.94
  9 0.085 21.768 1486.84
  10 0.095 21.614 1468.47
  11 0.105 21.696 1403.43
  12 0.115 20.726 1378.93
  13 0.125 20.408 1416.17
  14 0.135 20.296 1415.12
  15 0.145 20.634 1410.6
  16 0.155 21.17 1410.49
  17 0.165 21.436 1447.95
  18 0.175 21.814 1449.31
  19 0.185 21.768 1441.39
  20 0.195 21.746 1468.96
  21 0.205 21.42 1428.51
  22 0.215 21.48 1354.52
  23 0.225 21.24 1338.2
  24 0.235 20.554 1317.63
  25 0.245 20.358 1400.39
  26 0.255 20.456 1324.4
  27 0.265 20.516 1366.46
  28 0.275 20.466 1355.03
  29 0.285 20.924 1413.57
  30 0.295 20.952 1425.44
  31 0.305 21.4 1426.75
  32 0.315 21.37 1427.8
  33 0.325 21.778 1477.28
  34 0.335 21.58 1510.22
  35 0.345 21.372 1528.38
  36 0.355 21.19 1528.87
  37 0.365 21.106 1567.12
  38 0.375 21.082 1505.3
  39 0.385 21.082 1477.61
  40 0.395 20.354 1460.85
  41 0.405 20.832 1465.5
  42 0.415 21.34 1533.97
  43 0.425 21.38 1589.29
  44 0.435 21.674 1581.67
  45 0.445 21.74 1524.18
  46 0.455 21.374 1528.8
  47 0.465 21.096 1579.78
  48 0.475 20.872 1494.07
  49 0.485 20.71 1514.3
  50 0.495 20.272 1526
  51 0.505 19.964 1557.25
  52 0.515 20.21 1442.79
  53 0.525 20.646 1487.91
  54 0.535 21.398 1507.48
  55 0.545 21.252 1499.49
  56 0.555 21.652 1455.89
  57 0.565 21.776 1350.27
  58 0.575 21.91 1324.49
  59 0.585 21.64 1306.47
  60 0.595 21.602 1388.62
  61 0.605 20.688 1515.62
  62 0.615 20.252 1607.29
  63 0.625 20.11 1529.05
  64 0.635 20.58 1517.12
  65 0.645 21.412 1481.99
  66 0.655 21.55 1514.18
  67 0.665 21.82 1573.55
  68 0.675 21.694 1566.65
  69 0.685 21.612 1482.31
  70 0.695 21.488 1450.61
  71 0.705 21.114 1449.71
  72 0.715 20.722 1449.52
  73 0.725 19.974 1514.1
  74 0.735 20.37 1505.45
  75 0.745 20.442 1425.47
  76 0.755 20.59 1400.55
  77 0.765 20.776 1408.82
  78 0.775 21.08 1453.48
  79 0.785 21.538 1368.18
  80 0.795 21.478 1503.86
  81 0.805 21.682 1387.79
  82 0.815 21.484 1445.83
  83 0.825 21.518 1395.43
  84 0.835 20.972 1401.66
  85 0.845 20.968 1412.87
  86 0.855 20.88 1397.3
  87 0.865 21.226 1323.27
  88 0.875 20.91 1341.51
  89 0.885 21.09 1284.17
  90 0.895 21.064 1260.2
  91 0.905 21.594 1220.09
  92 0.915 21.7 1211.32
  93 0.925 21.598 1253.66
  94 0.935 21.808 1317.31
  95 0.945 21.546 1317.7
  96 0.955 21.352 1341.58
  97 0.965 21.006 1244.63
  98 0.975 20.774 1395.78
  99 0.985 20.67 1324.06
  100 0.995 20.594 1302.28
305000 100 2112
  1 0.005 20.076 1351.18
  2 0.015 20.302 1416.18
  3 0.025 20.508 1376.27
  4 0.035 21.08 1380.24
  5 0.045 21.422 1441.15
  6 0.055 21.714 1396.08
  7 0.065 21.598 1368.87
  8 0.075 21.812 1440.32
  9 0.085 21.846 1394.24
  10 0.095 21.47 1406.47
  11 0.105 21.196 1384.17
  12 0.115 20.67 1437.7
  13 0.125 20.424 1338.57
  14 0.135 20.574 1357.87
  15 0.145 20.558 1453.82
  16 0.155 21.538 1442.6
  17 0.165 21.65 1401.31
  18 0.175 21.69 1421.67
  19 0.185 21.676 1429.61
  20 0.195 21.7 1398.66
  21 0.205 21.53 1328.28
  22 0.215 21.306 1362.07
  23 0.225 20.876 1368.18
  24 0.235 20.424 1357.77
  25 0.245 20.436 1372.37
  26 0.255 20.476 1324.94
  27 0.265 20.622 1331.44
  28 0.275 20.67 1324.27
  29 0.285 21.07 1312.37
  30 0.295 21.066 1419.7
  31 0.305 21.59 1411.64
  32 0.315 21.46 1461.38
  33 0.325 21.672 1487.24
  34 0.335 21.45 1429.12
  35 0.345 21.386 1423.19
  36 0.355 21.068 1549.83
  37 0.365 21.348 1465.83
  38 0.375 21.256 1440.45
  39 0.385 21.042 1441.71
  40 0.395 20.51 1466.94
  41 0.405 20.86 1451.8
  42 0.415 21.072 1474.12
  43 0.425 21.478 1514.15
  44 0.435 21.636 1495.78
  45 0.445 21.626 1470.32
  46 0.455 21.644 1400.28
  47 0.465 21.13 1467.78
  48 0.475 20.922 1524
  49 0.485 20.644 1592.9
  50 0.495 20.22 1620.44
  51 0.505 20.08 1555.26
  52 0.515 20.172 1568.25
  53 0.525 20.474 1643.15
  54 0.535 21.04 1601.28
  55 0.545 21.6 1542.4
  56 0.555 21.554 1518.7
  57 0.565 21.764 1444.48
  58 0.575 21.828 1407.08
  59 0.585 21.768 1433.59
  60 0.595 21.104 1474.43
  61 0.605 20.75 1491.72
  62 0.615 20.282 1530.7
  63 0.625 20.262 1514.41
  64 0.635 20.826 1552.12
  65 0.645 21.172 1617.6
  66 0.655 21.63 1613.03
  67 0.665 21.724 1614.89
  68 0.675 21.572 1584.21
  69 0.685 21.768 1491.04
  70 0.695 21.226 1524.34
  71 0.705 21.196 1400.93
  72 0.715 20.556 1428.62
  73 0.725 20.242 1404.44
  74 0.735 20.292 1466.13
  75 0.745 20.402 1428.41
  76 0.755 20.728 1382.7
  77 0.765 20.994 1301.94
  78 0.775 21.234 1305.13
  79 0.785 21.298 1365.42
  80 0.795 21.612 1382.9
  81 0.805 21.6 1416.37
  82 0.815 21.76 1378.26
  83 0.825 21.462 1400.62
  84 0.835 21.27 1360.47
  85 0.845 21.108 1343.99
  86 0.855 21.204 1291.05
  87 0.865 21.152 1267.4
  88 0.875 21.042 1287.6
  89 0.885 20.776 1319.42
  90 0.895 20.954 1326.16
  91 0.905 21.042 1289.48
  92 0.915 21.616 1326.67
  93 0.925 21.754 1301.33
  94 0.935 21.718 1302.79
  95 0.945 21.628 1267.38
  96 0.955 21.502 1288.02
  97 0.965 21.188 1387.16
  98 0.975 20.75 1433.68
  99 0.985 20.826 1311.46
  100 0.995 20.504 1362.64
310000 100 2112
  1 0.005 20.414 1320.42
  2 0.015 20.012 1373.63
  3 0.025 20.654 1384.34
  4 0.035 20.962 1333.94
  5 0.045 21.526 1353.23
  6 0.055 21.502 1279.55
  7 0.065 21.782 1264.26
  8 0.075 21.826 1345.96
  9 0.085 21.85 1365.43
  10 0.095 21.634 1418.55
  11 0.105 21.36 1338.38
  12 0.115 20.822 1378.52
  13 0.125 20.294 1434.49
  14 0.135 20.03 1403.03
  15 0.145 20.83 1383.18
  16 0.155 21.358 1367.48
  17 0.165 21.62 1356.57
  18 0.175 21.836 1360.05
  19 0.185 21.792 1394.83
  20 0.195 21.632 1452.58
  21 0.205 21.456 1476.03
  22 0.215 21.508 1410.4
  23 0.225 21.088 1329.86
  24 0.235 20.476 1371.47
  25 0.245 20.422 1300.75
  26 0.255 20.336 1308.1
  27 0.265 20.496 1312.67
  28 0.275 20.514 1363.33
  29 0.285 21.01 1397.15
  30 0.295 21.056 1409.33
  31 0.305 21.474 1407.44
  32 0.315 21.532 1413.87
  33 0.325 21.628 1404.22
  34 0.335 21.566 1444.6
  35 0.345 21.27 1440.19
  36 0.355 20.844 1496.86
  37 0.365 21.162 1488.86
  38 0.375 20.93 1514.59
  39 0.385 21.116 1511.72
  40 0.395 20.74 1533.36
  41 0.405 20.95 1472.5
  42 0.415 21.182 1436.07
  43 0.425 21.618 1416.32
  44 0.435 21.604 1371.19
  45 0.445 21.646 1369.12
  46 0.455 21.266 1448.31
  47 0.465 21.108 1492.19
  48 0.475 20.928 1526.49
  49 0.485 20.484 1559.1
  50 0.495 20.578 1611.16
  51 0.505 20.26 1647.57
  52 0.515 20.126 1558.44
  53 0.525 20.698 1602.52
  54 0.535 21.05 1553.86
  55 0.545 21.502 1505.34
  56 0.555 21.658 1530.75
  57 0.565 21.678 1483.85
  58 0.575 21.876 1506.34
  59 0.585 21.628 1507.15
  60 0.595 21.326 1531.88
  61 0.605 20.84 1516.42
  62 0.615 20.436 1542.72
  63 0.625 20.038 1659.04
  64 0.635 20.776 1643.86
  65 0.645 21.198 1617.68
  66 0.655 21.734 1568.1
  67 0.665 21.636 1637.78
  68 0.675 21.686 1515.38
  69 0.685 21.576 1521.71
  70 0.695 21.354 1534.01
  71 0.705 21.108 1588.5
  72 0.715 20.826 1575.95
  73 0.725 20.28 1522.38
  74 0.735 20.27 1467.06
  75 0.745 20.37 1410.26
  76 0.755 20.564 1366.08
  77 0.765 20.956 1365.98
  78 0.775 21.06 1374.61
  79 0.785 21.478 1394.75
  80 0.795 21.576 1349.25
  81 0.805 21.522 1319.92
  82 0.815 21.706 1305.81
  83 0.825 21.488 1262.44
  84 0.835 21.234 1300.47
  85 0.845 21.222 1280.4
  86 0.855 21.308 1253.79
  87 0.865 21.176 1330.64
  88 0.875 21.026 1377.01
  89 0.885 20.904 1376.29
  90 0.895 20.552 1395.48
  91 0.905 21.16 1341.91
  92 0.915 21.662 1340.55
  93 0.925 21.84 1347.85
  94 0.935 21.524 1377.74
  95 0.945 21.648 1353.87
  96 0.955 21.266 1335.75
  97 0.965 21.156 1301
  98 0.975 21.03 1270.31
  99 0.985 20.74 1315.85
  100 0.995 20.548 1321.65
315000 100 2112
  1 0.005 20.566 1244.48
  2 0.015 20.34 1330.51
  3 0.025 20.44 1327.09
  4 0.035 20.882 1410.89
  5 0.045 21.346 1350.78
  6 0.055 21.588 1356.64
  7 0.065 21.594 1376
  8 0.075 21.778 1410.68
  9 0.085 21.822 1404.73
  10 0.095 21.714 1352.76
  11 0.105 21.456 1330.06
  12 0.115 20.778 1326.57
  13 0.125 20.41 1398.29
  14 0.135 20.114 1392.26
  15 0.145 20.42 1412.88
  16 0.155 21.442 1451.78
  17 0.165 21.67 1467.87
  18 0.175 21.75 1435.15
  19 0.185 21.772 1323.92
  20 0.195 21.736 1339.73
  21 0.205 21.424 1500.63
  22 0.215 21.222 1513.51
  23 0.225 20.91 1385.46
  24 0.235 20.476 1394.86
  25 0.245 20.066 1428.43
  26 0.255 20.494 1406.78
  27 0.265 20.716 1489.14
  28 0.275 20.84 1479.78
  29 0.285 20.888 1560.63
  30 0.295 21.094 1481.91
  31 0.305 21.454 1429.34
  32 0.315 21.67 1331.85
  33 0.325 21.644 1353.41
  34 0.335 21.042 1414.02
  35 0.345 21.066 1375.07
  36 0.355 21.09 1367.65
  37 0.365 21.046 1417.18
  38 0.375 21.332 1442.34
  39 0.385 21.216 1469.65
  40 0.395 21.11 1484.94
  41 0.405 20.924 1514.59
  42 0.415 21.064 1492.98
  43 0.425 21.432 1446.04
  44 0.435 21.442 1462.14
  45 0.445 21.544 1454.61
  46 0.455 21.204 1497.85
  47 0.465 20.916 1506.14
  48 0.475 20.9 1559.44
  49 0.485 20.73 1601.37
  50 0.495 20.634 1617.35
  51 0.505 20.44 1609.26
  52 0.515 20.466 1564.06
  53 0.525 20.564 1501.35
  54 0.535 21.184 1449.89
  55 0.545 21.266 1557.36
  56 0.555 21.768 1433.15
  57 0.565 21.638 1442.2
  58 0.575 21.834 1391.11
  59 0.585 21.654 1479.87
  60 0.595 21.41 1408.08
  61 0.605 21.17 1415.42
  62 0.615 20.372 1498.82
  63 0.625 20.264 1529.91
  64 0.635 20.474 1638.46
  65 0.645 21.066 1670.28
  66 0.655 21.56 1717.56
  67 0.665 21.84 1633.8
  68 0.675 21.63 1612.61
  69 0.685 21.61 1655.16
  70 0.695 21.55 1530.64
  71 0.705 21.242 1452.38
  72 0.715 20.614 1513.68
  73 0.725 20.57 1434.28
  74 0.735 20.324 1468.33
  75 0.745 20.376 1448.41
  76 0.755 20.694 1414.72
  77 0.765 20.896 1303.38
  78 0.775 21.108 1348.81
  79 0.785 21.23 1316.97
  80 0.795 21.334 1278.87
  81 0.805 21.526 1297.13
  82 0.815 21.72 1293.99
  83 0.825 21.384 1376.15
  84 0.835 21.15 1352.48
  85 0.845 21.116 1410.25
  86 0.855 21.354 1374.71
  87 0.865 21.056 1371.32
  88 0.875 21.092 1415.65
  89 0.885 20.936 1387.4
  90 0.895 21.02 1358.95
  91 0.905 20.91 1377.87
  92 0.915 21.632 1336.98
  93 0.925 21.588 1314.65
  94 0.935 21.578 1279.24
  95 0.945 21.582 1260.8
  96 0.955 21.264 1198.71
  97 0.965 21.204 1248.11
  98 0.975 20.984 1287.92
  99 0.985 20.788 1328.48
  100 0.995 20.76 1351.97
320000 100 2112
  1 0.005 20.562 1274.67
  2 0.015 20.448 1253.81
  3 0.025 20.314 1263.72
  4 0.035 20.794 1287.54
  5 0.045 21.172 1342.36
  6 0.055 21.49 1388.72
  7 0.065 21.762 1335.14
  8 0.075 21.606 1431.44
  9 0.085 21.774 1387.69
  10 0.095 21.878 1358.47
  11 0.105 21.482 1277.18
  12 0.115 21.012 1310.13
  13 0.125 20.036 1391.49
  14 0.135 20.152 1413.15
  15 0.145 20.574 1402.79
  16 0.155 21.256 1447.14
  17 0.165 21.71 1398.12
  18 0.175 21.724 1403.07
  19 0.185 21.802 1498.54
  20 0.195 21.678 1428.53
  21 0.205 21.54 1423.92
  22 0.215 21.29 1413.77
  23 0.225 20.77 1486.78
  24 0.235 20.4 1523.57
  25 0.245 20.12 1474.36
  26 0.255 20.52 1520.93
  27 0.265 20.542 1533.16
  28 0.275 20.88 1466.17
  29 0.285 21.144 1403.2
  30 0.295 21.178 1430.23
  31 0.305 21.484 1444.47
  32 0.315 21.482 1381.84
  33 0.325 21.55 1464.76
  34 0.335 21.364 1411.46
  35 0.345 20.922 1452.59
  36 0.355 21.188 1378.17
  37 0.365 21.052 1412.87
  38 0.375 21.102 1476.6
  39 0.385 21.248 1500.76
  40 0.395 21.168 1584.85
  41 0.405 20.804 1553.98
  42 0.415 21.364 1485.6
  43 0.425 21.284 1478.38
  44 0.435 21.408 1494.46
  45 0.445 21.598 1537.45
  46 0.455 21.266 1513.43
  47 0.465 20.976 1614.41
  48 0.475 20.848 1658.17
  49 0.485 20.56 1631.27
  50 0.495 20.368 1604.9
  51 0.505 20.556 1661.5
  52 0.515 20.31 1609.85
  53 0.525 20.656 1529.04
  54 0.535 21.16 1523.08
  55 0.545 21.504 1444.75
  56 0.555 21.71 1468.28
  57 0.565 21.638 1424.06
  58 0.575 21.832 1413.69
  59 0.585 21.564 1431.34
  60 0.595 21.5 1447.73
  61 0.605 20.738 1428.47
  62 0.615 20.544 1388.84
  63 0.625 19.92 1516.1
  64 0.635 20.592 1557.6
  65 0.645 21.474 1521.88
  66 0.655 21.652 1495.05
  67 0.665 21.752 1475.41
  68 0.675 21.862 1446.38
  69 0.685 21.66 1444.07
  70 0.695 21.57 1381.06
  71 0.705 21.128 1457.97
  72 0.715 21.05 1396.36
  73 0.725 20.518 1441.18
  74 0.735 20.382 1433.97
  75 0.745 20.338 1454.36
  76 0.755 20.594 1424.63
  77 0.765 20.712 1389.49
  78 0.775 21.036 1383.79
  79 0.785 21.066 1476.57
  80 0.795 21.378 1444.67
  81 0.805 21.458 1515.72
  82 0.815 21.528 1526.63
  83 0.825 21.24 1465.7
  84 0.835 21.312 1389.27
  85 0.845 21.252 1430.55
  86 0.855 21.29 1320.33
  87 0.865 21.29 1317.42
  88 0.875 21.068 1284.77
  89 0.885 20.836 1326.88
  90 0.895 20.964 1206.06
  91 0.905 21.148 1320.21
  92 0.915 21.532 1311.47
  93 0.925 21.422 1280.12
  94 0.935 21.718 1355.08
  95 0.945 21.514 1298.37
  96 0.955 21.38 1337.06
  97 0.965 20.986 1311.77
  98 0.975 21.078 1271.34
  99 0.985 21.1 1280.26
  100 0.995 20.842 1303.15
325000 100 2111.9999999999995
  1 0.005 20.694 1382.52
  2 0.015 20.394 1409.29
  3 0.025 20.6 1319.43
  4 0.035 20.852 1343.63
  5 0.045 21.298 1298.94
  6 0.055 21.622 1295.54
  7 0.065 21.78 1283.42
  8 0.075 21.676 1300.94
  9 0.085 21.764 1355.21
  10 0.095 21.624 1377.07
  11 0.105 21.384 1384.77
  12 0.115 20.874 1369.81
  13 0.125 20.248 1369.76
  14 0.135 20.21 1366.2
  15 0.145 20.71 1355.61
  16 0.155 21.242 1353.9
  17 0.165 21.732 1354.12
  18 0.175 21.87 1368.64
  19 0.185 21.802 1414.59
  20 0.195 21.774 1382.37
  21 0.205 21.52 1459.5
  22 0.215 21.43 1470.69
  23 0.225 21.192 1506.84
  24 0.235 20.524 1409.82
  25 0.245 20.216 1450.26
  26 0.255 20.46 1399.99
  27 0.265 20.426 1442.55
  28 0.275 20.63 1399.85
  29 0.285 21.088 1424.71
  30 0.295 20.836 1439.28
  31 0.305 21.514 1384.42
  32 0.315 21.526 1483.1
  33 0.325 21.48 1467.62
  34 0.335 21.604 1420.71
  35 0.345 21.296 1403.24
  36 0.355 21.096 1424.17
  37 0.365 21.146 1372.5
  38 0.375 21.102 1474.75
  39 0.385 20.92 1516.16
  40 0.395 21.034 1613.31
  41 0.405 21.09 1570.41
  42 0.415 20.774 1615.8
  43 0.425 21.368 1637.65
  44 0.435 21.54 1640.86
  45 0.445 21.28 1647.85
  46 0.455 21.366 1632.09
  47 0.465 21.22 1549.81
  48 0.475 20.76 1591.4
  49 0.485 20.82 1697.32
  50 0.495 20.444 1727.65
  51 0.505 20.014 1659.19
  52 0.515 20.32 1543.79
  53 0.525 20.69 1604.28
  54 0.535 21.1 1519.62
  55 0.545 21.514 1498.32
  56 0.555 21.562 1449.87
  57 0.565 21.854 1477.97
  58 0.575 21.656 1494.5
  59 0.585 21.572 1402.18
  60 0.595 21.202 1490.7
  61 0.605 20.87 1502.27
  62 0.615 20.166 1452.12
  63 0.625 20.204 1431.49
  64 0.635 20.798 1443.21
  65 0.645 21.418 1422.83
  66 0.655 21.88 1412.49
  67 0.665 21.866 1325.85
  68 0.675 21.72 1344.74
  69 0.685 21.692 1351.09
  70 0.695 21.504 1398.65
  71 0.705 21.38 1419.52
  72 0.715 20.892 1416.95
  73 0.725 20.296 1482.32
  74 0.735 19.95 1430.88
  75 0.745 20.104 1460.5
  76 0.755 20.596 1484.43
  77 0.765 20.778 1436.91
  78 0.775 21.06 1480.45
  79 0.785 21.352 1551.97
  80 0.795 21.54 1521.85
  81 0.805 21.694 1567.22
  82 0.815 21.636 1437.86
  83 0.825 21.206 1444.34
  84 0.835 21.282 1358.02
  85 0.845 21.19 1261.05
  86 0.855 20.886 1239.58
  87 0.865 20.954 1325.26
  88 0.875 21.316 1353.94
  89 0.885 21.362 1292.69
  90 0.895 20.904 1290.53
  91 0.905 21.26 1284.32
  92 0.915 21.38 1350.68
  93 0.925 21.598 1251.91
  94 0.935 21.636 1208.75
  95 0.945 21.428 1329.28
  96 0.955 21.2 1306.46
  97 0.965 21.116 1297.2
  98 0.975 20.93 1365.99
  99 0.985 21.054 1370.41
  100 0.995 20.566 1352.64
330000 100 2112.0000000000005
  1 0.005 20.496 1393.11
  2 0.015 20.344 1392.99
  3 0.025 20.898 1335.32
  4 0.035 20.97 1389.27
  5 0.045 21.558 1393.94
  6 0.055 21.618 1310.65
  7 0.065 21.756 1278.53
  8 0.075 21.792 1259.73
  9 0.085 21.754 1306.54
  10 0.095 21.708 1287.33
  11 0.105 21.58 1283.47
  12 0.115 20.916 1284.85
  13 0.125 20.522 1289.67
  14 0.135 20.118 1316.57
  15 0.145 20.464 1364.35
  16 0.155 21.302 1301.95
  17 0.165 21.69 1380.39
  18 0.175 21.766 1381.16
  19 0.185 21.944 1411.38
  20 0.195 21.602 1480.6
  21 0.205 21.776 1443.5
  22 0.215 21.246 1471.02
  23 0.225 21.352 1462.81
  24 0.235 20.676 1451.37
  25 0.245 20.358 1345.38
  26 0.255 20.548 1352.26
  27 0.265 20.414 1294.49
  28 0.275 20.67 1389.81
  29 0.285 20.858 1434.47
  30 0.295 20.894 1414.41
  31 0.305 21.142 1440.39
  32 0.315 21.604 1517.78
  33 0.325 21.578 1436.52
  34 0.335 21.388 1447.69
  35 0.345 21.466 1399.94
  36 0.355 21.104 1509.48
  37 0.365 21.036 1573.96
  38 0.375 21.246 1556.17
  39 0.385 20.766 1604.74
  40 0.395 21.126 1648.66
  41 0.405 20.968 1654.38
  42 0.415 20.822 1634.12
  43 0.425 21.374 1553.6
  44 0.435 21.404 1552.98
  45 0.445 21.62 1530.21
  46 0.455 21.446 1485.76
  47 0.465 21.108 1495.67
  48 0.475 20.998 1470.89
  49 0.485 20.87 1528.27
  50 0.495 20.786 1530.61
  51 0.505 20.086 1596.1
  52 0.515 20.172 1662.18
  53 0.525 20.338 1595.16
  54 0.535 20.878 1617.98
  55 0.545 21.294 1592
  56 0.555 21.756 1553.76
  57 0.565 21.516 1542.94
  58 0.575 21.75 1521.62
  59 0.585 21.648 1450.29
  60 0.595 21.38 1532.46
  61 0.605 20.57 1557.19
  62 0.615 20.158 1581.27
  63 0.625 19.948 1546.17
  64 0.635 20.984 1397.76
  65 0.645 21.73 1385.09
  66 0.655 21.608 1456.75
  67 0.665 21.792 1454.58
  68 0.675 21.906 1420.81
  69 0.685 21.554 1425.63
  70 0.695 21.488 1396.31
  71 0.705 21.32 1438.85
  72 0.715 20.818 1432.65
  73 0.725 20.08 1459.43
  74 0.735 19.918 1451.96
  75 0.745 20.166 1487.39
  76 0.755 20.572 1474.56
  77 0.765 21.078 1447.62
  78 0.775 21.064 1485.37
  79 0.785 21.362 1451.03
  80 0.795 21.62 1416.54
  81 0.805 21.724 1390.51
  82 0.815 21.602 1398.01
  83 0.825 21.046 1296.22
  84 0.835 20.992 1310.58
  85 0.845 20.83 1312.85
  86 0.855 21.094 1250.32
  87 0.865 21.4 1251.42
  88 0.875 21.436 1300.86
  89 0.885 21.136 1314.64
  90 0.895 21.28 1339.8
  91 0.905 21.1 1365.97
  92 0.915 21.494 1336.58
  93 0.925 21.466 1453.06
  94 0.935 21.514 1415.35
  95 0.945 21.212 1385.42
  96 0.955 21.234 1317.35
  97 0.965 20.766 1366.33
  98 0.975 20.928 1317.26
  99 0.985 20.952 1305.77
  100 0.995 20.798 1324.15
335000 100 2112.0000000000005
  1 0.005 20.662 1316.97
  2 0.015 20.45 1346.1
  3 0.025 20.556 1275.97
  4 0.035 21.208 1232.19
  5 0.045 21.536 1287.69
  6 0.055 21.72 1371.77
  7 0.065 21.562 1349.09
  8 0.075 21.862 1328.71
  9 0.085 21.776 1341.83
  10 0.095 21.776 1306.38
  11 0.105 21.578 1267.36
  12 0.115 20.794 1321.55
  13 0.125 20.294 1346.03
  14 0.135 19.76 1354.25
  15 0.145 20.656 1339.34
  16 0.155 21.376 1420.58
  17 0.165 21.736 1398.46
  18 0.175 21.94 1365.83
  19 0.185 21.644 1422.28
  20 0.195 21.774 1404.23
  21 0.205 21.694 1429.24
  22 0.215 21.4 1519.73
  23 0.225 21.066 1508.62
  24 0.235 20.732 1448.43
  25 0.245 20.316 1432.27
  26 0.255 20.344 1362.59
  27 0.265 20.568 1400.17
  28 0.275 20.658 1317.73
  29 0.285 20.942 1348.79
  30 0.295 20.958 1368.9
  31 0.305 21.306 1324.75
  32 0.315 21.588 1379.55
  33 0.325 21.544 1469.37
  34 0.335 21.634 1450.34
  35 0.345 21.12 1490.13
  36 0.355 21.18 1505.67
  37 0.365 21.064 1552.78
  38 0.375 20.886 1600.85
  39 0.385 21.264 1612.09
  40 0.395 21.022 1580.43
  41 0.405 20.82 1581.97
  42 0.415 21.058 1572.23
  43 0.425 21.254 1576.71
  44 0.435 21.582 1526.91
  45 0.445 21.418 1522.97
  46 0.455 21.396 1568.36
  47 0.465 21.144 1574.37
  48 0.475 20.846 1561.31
  49 0.485 20.92 1569.45
  50 0.495 20.448 1543.7
  51 0.505 20.41 1522.64
  52 0.515 20.07 1587.82
  53 0.525 20.43 1551.69
  54 0.535 21.056 1502.1
  55 0.545 21.546 1504.14
  56 0.555 21.41 1446.31
  57 0.565 21.794 1422.79
  58 0.575 21.792 1453.52
  59 0.585 21.742 1541.6
  60 0.595 21.334 1516.16
  61 0.605 20.868 1475.28
  62 0.615 20.002 1487.08
  63 0.625 20.126 1558.36
  64 0.635 20.546 1633.8
  65 0.645 21.484 1590.49
  66 0.655 21.892 1536.56
  67 0.665 21.652 1601.61
  68 0.675 21.83 1467.97
  69 0.685 21.686 1518.66
  70 0.695 21.386 1489.46
  71 0.705 21.218 1493.38
  72 0.715 20.606 1412.95
  73 0.725 20.186 1454.07
  74 0.735 20.008 1407.49
  75 0.745 20.294 1420.03
  76 0.755 20.796 1365.54
  77 0.765 20.99 1370.89
  78 0.775 21.192 1410.71
  79 0.785 21.208 1451.06
  80 0.795 21.616 1352.43
  81 0.805 21.672 1397.49
  82 0.815 21.706 1333.12
  83 0.825 21.494 1323.74
  84 0.835 21.022 1324.61
  85 0.845 20.854 1304.93
  86 0.855 20.814 1339.28
  87 0.865 21.228 1360.72
  88 0.875 21.13 1432.27
  89 0.885 21.356 1404.73
  90 0.895 21.158 1401.34
  91 0.905 21.146 1391.23
  92 0.915 21.414 1344.69
  93 0.925 21.672 1254.63
  94 0.935 21.498 1349.32
  95 0.945 21.462 1329.99
  96 0.955 21.192 1364.75
  97 0.965 20.704 1430.61
  98 0.975 20.896 1383.01
  99 0.985 20.79 1372.27
  100 0.995 20.79 1309.07
340000 100 2111.9999999999995
  1 0.005 20.366 1326.56
  2 0.015 20.088 1274.35
  3 0.025 20.78 1277.77
  4 0.035 20.956 1310.87
  5 0.045 21.494 1301.62
  6 0.055 21.62 1285.66
  7 0.065 21.716 1344.33
  8 0.075 21.718 1370.02
  9 0.085 21.772 1368.79
  10 0.095 21.76 1421.58
  11 0.105 21.29 1396.43
  12 0.115 20.954 1384.04
  13 0.125 20.276 1348.5
  14 0.135 20.07 1339.53
  15 0.145 20.482 1347.91
  16 0.155 21.34 1299.13
  17 0.165 21.828 1328.31
  18 0.175 21.866 1334.55
  19 0.185 21.864 1381.76
  20 0.195 21.748 1354.78
  21 0.205 21.576 1371.18
  22 0.215 21.578 1351.71
  23 0.225 21.314 1318.69
  24 0.235 20.548 1420.85
  25 0.245 20.272 1464.88
  26 0.255 20.038 1477.89
  27 0.265 20.354 1465.09
  28 0.275 20.71 1391.04
  29 0.285 20.782 1465.96
  30 0.295 20.986 1417.89
  31 0.305 21.484 1393.3
  32 0.315 21.664 1385.52
  33 0.325 21.688 1428.61
  34 0.335 21.648 1423.13
  35 0.345 21.462 1470.14
  36 0.355 20.962 1484.26
  37 0.365 20.9 1477.43
  38 0.375 20.592 1529.57
  39 0.385 21.194 1559.2
  40 0.395 20.854 1574.85
  41 0.405 21.09 1623.38
  42 0.415 21.184 1594.16
  43 0.425 21.512 1570.47
  44 0.435 21.558 1502.59
  45 0.445 21.694 1566.67
  46 0.455 21.32 1553.67
  47 0.465 21.132 1567.34
  48 0.475 21.084 1573.47
  49 0.485 20.598 1564.73
  50 0.495 20.32 1601.56
  51 0.505 20.318 1623.63
  52 0.515 20.09 1587.42
  53 0.525 20.466 1597.03
  54 0.535 21.108 1587.99
  55 0.545 21.494 1491.92
  56 0.555 21.608 1457.64
  57 0.565 21.656 1599.68
  58 0.575 21.816 1463.72
  59 0.585 21.72 1491.73
  60 0.595 21.538 1585.69
  61 0.605 20.392 1569.65
  62 0.615 20.06 1540.46
  63 0.625 20.086 1604.13
  64 0.635 20.838 1594.8
  65 0.645 21.36 1574.93
  66 0.655 21.794 1510.02
  67 0.665 21.92 1473.87
  68 0.675 21.634 1458.28
  69 0.685 21.646 1515.85
  70 0.695 21.41 1492.39
  71 0.705 21.216 1522.17
  72 0.715 20.812 1497.16
  73 0.725 19.974 1469.19
  74 0.735 20.196 1428.71
  75 0.745 20.312 1431.83
  76 0.755 20.536 1434.57
  77 0.765 20.762 1443.05
  78 0.775 21.302 1445.75
  79 0.785 21.498 1492.09
  80 0.795 21.536 1470.21
  81 0.805 21.734 1440.82
  82 0.815 21.65 1392.28
  83 0.825 21.45 1408.83
  84 0.835 20.918 1366.46
  85 0.845 20.806 1318.62
  86 0.855 21.074 1294.15
  87 0.865 21.06 1295.17
  88 0.875 21.198 1304.6
  89 0.885 20.984 1347.56
  90 0.895 21.248 1285.36
  91 0.905 21.52 1331.17
  92 0.915 21.474 1341.15
  93 0.925 21.736 1320.88
  94 0.935 21.676 1269.04
  95 0.945 21.512 1209.03
  96 0.955 21.262 1307.05
  97 0.965 21.218 1301.02
  98 0.975 20.968 1257.98
  99 0.985 20.852 1274.5
  100 0.995 20.476 1288.89
