# Chunk-averaged data for fix 3 and group all
# Timestep Number-of-chunks Total-count
# Chunk Coord1 Ncount v_temp
45000 100 2112.0000000000005
  1 0.005 19.12 640.588
  2 0.015 19.672 660.638
  3 0.025 20.958 673.604
  4 0.035 21.456 745.254
  5 0.045 21.438 770.795
  6 0.055 21.604 764.081
  7 0.065 21.564 788.548
  8 0.075 21.808 796.6
  9 0.085 21.994 751.644
  10 0.095 21.942 727.13
  11 0.105 21.762 713.769
  12 0.115 21.296 735.996
  13 0.125 19.772 757.082
  14 0.135 19.39 755.823
  15 0.145 20.13 750.516
  16 0.155 21.746 740.176
  17 0.165 21.938 779.398
  18 0.175 21.942 838.897
  19 0.185 21.886 823.073
  20 0.195 21.714 792.344
  21 0.205 21.61 839.089
  22 0.215 21.436 875.785
  23 0.225 21.474 886.183
  24 0.235 20.912 819.732
  25 0.245 19.744 843.578
  26 0.255 19.26 885.421
  27 0.265 19.61 933.262
  28 0.275 20.584 937.257
  29 0.285 21.372 899.951
  30 0.295 21.332 897.842
  31 0.305 21.636 861.468
  32 0.315 21.678 864.68
  33 0.325 21.9 879.319
  34 0.335 21.908 860.053
  35 0.345 21.9 874.109
  36 0.355 21.358 851.126
  37 0.365 20.328 886.712
  38 0.375 19.73 879.254
  39 0.385 20.084 871.461
  40 0.395 20.944 905.849
  41 0.405 21.628 891.538
  42 0.415 21.952 897.914
  43 0.425 21.882 919.096
  44 0.435 21.83 883.048
  45 0.445 21.546 880.726
  46 0.455 21.384 905.063
  47 0.465 21.412 906.52
  48 0.475 20.988 874.875
  49 0.485 20.024 925.894
  50 0.495 19.314 900.387
  51 0.505 19.574 938.293
  52 0.515 20.38 936.045
  53 0.525 21.364 935.297
  54 0.535 21.334 891.11
  55 0.545 21.648 848.661
  56 0.555 21.654 880.361
  57 0.565 21.81 859.855
  58 0.575 21.92 821.901
  59 0.585 21.952 811.231
  60 0.595 21.71 801.324
  61 0.605 20.412 826.875
  62 0.615 19.556 802.895
  63 0.625 19.588 807.436
  64 0.635 20.976 806.439
  65 0.645 21.862 783.943
  66 0.655 21.926 816.624
  67 0.665 21.906 814.371
  68 0.675 21.838 838.011
  69 0.685 21.7 821.642
  70 0.695 21.42 833.296
  71 0.705 21.456 849.195
  72 0.715 21.442 779.128
  73 0.725 20.656 834.129
  74 0.735 19.578 840.673
  75 0.745 18.9 788.597
  76 0.755 20.068 766.437
  77 0.765 21.046 799.622
  78 0.775 21.35 827.794
  79 0.785 21.626 771.097
  80 0.795 21.474 787.793
  81 0.805 21.722 764.435
  82 0.815 21.906 741.027
  83 0.825 21.94 731.863
  84 0.835 21.928 719.216
  85 0.845 21.582 755.354
  86 0.855 20.92 772.579
  87 0.865 20.008 806.876
  88 0.875 19.912 761.393
  89 0.885 20.368 763.016
  90 0.895 21.41 772.669
  91 0.905 21.834 787.569
  92 0.915 21.992 684.914
  93 0.925 21.91 672.716
  94 0.935 21.658 710.485
  95 0.945 21.892 727.445
  96 0.955 21.33 742.741
  97 0.965 21.504 675.67
  98 0.975 21.38 619.998
  99 0.985 20.744 696.236
  100 0.995 20.042 674.267
50000 100 2112
  1 0.005 19.094 653.497
  2 0.015 19.88 645.696
  3 0.025 21.314 657.439
  4 0.035 21.484 664.694
  5 0.045 21.53 616.565
  6 0.055 21.546 646.022
  7 0.065 21.674 686.039
  8 0.075 21.76 658.881
  9 0.085 22.008 731.755
  10 0.095 21.892 812.122
  11 0.105 21.854 791.378
  12 0.115 21.124 820.493
  13 0.125 19.832 789.849
  14 0.135 19.588 756.221
  15 0.145 20.4 818.87
  16 0.155 21.498 840.216
  17 0.165 21.772 836.364
  18 0.175 21.93 822.663
  19 0.185 21.878 814.898
  20 0.195 21.8 831.901
  21 0.205 21.544 824.454
  22 0.215 21.464 847.623
  23 0.225 21.338 874.181
  24 0.235 20.978 853.645
  25 0.245 19.734 893.668
  26 0.255 19.03 859.21
  27 0.265 19.542 892.591
  28 0.275 20.838 781.74
  29 0.285 21.384 822.436
  30 0.295 21.536 866.497
  31 0.305 21.49 898.881
  32 0.315 21.7 819.56
  33 0.325 21.888 845.258
  34 0.335 21.922 844.399
  35 0.345 21.896 865.403
  36 0.355 21.572 848.048
  37 0.365 20.21 841.662
  38 0.375 19.752 848.273
  39 0.385 19.99 904.282
  40 0.395 20.944 907.051
  41 0.405 21.674 920.741
  42 0.415 21.876 923.038
  43 0.425 21.896 948.053
  44 0.435 21.67 1013.95
  45 0.445 21.63 964.351
  46 0.455 21.438 953.887
  47 0.465 21.282 976.965
  48 0.475 20.69 982.16
  49 0.485 19.772 981.104
  50 0.495 19.236 981.271
  51 0.505 19.678 945.603
  52 0.515 20.798 888.006
  53 0.525 21.422 889.448
  54 0.535 21.372 907.406
  55 0.545 21.666 812.359
  56 0.555 21.67 804.73
  57 0.565 21.916 826.815
  58 0.575 21.97 837.988
  59 0.585 21.894 857.368
  60 0.595 21.71 843.003
  61 0.605 20.314 840.055
  62 0.615 19.57 823.599
  63 0.625 19.81 851.521
  64 0.635 20.946 841.063
  65 0.645 21.816 805.904
  66 0.655 21.888 813.022
  67 0.665 21.988 831.713
  68 0.675 21.772 813.464
  69 0.685 21.672 833.387
  70 0.695 21.58 808.222
  71 0.705 21.464 749.16
  72 0.715 21.452 757.092
  73 0.725 20.908 788.866
  74 0.735 19.72 789.466
  75 0.745 19.108 765.862
  76 0.755 19.766 790.303
  77 0.765 20.788 784.23
  78 0.775 21.336 766.401
  79 0.785 21.506 742.467
  80 0.795 21.61 765.659
  81 0.805 21.658 791.205
  82 0.815 21.77 773.195
  83 0.825 21.974 794.443
  84 0.835 21.902 782.876
  85 0.845 21.704 780.032
  86 0.855 21.04 803.333
  87 0.865 19.974 770.549
  88 0.875 19.538 776.353
  89 0.885 20.524 751.046
  90 0.895 21.362 720.921
  91 0.905 21.882 706.036
  92 0.915 21.99 697.251
  93 0.925 21.934 726.533
  94 0.935 21.674 765.344
  95 0.945 21.718 714.494
  96 0.955 21.464 715.577
  97 0.965 21.374 692.845
  98 0.975 21.29 679.155
  99 0.985 20.648 691.669
  100 0.995 19.696 643.626
55000 100 2111.9999999999995
  1 0.005 19.24 690.308
  2 0.015 19.858 709.048
  3 0.025 21.074 721.969
  4 0.035 21.454 723.909
  5 0.045 21.55 702.624
  6 0.055 21.508 712.803
  7 0.065 21.684 711.578
  8 0.075 21.838 716.607
  9 0.085 21.966 675.023
  10 0.095 21.982 690.382
  11 0.105 21.84 746.068
  12 0.115 21.074 780.592
  13 0.125 19.972 793.26
  14 0.135 19.564 782.89
  15 0.145 20.268 824.192
  16 0.155 21.53 827.527
  17 0.165 21.734 822.203
  18 0.175 21.944 805.99
  19 0.185 21.882 792.658
  20 0.195 21.752 800.956
  21 0.205 21.514 779.426
  22 0.215 21.544 814.808
  23 0.225 21.448 812.048
  24 0.235 21.118 819.151
  25 0.245 19.834 843.746
  26 0.255 19.026 813.873
  27 0.265 19.606 807.864
  28 0.275 20.652 809.779
  29 0.285 21.334 874.743
  30 0.295 21.416 840.75
  31 0.305 21.46 879.517
  32 0.315 21.73 859.03
  33 0.325 21.848 833.013
  34 0.335 21.904 846.169
  35 0.345 21.972 857.147
  36 0.355 21.486 876.714
  37 0.365 20.376 921.375
  38 0.375 19.836 908.967
  39 0.385 19.74 932.648
  40 0.395 21.06 937.795
  41 0.405 21.604 972.164
  42 0.415 21.886 983.726
  43 0.425 21.882 959.453
  44 0.435 21.692 975.575
  45 0.445 21.658 969.953
  46 0.455 21.4 934.647
  47 0.465 21.188 916.954
  48 0.475 21.01 890.938
  49 0.485 19.996 905.25
  50 0.495 19.232 890.32
  51 0.505 19.65 910.087
  52 0.515 20.53 888.946
  53 0.525 21.324 859.303
  54 0.535 21.452 873.721
  55 0.545 21.588 881.154
  56 0.555 21.594 892.977
  57 0.565 21.912 855.618
  58 0.575 21.942 836.083
  59 0.585 21.946 833.3
  60 0.595 21.672 816.404
  61 0.605 20.76 847.685
  62 0.615 19.286 875.092
  63 0.625 19.948 874.248
  64 0.635 20.758 904.687
  65 0.645 21.72 896.303
  66 0.655 21.858 891.972
  67 0.665 21.976 798.957
  68 0.675 21.838 863.202
  69 0.685 21.652 861.068
  70 0.695 21.354 832.72
  71 0.705 21.628 789.719
  72 0.715 21.33 777.25
  73 0.725 20.756 788.004
  74 0.735 19.334 792.68
  75 0.745 19.044 790.977
  76 0.755 19.984 809.021
  77 0.765 21.078 771.975
  78 0.775 21.53 761.263
  79 0.785 21.36 798.376
  80 0.795 21.694 797.634
  81 0.805 21.636 786.422
  82 0.815 21.944 769.925
  83 0.825 21.94 748.911
  84 0.835 21.914 761.105
  85 0.845 21.73 730.809
  86 0.855 20.978 705.845
  87 0.865 19.544 740.34
  88 0.875 19.898 699.385
  89 0.885 20.562 740.738
  90 0.895 21.458 766.516
  91 0.905 21.902 729.031
  92 0.915 21.942 748.294
  93 0.925 21.844 741.843
  94 0.935 21.786 706.581
  95 0.945 21.652 678.64
  96 0.955 21.57 672.432
  97 0.965 21.406 669.937
  98 0.975 21.29 674.804
  99 0.985 20.62 640.392
  100 0.995 19.72 654.174
60000 100 2112.0000000000005
  1 0.005 19.388 724.835
  2 0.015 20.24 722.165
  3 0.025 20.962 733.216
  4 0.035 21.448 731.205
  5 0.045 21.572 716.345
  6 0.055 21.482 711.364
  7 0.065 21.692 677.619
  8 0.075 21.97 707.525
  9 0.085 21.906 757.128
  10 0.095 21.96 759.949
  11 0.105 21.658 769.412
  12 0.115 20.868 741.142
  13 0.125 19.602 769.817
  14 0.135 19.65 722.139
  15 0.145 20.756 724.867
  16 0.155 21.578 735.474
  17 0.165 21.916 748.175
  18 0.175 21.996 748.742
  19 0.185 21.848 787.429
  20 0.195 21.756 759.917
  21 0.205 21.668 732.096
  22 0.215 21.436 785.386
  23 0.225 21.406 841.479
  24 0.235 21.03 883.334
  25 0.245 20.06 899.627
  26 0.255 19.3 859.76
  27 0.265 19.532 834.406
  28 0.275 20.392 814.089
  29 0.285 21.27 808.778
  30 0.295 21.466 802.207
  31 0.305 21.606 891.022
  32 0.315 21.512 880.81
  33 0.325 21.832 882.059
  34 0.335 21.936 865.49
  35 0.345 21.936 866.155
  36 0.355 21.716 855.841
  37 0.365 20.846 893.426
  38 0.375 19.862 946.769
  39 0.385 19.702 962.523
  40 0.395 20.56 974.211
  41 0.405 21.524 944.027
  42 0.415 21.792 930.452
  43 0.425 21.804 880.598
  44 0.435 21.912 899.719
  45 0.445 21.7 884.643
  46 0.455 21.354 924.296
  47 0.465 21.338 906.558
  48 0.475 21.03 946.179
  49 0.485 20.286 898.661
  50 0.495 19.626 875.82
  51 0.505 19.238 900.974
  52 0.515 20.316 881.593
  53 0.525 21.114 946.364
  54 0.535 21.5 888.005
  55 0.545 21.434 868.748
  56 0.555 21.654 874.409
  57 0.565 21.804 920.955
  58 0.575 21.96 897.795
  59 0.585 21.91 905.053
  60 0.595 21.496 883.437
  61 0.605 20.446 923.792
  62 0.615 19.804 897.835
  63 0.625 19.718 860.211
  64 0.635 20.978 915.199
  65 0.645 21.656 859.922
  66 0.655 21.9 835.862
  67 0.665 21.936 834.051
  68 0.675 21.814 845.24
  69 0.685 21.56 852.905
  70 0.695 21.568 787.739
  71 0.705 21.414 809.369
  72 0.715 21.242 803.61
  73 0.725 20.276 817.946
  74 0.735 19.24 859.466
  75 0.745 19.454 778.78
  76 0.755 20.312 730.756
  77 0.765 21.068 787.312
  78 0.775 21.468 771.983
  79 0.785 21.578 733.557
  80 0.795 21.508 743.717
  81 0.805 21.812 747.763
  82 0.815 21.93 767.435
  83 0.825 21.848 783.863
  84 0.835 21.898 781.764
  85 0.845 21.662 785.556
  86 0.855 20.384 741.372
  87 0.865 19.964 730.379
  88 0.875 19.848 729.57
  89 0.885 20.794 694.078
  90 0.895 21.582 693.414
  91 0.905 21.88 725.817
  92 0.915 21.898 725.031
  93 0.925 21.902 691.054
  94 0.935 21.826 725.828
  95 0.945 21.634 683.536
  96 0.955 21.488 694.723
  97 0.965 21.414 722.737
  98 0.975 21.158 688.087
  99 0.985 20.51 704.69
  100 0.995 19.52 708.131
65000 100 2112
  1 0.005 19.65 670.673
  2 0.015 20.314 691.171
  3 0.025 21.372 703.251
  4 0.035 21.366 725.997
  5 0.045 21.49 732.152
  6 0.055 21.682 741.765
  7 0.065 21.608 719.996
  8 0.075 21.952 699.426
  9 0.085 21.964 707.557
  10 0.095 21.968 735.536
  11 0.105 21.762 703.375
  12 0.115 21.244 714.534
  13 0.125 19.804 708.879
  14 0.135 19.424 759.024
  15 0.145 20.372 792.022
  16 0.155 21.48 770.947
  17 0.165 21.962 784.081
  18 0.175 21.948 774.558
  19 0.185 21.82 774.535
  20 0.195 21.754 764.219
  21 0.205 21.632 759.256
  22 0.215 21.55 752.036
  23 0.225 21.446 810.88
  24 0.235 21.114 822.988
  25 0.245 20.242 818.918
  26 0.255 19.344 831.327
  27 0.265 19.376 823.161
  28 0.275 20.378 805.744
  29 0.285 21.122 848.766
  30 0.295 21.458 827.259
  31 0.305 21.516 828.587
  32 0.315 21.664 853.78
  33 0.325 21.732 868.25
  34 0.335 21.908 853.442
  35 0.345 21.974 893.386
  36 0.355 21.756 861.785
  37 0.365 20.812 886.258
  38 0.375 20.136 867.465
  39 0.385 19.73 892.592
  40 0.395 20.324 920.336
  41 0.405 21.324 941.515
  42 0.415 21.896 858.185
  43 0.425 21.886 899.097
  44 0.435 21.834 961.502
  45 0.445 21.602 980.275
  46 0.455 21.448 1030.04
  47 0.465 21.318 980.718
  48 0.475 21 986.413
  49 0.485 20.23 981.593
  50 0.495 19.268 994.011
  51 0.505 19.4 1034.79
  52 0.515 20.4 968.957
  53 0.525 21.16 1009.06
  54 0.535 21.434 921.585
  55 0.545 21.646 910.164
  56 0.555 21.63 867.513
  57 0.565 21.798 836.4
  58 0.575 21.966 803.351
  59 0.585 21.904 870.653
  60 0.595 21.546 815.661
  61 0.605 20.608 818.295
  62 0.615 19.5 832.721
  63 0.625 19.774 811.696
  64 0.635 20.894 801.617
  65 0.645 21.834 808.624
  66 0.655 21.93 832.494
  67 0.665 21.926 810.892
  68 0.675 21.852 819.673
  69 0.685 21.688 850.209
  70 0.695 21.482 841.65
  71 0.705 21.462 822.725
  72 0.715 21.232 767.974
  73 0.725 20.734 775.952
  74 0.735 19.622 780.683
  75 0.745 19.262 797.241
  76 0.755 20.018 770.702
  77 0.765 20.856 760.688
  78 0.775 21.326 780.207
  79 0.785 21.478 732.037
  80 0.795 21.56 731.874
  81 0.805 21.726 733.858
  82 0.815 21.864 781.99
  83 0.825 21.948 764.702
  84 0.835 21.914 747.816
  85 0.845 21.538 804.644
  86 0.855 20.434 846.597
  87 0.865 19.846 804.767
  88 0.875 19.81 769.532
  89 0.885 20.996 751.97
  90 0.895 21.54 767.169
  91 0.905 21.9 750.885
  92 0.915 21.878 737.515
  93 0.925 21.876 686.627
  94 0.935 21.634 719.788
  95 0.945 21.65 723.918
  96 0.955 21.482 770.66
  97 0.965 21.362 778.288
  98 0.975 20.884 721.434
  99 0.985 20.262 701.133
  100 0.995 19.578 671.367
70000 100 2111.9999999999995
  1 0.005 19.408 681.641
  2 0.015 20.112 701.184
  3 0.025 21.026 681.961
  4 0.035 21.38 697.953
  5 0.045 21.504 697.579
  6 0.055 21.594 697.886
  7 0.065 21.628 702.959
  8 0.075 21.93 675.767
  9 0.085 21.998 716.224
  10 0.095 21.942 720.532
  11 0.105 21.62 755.726
  12 0.115 20.978 721.249
  13 0.125 19.74 768.786
  14 0.135 19.508 758.217
  15 0.145 20.484 773.915
  16 0.155 21.776 767.82
  17 0.165 21.912 778.828
  18 0.175 21.974 731.279
  19 0.185 21.862 751.824
  20 0.195 21.71 759.551
  21 0.205 21.642 727.94
  22 0.215 21.484 738.902
  23 0.225 21.442 747.107
  24 0.235 21.042 783.099
  25 0.245 20.258 766.903
  26 0.255 19.136 806.429
  27 0.265 19.498 778.231
  28 0.275 20.474 815.989
  29 0.285 21.136 830.522
  30 0.295 21.53 809.481
  31 0.305 21.562 848.136
  32 0.315 21.624 880.349
  33 0.325 21.808 895.034
  34 0.335 21.856 940.882
  35 0.345 21.868 900.484
  36 0.355 21.56 916.477
  37 0.365 20.766 879.458
  38 0.375 19.774 841.304
  39 0.385 20.082 868.76
  40 0.395 20.494 922.686
  41 0.405 21.556 971.82
  42 0.415 21.796 990.464
  43 0.425 21.916 910.226
  44 0.435 21.784 972.384
  45 0.445 21.612 981.673
  46 0.455 21.478 966.371
  47 0.465 21.382 972.59
  48 0.475 21.136 989.1
  49 0.485 19.962 983.532
  50 0.495 19.32 961.403
  51 0.505 19.422 1019.71
  52 0.515 20.412 1000.11
  53 0.525 21.198 1019.11
  54 0.535 21.472 965.657
  55 0.545 21.552 917.538
  56 0.555 21.694 882.258
  57 0.565 21.814 887.612
  58 0.575 21.924 916.271
  59 0.585 21.89 893.693
  60 0.595 21.424 870.378
  61 0.605 20.342 835.356
  62 0.615 19.316 825.77
  63 0.625 20 819.505
  64 0.635 21.282 851.944
  65 0.645 21.724 827.245
  66 0.655 21.97 811.112
  67 0.665 21.952 807.135
  68 0.675 21.81 774.909
  69 0.685 21.656 759.823
  70 0.695 21.406 768.06
  71 0.705 21.558 796.38
  72 0.715 21.24 820.755
  73 0.725 20.436 830.345
  74 0.735 19.644 749.656
  75 0.745 19.362 743.108
  76 0.755 20.076 737.929
  77 0.765 20.99 760.955
  78 0.775 21.394 789.215
  79 0.785 21.44 809.259
  80 0.795 21.624 817.13
  81 0.805 21.694 789.755
  82 0.815 21.816 797.992
  83 0.825 21.992 791.429
  84 0.835 21.828 740.295
  85 0.845 21.578 760.642
  86 0.855 20.868 765.225
  87 0.865 19.93 748.364
  88 0.875 19.98 702.951
  89 0.885 20.5 741.629
  90 0.895 21.498 728.4
  91 0.905 21.764 753.138
  92 0.915 21.95 777.232
  93 0.925 21.848 760.685
  94 0.935 21.794 743.828
  95 0.945 21.698 743.28
  96 0.955 21.404 713.997
  97 0.965 21.368 746.1
  98 0.975 21.256 723.246
  99 0.985 20.514 715.883
  100 0.995 19.632 672.346
75000 100 2112
  1 0.005 19.092 676.075
  2 0.015 20.348 693.253
  3 0.025 21.222 689.031
  4 0.035 21.644 697.927
  5 0.045 21.462 687.57
  6 0.055 21.5 735.61
  7 0.065 21.702 714.678
  8 0.075 21.87 703.958
  9 0.085 21.982 699.269
  10 0.095 21.99 682.632
  11 0.105 21.72 731.986
  12 0.115 20.906 741.116
  13 0.125 19.8 751.079
  14 0.135 19.35 765.491
  15 0.145 20.576 754.729
  16 0.155 21.698 741.87
  17 0.165 21.938 715.445
  18 0.175 21.98 679.844
  19 0.185 21.964 693.202
  20 0.195 21.732 742.559
  21 0.205 21.46 768.714
  22 0.215 21.59 757.662
  23 0.225 21.498 768.52
  24 0.235 21.134 821.488
  25 0.245 20.228 808.76
  26 0.255 19.148 812.174
  27 0.265 19.302 790.477
  28 0.275 20.422 786.191
  29 0.285 21.31 788.09
  30 0.295 21.368 855.301
  31 0.305 21.574 870.662
  32 0.315 21.624 857.995
  33 0.325 21.812 856.587
  34 0.335 21.93 889.714
  35 0.345 21.832 883.025
  36 0.355 21.678 848.734
  37 0.365 20.602 858.843
  38 0.375 19.798 868.807
  39 0.385 19.94 904.785
  40 0.395 20.786 888.18
  41 0.405 21.418 903.791
  42 0.415 21.828 961.272
  43 0.425 21.838 966.674
  44 0.435 21.86 957.706
  45 0.445 21.606 933.087
  46 0.455 21.52 932.871
  47 0.465 21.302 948.685
  48 0.475 21.032 972.906
  49 0.485 20.086 940.637
  50 0.495 19.268 954.492
  51 0.505 19.41 988.689
  52 0.515 20.548 987.955
  53 0.525 21.148 1014.59
  54 0.535 21.43 1010.16
  55 0.545 21.494 1000.75
  56 0.555 21.76 918.097
  57 0.565 21.846 895.614
  58 0.575 21.91 920.984
  59 0.585 21.86 873.275
  60 0.595 21.592 887.145
  61 0.605 20.368 908.337
  62 0.615 19.41 929.655
  63 0.625 19.854 889.694
  64 0.635 21.098 854.481
  65 0.645 21.802 857.832
  66 0.655 21.988 825.502
  67 0.665 21.904 831.71
  68 0.675 21.858 794.344
  69 0.685 21.576 788.556
  70 0.695 21.722 761.183
  71 0.705 21.374 780.452
  72 0.715 21.218 846.625
  73 0.725 20.64 842.738
  74 0.735 19.682 839.686
  75 0.745 19.212 792.444
  76 0.755 19.908 828.758
  77 0.765 21.016 808.967
  78 0.775 21.4 823.813
  79 0.785 21.42 800.368
  80 0.795 21.622 799.049
  81 0.805 21.68 772.262
  82 0.815 21.858 747.958
  83 0.825 21.912 766.933
  84 0.835 21.926 759.053
  85 0.845 21.65 757.55
  86 0.855 20.668 690.603
  87 0.865 19.76 723.382
  88 0.875 20.018 710.919
  89 0.885 20.51 731.404
  90 0.895 21.524 760.805
  91 0.905 21.94 760.265
  92 0.915 21.974 715.165
  93 0.925 21.846 712.721
  94 0.935 21.814 736.239
  95 0.945 21.598 742.073
  96 0.955 21.474 742.655
  97 0.965 21.488 705.147
  98 0.975 21.31 712.45
  99 0.985 20.494 701.827
  100 0.995 19.216 671.22
80000 100 2112
  1 0.005 19.288 658.076
  2 0.015 20.284 675.601
  3 0.025 21.37 646.332
  4 0.035 21.502 675.505
  5 0.045 21.494 663.822
  6 0.055 21.54 671.774
  7 0.065 21.722 664.349
  8 0.075 21.892 661.315
  9 0.085 21.938 694.294
  10 0.095 21.978 742.872
  11 0.105 21.778 722.545
  12 0.115 21.146 751.97
  13 0.125 19.73 736.433
  14 0.135 19.298 734.18
  15 0.145 20.578 767.202
  16 0.155 21.604 741.914
  17 0.165 21.878 762.846
  18 0.175 21.97 748.865
  19 0.185 21.936 720.762
  20 0.195 21.794 777.701
  21 0.205 21.5 770.675
  22 0.215 21.45 760.742
  23 0.225 21.534 774.653
  24 0.235 21.2 809.836
  25 0.245 20.194 816.652
  26 0.255 19.368 761.671
  27 0.265 19.34 838.579
  28 0.275 20.25 814.057
  29 0.285 21.296 797.686
  30 0.295 21.34 810.562
  31 0.305 21.508 816.609
  32 0.315 21.752 852.676
  33 0.325 21.7 910.114
  34 0.335 21.938 895.448
  35 0.345 21.912 894.269
  36 0.355 21.758 892.617
  37 0.365 21.042 894.553
  38 0.375 20.116 903.995
  39 0.385 19.5 933.415
  40 0.395 20.4 921.746
  41 0.405 21.382 954.897
  42 0.415 21.8 951.71
  43 0.425 21.946 930.455
  44 0.435 21.802 976.155
  45 0.445 21.572 958.501
  46 0.455 21.626 890.029
  47 0.465 21.29 906.094
  48 0.475 21.124 988.844
  49 0.485 20.408 976.697
  50 0.495 19.094 1031.03
  51 0.505 19.29 1019.77
  52 0.515 20.332 1004.69
  53 0.525 21.09 982.495
  54 0.535 21.54 944.391
  55 0.545 21.496 935.068
  56 0.555 21.652 893.543
  57 0.565 21.86 898.322
  58 0.575 21.906 914.661
  59 0.585 21.87 871.615
  60 0.595 21.532 832.462
  61 0.605 20.52 850.232
  62 0.615 19.37 798.504
  63 0.625 19.642 854.393
  64 0.635 21.262 869.724
  65 0.645 21.82 881.071
  66 0.655 21.934 905.73
  67 0.665 21.952 877.737
  68 0.675 21.748 888.976
  69 0.685 21.654 838.098
  70 0.695 21.51 778.774
  71 0.705 21.424 810.31
  72 0.715 21.24 804.706
  73 0.725 20.492 770.703
  74 0.735 19.306 789.212
  75 0.745 19.254 816.798
  76 0.755 20.164 829.294
  77 0.765 21.214 853.046
  78 0.775 21.418 826.094
  79 0.785 21.462 862.554
  80 0.795 21.65 753.935
  81 0.805 21.736 767.791
  82 0.815 21.888 729.058
  83 0.825 21.954 727.4
  84 0.835 21.866 747.637
  85 0.845 21.482 749.994
  86 0.855 20.454 791.247
  87 0.865 19.872 796.101
  88 0.875 19.854 779.702
  89 0.885 20.948 757.939
  90 0.895 21.58 736.842
  91 0.905 21.904 764.542
  92 0.915 21.952 768.644
  93 0.925 21.89 734.421
  94 0.935 21.732 725.348
  95 0.945 21.506 760.576
  96 0.955 21.524 672.152
  97 0.965 21.47 656.047
  98 0.975 21.27 665.95
  99 0.985 20.476 654.047
  100 0.995 19.176 641.865
85000 100 2112
  1 0.005 19.576 669.524
  2 0.015 20.526 668.83
  3 0.025 21.316 689.742
  4 0.035 21.592 661.579
  5 0.045 21.496 684.41
  6 0.055 21.602 661.19
  7 0.065 21.662 652.399
  8 0.075 21.978 640.171
  9 0.085 21.948 702.175
  10 0.095 21.906 715.14
  11 0.105 21.85 698.834
  12 0.115 21.202 702.052
  13 0.125 20.066 713.202
  14 0.135 19.178 736.43
  15 0.145 20.474 755.151
  16 0.155 21.474 762.53
  17 0.165 21.85 748.402
  18 0.175 21.928 736.707
  19 0.185 21.922 793.1
  20 0.195 21.758 786.549
  21 0.205 21.674 799.986
  22 0.215 21.494 807.681
  23 0.225 21.414 808.945
  24 0.235 21.214 815.443
  25 0.245 20.356 839.754
  26 0.255 19.42 839.446
  27 0.265 19.322 806.213
  28 0.275 20.284 798.88
  29 0.285 21.012 782.632
  30 0.295 21.484 802.762
  31 0.305 21.478 816.295
  32 0.315 21.69 809.796
  33 0.325 21.688 847.433
  34 0.335 21.934 850.681
  35 0.345 21.862 875.672
  36 0.355 21.746 933.553
  37 0.365 20.946 930.66
  38 0.375 20.326 898.819
  39 0.385 19.518 902.736
  40 0.395 20.428 966.902
  41 0.405 21.298 989.629
  42 0.415 21.712 919.867
  43 0.425 21.972 930.718
  44 0.435 21.804 890.399
  45 0.445 21.764 890.562
  46 0.455 21.43 932.936
  47 0.465 21.412 973.335
  48 0.475 21.014 1008.09
  49 0.485 20.516 1005.87
  50 0.495 19.34 1002.79
  51 0.505 19.134 1003.58
  52 0.515 20.186 1031.32
  53 0.525 21.208 980.178
  54 0.535 21.438 985.603
  55 0.545 21.43 939.485
  56 0.555 21.724 902.252
  57 0.565 21.738 904.543
  58 0.575 21.968 861.484
  59 0.585 21.922 875.856
  60 0.595 21.53 879.211
  61 0.605 20.66 883.553
  62 0.615 19.356 876.796
  63 0.625 19.906 841.513
  64 0.635 20.848 913.179
  65 0.645 21.806 871.817
  66 0.655 21.938 849.964
  67 0.665 21.92 839.993
  68 0.675 21.76 859.888
  69 0.685 21.638 827.322
  70 0.695 21.448 816.721
  71 0.705 21.424 818.746
  72 0.715 21.208 817.571
  73 0.725 20.334 836.987
  74 0.735 19.048 800.14
  75 0.745 19.43 797.428
  76 0.755 20.418 790.811
  77 0.765 21.13 807.08
  78 0.775 21.534 760.588
  79 0.785 21.474 785.035
  80 0.795 21.552 776.547
  81 0.805 21.926 787.235
  82 0.815 21.786 760.364
  83 0.825 21.984 766.187
  84 0.835 21.78 772.126
  85 0.845 21.08 796.854
  86 0.855 20.404 765.526
  87 0.865 19.908 744.166
  88 0.875 20.166 780.771
  89 0.885 21.036 756.876
  90 0.895 21.73 744.995
  91 0.905 21.874 754.624
  92 0.915 21.94 694.249
  93 0.925 21.794 701.352
  94 0.935 21.656 719.982
  95 0.945 21.606 703.011
  96 0.955 21.444 698.156
  97 0.965 21.428 692.482
  98 0.975 21.056 695.601
  99 0.985 20.02 712.063
  100 0.995 19.416 666.185
90000 100 2112
  1 0.005 19.562 680.649
  2 0.015 20.392 675.685
  3 0.025 21.418 669.911
  4 0.035 21.446 678.046
  5 0.045 21.492 713.053
  6 0.055 21.612 633.404
  7 0.065 21.714 660.342
  8 0.075 21.896 686.721
  9 0.085 21.942 729.38
  10 0.095 21.978 674.646
  11 0.105 21.766 658.837
  12 0.115 21.242 662.843
  13 0.125 19.654 682.792
  14 0.135 19.236 722.671
  15 0.145 20.736 733.844
  16 0.155 21.542 732.008
  17 0.165 21.856 741.145
  18 0.175 21.982 755.485
  19 0.185 21.91 706.004
  20 0.195 21.76 737.69
  21 0.205 21.626 780.868
  22 0.215 21.484 779.423
  23 0.225 21.532 771.625
  24 0.235 21.218 767.102
  25 0.245 20.4 789.775
  26 0.255 19.468 804.328
  27 0.265 19.406 815.986
  28 0.275 20.144 786.312
  29 0.285 20.986 812.679
  30 0.295 21.514 834.606
  31 0.305 21.364 819.13
  32 0.315 21.702 794.997
  33 0.325 21.728 802.178
  34 0.335 21.804 894.105
  35 0.345 21.928 941.116
  36 0.355 21.634 956.246
  37 0.365 21.138 900.564
  38 0.375 20.372 912.065
  39 0.385 19.55 938.903
  40 0.395 20.302 950.479
  41 0.405 21.184 921.808
  42 0.415 21.886 905.993
  43 0.425 21.884 912.411
  44 0.435 21.82 955.934
  45 0.445 21.62 978.311
  46 0.455 21.68 948.741
  47 0.465 21.264 1011.91
  48 0.475 21.072 1016.49
  49 0.485 20.126 1092.62
  50 0.495 19.26 1018.45
  51 0.505 19.114 983.663
  52 0.515 20.622 960.247
  53 0.525 21.072 982.156
  54 0.535 21.5 967.069
  55 0.545 21.5 993.274
  56 0.555 21.69 937.049
  57 0.565 21.846 931.805
  58 0.575 21.894 888.212
  59 0.585 21.93 862.895
  60 0.595 21.406 869.157
  61 0.605 20.384 895.991
  62 0.615 19.198 904.839
  63 0.625 20.042 884.989
  64 0.635 21.194 840.528
  65 0.645 21.876 811.614
  66 0.655 21.984 764.68
  67 0.665 21.884 808.17
  68 0.675 21.808 826.811
  69 0.685 21.606 837.479
  70 0.695 21.464 853.616
  71 0.705 21.524 862.174
  72 0.715 21.202 850.019
  73 0.725 20.426 835.291
  74 0.735 19.438 806.16
  75 0.745 19.264 811.729
  76 0.755 20.156 776.022
  77 0.765 21.19 789.12
  78 0.775 21.366 785.061
  79 0.785 21.49 807.56
  80 0.795 21.578 777.42
  81 0.805 21.774 792.649
  82 0.815 21.916 800.009
  83 0.825 21.876 803.897
  84 0.835 21.914 771.202
  85 0.845 21.294 798.91
  86 0.855 20.52 822.94
  87 0.865 19.682 818.346
  88 0.875 20.196 800.178
  89 0.885 20.834 765.994
  90 0.895 21.678 742.505
  91 0.905 21.904 761.907
  92 0.915 21.93 762.04
  93 0.925 21.788 732.499
  94 0.935 21.674 705.135
  95 0.945 21.712 669.414
  96 0.955 21.426 686.02
  97 0.965 21.514 660.57
  98 0.975 21.1 668.017
  99 0.985 20.208 662.297
  100 0.995 19.18 690.086
95000 100 2112
  1 0.005 19.45 604.06
  2 0.015 20.15 588.082
  3 0.025 21.234 655.582
  4 0.035 21.62 659.462
  5 0.045 21.506 681.142
  6 0.055 21.514 687.553
  7 0.065 21.746 698.241
  8 0.075 21.826 706.41
  9 0.085 21.994 708.48
  10 0.095 21.928 686.843
  11 0.105 21.702 703.415
  12 0.115 20.914 717.275
  13 0.125 19.768 721.012
  14 0.135 19.256 797.342
  15 0.145 20.728 789.461
  16 0.155 21.712 787.205
  17 0.165 21.962 792.664
  18 0.175 21.924 728.521
  19 0.185 21.92 750.483
  20 0.195 21.688 722.86
  21 0.205 21.662 708.521
  22 0.215 21.398 746.571
  23 0.225 21.462 725.392
  24 0.235 21.016 751.772
  25 0.245 20.22 726.533
  26 0.255 19.482 722.381
  27 0.265 19.52 760.574
  28 0.275 20.35 776.909
  29 0.285 21.136 854.318
  30 0.295 21.358 864.447
  31 0.305 21.586 866.186
  32 0.315 21.646 869.181
  33 0.325 21.78 907.216
  34 0.335 21.834 898.783
  35 0.345 21.848 861.41
  36 0.355 21.402 917.904
  37 0.365 20.684 916.483
  38 0.375 20.172 875.211
  39 0.385 20.32 878.935
  40 0.395 20.57 893.87
  41 0.405 21.334 907.974
  42 0.415 21.668 939.408
  43 0.425 21.85 942.24
  44 0.435 21.828 937.311
  45 0.445 21.688 946.014
  46 0.455 21.458 994.44
  47 0.465 21.348 977.418
  48 0.475 21.122 911.785
  49 0.485 20.318 934.363
  50 0.495 19.624 948.935
  51 0.505 19.35 916.123
  52 0.515 20.114 976.818
  53 0.525 21.13 963.573
  54 0.535 21.378 1021.66
  55 0.545 21.546 1001.41
  56 0.555 21.518 1029.47
  57 0.565 21.822 1054.73
  58 0.575 21.902 964.464
  59 0.585 21.954 908.548
  60 0.595 21.42 917.941
  61 0.605 20.57 929.614
  62 0.615 19.276 925.116
  63 0.625 19.862 917.511
  64 0.635 21.168 871.791
  65 0.645 21.83 838.599
  66 0.655 21.948 804.111
  67 0.665 21.886 821.551
  68 0.675 21.768 814.212
  69 0.685 21.706 789.271
  70 0.695 21.46 791.302
  71 0.705 21.504 770.547
  72 0.715 21.308 778.739
  73 0.725 20.712 763.84
  74 0.735 19.46 787.615
  75 0.745 19.382 788.679
  76 0.755 20.12 791.625
  77 0.765 20.866 810.517
  78 0.775 21.368 833.107
  79 0.785 21.378 833.019
  80 0.795 21.61 822.888
  81 0.805 21.768 832.342
  82 0.815 21.75 836.266
  83 0.825 21.966 801.789
  84 0.835 21.718 808.406
  85 0.845 21.228 842.431
  86 0.855 20.78 781
  87 0.865 20.456 752.968
  88 0.875 19.924 731.807
  89 0.885 20.624 762.381
  90 0.895 21.41 737.453
  91 0.905 21.838 713.58
  92 0.915 21.884 687.662
  93 0.925 21.888 747.911
  94 0.935 21.704 754.422
  95 0.945 21.608 736.139
  96 0.955 21.528 731.739
  97 0.965 21.414 676.515
  98 0.975 20.906 720.328
  99 0.985 20.484 662.586
  100 0.995 19.58 655.586
100000 100 2112.0000000000005
  1 0.005 19.622 622.236
  2 0.015 20.404 614.288
  3 0.025 21.284 611.726
  4 0.035 21.684 632.555
  5 0.045 21.398 680.789
  6 0.055 21.456 683.742
  7 0.065 21.808 673.097
  8 0.075 21.916 654.96
  9 0.085 21.956 681.5
  10 0.095 21.972 714.789
  11 0.105 21.806 777.893
  12 0.115 21.074 762.85
  13 0.125 19.666 742.973
  14 0.135 19.494 765.175
  15 0.145 20.428 772.323
  16 0.155 21.654 745.389
  17 0.165 21.904 767.295
  18 0.175 21.962 746.601
  19 0.185 21.878 748.547
  20 0.195 21.694 730.648
  21 0.205 21.65 730.967
  22 0.215 21.478 763.769
  23 0.225 21.436 751.192
  24 0.235 21.04 754.856
  25 0.245 20.2 780.517
  26 0.255 19.412 759.126
  27 0.265 19.692 774.633
  28 0.275 20.282 781.285
  29 0.285 21.03 816.684
  30 0.295 21.428 814.917
  31 0.305 21.598 834.614
  32 0.315 21.548 825.868
  33 0.325 21.856 883.863
  34 0.335 21.866 862.591
  35 0.345 21.82 892.224
  36 0.355 21.334 919.883
  37 0.365 20.756 862.336
  38 0.375 20.158 871.687
  39 0.385 20.132 879.698
  40 0.395 20.628 880.185
  41 0.405 21.392 862.156
  42 0.415 21.748 891.447
  43 0.425 21.736 912.52
  44 0.435 21.842 903.595
  45 0.445 21.754 963.602
  46 0.455 21.462 985.389
  47 0.465 21.396 976.565
  48 0.475 20.942 989.599
  49 0.485 20.098 1010.86
  50 0.495 19.614 1056.41
  51 0.505 19.388 981.213
  52 0.515 20.26 966.146
  53 0.525 21.134 969.618
  54 0.535 21.528 978.944
  55 0.545 21.416 1052.52
  56 0.555 21.688 1015.8
  57 0.565 21.784 981.968
  58 0.575 21.974 980.314
  59 0.585 21.892 945.14
  60 0.595 21.684 946.805
  61 0.605 20.462 969.468
  62 0.615 19.44 897.187
  63 0.625 19.604 893.515
  64 0.635 21.1 901.773
  65 0.645 21.832 886.857
  66 0.655 21.906 891.067
  67 0.665 21.942 794.009
  68 0.675 21.84 779.927
  69 0.685 21.624 800.791
  70 0.695 21.526 827.274
  71 0.705 21.498 835.816
  72 0.715 21.282 767.524
  73 0.725 20.712 783.707
  74 0.735 19.636 772.432
  75 0.745 19.476 788.833
  76 0.755 19.86 805.033
  77 0.765 20.778 862.715
  78 0.775 21.244 829.293
  79 0.785 21.694 841.748
  80 0.795 21.438 858.866
  81 0.805 21.734 837.73
  82 0.815 21.868 857.324
  83 0.825 21.794 821.122
  84 0.835 21.74 766.735
  85 0.845 21.256 753.414
  86 0.855 20.672 724.647
  87 0.865 20.196 688.45
  88 0.875 20.062 645.707
  89 0.885 20.746 691.541
  90 0.895 21.616 734.501
  91 0.905 21.808 739.205
  92 0.915 21.874 758.068
  93 0.925 21.838 751.429
  94 0.935 21.642 773.592
  95 0.945 21.622 732.611
  96 0.955 21.584 683.462
  97 0.965 21.362 692.505
  98 0.975 20.952 682.051
  99 0.985 20.26 659.323
  100 0.995 19.344 627.809
105000 100 2112.0000000000005
  1 0.005 19.522 642.949
  2 0.015 20.658 633.525
  3 0.025 21.226 623.394
  4 0.035 21.398 623.622
  5 0.045 21.54 631.581
  6 0.055 21.606 628.601
  7 0.065 21.694 671.712
  8 0.075 21.944 679.72
  9 0.085 21.862 760.905
  10 0.095 22.002 761.535
  11 0.105 21.786 784.465
  12 0.115 21.126 757.469
  13 0.125 19.65 744.987
  14 0.135 19.192 757.572
  15 0.145 20.75 727.768
  16 0.155 21.606 708.044
  17 0.165 21.928 741.915
  18 0.175 21.942 767.628
  19 0.185 21.916 759.077
  20 0.195 21.774 776.173
  21 0.205 21.556 780.188
  22 0.215 21.444 800.57
  23 0.225 21.466 764.177
  24 0.235 21.15 774.294
  25 0.245 20.324 772.658
  26 0.255 19.614 791.018
  27 0.265 19.408 786.191
  28 0.275 20.228 768.944
  29 0.285 21.092 770.421
  30 0.295 21.482 786.694
  31 0.305 21.456 809.888
  32 0.315 21.612 824.014
  33 0.325 21.786 812.618
  34 0.335 21.76 802.805
  35 0.345 21.942 840.663
  36 0.355 21.57 827.292
  37 0.365 20.922 868.544
  38 0.375 20.712 919.696
  39 0.385 20.412 919.699
  40 0.395 20.02 881.574
  41 0.405 20.88 876.547
  42 0.415 21.548 873.717
  43 0.425 21.848 897.668
  44 0.435 21.918 946.046
  45 0.445 21.666 941.334
  46 0.455 21.474 972.071
  47 0.465 21.492 955.506
  48 0.475 21.16 1016.55
  49 0.485 20.366 1022.15
  50 0.495 19.54 1034.47
  51 0.505 19.246 1063.72
  52 0.515 20.246 1045.74
  53 0.525 20.804 1017.38
  54 0.535 21.3 1006.74
  55 0.545 21.53 1021.32
  56 0.555 21.678 980.334
  57 0.565 21.816 959.484
  58 0.575 21.856 934.198
  59 0.585 21.958 868.117
  60 0.595 21.45 877.819
  61 0.605 20.42 931.678
  62 0.615 19.258 927.075
  63 0.625 19.91 934.702
  64 0.635 21.186 908.386
  65 0.645 21.834 900.417
  66 0.655 21.936 905.283
  67 0.665 21.884 881.141
  68 0.675 21.82 875.166
  69 0.685 21.658 827.984
  70 0.695 21.348 817.892
  71 0.705 21.456 813.662
  72 0.715 21.07 794.487
  73 0.725 20.086 774.732
  74 0.735 19.632 797.212
  75 0.745 19.506 769.547
  76 0.755 20.296 805.317
  77 0.765 21.11 861.75
  78 0.775 21.394 844.942
  79 0.785 21.592 844.873
  80 0.795 21.65 799.326
  81 0.805 21.73 800.388
  82 0.815 21.892 806.799
  83 0.825 21.894 815.771
  84 0.835 21.598 809.362
  85 0.845 21.072 729
  86 0.855 20.32 777.263
  87 0.865 20.088 759.331
  88 0.875 20.352 788.391
  89 0.885 20.914 734.452
  90 0.895 21.79 712.633
  91 0.905 21.922 687.796
  92 0.915 21.904 668.574
  93 0.925 21.798 693.559
  94 0.935 21.78 685.253
  95 0.945 21.472 682.493
  96 0.955 21.622 681.825
  97 0.965 21.438 680.981
  98 0.975 20.904 710.005
  99 0.985 20.13 707.043
  100 0.995 19.48 668.32
110000 100 2112
  1 0.005 19.864 628.982
  2 0.015 20.792 628.22
  3 0.025 21.178 657
  4 0.035 21.332 647.441
  5 0.045 21.53 661.199
  6 0.055 21.704 702.993
  7 0.065 21.74 714.273
  8 0.075 21.884 698.757
  9 0.085 22.01 661.39
  10 0.095 21.916 696.588
  11 0.105 21.912 715.501
  12 0.115 21.056 770.118
  13 0.125 19.588 748.051
  14 0.135 19.588 739.254
  15 0.145 20.386 752.476
  16 0.155 21.588 744.192
  17 0.165 21.912 718.791
  18 0.175 21.986 692.116
  19 0.185 21.928 741.362
  20 0.195 21.762 784.297
  21 0.205 21.604 785.973
  22 0.215 21.59 746.875
  23 0.225 21.324 751.332
  24 0.235 21.06 772.544
  25 0.245 20.446 811.098
  26 0.255 19.746 827.964
  27 0.265 19.27 838.987
  28 0.275 20.208 811.219
  29 0.285 20.952 838.4
  30 0.295 21.398 794.229
  31 0.305 21.59 813.414
  32 0.315 21.514 854.742
  33 0.325 21.86 835.232
  34 0.335 21.926 821.078
  35 0.345 21.774 843.808
  36 0.355 21.56 845.603
  37 0.365 21.104 808.927
  38 0.375 20.572 831.364
  39 0.385 20.182 814.458
  40 0.395 20.21 819.196
  41 0.405 20.95 820.246
  42 0.415 21.572 881.684
  43 0.425 21.862 889.373
  44 0.435 21.846 918.687
  45 0.445 21.806 913.963
  46 0.455 21.42 910.561
  47 0.465 21.762 948.554
  48 0.475 21.1 995.788
  49 0.485 20.574 1006.98
  50 0.495 19.762 1002.93
  51 0.505 19.578 1021.62
  52 0.515 19.8 994.249
  53 0.525 20.658 1050.54
  54 0.535 21.19 1077.52
  55 0.545 21.392 1058.49
  56 0.555 21.586 1072.56
  57 0.565 21.782 977.856
  58 0.575 21.798 992.835
  59 0.585 21.966 898.823
  60 0.595 21.504 871.394
  61 0.605 20.64 900.687
  62 0.615 19.636 878.983
  63 0.625 19.406 918.761
  64 0.635 21.166 868.48
  65 0.645 21.782 868.754
  66 0.655 21.886 864.359
  67 0.665 21.912 850.142
  68 0.675 21.682 875.786
  69 0.685 21.622 836.649
  70 0.695 21.548 841.221
  71 0.705 21.396 851.087
  72 0.715 20.896 810.044
  73 0.725 20.162 831.317
  74 0.735 19.512 859.974
  75 0.745 19.62 884.393
  76 0.755 20.236 862.27
  77 0.765 21.16 860.866
  78 0.775 21.394 803.372
  79 0.785 21.706 769.767
  80 0.795 21.558 806.971
  81 0.805 21.77 810.274
  82 0.815 21.946 809.291
  83 0.825 21.84 790.6
  84 0.835 21.526 833.402
  85 0.845 20.896 780.531
  86 0.855 20.372 748.706
  87 0.865 20.11 743.615
  88 0.875 20.622 767.244
  89 0.885 20.914 794.123
  90 0.895 21.684 774.51
  91 0.905 21.904 748.182
  92 0.915 21.922 714.302
  93 0.925 21.724 685.726
  94 0.935 21.686 665.144
  95 0.945 21.61 660.034
  96 0.955 21.478 677.209
  97 0.965 21.378 659.892
  98 0.975 20.78 693.267
  99 0.985 19.922 662.286
  100 0.995 19.542 698.016
115000 100 2111.9999999999995
  1 0.005 20.002 647.846
  2 0.015 20.686 643.063
  3 0.025 21.15 621.058
  4 0.035 21.454 623.834
  5 0.045 21.466 659.186
  6 0.055 21.686 666.496
  7 0.065 21.688 675.095
  8 0.075 21.856 693.138
  9 0.085 21.976 702.535
  10 0.095 21.918 690.85
  11 0.105 21.666 685.942
  12 0.115 21.076 722.601
  13 0.125 19.802 741
  14 0.135 19.47 744.586
  15 0.145 20.698 761.166
  16 0.155 21.438 763.082
  17 0.165 21.926 756.005
  18 0.175 21.982 771.447
  19 0.185 21.818 769.607
  20 0.195 21.8 756.746
  21 0.205 21.626 739.481
  22 0.215 21.554 746.561
  23 0.225 21.432 801.716
  24 0.235 21.116 763.045
  25 0.245 20.46 751.622
  26 0.255 19.974 801.165
  27 0.265 19.562 819.09
  28 0.275 19.94 854.888
  29 0.285 20.838 807.839
  30 0.295 21.296 834.495
  31 0.305 21.568 808.346
  32 0.315 21.542 860.504
  33 0.325 21.788 820.31
  34 0.335 21.744 857.324
  35 0.345 21.848 847.014
  36 0.355 21.548 896.963
  37 0.365 20.996 877.37
  38 0.375 20.79 863.064
  39 0.385 19.872 889.928
  40 0.395 20.372 872.325
  41 0.405 20.97 892.111
  42 0.415 21.566 921.599
  43 0.425 21.894 991.083
  44 0.435 21.844 979.683
  45 0.445 21.656 981.006
  46 0.455 21.584 925.702
  47 0.465 21.432 913.836
  48 0.475 21.04 940.576
  49 0.485 20.534 937.098
  50 0.495 19.656 975.442
  51 0.505 19.42 996.295
  52 0.515 20.02 1082.58
  53 0.525 20.832 1061.24
  54 0.535 21.266 989.192
  55 0.545 21.508 908.887
  56 0.555 21.682 947.249
  57 0.565 21.752 969.784
  58 0.575 21.87 990.11
  59 0.585 21.898 937.094
  60 0.595 21.454 949.97
  61 0.605 20.774 873.964
  62 0.615 19.182 882.244
  63 0.625 20.028 846.152
  64 0.635 20.986 840.375
  65 0.645 21.744 799.403
  66 0.655 21.896 838.606
  67 0.665 21.952 826.814
  68 0.675 21.746 918.531
  69 0.685 21.732 855.75
  70 0.695 21.466 906.91
  71 0.705 21.218 916.601
  72 0.715 21.264 899.817
  73 0.725 20.184 886.46
  74 0.735 19.762 910.816
  75 0.745 19.214 886.128
  76 0.755 20.098 819.965
  77 0.765 21.248 797.361
  78 0.775 21.452 796.123
  79 0.785 21.622 800.827
  80 0.795 21.51 827.567
  81 0.805 21.784 819.437
  82 0.815 21.872 779.756
  83 0.825 21.844 758.304
  84 0.835 21.614 791.671
  85 0.845 20.744 813.526
  86 0.855 20.38 766.401
  87 0.865 20.358 779.478
  88 0.875 20.484 792.278
  89 0.885 20.848 774.167
  90 0.895 21.67 723.515
  91 0.905 21.904 730.722
  92 0.915 21.932 691.494
  93 0.925 21.818 659.392
  94 0.935 21.7 693.193
  95 0.945 21.498 685.104
  96 0.955 21.452 629.004
  97 0.965 21.354 639.076
  98 0.975 20.826 658.918
  99 0.985 19.948 653.876
  100 0.995 19.59 619.985
120000 100 2112
  1 0.005 19.736 659.715
  2 0.015 20.484 608.51
  3 0.025 21.036 637.787
  4 0.035 21.442 625.793
  5 0.045 21.454 600.116
  6 0.055 21.614 603.748
  7 0.065 21.744 628.125
  8 0.075 21.85 612.149
  9 0.085 21.988 617.897
  10 0.095 21.998 673.659
  11 0.105 21.662 709.506
  12 0.115 21.26 732.648
  13 0.125 19.646 728.439
  14 0.135 19.444 739.394
  15 0.145 20.526 723.308
  16 0.155 21.528 716.677
  17 0.165 21.928 729.117
  18 0.175 21.928 721.864
  19 0.185 21.976 738.716
  20 0.195 21.73 748.121
  21 0.205 21.664 745.64
  22 0.215 21.398 760.546
  23 0.225 21.35 763.551
  24 0.235 20.934 766.521
  25 0.245 20.082 791.371
  26 0.255 19.878 787.802
  27 0.265 19.994 801.772
  28 0.275 20.344 794.187
  29 0.285 20.754 794.208
  30 0.295 21.326 782.732
  31 0.305 21.484 783.099
  32 0.315 21.672 858.252
  33 0.325 21.758 855.488
  34 0.335 21.742 844.796
  35 0.345 21.872 859.2
  36 0.355 21.424 897.636
  37 0.365 20.716 892.367
  38 0.375 20.306 901.464
  39 0.385 20.542 921.588
  40 0.395 20.586 972.497
  41 0.405 20.922 949.576
  42 0.415 21.656 960.673
  43 0.425 21.814 1020.83
  44 0.435 21.752 981.266
  45 0.445 21.764 988.375
  46 0.455 21.488 932.361
  47 0.465 21.29 952.461
  48 0.475 21.1 965.858
  49 0.485 20.37 988.445
  50 0.495 19.62 985.022
  51 0.505 19.594 1017.62
  52 0.515 20.07 1097.56
  53 0.525 20.96 982.527
  54 0.535 21.246 911.405
  55 0.545 21.644 964.084
  56 0.555 21.562 968.692
  57 0.565 21.79 992.276
  58 0.575 21.94 918.038
  59 0.585 21.838 921.71
  60 0.595 21.384 920.54
  61 0.605 20.814 941.532
  62 0.615 19.26 938.4
  63 0.625 19.908 868.172
  64 0.635 21.036 855.054
  65 0.645 21.75 788.112
  66 0.655 21.96 820.248
  67 0.665 21.956 855.836
  68 0.675 21.75 836.673
  69 0.685 21.628 828.71
  70 0.695 21.502 833.133
  71 0.705 21.562 802.113
  72 0.715 20.97 823.862
  73 0.725 20.282 828.957
  74 0.735 19.662 893.614
  75 0.745 19.726 880.347
  76 0.755 20.04 852.178
  77 0.765 20.888 844.55
  78 0.775 21.484 873.401
  79 0.785 21.456 819.976
  80 0.795 21.534 856.625
  81 0.805 21.76 819.911
  82 0.815 21.876 779.984
  83 0.825 21.808 784.5
  84 0.835 21.516 813.911
  85 0.845 21.096 802.835
  86 0.855 20.638 793.026
  87 0.865 20.376 811.996
  88 0.875 20.2 741.929
  89 0.885 20.786 742.493
  90 0.895 21.524 747.517
  91 0.905 21.916 758.152
  92 0.915 21.92 734.333
  93 0.925 21.854 689.166
  94 0.935 21.744 658.975
  95 0.945 21.618 705.742
  96 0.955 21.362 753.616
  97 0.965 21.29 713.054
  98 0.975 20.864 708.583
  99 0.985 20.42 678.095
  100 0.995 19.66 682.144
125000 100 2112
  1 0.005 19.446 657.745
  2 0.015 20.362 651.493
  3 0.025 21.144 640.285
  4 0.035 21.428 655.446
  5 0.045 21.43 634.075
  6 0.055 21.75 631.702
  7 0.065 21.7 676.74
  8 0.075 21.81 680.834
  9 0.085 21.956 679.502
  10 0.095 21.96 702.887
  11 0.105 21.564 755.249
  12 0.115 20.928 736.15
  13 0.125 19.786 694.389
  14 0.135 19.83 650.443
  15 0.145 20.51 680.794
  16 0.155 21.616 697.598
  17 0.165 21.804 720.493
  18 0.175 21.916 749.347
  19 0.185 21.93 791.571
  20 0.195 21.742 747.72
  21 0.205 21.568 739.977
  22 0.215 21.492 781.536
  23 0.225 21.366 781.568
  24 0.235 20.734 836.787
  25 0.245 20.174 757.828
  26 0.255 19.95 761.549
  27 0.265 20.078 829.64
  28 0.275 20.2 777.662
  29 0.285 20.884 773.533
  30 0.295 21.356 760.853
  31 0.305 21.466 840.208
  32 0.315 21.688 837.766
  33 0.325 21.7 854.587
  34 0.335 21.86 852.369
  35 0.345 21.666 876.265
  36 0.355 20.978 883.651
  37 0.365 20.734 872.03
  38 0.375 20.666 866.192
  39 0.385 20.7 891.734
  40 0.395 20.654 952.407
  41 0.405 20.84 1019.69
  42 0.415 21.63 954.681
  43 0.425 21.868 989.186
  44 0.435 21.69 1037.49
  45 0.445 21.58 988.867
  46 0.455 21.638 982.891
  47 0.465 21.204 951.467
  48 0.475 20.784 1009.32
  49 0.485 20.064 1002.61
  50 0.495 19.502 983.785
  51 0.505 19.696 966.568
  52 0.515 20.546 949.584
  53 0.525 21.014 1010.25
  54 0.535 21.416 973.634
  55 0.545 21.548 955.726
  56 0.555 21.706 901.841
  57 0.565 21.854 880.345
  58 0.575 21.948 865.859
  59 0.585 21.878 911.176
  60 0.595 21.504 941.754
  61 0.605 20.382 935.105
  62 0.615 19.522 892.467
  63 0.625 19.986 897.852
  64 0.635 21.118 882.226
  65 0.645 21.642 925.654
  66 0.655 21.882 908.991
  67 0.665 21.952 894.651
  68 0.675 21.808 838.786
  69 0.685 21.688 846.317
  70 0.695 21.51 876.931
  71 0.705 21.348 910.354
  72 0.715 20.97 904.915
  73 0.725 20.276 901.355
  74 0.735 20.138 862.901
  75 0.745 19.82 832.977
  76 0.755 20.138 791.782
  77 0.765 20.512 764.754
  78 0.775 21.334 731.194
  79 0.785 21.558 751.905
  80 0.795 21.616 764.775
  81 0.805 21.74 759.046
  82 0.815 21.794 767.669
  83 0.825 21.742 815.629
  84 0.835 21.472 793.187
  85 0.845 21.216 769.749
  86 0.855 20.944 788.842
  87 0.865 20.756 805.358
  88 0.875 20.478 754.464
  89 0.885 20.474 704.268
  90 0.895 21.064 732.428
  91 0.905 21.698 732.405
  92 0.915 21.87 776.674
  93 0.925 21.84 713.685
  94 0.935 21.786 727.768
  95 0.945 21.648 751.504
  96 0.955 21.384 719.429
  97 0.965 21.348 719.186
  98 0.975 20.89 649.899
  99 0.985 20.608 625.388
  100 0.995 19.612 636.989
130000 100 2112.0000000000005
  1 0.005 19.56 671.043
  2 0.015 20.36 666.676
  3 0.025 21.186 664.762
  4 0.035 21.486 665.255
  5 0.045 21.558 633.535
  6 0.055 21.49 660.835
  7 0.065 21.824 658.466
  8 0.075 21.848 668.014
  9 0.085 21.934 667.993
  10 0.095 21.954 682.454
  11 0.105 21.758 702.071
  12 0.115 20.932 763.826
  13 0.125 20.022 742.192
  14 0.135 19.326 764.116
  15 0.145 20.584 738.278
  16 0.155 21.528 708.235
  17 0.165 21.968 770.423
  18 0.175 21.894 810.191
  19 0.185 21.86 784.96
  20 0.195 21.756 748.553
  21 0.205 21.546 754.327
  22 0.215 21.564 769.47
  23 0.225 21.398 756.657
  24 0.235 21.072 780.232
  25 0.245 20.066 821.518
  26 0.255 19.748 813.557
  27 0.265 19.89 818.786
  28 0.275 20.11 816.003
  29 0.285 20.968 796.19
  30 0.295 21.382 797.683
  31 0.305 21.602 790.29
  32 0.315 21.61 799.559
  33 0.325 21.792 819.583
  34 0.335 21.666 854.126
  35 0.345 21.868 820.425
  36 0.355 21.454 811.372
  37 0.365 20.878 870.872
  38 0.375 20.878 903.46
  39 0.385 20.332 905.486
  40 0.395 20.266 871.139
  41 0.405 20.864 908.924
  42 0.415 21.446 929.975
  43 0.425 21.916 925.974
  44 0.435 21.742 933.42
  45 0.445 21.884 959.971
  46 0.455 21.442 971.95
  47 0.465 21.458 976.758
  48 0.475 21.004 1001
  49 0.485 20.218 1061.45
  50 0.495 19.668 1069.23
  51 0.505 19.392 999.371
  52 0.515 19.99 971.649
  53 0.525 21.022 962.691
  54 0.535 21.464 957.541
  55 0.545 21.52 934.67
  56 0.555 21.528 992.09
  57 0.565 21.842 997.812
  58 0.575 21.924 940.383
  59 0.585 21.836 923.635
  60 0.595 21.59 924.457
  61 0.605 20.298 875.247
  62 0.615 19.27 930.676
  63 0.625 20.216 914.457
  64 0.635 21.078 925.551
  65 0.645 21.762 918.372
  66 0.655 21.916 917.005
  67 0.665 21.82 880.897
  68 0.675 21.758 846.038
  69 0.685 21.676 821.97
  70 0.695 21.428 871.854
  71 0.705 21.532 824.156
  72 0.715 20.984 830.721
  73 0.725 19.918 817.976
  74 0.735 19.502 818.981
  75 0.745 19.7 818.404
  76 0.755 20.572 817.273
  77 0.765 20.936 830.969
  78 0.775 21.42 832.09
  79 0.785 21.578 822.954
  80 0.795 21.654 818.965
  81 0.805 21.732 796.606
  82 0.815 21.89 748.579
  83 0.825 21.704 759.403
  84 0.835 21.458 779.348
  85 0.845 20.852 791.532
  86 0.855 20.762 818.294
  87 0.865 20.708 763.315
  88 0.875 20.428 741.663
  89 0.885 20.856 737.52
  90 0.895 21.27 732.702
  91 0.905 21.892 711.85
  92 0.915 21.888 731.423
  93 0.925 21.788 682.913
  94 0.935 21.772 698.243
  95 0.945 21.614 681.282
  96 0.955 21.452 689.489
  97 0.965 21.436 655.786
  98 0.975 20.996 656.531
  99 0.985 20.366 674.562
  100 0.995 19.45 676.472
135000 100 2112
  1 0.005 19.91 682.618
  2 0.015 20.544 642.396
  3 0.025 21.324 625.766
  4 0.035 21.482 622.563
  5 0.045 21.574 648.13
  6 0.055 21.594 676.622
  7 0.065 21.772 663.914
  8 0.075 21.858 672.805
  9 0.085 21.986 693.129
  10 0.095 21.934 713.35
  11 0.105 21.78 693.259
  12 0.115 21.198 703.048
  13 0.125 19.892 718.616
  14 0.135 19.346 733.2
  15 0.145 20.67 731.894
  16 0.155 21.366 779.361
  17 0.165 21.826 754.517
  18 0.175 21.946 718.19
  19 0.185 21.894 765.564
  20 0.195 21.724 734.002
  21 0.205 21.672 751.157
  22 0.215 21.508 727.183
  23 0.225 21.512 733.41
  24 0.235 20.93 785.939
  25 0.245 20.628 812.711
  26 0.255 20.148 843.663
  27 0.265 19.866 881.183
  28 0.275 19.886 866.312
  29 0.285 20.446 863.078
  30 0.295 21.178 827.546
  31 0.305 21.624 822.721
  32 0.315 21.604 822.361
  33 0.325 21.756 861.366
  34 0.335 21.732 850.321
  35 0.345 21.752 851.323
  36 0.355 21.43 854.021
  37 0.365 21.054 839.116
  38 0.375 20.798 873.726
  39 0.385 20.54 885.372
  40 0.395 20.322 921.048
  41 0.405 20.552 915.089
  42 0.415 21.514 919.582
  43 0.425 21.83 923.626
  44 0.435 21.842 958.353
  45 0.445 21.758 949.726
  46 0.455 21.528 969.944
  47 0.465 21.462 995.652
  48 0.475 21.204 1003.95
  49 0.485 20.502 990.95
  50 0.495 19.78 997.401
  51 0.505 19.608 962.132
  52 0.515 19.868 968.178
  53 0.525 20.642 976.242
  54 0.535 21.33 967.721
  55 0.545 21.366 968.614
  56 0.555 21.578 978.793
  57 0.565 21.806 966.781
  58 0.575 21.89 895.471
  59 0.585 21.952 897.828
  60 0.595 21.64 897.569
  61 0.605 20.722 925.182
  62 0.615 19.71 910.78
  63 0.625 19.544 909.114
  64 0.635 20.704 938.436
  65 0.645 21.762 925.932
  66 0.655 21.884 942.985
  67 0.665 21.902 904.603
  68 0.675 21.752 831.74
  69 0.685 21.57 857.729
  70 0.695 21.436 823.461
  71 0.705 21.332 832.139
  72 0.715 20.712 829.695
  73 0.725 19.938 809.713
  74 0.735 19.716 811.352
  75 0.745 19.998 833.093
  76 0.755 20.58 821.35
  77 0.765 20.942 803.879
  78 0.775 21.278 791.656
  79 0.785 21.668 771.28
  80 0.795 21.718 811.171
  81 0.805 21.618 791.391
  82 0.815 21.952 762.225
  83 0.825 21.63 804.567
  84 0.835 21.022 819.362
  85 0.845 20.768 813.486
  86 0.855 20.608 801.081
  87 0.865 20.95 804.943
  88 0.875 20.708 789.986
  89 0.885 20.932 747.526
  90 0.895 21.356 724.729
  91 0.905 21.922 741.698
  92 0.915 21.728 764.505
  93 0.925 21.784 713.746
  94 0.935 21.754 667.785
  95 0.945 21.56 646.715
  96 0.955 21.504 669.794
  97 0.965 21.254 645.856
  98 0.975 20.458 643.824
  99 0.985 20.084 660.665
  100 0.995 19.882 674.437
140000 100 2112.0000000000005
  1 0.005 19.808 630.226
  2 0.015 20.6 647.64
  3 0.025 21.264 658.605
  4 0.035 21.366 636.085
  5 0.045 21.6 630.738
  6 0.055 21.58 638.174
  7 0.065 21.702 690.299
  8 0.075 21.89 685.292
  9 0.085 21.966 679.81
  10 0.095 21.948 706.313
  11 0.105 21.65 714.712
  12 0.115 20.996 711.988
  13 0.125 19.78 702.238
  14 0.135 19.282 692.18
  15 0.145 20.766 698.62
  16 0.155 21.604 712.383
  17 0.165 21.994 752.431
  18 0.175 21.946 767.805
  19 0.185 21.91 782.103
  20 0.195 21.656 831.555
  21 0.205 21.66 788.258
  22 0.215 21.548 783.822
  23 0.225 21.392 756.698
  24 0.235 21.066 802.403
  25 0.245 20.394 789.197
  26 0.255 20.006 786.565
  27 0.265 19.744 851.369
  28 0.275 19.868 864.413
  29 0.285 20.802 832.563
  30 0.295 21.374 847.522
  31 0.305 21.558 854.932
  32 0.315 21.632 860.235
  33 0.325 21.672 846.035
  34 0.335 21.886 849.801
  35 0.345 21.658 884.371
  36 0.355 21.318 913.112
  37 0.365 20.978 877.792
  38 0.375 20.764 880.381
  39 0.385 20.926 868.907
  40 0.395 20.382 855.24
  41 0.405 20.654 953.205
  42 0.415 21.214 973.331
  43 0.425 21.84 921.515
  44 0.435 21.872 933.938
  45 0.445 21.676 979.425
  46 0.455 21.56 910.238
  47 0.465 21.446 901.185
  48 0.475 21.142 934.209
  49 0.485 20.47 929.016
  50 0.495 19.576 970.913
  51 0.505 19.598 1001.88
  52 0.515 19.838 1028.09
  53 0.525 20.778 994.627
  54 0.535 21.306 986.657
  55 0.545 21.61 996.532
  56 0.555 21.526 925.696
  57 0.565 21.834 905.692
  58 0.575 21.982 880.852
  59 0.585 21.804 913.697
  60 0.595 21.626 890.585
  61 0.605 20.314 916.598
  62 0.615 19.676 985.784
  63 0.625 19.608 951.834
  64 0.635 21.152 883.418
  65 0.645 21.736 870.526
  66 0.655 21.95 874.315
  67 0.665 21.9 899.72
  68 0.675 21.698 938.539
  69 0.685 21.65 891.09
  70 0.695 21.454 838.172
  71 0.705 21.43 838.285
  72 0.715 20.964 821.3
  73 0.725 20.114 859.088
  74 0.735 19.488 844.621
  75 0.745 19.852 826.373
  76 0.755 20.394 809.519
  77 0.765 20.964 848.431
  78 0.775 21.344 861.794
  79 0.785 21.562 863.434
  80 0.795 21.64 800.788
  81 0.805 21.726 785.116
  82 0.815 21.87 767.307
  83 0.825 21.71 791.726
  84 0.835 21.256 781.464
  85 0.845 20.89 790.613
  86 0.855 20.594 788.304
  87 0.865 21.014 731.855
  88 0.875 20.402 743.407
  89 0.885 20.884 734.887
  90 0.895 21.308 737.564
  91 0.905 21.858 695.672
  92 0.915 21.852 720.307
  93 0.925 21.866 679.806
  94 0.935 21.614 704.663
  95 0.945 21.564 739.192
  96 0.955 21.64 649.167
  97 0.965 21.304 650.12
  98 0.975 20.802 642.559
  99 0.985 20.09 647.842
  100 0.995 19.578 656.692
145000 100 2112
  1 0.005 19.962 622.622
  2 0.015 20.098 613.352
  3 0.025 20.654 622.996
  4 0.035 21.446 610.573
  5 0.045 21.542 669.138
  6 0.055 21.494 642.221
  7 0.065 21.702 676.772
  8 0.075 21.81 703.109
  9 0.085 21.962 679.605
  10 0.095 21.972 703.044
  11 0.105 21.824 680.593
  12 0.115 21.416 700.728
  13 0.125 19.776 753.277
  14 0.135 19.22 750.686
  15 0.145 20.3 773.987
  16 0.155 21.578 762.018
  17 0.165 21.916 787.756
  18 0.175 21.922 790.583
  19 0.185 21.888 787.715
  20 0.195 21.868 739.654
  21 0.205 21.516 775.681
  22 0.215 21.414 801.725
  23 0.225 21.438 821.429
  24 0.235 20.798 850.595
  25 0.245 20.068 813.39
  26 0.255 19.584 819.26
  27 0.265 19.706 852.569
  28 0.275 20.4 879.56
  29 0.285 21.144 915.695
  30 0.295 21.276 884.156
  31 0.305 21.584 846.471
  32 0.315 21.746 791.547
  33 0.325 21.788 866.671
  34 0.335 21.838 868.031
  35 0.345 21.656 857.16
  36 0.355 21.202 859.869
  37 0.365 20.18 890.509
  38 0.375 20.448 885.081
  39 0.385 20.714 924.27
  40 0.395 20.802 884.775
  41 0.405 21.322 966.364
  42 0.415 21.578 962.605
  43 0.425 21.894 858.311
  44 0.435 21.78 915.324
  45 0.445 21.488 884.871
  46 0.455 21.672 885.52
  47 0.465 21.378 885.11
  48 0.475 20.758 915.491
  49 0.485 20.004 913.313
  50 0.495 19.81 915.406
  51 0.505 19.728 955.039
  52 0.515 20.44 1020.52
  53 0.525 20.744 1061.08
  54 0.535 21.504 1008.92
  55 0.545 21.47 994.06
  56 0.555 21.74 982.718
  57 0.565 21.816 983.04
  58 0.575 21.886 935.221
  59 0.585 21.946 889.856
  60 0.595 21.45 926.738
  61 0.605 20.524 917.391
  62 0.615 19.712 890.328
  63 0.625 19.776 934.915
  64 0.635 20.842 954.932
  65 0.645 21.766 944.582
  66 0.655 21.96 910.073
  67 0.665 21.968 879.94
  68 0.675 21.682 886.994
  69 0.685 21.69 840.706
  70 0.695 21.532 805.111
  71 0.705 21.48 787.714
  72 0.715 21.068 800.17
  73 0.725 20.504 825.211
  74 0.735 19.51 837.152
  75 0.745 19.698 794.28
  76 0.755 20.116 785.905
  77 0.765 20.798 832.72
  78 0.775 21.39 850.721
  79 0.785 21.45 822.96
  80 0.795 21.65 758.796
  81 0.805 21.708 766.967
  82 0.815 21.82 776.98
  83 0.825 22.024 743.711
  84 0.835 21.568 712.815
  85 0.845 21.14 741.042
  86 0.855 20.738 764.769
  87 0.865 20.688 774.47
  88 0.875 20.404 755.938
  89 0.885 20.482 758.427
  90 0.895 21.12 741.73
  91 0.905 21.766 734.052
  92 0.915 21.92 681.087
  93 0.925 21.904 685.91
  94 0.935 21.752 692.486
  95 0.945 21.58 718.999
  96 0.955 21.546 699.057
  97 0.965 21.362 710.963
  98 0.975 20.94 683.979
  99 0.985 20.372 679.08
  100 0.995 19.99 635.775
150000 100 2112.0000000000005
  1 0.005 19.696 636.714
  2 0.015 20.046 640.255
  3 0.025 21.04 647.412
  4 0.035 21.54 661.055
  5 0.045 21.436 677.485
  6 0.055 21.572 653.65
  7 0.065 21.712 669.513
  8 0.075 21.9 681.882
  9 0.085 21.938 732.308
  10 0.095 21.986 724.511
  11 0.105 21.848 692.135
  12 0.115 21.102 698.442
  13 0.125 19.87 714.158
  14 0.135 19.476 702.173
  15 0.145 20.354 733.069
  16 0.155 21.526 743.987
  17 0.165 21.828 770.177
  18 0.175 21.978 762.62
  19 0.185 21.954 730.443
  20 0.195 21.68 770.976
  21 0.205 21.654 814.35
  22 0.215 21.478 787.719
  23 0.225 21.37 844.093
  24 0.235 20.844 860.249
  25 0.245 20.002 883.151
  26 0.255 19.334 883.134
  27 0.265 19.82 838.937
  28 0.275 20.5 844.894
  29 0.285 21.184 858.163
  30 0.295 21.338 879.068
  31 0.305 21.526 853.09
  32 0.315 21.746 890.595
  33 0.325 21.728 878.642
  34 0.335 21.88 837.817
  35 0.345 21.796 817.384
  36 0.355 21.048 837.723
  37 0.365 20.446 827.071
  38 0.375 20.266 850.108
  39 0.385 20.85 865.788
  40 0.395 20.786 908.954
  41 0.405 21.216 920.832
  42 0.415 21.546 959.472
  43 0.425 21.742 956.522
  44 0.435 21.934 914.958
  45 0.445 21.566 874.692
  46 0.455 21.552 926.019
  47 0.465 21.386 866.959
  48 0.475 20.964 892.77
  49 0.485 20.108 895.005
  50 0.495 19.644 894.431
  51 0.505 19.772 976.173
  52 0.515 20.218 958.405
  53 0.525 20.832 967.668
  54 0.535 21.468 943.26
  55 0.545 21.54 1007.22
  56 0.555 21.55 958.591
  57 0.565 21.924 946.318
  58 0.575 21.866 924.705
  59 0.585 21.904 913.227
  60 0.595 21.536 922.113
  61 0.605 20.484 893.233
  62 0.615 19.508 849.246
  63 0.625 19.928 866.492
  64 0.635 20.782 885.03
  65 0.645 21.876 875.757
  66 0.655 21.938 923.277
  67 0.665 21.918 943.104
  68 0.675 21.72 927.907
  69 0.685 21.76 885.587
  70 0.695 21.362 862.155
  71 0.705 21.47 854.524
  72 0.715 21.196 842.782
  73 0.725 20.466 837.199
  74 0.735 19.626 823.924
  75 0.745 19.542 823.761
  76 0.755 20.23 881.423
  77 0.765 20.792 818.315
  78 0.775 21.31 806.234
  79 0.785 21.644 848.559
  80 0.795 21.55 822.558
  81 0.805 21.698 825.865
  82 0.815 21.876 808.358
  83 0.825 21.754 807.391
  84 0.835 21.66 743.22
  85 0.845 21.058 771.839
  86 0.855 20.786 779.368
  87 0.865 20.864 760.53
  88 0.875 20.226 761.116
  89 0.885 20.648 741.162
  90 0.895 21.214 717.394
  91 0.905 21.69 740.442
  92 0.915 21.878 678.457
  93 0.925 21.766 696.862
  94 0.935 21.784 690.997
  95 0.945 21.65 679.194
  96 0.955 21.536 695.414
  97 0.965 21.308 696.227
  98 0.975 20.878 695.3
  99 0.985 20.362 678.543
  100 0.995 19.916 647.756
155000 100 2112
  1 0.005 19.696 678.084
  2 0.015 20.452 663.456
  3 0.025 21.138 694.078
  4 0.035 21.556 676.838
  5 0.045 21.414 697.353
  6 0.055 21.63 636.194
  7 0.065 21.648 675.213
  8 0.075 21.928 631.781
  9 0.085 21.958 657.424
  10 0.095 22.018 718.45
  11 0.105 21.736 705.328
  12 0.115 21.276 735.004
  13 0.125 19.954 748.764
  14 0.135 19.216 789.019
  15 0.145 20.316 771.132
  16 0.155 21.554 747.552
  17 0.165 21.918 796.366
  18 0.175 21.972 824.768
  19 0.185 21.906 812.655
  20 0.195 21.83 789.857
  21 0.205 21.58 827.955
  22 0.215 21.37 776.923
  23 0.225 21.522 806.917
  24 0.235 21.046 856.891
  25 0.245 20.122 864.748
  26 0.255 19.69 854.64
  27 0.265 19.508 887.942
  28 0.275 20.038 826.706
  29 0.285 21.13 838.133
  30 0.295 21.528 830.445
  31 0.305 21.562 797.672
  32 0.315 21.616 759.263
  33 0.325 21.812 857.866
  34 0.335 21.72 866.208
  35 0.345 21.918 832.717
  36 0.355 21.288 862.406
  37 0.365 21.014 881.803
  38 0.375 20.16 890.949
  39 0.385 20.228 907.762
  40 0.395 20.544 908.515
  41 0.405 21.196 909.405
  42 0.415 21.716 920.398
  43 0.425 21.858 897.996
  44 0.435 21.816 877.136
  45 0.445 21.684 828.279
  46 0.455 21.576 839.218
  47 0.465 21.45 896.205
  48 0.475 21.232 890.39
  49 0.485 20.32 867.378
  50 0.495 19.648 891.662
  51 0.505 19.506 943.83
  52 0.515 19.906 1034.11
  53 0.525 20.872 1013.35
  54 0.535 21.32 955.72
  55 0.545 21.554 986.412
  56 0.555 21.544 990.869
  57 0.565 21.808 965.623
  58 0.575 21.898 1017.06
  59 0.585 21.934 937.753
  60 0.595 21.632 918.905
  61 0.605 20.62 911.496
  62 0.615 19.664 874.862
  63 0.625 19.594 894.942
  64 0.635 20.944 899.033
  65 0.645 21.642 840.948
  66 0.655 21.962 864.196
  67 0.665 21.936 833.643
  68 0.675 21.79 839.957
  69 0.685 21.644 822.06
  70 0.695 21.452 814.063
  71 0.705 21.368 848.121
  72 0.715 21.224 891.172
  73 0.725 20.364 945.591
  74 0.735 19.614 879.324
  75 0.745 19.216 896.127
  76 0.755 20.204 909.919
  77 0.765 21.076 868.255
  78 0.775 21.414 850.089
  79 0.785 21.478 929.805
  80 0.795 21.636 890.655
  81 0.805 21.712 833.71
  82 0.815 21.93 804.148
  83 0.825 21.806 785.601
  84 0.835 21.522 742.885
  85 0.845 20.728 749.773
  86 0.855 20.642 684.797
  87 0.865 20.178 751.943
  88 0.875 20.656 718.917
  89 0.885 21.104 745.684
  90 0.895 21.48 700.48
  91 0.905 21.802 723.185
  92 0.915 21.936 687.819
  93 0.925 21.718 703.978
  94 0.935 21.698 699.774
  95 0.945 21.562 645.997
  96 0.955 21.652 638.188
  97 0.965 21.48 646.798
  98 0.975 20.844 662.23
  99 0.985 20.118 661.145
  100 0.995 19.608 659.547
160000 100 2111.9999999999995
  1 0.005 20.058 612.327
  2 0.015 20.488 605.38
  3 0.025 20.954 659.989
  4 0.035 21.554 669.424
  5 0.045 21.482 681.972
  6 0.055 21.612 693.635
  7 0.065 21.68 686.478
  8 0.075 21.91 725.738
  9 0.085 21.946 729.876
  10 0.095 21.962 742.062
  11 0.105 21.51 776.814
  12 0.115 21.286 749.129
  13 0.125 20.04 757.562
  14 0.135 19.388 751.855
  15 0.145 20.472 728.04
  16 0.155 21.46 743.561
  17 0.165 21.856 758.829
  18 0.175 21.944 801.821
  19 0.185 21.892 823.119
  20 0.195 21.768 864.745
  21 0.205 21.592 869.012
  22 0.215 21.502 837.641
  23 0.225 21.47 846.081
  24 0.235 20.862 857.642
  25 0.245 20.35 832.524
  26 0.255 19.698 814.186
  27 0.265 19.768 807.396
  28 0.275 20.004 812.327
  29 0.285 21.084 829.677
  30 0.295 21.32 854.519
  31 0.305 21.666 812.728
  32 0.315 21.556 830.07
  33 0.325 21.718 829.706
  34 0.335 21.806 837.271
  35 0.345 21.758 832.531
  36 0.355 21.424 851.13
  37 0.365 21.008 803.575
  38 0.375 20.55 881.411
  39 0.385 20.468 878.673
  40 0.395 20.572 919.659
  41 0.405 20.886 888.873
  42 0.415 21.432 895.763
  43 0.425 21.802 909.207
  44 0.435 21.796 891.241
  45 0.445 21.656 874.337
  46 0.455 21.614 937.213
  47 0.465 21.44 936.687
  48 0.475 21.054 920.98
  49 0.485 20.334 932.331
  50 0.495 20.07 896.921
  51 0.505 19.552 901.755
  52 0.515 19.968 923.444
  53 0.525 20.614 953.617
  54 0.535 21.354 968.368
  55 0.545 21.466 969.177
  56 0.555 21.698 946.751
  57 0.565 21.694 1000.45
  58 0.575 21.836 956.344
  59 0.585 21.762 1013.59
  60 0.595 21.6 996.764
  61 0.605 20.762 952.338
  62 0.615 19.61 931.357
  63 0.625 19.644 921.22
  64 0.635 20.858 898.413
  65 0.645 21.75 877.227
  66 0.655 21.904 879.885
  67 0.665 21.974 853.966
  68 0.675 21.766 876.244
  69 0.685 21.504 864.297
  70 0.695 21.6 860.34
  71 0.705 21.344 837.893
  72 0.715 20.938 842.719
  73 0.725 20.128 873.173
  74 0.735 19.544 894.351
  75 0.745 19.698 857.09
  76 0.755 20.314 806.78
  77 0.765 21.056 886.686
  78 0.775 21.372 862.928
  79 0.785 21.54 805.928
  80 0.795 21.728 789.131
  81 0.805 21.742 752.728
  82 0.815 21.92 776.507
  83 0.825 21.732 817.734
  84 0.835 21.504 756.247
  85 0.845 20.798 770.664
  86 0.855 20.202 749.191
  87 0.865 20.628 758.622
  88 0.875 20.634 765.196
  89 0.885 21.152 765.957
  90 0.895 21.44 754.087
  91 0.905 21.788 707.587
  92 0.915 21.856 661.377
  93 0.925 21.798 686.701
  94 0.935 21.646 657.99
  95 0.945 21.554 637.82
  96 0.955 21.672 653.938
  97 0.965 21.276 644.895
  98 0.975 20.738 634.117
  99 0.985 19.98 629.707
  100 0.995 19.84 619.556
165000 100 2111.9999999999995
  1 0.005 19.81 676.643
  2 0.015 20.388 693.871
  3 0.025 21.06 700.14
  4 0.035 21.492 702.561
  5 0.045 21.504 697.35
  6 0.055 21.61 670.581
  7 0.065 21.74 663.196
  8 0.075 21.918 644.469
  9 0.085 21.938 690.301
  10 0.095 21.93 713.209
  11 0.105 21.698 704.322
  12 0.115 20.982 708.585
  13 0.125 19.718 700.425
  14 0.135 19.59 701.706
  15 0.145 20.514 725.968
  16 0.155 21.602 709.008
  17 0.165 21.928 755.386
  18 0.175 21.99 806.433
  19 0.185 21.956 758.955
  20 0.195 21.682 791.173
  21 0.205 21.648 838.198
  22 0.215 21.41 851.231
  23 0.225 21.438 826.775
  24 0.235 21.206 831.035
  25 0.245 20.234 836.395
  26 0.255 19.378 844.699
  27 0.265 19.594 851.405
  28 0.275 20.306 889.771
  29 0.285 20.934 888.771
  30 0.295 21.448 846.575
  31 0.305 21.582 833.084
  32 0.315 21.68 844.805
  33 0.325 21.668 823.597
  34 0.335 21.89 841.871
  35 0.345 21.772 825.009
  36 0.355 21.478 838.916
  37 0.365 20.924 817.882
  38 0.375 20.612 864.717
  39 0.385 20.124 877.405
  40 0.395 20.42 857.711
  41 0.405 21.13 887.028
  42 0.415 21.604 892.263
  43 0.425 21.786 844.705
  44 0.435 21.84 850.004
  45 0.445 21.742 893.908
  46 0.455 21.454 944.142
  47 0.465 21.536 947.234
  48 0.475 21.018 975.205
  49 0.485 20.458 922.841
  50 0.495 19.616 990.197
  51 0.505 19.59 986.167
  52 0.515 19.912 991.064
  53 0.525 20.788 995.984
  54 0.535 21.442 965.13
  55 0.545 21.402 944.506
  56 0.555 21.72 947.632
  57 0.565 21.72 938.228
  58 0.575 21.96 921.651
  59 0.585 21.858 939.257
  60 0.595 21.478 953.962
  61 0.605 20.714 1011.27
  62 0.615 19.56 993.103
  63 0.625 19.86 951.036
  64 0.635 20.758 946.302
  65 0.645 21.708 887.044
  66 0.655 21.976 894.07
  67 0.665 21.91 894.874
  68 0.675 21.69 960.77
  69 0.685 21.64 924.559
  70 0.695 21.504 917.718
  71 0.705 21.434 884.616
  72 0.715 21.05 861.847
  73 0.725 20.124 852.18
  74 0.735 19.226 838.848
  75 0.745 19.462 815.209
  76 0.755 20.456 759.311
  77 0.765 21.304 719.774
  78 0.775 21.448 774.829
  79 0.785 21.408 788.759
  80 0.795 21.742 790.819
  81 0.805 21.758 799.334
  82 0.815 21.884 778.111
  83 0.825 21.912 763.63
  84 0.835 21.508 809.848
  85 0.845 21.142 723.522
  86 0.855 20.41 724.433
  87 0.865 20.262 752.548
  88 0.875 20.454 773.672
  89 0.885 20.902 775.068
  90 0.895 21.534 746.371
  91 0.905 21.832 716.991
  92 0.915 21.914 736.341
  93 0.925 21.718 743.069
  94 0.935 21.716 702.435
  95 0.945 21.62 662.384
  96 0.955 21.562 652.022
  97 0.965 21.39 674.688
  98 0.975 20.81 642.35
  99 0.985 20.104 626.769
  100 0.995 19.744 653.701
170000 100 2112
  1 0.005 19.488 665.068
  2 0.015 20.154 685.946
  3 0.025 21.082 696.802
  4 0.035 21.436 695.811
  5 0.045 21.618 680.188
  6 0.055 21.396 673.662
  7 0.065 21.768 695.286
  8 0.075 21.852 696.55
  9 0.085 22.004 658.706
  10 0.095 21.88 700.336
  11 0.105 21.766 706.017
  12 0.115 21.044 713.629
  13 0.125 19.71 751.992
  14 0.135 19.526 740.648
  15 0.145 20.504 721.426
  16 0.155 21.608 678.306
  17 0.165 21.916 691.502
  18 0.175 21.972 733.096
  19 0.185 21.928 730.463
  20 0.195 21.738 796.088
  21 0.205 21.542 850.922
  22 0.215 21.416 837.053
  23 0.225 21.482 847.392
  24 0.235 20.792 863.04
  25 0.245 19.954 843.7
  26 0.255 19.53 811.639
  27 0.265 19.728 801.593
  28 0.275 20.478 771.916
  29 0.285 21.032 819.858
  30 0.295 21.478 765.998
  31 0.305 21.62 822.46
  32 0.315 21.658 840.731
  33 0.325 21.81 808.149
  34 0.335 21.834 843.795
  35 0.345 21.726 900.282
  36 0.355 21.106 904.122
  37 0.365 20.754 896.867
  38 0.375 20.142 891.865
  39 0.385 20.482 898.251
  40 0.395 20.928 896.718
  41 0.405 21.216 874.308
  42 0.415 21.714 871.838
  43 0.425 21.74 890.862
  44 0.435 21.822 941.656
  45 0.445 21.69 952.722
  46 0.455 21.484 964.248
  47 0.465 21.496 949.318
  48 0.475 20.906 933.457
  49 0.485 20.402 959.408
  50 0.495 19.496 994.052
  51 0.505 19.416 1056.52
  52 0.515 20.182 1008.45
  53 0.525 20.996 1001.47
  54 0.535 21.472 951.116
  55 0.545 21.47 907.479
  56 0.555 21.724 908.572
  57 0.565 21.766 913.402
  58 0.575 21.904 897.927
  59 0.585 21.908 904.198
  60 0.595 21.488 925.47
  61 0.605 20.974 917.668
  62 0.615 19.542 918.345
  63 0.625 19.598 881.2
  64 0.635 20.888 916.3
  65 0.645 21.682 881.24
  66 0.655 21.888 907.646
  67 0.665 21.882 944.758
  68 0.675 21.876 902.147
  69 0.685 21.536 935.224
  70 0.695 21.622 871.439
  71 0.705 21.412 901.785
  72 0.715 21.138 918.43
  73 0.725 20.394 847.481
  74 0.735 19.604 831.68
  75 0.745 19.462 800.374
  76 0.755 20.092 787.738
  77 0.765 20.922 743.063
  78 0.775 21.474 779.834
  79 0.785 21.464 787.739
  80 0.795 21.72 794.886
  81 0.805 21.678 809.301
  82 0.815 21.788 854.637
  83 0.825 21.906 805.146
  84 0.835 21.646 806.42
  85 0.845 21.278 821.061
  86 0.855 20.532 794.762
  87 0.865 20.256 791.581
  88 0.875 20.31 794.084
  89 0.885 20.81 817.738
  90 0.895 21.45 738.674
  91 0.905 21.8 721.673
  92 0.915 21.826 692.048
  93 0.925 21.938 669.884
  94 0.935 21.688 659.091
  95 0.945 21.654 654.227
  96 0.955 21.51 659.966
  97 0.965 21.368 664.299
  98 0.975 21 651.703
  99 0.985 20.412 666.084
  100 0.995 19.806 658.911
175000 100 2112
  1 0.005 19.356 655.564
  2 0.015 20.13 646.669
  3 0.025 21.194 662.706
  4 0.035 21.526 644.329
  5 0.045 21.49 720.397
  6 0.055 21.514 698.081
  7 0.065 21.776 679.555
  8 0.075 21.834 690.607
  9 0.085 21.954 687.692
  10 0.095 21.984 699.991
  11 0.105 21.75 681.159
  12 0.115 21.082 703.25
  13 0.125 20.092 716.053
  14 0.135 19.176 724.442
  15 0.145 20.58 731.212
  16 0.155 21.384 768.792
  17 0.165 21.956 727.898
  18 0.175 21.96 759.681
  19 0.185 21.866 780.596
  20 0.195 21.858 797.386
  21 0.205 21.438 830.309
  22 0.215 21.572 868.037
  23 0.225 21.362 856.575
  24 0.235 20.892 816.311
  25 0.245 20.032 817.949
  26 0.255 19.508 828.762
  27 0.265 19.826 815.509
  28 0.275 20.436 801.995
  29 0.285 20.952 777.926
  30 0.295 21.506 764.32
  31 0.305 21.496 792.773
  32 0.315 21.674 811.405
  33 0.325 21.79 814.464
  34 0.335 21.876 846.782
  35 0.345 21.75 848.676
  36 0.355 21.532 859.767
  37 0.365 20.908 866.832
  38 0.375 19.95 888.121
  39 0.385 20.326 878.209
  40 0.395 20.734 922.174
  41 0.405 21.22 917.829
  42 0.415 21.58 916.468
  43 0.425 21.854 862.591
  44 0.435 21.714 910.5
  45 0.445 21.638 932.29
  46 0.455 21.63 918.841
  47 0.465 21.426 965.86
  48 0.475 20.89 1032.68
  49 0.485 20.052 994.997
  50 0.495 19.4 1075.61
  51 0.505 19.46 1095.19
  52 0.515 20.124 1156.11
  53 0.525 21.276 1048.63
  54 0.535 21.416 1000.79
  55 0.545 21.546 931.765
  56 0.555 21.802 933.919
  57 0.565 21.808 878.566
  58 0.575 21.892 907.379
  59 0.585 21.836 932.524
  60 0.595 21.47 907.44
  61 0.605 20.262 873.79
  62 0.615 19.39 871.373
  63 0.625 20.004 837.375
  64 0.635 21.32 818.711
  65 0.645 21.744 851.601
  66 0.655 21.938 806.206
  67 0.665 21.976 832.828
  68 0.675 21.738 850.06
  69 0.685 21.664 832.763
  70 0.695 21.59 872.082
  71 0.705 21.414 876.876
  72 0.715 21.132 902.302
  73 0.725 20.558 906.08
  74 0.735 19.682 922.1
  75 0.745 19.3 892.386
  76 0.755 20.138 863.305
  77 0.765 20.816 863.351
  78 0.775 21.394 861.744
  79 0.785 21.488 830.387
  80 0.795 21.746 790.237
  81 0.805 21.686 831.695
  82 0.815 21.762 834.418
  83 0.825 21.91 837.033
  84 0.835 21.486 797.083
  85 0.845 21.194 759.464
  86 0.855 20.732 765.186
  87 0.865 20.672 699.712
  88 0.875 20.28 720.018
  89 0.885 20.478 736.715
  90 0.895 21.416 722.468
  91 0.905 21.816 723.44
  92 0.915 21.902 722.957
  93 0.925 21.79 696.049
  94 0.935 21.82 697.991
  95 0.945 21.598 674.247
  96 0.955 21.532 668.945
  97 0.965 21.416 680.104
  98 0.975 21.038 682.712
  99 0.985 20.49 659.225
  100 0.995 19.632 634.921
180000 100 2112
  1 0.005 19.614 685.907
  2 0.015 20.722 663.281
  3 0.025 21.306 668.115
  4 0.035 21.458 680.623
  5 0.045 21.502 684.669
  6 0.055 21.606 670.58
  7 0.065 21.674 689.67
  8 0.075 22 693.147
  9 0.085 21.934 683.013
  10 0.095 21.934 673.776
  11 0.105 21.754 712.639
  12 0.115 20.918 699.892
  13 0.125 20.042 721.685
  14 0.135 19.754 714.476
  15 0.145 20.322 712.301
  16 0.155 21.476 718.014
  17 0.165 21.798 775.311
  18 0.175 21.966 809.763
  19 0.185 21.9 816.387
  20 0.195 21.706 803.456
  21 0.205 21.604 817.839
  22 0.215 21.558 823.692
  23 0.225 21.428 825.563
  24 0.235 20.884 787.462
  25 0.245 20.336 777.23
  26 0.255 19.548 818.926
  27 0.265 19.74 792.379
  28 0.275 20.274 808.229
  29 0.285 20.864 818.335
  30 0.295 21.558 830.956
  31 0.305 21.424 848.477
  32 0.315 21.592 823.677
  33 0.325 21.846 818.904
  34 0.335 21.77 802.012
  35 0.345 21.81 821.09
  36 0.355 21.504 831.251
  37 0.365 20.956 910.437
  38 0.375 20.392 922.408
  39 0.385 20.244 935.444
  40 0.395 20.314 962.917
  41 0.405 21.108 949.301
  42 0.415 21.688 884.865
  43 0.425 21.922 862.006
  44 0.435 21.754 876.211
  45 0.445 21.73 896.748
  46 0.455 21.662 946.981
  47 0.465 21.228 965.648
  48 0.475 21.136 950.936
  49 0.485 20.402 1013.6
  50 0.495 19.64 984.481
  51 0.505 19.388 966.747
  52 0.515 19.936 981.081
  53 0.525 20.996 961.905
  54 0.535 21.486 929.781
  55 0.545 21.406 919.947
  56 0.555 21.646 905.968
  57 0.565 21.734 916.306
  58 0.575 21.964 927.368
  59 0.585 21.776 942.021
  60 0.595 21.784 845.231
  61 0.605 20.926 882.184
  62 0.615 19.628 893.69
  63 0.625 19.576 942.496
  64 0.635 20.626 943.533
  65 0.645 21.75 1008.35
  66 0.655 21.848 964.503
  67 0.665 21.922 900.132
  68 0.675 21.844 864.686
  69 0.685 21.52 875.053
  70 0.695 21.424 861.746
  71 0.705 21.584 803.758
  72 0.715 21.172 793.968
  73 0.725 20.088 832.135
  74 0.735 19.578 812.527
  75 0.745 19.616 821.876
  76 0.755 20.246 826.144
  77 0.765 21.004 813.617
  78 0.775 21.216 815.224
  79 0.785 21.658 842.457
  80 0.795 21.622 817.505
  81 0.805 21.75 809.875
  82 0.815 21.906 794.124
  83 0.825 21.766 739.114
  84 0.835 21.538 760.766
  85 0.845 20.882 788.32
  86 0.855 20.714 803.999
  87 0.865 20.292 787.81
  88 0.875 20.724 775.437
  89 0.885 20.75 759.89
  90 0.895 21.364 754.131
  91 0.905 21.8 789.427
  92 0.915 21.968 752.805
  93 0.925 21.668 747.054
  94 0.935 21.718 720.405
  95 0.945 21.582 713.679
  96 0.955 21.57 723.795
  97 0.965 21.314 692.801
  98 0.975 20.92 647.631
  99 0.985 19.988 652.398
  100 0.995 19.52 675.738
185000 100 2111.9999999999995
  1 0.005 19.948 697.261
  2 0.015 20.584 696.555
  3 0.025 21.35 725.501
  4 0.035 21.396 681.024
  5 0.045 21.544 630.648
  6 0.055 21.634 606.402
  7 0.065 21.804 623.364
  8 0.075 21.908 649.522
  9 0.085 21.986 683.763
  10 0.095 21.908 745.116
  11 0.105 21.752 750.684
  12 0.115 20.792 753.451
  13 0.125 19.942 755.516
  14 0.135 19.666 754.862
  15 0.145 20.642 730.317
  16 0.155 21.42 758.286
  17 0.165 21.848 734.663
  18 0.175 21.986 729.09
  19 0.185 21.948 699.086
  20 0.195 21.696 688.061
  21 0.205 21.708 735.165
  22 0.215 21.42 800.443
  23 0.225 21.582 792.562
  24 0.235 21.124 798.317
  25 0.245 20.346 854.723
  26 0.255 19.848 845.351
  27 0.265 19.588 815.625
  28 0.275 20.106 849.714
  29 0.285 20.728 855.905
  30 0.295 21.336 874.073
  31 0.305 21.574 887.562
  32 0.315 21.482 886.077
  33 0.325 21.758 873.931
  34 0.335 21.8 903.208
  35 0.345 21.754 833.934
  36 0.355 21.294 908.242
  37 0.365 21.224 887.452
  38 0.375 20.516 957.888
  39 0.385 20.404 961.855
  40 0.395 20.298 895.025
  41 0.405 21.044 874.522
  42 0.415 21.528 883.597
  43 0.425 21.824 877.245
  44 0.435 21.788 884.854
  45 0.445 21.742 930.806
  46 0.455 21.458 980.879
  47 0.465 21.506 935.199
  48 0.475 20.886 945.131
  49 0.485 20.51 967.439
  50 0.495 19.664 955.033
  51 0.505 19.534 990.246
  52 0.515 19.952 977.443
  53 0.525 20.878 962.547
  54 0.535 21.402 891.969
  55 0.545 21.576 936.812
  56 0.555 21.524 923.624
  57 0.565 21.762 890.824
  58 0.575 21.9 913.235
  59 0.585 21.914 860.425
  60 0.595 21.534 896.226
  61 0.605 20.752 913.346
  62 0.615 19.5 926.073
  63 0.625 19.67 909.69
  64 0.635 20.986 879.718
  65 0.645 21.682 906.724
  66 0.655 21.912 870.989
  67 0.665 21.932 876.816
  68 0.675 21.798 871.795
  69 0.685 21.528 884.956
  70 0.695 21.536 842.462
  71 0.705 21.364 873.804
  72 0.715 21.19 854.058
  73 0.725 19.898 886.444
  74 0.735 19.418 887.949
  75 0.745 19.86 840.178
  76 0.755 20.178 864.724
  77 0.765 21.192 804.127
  78 0.775 21.28 809.227
  79 0.785 21.684 774.361
  80 0.795 21.522 848.632
  81 0.805 21.84 780.703
  82 0.815 21.912 776.47
  83 0.825 21.81 765.492
  84 0.835 21.392 760.452
  85 0.845 20.878 759.937
  86 0.855 20.566 773.32
  87 0.865 20.442 792.356
  88 0.875 20.544 787.858
  89 0.885 21.004 740.18
  90 0.895 21.412 711.78
  91 0.905 21.816 688.311
  92 0.915 21.9 733.496
  93 0.925 21.788 719.426
  94 0.935 21.596 770.522
  95 0.945 21.658 744.872
  96 0.955 21.448 749.152
  97 0.965 21.278 714.101
  98 0.975 20.788 735.885
  99 0.985 20.102 716.327
  100 0.995 19.374 697.233
190000 100 2112.0000000000005
  1 0.005 19.478 634.375
  2 0.015 20.548 648.25
  3 0.025 21.244 679.102
  4 0.035 21.508 698.828
  5 0.045 21.468 716.879
  6 0.055 21.576 707.901
  7 0.065 21.754 667.224
  8 0.075 21.94 688.246
  9 0.085 21.934 722.149
  10 0.095 21.91 699.405
  11 0.105 21.61 727.072
  12 0.115 20.714 757.378
  13 0.125 20.1 754.638
  14 0.135 19.346 754.432
  15 0.145 20.894 742.884
  16 0.155 21.552 689.692
  17 0.165 21.858 740.996
  18 0.175 21.946 748.335
  19 0.185 21.956 721.758
  20 0.195 21.766 730.317
  21 0.205 21.556 737.261
  22 0.215 21.506 793.217
  23 0.225 21.452 798.175
  24 0.235 21.102 775.003
  25 0.245 20.298 795.365
  26 0.255 19.696 859.575
  27 0.265 19.508 862.032
  28 0.275 20.058 892.983
  29 0.285 20.962 875.651
  30 0.295 21.426 836.223
  31 0.305 21.568 860.605
  32 0.315 21.602 893.981
  33 0.325 21.796 895.959
  34 0.335 21.846 931.273
  35 0.345 21.662 916.999
  36 0.355 21.4 933.438
  37 0.365 20.786 918.437
  38 0.375 20.504 941.36
  39 0.385 20.392 904.108
  40 0.395 20.42 949.493
  41 0.405 21.02 907.107
  42 0.415 21.774 966.673
  43 0.425 21.864 955.955
  44 0.435 21.786 950.198
  45 0.445 21.68 1010.94
  46 0.455 21.46 1009.62
  47 0.465 21.408 955.284
  48 0.475 21.072 893.802
  49 0.485 20.258 840.574
  50 0.495 19.394 874.445
  51 0.505 19.28 910.06
  52 0.515 20.352 844.481
  53 0.525 21.108 870.582
  54 0.535 21.53 920.115
  55 0.545 21.456 890.578
  56 0.555 21.718 900.933
  57 0.565 21.796 886.018
  58 0.575 21.884 920.293
  59 0.585 21.932 905.156
  60 0.595 21.568 883.487
  61 0.605 20.822 884.458
  62 0.615 19.546 885.846
  63 0.625 19.794 868.894
  64 0.635 20.738 889.562
  65 0.645 21.696 854.862
  66 0.655 21.88 870.73
  67 0.665 21.896 880.427
  68 0.675 21.76 884.805
  69 0.685 21.676 893.371
  70 0.695 21.51 904.498
  71 0.705 21.452 885.969
  72 0.715 21.26 894.652
  73 0.725 20.462 856.943
  74 0.735 19.538 845.412
  75 0.745 19.462 810.31
  76 0.755 20.086 834.745
  77 0.765 20.918 827.047
  78 0.775 21.306 841.126
  79 0.785 21.628 885.945
  80 0.795 21.462 896.426
  81 0.805 21.816 857.746
  82 0.815 21.814 820.161
  83 0.825 21.818 784.936
  84 0.835 21.624 789.956
  85 0.845 21.062 763.395
  86 0.855 20.794 737.885
  87 0.865 20.192 738.504
  88 0.875 20.128 753.688
  89 0.885 20.982 750.517
  90 0.895 21.488 763.556
  91 0.905 21.864 696.602
  92 0.915 21.838 754.566
  93 0.925 21.876 711.273
  94 0.935 21.664 682.032
  95 0.945 21.558 688.942
  96 0.955 21.6 681.393
  97 0.965 21.524 657.841
  98 0.975 20.914 672.348
  99 0.985 20.188 691.882
  100 0.995 19.382 687.16
195000 100 2111.9999999999995
  1 0.005 19.396 627.886
  2 0.015 20.356 652.52
  3 0.025 21.2 655.408
  4 0.035 21.418 627.826
  5 0.045 21.55 655.26
  6 0.055 21.576 670.684
  7 0.065 21.65 691.827
  8 0.075 21.864 713.673
  9 0.085 21.946 772.391
  10 0.095 21.918 760.864
  11 0.105 21.65 740.663
  12 0.115 21.098 725.461
  13 0.125 19.718 718.622
  14 0.135 19.648 716.883
  15 0.145 20.65 770.065
  16 0.155 21.39 754.416
  17 0.165 21.93 699.706
  18 0.175 21.942 732.245
  19 0.185 21.94 753.699
  20 0.195 21.6 741.806
  21 0.205 21.6 762.314
  22 0.215 21.574 759.354
  23 0.225 21.372 753.543
  24 0.235 20.922 766.138
  25 0.245 20.02 804.401
  26 0.255 19.674 786.38
  27 0.265 19.786 765.555
  28 0.275 20.338 781.772
  29 0.285 21.002 804.662
  30 0.295 21.468 862.802
  31 0.305 21.53 900.856
  32 0.315 21.592 913.831
  33 0.325 21.776 910.747
  34 0.335 21.822 832.552
  35 0.345 21.694 927.045
  36 0.355 21.136 983.765
  37 0.365 20.864 924.896
  38 0.375 20.326 938.37
  39 0.385 20.238 896.495
  40 0.395 20.576 909.136
  41 0.405 21.352 918.988
  42 0.415 21.786 885.753
  43 0.425 21.902 865.138
  44 0.435 21.84 941.149
  45 0.445 21.62 979.919
  46 0.455 21.522 950.894
  47 0.465 21.406 954.387
  48 0.475 21.094 946.876
  49 0.485 20.156 982.504
  50 0.495 19.294 970.679
  51 0.505 19.518 940.227
  52 0.515 20.356 976.422
  53 0.525 21.096 991.335
  54 0.535 21.484 984.953
  55 0.545 21.44 970.084
  56 0.555 21.622 977.453
  57 0.565 21.884 945.857
  58 0.575 21.808 934.215
  59 0.585 21.876 920.663
  60 0.595 21.454 923.356
  61 0.605 20.706 885.029
  62 0.615 19.934 866.076
  63 0.625 19.824 867.436
  64 0.635 20.842 871.311
  65 0.645 21.526 889.468
  66 0.655 21.846 862.876
  67 0.665 21.924 852.312
  68 0.675 21.854 876.219
  69 0.685 21.548 875.657
  70 0.695 21.694 851.927
  71 0.705 21.344 857.031
  72 0.715 21.246 835.296
  73 0.725 20.44 839.003
  74 0.735 19.742 840.115
  75 0.745 19.416 798.514
  76 0.755 19.858 817.885
  77 0.765 20.892 784.447
  78 0.775 21.476 804.883
  79 0.785 21.518 820.428
  80 0.795 21.622 810.476
  81 0.805 21.662 787.209
  82 0.815 21.892 793.991
  83 0.825 21.746 787.879
  84 0.835 21.718 775.34
  85 0.845 21.184 831.516
  86 0.855 20.774 825.547
  87 0.865 20.234 789.982
  88 0.875 20.194 765.548
  89 0.885 20.73 728.939
  90 0.895 21.464 745.843
  91 0.905 21.818 750.641
  92 0.915 21.932 788.464
  93 0.925 21.848 782.295
  94 0.935 21.674 732.999
  95 0.945 21.568 716.945
  96 0.955 21.58 676.277
  97 0.965 21.526 666.943
  98 0.975 21.02 701.132
  99 0.985 20.362 661.485
  100 0.995 19.562 629.079
200000 100 2112.0000000000005
  1 0.005 19.12 673.13
  2 0.015 20.36 626.441
  3 0.025 21.224 689.055
  4 0.035 21.594 729.238
  5 0.045 21.37 763.55
  6 0.055 21.632 703.138
  7 0.065 21.722 700.945
  8 0.075 21.876 673.117
  9 0.085 21.954 689.444
  10 0.095 21.83 719.424
  11 0.105 21.872 724.043
  12 0.115 20.732 749.887
  13 0.125 19.82 774.293
  14 0.135 19.692 807.025
  15 0.145 20.694 754.646
  16 0.155 21.554 741.214
  17 0.165 21.804 747.237
  18 0.175 21.956 736.814
  19 0.185 21.906 746.68
  20 0.195 21.772 757.075
  21 0.205 21.602 734.763
  22 0.215 21.598 771.754
  23 0.225 21.274 793.292
  24 0.235 21.242 789.471
  25 0.245 20.226 816.015
  26 0.255 19.518 821.294
  27 0.265 19.546 811.472
  28 0.275 20.122 837.538
  29 0.285 21.102 797.537
  30 0.295 21.496 859.05
  31 0.305 21.434 886.751
  32 0.315 21.624 868.86
  33 0.325 21.758 885.745
  34 0.335 21.83 884.546
  35 0.345 21.72 869.595
  36 0.355 21.478 877.64
  37 0.365 20.87 865.673
  38 0.375 20.328 865.896
  39 0.385 20.036 870.678
  40 0.395 20.452 923.439
  41 0.405 21.3 972.688
  42 0.415 21.832 974.769
  43 0.425 21.83 990.587
  44 0.435 21.802 945.833
  45 0.445 21.59 900.131
  46 0.455 21.53 934.613
  47 0.465 21.424 944.68
  48 0.475 21.052 945
  49 0.485 19.958 962.541
  50 0.495 19.11 960.527
  51 0.505 19.558 937.12
  52 0.515 20.408 994.794
  53 0.525 21.336 937.166
  54 0.535 21.352 912.923
  55 0.545 21.584 900.434
  56 0.555 21.684 954.101
  57 0.565 21.842 941.3
  58 0.575 21.928 909.924
  59 0.585 21.82 929.006
  60 0.595 21.336 888.838
  61 0.605 20.118 892.775
  62 0.615 19.7 926.012
  63 0.625 20.34 924.348
  64 0.635 21.028 949.485
  65 0.645 21.648 979.215
  66 0.655 21.952 902.703
  67 0.665 21.888 921.218
  68 0.675 21.812 880.002
  69 0.685 21.498 881.846
  70 0.695 21.624 843.493
  71 0.705 21.506 821.646
  72 0.715 21.162 816.876
  73 0.725 20.156 816.66
  74 0.735 19.824 789.099
  75 0.745 19.654 797.179
  76 0.755 19.972 819.361
  77 0.765 20.906 759.735
  78 0.775 21.472 781.041
  79 0.785 21.524 791.394
  80 0.795 21.71 806.372
  81 0.805 21.632 783.112
  82 0.815 21.826 772.553
  83 0.825 21.876 764.158
  84 0.835 21.636 768.603
  85 0.845 21.44 712.363
  86 0.855 20.95 724.137
  87 0.865 20.478 746.952
  88 0.875 20.176 792.202
  89 0.885 20.366 779.731
  90 0.895 21.126 758.185
  91 0.905 21.856 775.864
  92 0.915 21.9 735.08
  93 0.925 21.888 705.423
  94 0.935 21.764 759.451
  95 0.945 21.52 727.324
  96 0.955 21.566 740.127
  97 0.965 21.446 706.934
  98 0.975 21.368 669.17
  99 0.985 20.434 671.867
  100 0.995 19.242 684.733
205000 100 2112
  1 0.005 19.444 704.664
  2 0.015 20.386 662.871
  3 0.025 21.356 652.959
  4 0.035 21.5 663.403
  5 0.045 21.434 681.315
  6 0.055 21.632 697.65
  7 0.065 21.74 687.836
  8 0.075 21.82 709.079
  9 0.085 21.898 754.474
  10 0.095 21.994 745.443
  11 0.105 21.662 728.19
  12 0.115 21.06 730.71
  13 0.125 20.074 742.717
  14 0.135 20.032 761.333
  15 0.145 20.174 768.817
  16 0.155 21.262 793.193
  17 0.165 21.74 801.132
  18 0.175 21.946 790.334
  19 0.185 21.914 824.451
  20 0.195 21.696 809.432
  21 0.205 21.638 790.909
  22 0.215 21.576 729.167
  23 0.225 21.424 751.383
  24 0.235 21.156 813.022
  25 0.245 20.362 792.13
  26 0.255 19.658 791.152
  27 0.265 19.418 787.591
  28 0.275 20.156 778.751
  29 0.285 20.956 843.288
  30 0.295 21.43 850.363
  31 0.305 21.566 888.472
  32 0.315 21.544 906.529
  33 0.325 21.76 885.166
  34 0.335 21.824 925.028
  35 0.345 21.658 991.94
  36 0.355 21.528 930.902
  37 0.365 20.926 952.871
  38 0.375 20.43 922.981
  39 0.385 19.728 896.084
  40 0.395 20.4 916.121
  41 0.405 21.546 894.434
  42 0.415 21.742 889.501
  43 0.425 21.824 932.918
  44 0.435 21.908 911.973
  45 0.445 21.636 875.583
  46 0.455 21.486 892.934
  47 0.465 21.478 909.985
  48 0.475 21.148 938.829
  49 0.485 20.446 948.372
  50 0.495 19.228 945.185
  51 0.505 19.456 963.1
  52 0.515 20.27 949.27
  53 0.525 20.962 957.477
  54 0.535 21.352 972.447
  55 0.545 21.568 968.108
  56 0.555 21.564 1004.6
  57 0.565 21.796 898.976
  58 0.575 21.91 897.784
  59 0.585 21.888 880.422
  60 0.595 21.454 874.775
  61 0.605 20.842 891.319
  62 0.615 19.73 905.844
  63 0.625 19.706 968.27
  64 0.635 20.83 951.805
  65 0.645 21.6 915.315
  66 0.655 21.924 872.862
  67 0.665 21.822 909.221
  68 0.675 21.8 890.62
  69 0.685 21.562 897.848
  70 0.695 21.548 851.28
  71 0.705 21.418 851.588
  72 0.715 21.082 831.202
  73 0.725 20.11 816.514
  74 0.735 19.31 757.887
  75 0.745 19.63 755.502
  76 0.755 20.372 765.258
  77 0.765 21.052 798.934
  78 0.775 21.522 786.529
  79 0.785 21.45 757.207
  80 0.795 21.726 767.209
  81 0.805 21.758 701.703
  82 0.815 21.89 752.844
  83 0.825 21.786 747.29
  84 0.835 21.452 744.528
  85 0.845 21.008 742
  86 0.855 20.762 760.859
  87 0.865 20.392 784.049
  88 0.875 20.288 766.532
  89 0.885 20.886 759.965
  90 0.895 21.472 804.608
  91 0.905 21.862 736.03
  92 0.915 21.92 751.876
  93 0.925 21.794 731.386
  94 0.935 21.66 751.076
  95 0.945 21.684 709.531
  96 0.955 21.506 708.798
  97 0.965 21.498 681.5
  98 0.975 21.18 709.592
  99 0.985 20.278 727.168
  100 0.995 19.324 728.631
210000 100 2112.0000000000005
  1 0.005 19.402 681.564
  2 0.015 20.408 699.439
  3 0.025 21.252 665.555
  4 0.035 21.42 702.037
  5 0.045 21.496 701.022
  6 0.055 21.544 716.834
  7 0.065 21.82 727.676
  8 0.075 21.782 750.8
  9 0.085 21.918 743.981
  10 0.095 21.906 745.225
  11 0.105 21.284 774.007
  12 0.115 20.7 762.773
  13 0.125 20.132 779.901
  14 0.135 20.238 793.283
  15 0.145 20.738 778.251
  16 0.155 21.32 804.697
  17 0.165 21.702 812.342
  18 0.175 21.972 788.818
  19 0.185 21.886 789.161
  20 0.195 21.7 829.157
  21 0.205 21.62 795.236
  22 0.215 21.448 799.202
  23 0.225 21.518 809.786
  24 0.235 21.146 815.996
  25 0.245 20.318 797.052
  26 0.255 19.44 804.185
  27 0.265 19.478 782.096
  28 0.275 20.302 812.625
  29 0.285 20.968 814.881
  30 0.295 21.5 862.931
  31 0.305 21.574 821.274
  32 0.315 21.624 889.661
  33 0.325 21.696 867.247
  34 0.335 21.814 825.965
  35 0.345 21.908 841.667
  36 0.355 21.496 859.811
  37 0.365 21.138 890.542
  38 0.375 20.492 893.822
  39 0.385 20.122 916.712
  40 0.395 19.998 969.67
  41 0.405 21.144 948.974
  42 0.415 21.704 909.895
  43 0.425 21.822 933.822
  44 0.435 21.922 904.418
  45 0.445 21.66 884.987
  46 0.455 21.52 902.948
  47 0.465 21.476 927.181
  48 0.475 21.086 919.858
  49 0.485 20.374 986.539
  50 0.495 19.504 972.423
  51 0.505 19.336 1031.32
  52 0.515 20.116 1084.3
  53 0.525 20.982 1024.22
  54 0.535 21.266 1013.4
  55 0.545 21.476 951.967
  56 0.555 21.76 944.911
  57 0.565 21.818 881.525
  58 0.575 21.906 854.932
  59 0.585 21.752 889.723
  60 0.595 21.326 868.612
  61 0.605 20.392 920.829
  62 0.615 19.926 868.631
  63 0.625 20.172 872.181
  64 0.635 20.964 925.989
  65 0.645 21.508 933.051
  66 0.655 21.866 887.679
  67 0.665 21.898 905.521
  68 0.675 21.798 875.01
  69 0.685 21.54 828.755
  70 0.695 21.574 828.811
  71 0.705 21.386 825.7
  72 0.715 21.064 793.228
  73 0.725 20.09 798.398
  74 0.735 19.528 781.725
  75 0.745 19.668 783.805
  76 0.755 20.22 793.231
  77 0.765 21.092 797.148
  78 0.775 21.442 751.053
  79 0.785 21.554 778.745
  80 0.795 21.626 752.476
  81 0.805 21.814 723.244
  82 0.815 21.872 743.243
  83 0.825 21.796 780.736
  84 0.835 21.786 735.253
  85 0.845 21.226 743.366
  86 0.855 20.482 728.118
  87 0.865 20.412 743.212
  88 0.875 20.178 734.593
  89 0.885 20.666 754.436
  90 0.895 21.396 744.155
  91 0.905 21.922 744.506
  92 0.915 21.92 749.023
  93 0.925 21.91 771.168
  94 0.935 21.728 759.626
  95 0.945 21.516 744.809
  96 0.955 21.594 711.989
  97 0.965 21.552 714.962
  98 0.975 21.232 683.042
  99 0.985 20.186 704.016
  100 0.995 19.334 664.647
215000 100 2112
  1 0.005 19.254 633.694
  2 0.015 20.484 632.446
  3 0.025 21.22 650.557
  4 0.035 21.422 684.672
  5 0.045 21.372 710.392
  6 0.055 21.764 705.152
  7 0.065 21.618 706.128
  8 0.075 21.874 717.654
  9 0.085 21.87 739.01
  10 0.095 21.908 731.572
  11 0.105 21.666 766.719
  12 0.115 20.848 790.444
  13 0.125 19.99 811.703
  14 0.135 20.008 850.046
  15 0.145 20.626 854.737
  16 0.155 21.136 830.329
  17 0.165 21.858 755.243
  18 0.175 21.954 766.183
  19 0.185 21.898 758.464
  20 0.195 21.61 697.18
  21 0.205 21.772 715.481
  22 0.215 21.48 759.425
  23 0.225 21.31 797.698
  24 0.235 21.096 793.16
  25 0.245 20.002 850.118
  26 0.255 19.486 914.111
  27 0.265 19.686 922.135
  28 0.275 20.272 922.625
  29 0.285 21.078 910.542
  30 0.295 21.394 881.988
  31 0.305 21.598 872.301
  32 0.315 21.756 840.475
  33 0.325 21.752 871.214
  34 0.335 21.896 869.617
  35 0.345 21.724 873.24
  36 0.355 21.208 893.538
  37 0.365 20.712 831.472
  38 0.375 20.388 833.939
  39 0.385 20.304 886.256
  40 0.395 20.436 929.705
  41 0.405 21.266 949.845
  42 0.415 21.906 958.442
  43 0.425 21.824 900.352
  44 0.435 21.754 937.151
  45 0.445 21.72 953.957
  46 0.455 21.466 952.072
  47 0.465 21.434 922.854
  48 0.475 21.006 928.921
  49 0.485 20.148 948.545
  50 0.495 19.332 943.147
  51 0.505 19.52 980.988
  52 0.515 20.292 980.251
  53 0.525 21.252 943.606
  54 0.535 21.334 918.535
  55 0.545 21.564 905.508
  56 0.555 21.652 918.054
  57 0.565 21.846 936.257
  58 0.575 21.914 941.915
  59 0.585 21.82 965.045
  60 0.595 21.23 944.729
  61 0.605 20.46 887.667
  62 0.615 20.108 960.459
  63 0.625 19.956 938.13
  64 0.635 20.978 901.077
  65 0.645 21.558 840.69
  66 0.655 21.8 847.09
  67 0.665 21.914 805.414
  68 0.675 21.78 867.056
  69 0.685 21.66 845.035
  70 0.695 21.468 856.129
  71 0.705 21.548 829.371
  72 0.715 21.202 818.399
  73 0.725 20.632 805.454
  74 0.735 19.484 790.152
  75 0.745 19.364 792.036
  76 0.755 20.014 758.215
  77 0.765 20.974 740.61
  78 0.775 21.472 750.431
  79 0.785 21.46 765.72
  80 0.795 21.7 793.919
  81 0.805 21.66 821.562
  82 0.815 21.806 763.573
  83 0.825 21.934 763.993
  84 0.835 21.72 768.093
  85 0.845 21.354 788.207
  86 0.855 20.596 764.882
  87 0.865 20.418 757.903
  88 0.875 20.11 748.662
  89 0.885 20.608 778.588
  90 0.895 21.29 771.404
  91 0.905 21.884 743.463
  92 0.915 21.902 739.35
  93 0.925 21.85 724.665
  94 0.935 21.726 694.91
  95 0.945 21.664 681.893
  96 0.955 21.504 718.754
  97 0.965 21.44 674.05
  98 0.975 21.294 695.58
  99 0.985 20.49 665.773
  100 0.995 19.208 674.301
220000 100 2112.0000000000005
  1 0.005 19.634 622.097
  2 0.015 20.272 649.412
  3 0.025 20.926 685.865
  4 0.035 21.202 717.26
  5 0.045 21.506 734.068
  6 0.055 21.612 739.969
  7 0.065 21.636 749.024
  8 0.075 21.736 724.627
  9 0.085 22.004 746.023
  10 0.095 21.746 819.354
  11 0.105 21.48 782.798
  12 0.115 20.876 774.735
  13 0.125 20.234 781.542
  14 0.135 19.89 770.591
  15 0.145 20.568 809.495
  16 0.155 21.302 789.81
  17 0.165 21.844 767.134
  18 0.175 21.958 744.72
  19 0.185 21.848 765.105
  20 0.195 21.65 757.051
  21 0.205 21.688 737.303
  22 0.215 21.502 754.652
  23 0.225 21.454 824.255
  24 0.235 20.836 824.188
  25 0.245 19.818 848.338
  26 0.255 19.222 891.592
  27 0.265 19.826 891.537
  28 0.275 20.642 895.339
  29 0.285 21.106 896.559
  30 0.295 21.516 830.6
  31 0.305 21.608 866.904
  32 0.315 21.598 844.107
  33 0.325 21.856 829.298
  34 0.335 21.86 813.488
  35 0.345 21.626 817.431
  36 0.355 21.246 805.153
  37 0.365 20.822 865.371
  38 0.375 20.384 852.489
  39 0.385 20.112 911.434
  40 0.395 20.762 899.468
  41 0.405 21.284 934.9
  42 0.415 21.75 920.837
  43 0.425 21.904 956.107
  44 0.435 21.712 987.682
  45 0.445 21.638 913.566
  46 0.455 21.544 954.534
  47 0.465 21.476 929.698
  48 0.475 21.056 935.653
  49 0.485 20.172 975.014
  50 0.495 19.11 971.947
  51 0.505 19.618 989.627
  52 0.515 20.328 989.201
  53 0.525 21.206 958.788
  54 0.535 21.428 942.709
  55 0.545 21.462 988.428
  56 0.555 21.802 939.065
  57 0.565 21.674 967.369
  58 0.575 21.936 911.375
  59 0.585 21.726 893.333
  60 0.595 21.55 874.409
  61 0.605 20.44 900.582
  62 0.615 20.112 919.789
  63 0.625 20.068 894.698
  64 0.635 20.734 870.776
  65 0.645 21.438 910.821
  66 0.655 21.906 894.793
  67 0.665 21.854 887.727
  68 0.675 21.864 844.52
  69 0.685 21.702 827.594
  70 0.695 21.342 874.736
  71 0.705 21.506 861.031
  72 0.715 21.332 779.926
  73 0.725 20.494 795.728
  74 0.735 19.52 851.486
  75 0.745 19.382 860.509
  76 0.755 20.002 803.812
  77 0.765 20.89 803.396
  78 0.775 21.432 774.394
  79 0.785 21.58 772.636
  80 0.795 21.616 785.662
  81 0.805 21.692 743.924
  82 0.815 21.814 757.949
  83 0.825 21.956 732.611
  84 0.835 21.718 730.469
  85 0.845 21.27 768.467
  86 0.855 20.76 782.736
  87 0.865 20.05 804.179
  88 0.875 20.134 743.876
  89 0.885 20.662 791.769
  90 0.895 21.476 791.008
  91 0.905 21.91 766.07
  92 0.915 21.938 725.221
  93 0.925 21.88 696.879
  94 0.935 21.666 718.383
  95 0.945 21.71 679.388
  96 0.955 21.508 670.2
  97 0.965 21.532 679.968
  98 0.975 21.286 629.585
  99 0.985 20.472 631.49
  100 0.995 19.568 637.477
225000 100 2112
  1 0.005 19.36 671.397
  2 0.015 20.494 639.05
  3 0.025 21.1 617.915
  4 0.035 21.604 668.977
  5 0.045 21.474 646.066
  6 0.055 21.538 683.256
  7 0.065 21.772 678.483
  8 0.075 21.87 737.689
  9 0.085 21.91 777.085
  10 0.095 21.838 768.748
  11 0.105 21.362 748.61
  12 0.115 20.836 770.9
  13 0.125 20.262 744.157
  14 0.135 20.068 727.385
  15 0.145 20.402 749.908
  16 0.155 21.416 782.377
  17 0.165 21.814 801.266
  18 0.175 21.954 839.501
  19 0.185 21.838 788.903
  20 0.195 21.83 783.912
  21 0.205 21.612 770.26
  22 0.215 21.386 836.159
  23 0.225 21.468 791.049
  24 0.235 21.172 773.642
  25 0.245 20.312 807.15
  26 0.255 19.544 804.37
  27 0.265 19.518 870.707
  28 0.275 20.114 878.319
  29 0.285 20.988 899.669
  30 0.295 21.39 891.421
  31 0.305 21.636 818.52
  32 0.315 21.684 836.695
  33 0.325 21.71 818.009
  34 0.335 21.836 844.334
  35 0.345 21.788 831.546
  36 0.355 21.406 838.284
  37 0.365 21.076 856.429
  38 0.375 20.56 861.591
  39 0.385 19.808 901.838
  40 0.395 20.36 913.308
  41 0.405 21.292 923.229
  42 0.415 21.686 928.828
  43 0.425 21.922 911.168
  44 0.435 21.73 976.154
  45 0.445 21.656 990.942
  46 0.455 21.48 969.692
  47 0.465 21.556 965.207
  48 0.475 20.956 956.501
  49 0.485 19.974 982.731
  50 0.495 19.076 991.406
  51 0.505 19.616 993.548
  52 0.515 20.388 1002.05
  53 0.525 21.222 924.132
  54 0.535 21.472 878.031
  55 0.545 21.544 948.026
  56 0.555 21.658 920.732
  57 0.565 21.782 947.319
  58 0.575 22 864.133
  59 0.585 21.598 872.14
  60 0.595 21.194 851.195
  61 0.605 20.398 880.338
  62 0.615 20.154 906.781
  63 0.625 20.17 948.227
  64 0.635 20.924 920.308
  65 0.645 21.62 851.891
  66 0.655 21.914 831.215
  67 0.665 21.91 872.796
  68 0.675 21.786 867.003
  69 0.685 21.59 879.866
  70 0.695 21.444 863.72
  71 0.705 21.582 873.998
  72 0.715 21.246 830.989
  73 0.725 20.334 868.177
  74 0.735 19.506 841.307
  75 0.745 19.43 800.286
  76 0.755 20.164 774.968
  77 0.765 20.964 831.094
  78 0.775 21.43 826.732
  79 0.785 21.608 823.934
  80 0.795 21.586 784.09
  81 0.805 21.674 784.07
  82 0.815 21.932 771.147
  83 0.825 21.766 756.16
  84 0.835 21.72 779.627
  85 0.845 21.358 745.285
  86 0.855 21.02 744.198
  87 0.865 20.29 727.394
  88 0.875 20.03 730.199
  89 0.885 20.72 720.333
  90 0.895 21.148 712.06
  91 0.905 21.838 732.661
  92 0.915 21.828 738.788
  93 0.925 21.898 783.077
  94 0.935 21.806 767.621
  95 0.945 21.508 765.913
  96 0.955 21.546 749.154
  97 0.965 21.456 744.575
  98 0.975 21.188 697.294
  99 0.985 20.362 704.739
  100 0.995 19.24 688.928
230000 100 2112
  1 0.005 19.384 700.581
  2 0.015 20.418 684.662
  3 0.025 21.39 674.087
  4 0.035 21.344 734.988
  5 0.045 21.544 713.238
  6 0.055 21.616 721.353
  7 0.065 21.75 697.264
  8 0.075 21.768 697.626
  9 0.085 21.96 684.135
  10 0.095 21.694 771.871
  11 0.105 21.602 746.799
  12 0.115 20.988 781.382
  13 0.125 20.368 771.16
  14 0.135 19.996 748.553
  15 0.145 20.238 784.034
  16 0.155 21.312 791.823
  17 0.165 21.824 767.028
  18 0.175 21.926 783.128
  19 0.185 21.856 804.155
  20 0.195 21.79 845.458
  21 0.205 21.534 857.289
  22 0.215 21.54 800.332
  23 0.225 21.496 823.595
  24 0.235 20.994 803.773
  25 0.245 20.066 800.105
  26 0.255 19.392 772.131
  27 0.265 19.468 741.051
  28 0.275 20.448 704.981
  29 0.285 21.264 780.23
  30 0.295 21.414 806.985
  31 0.305 21.576 821.149
  32 0.315 21.604 848.919
  33 0.325 21.854 823.912
  34 0.335 21.798 837.875
  35 0.345 21.754 896.362
  36 0.355 21.6 902.195
  37 0.365 20.94 896.445
  38 0.375 20.334 886.467
  39 0.385 19.856 912.111
  40 0.395 20.502 907.68
  41 0.405 21.118 925.913
  42 0.415 21.882 905.693
  43 0.425 21.852 975.871
  44 0.435 21.858 942.04
  45 0.445 21.646 967.437
  46 0.455 21.562 961.099
  47 0.465 21.324 1031.18
  48 0.475 21.218 992.912
  49 0.485 20.338 980.05
  50 0.495 19.402 971.888
  51 0.505 19.198 990.27
  52 0.515 20.346 953.431
  53 0.525 21.02 930.496
  54 0.535 21.434 882.988
  55 0.545 21.39 883.716
  56 0.555 21.792 872.959
  57 0.565 21.736 872.885
  58 0.575 21.868 918.796
  59 0.585 21.862 934.55
  60 0.595 21.432 904.154
  61 0.605 20.822 900.887
  62 0.615 20.008 940.104
  63 0.625 19.72 930.129
  64 0.635 20.702 899.946
  65 0.645 21.544 923.791
  66 0.655 21.85 907.157
  67 0.665 21.936 957.097
  68 0.675 21.796 876.857
  69 0.685 21.608 808.136
  70 0.695 21.524 864.631
  71 0.705 21.47 896.41
  72 0.715 21.168 902.647
  73 0.725 20.252 839.123
  74 0.735 19.334 809.747
  75 0.745 19.218 806.916
  76 0.755 20.424 818.316
  77 0.765 21.126 826.266
  78 0.775 21.396 820.536
  79 0.785 21.584 789.106
  80 0.795 21.624 799.234
  81 0.805 21.784 766.697
  82 0.815 21.862 724.664
  83 0.825 21.856 726.992
  84 0.835 21.536 773.281
  85 0.845 20.856 795.792
  86 0.855 20.642 768.092
  87 0.865 20.34 772.373
  88 0.875 20.344 709.039
  89 0.885 20.936 696.235
  90 0.895 21.462 744.133
  91 0.905 21.976 744.932
  92 0.915 21.836 748.136
  93 0.925 21.858 731.973
  94 0.935 21.774 727.627
  95 0.945 21.486 747.34
  96 0.955 21.56 714.975
  97 0.965 21.564 715.825
  98 0.975 21.252 678.246
  99 0.985 20.298 626.901
  100 0.995 19.192 673.28
235000 100 2111.9999999999995
  1 0.005 19.438 642.549
  2 0.015 20.572 641.215
  3 0.025 21.256 670.149
  4 0.035 21.518 666.716
  5 0.045 21.422 670.049
  6 0.055 21.702 681.005
  7 0.065 21.772 706.843
  8 0.075 21.836 726.657
  9 0.085 21.858 753.965
  10 0.095 21.794 758.74
  11 0.105 21.44 800.031
  12 0.115 20.718 816.74
  13 0.125 20.32 763.6
  14 0.135 20.01 780.346
  15 0.145 20.536 749.671
  16 0.155 21.406 796.369
  17 0.165 21.85 735.62
  18 0.175 21.936 774.425
  19 0.185 21.854 778.36
  20 0.195 21.782 768.652
  21 0.205 21.458 776.184
  22 0.215 21.63 771.036
  23 0.225 21.486 788.633
  24 0.235 21.194 784.551
  25 0.245 20.47 773.107
  26 0.255 19.342 768.64
  27 0.265 19.358 789.931
  28 0.275 20.244 804.401
  29 0.285 21.056 861.033
  30 0.295 21.584 865.7
  31 0.305 21.354 890.794
  32 0.315 21.676 878.82
  33 0.325 21.788 873.708
  34 0.335 21.772 901.864
  35 0.345 21.832 880.759
  36 0.355 21.464 907.162
  37 0.365 21.152 928.742
  38 0.375 20.402 904.619
  39 0.385 19.938 920.752
  40 0.395 20.148 904.112
  41 0.405 21.228 926.564
  42 0.415 21.828 915.484
  43 0.425 21.928 900.578
  44 0.435 21.78 930.993
  45 0.445 21.766 943.814
  46 0.455 21.424 959.748
  47 0.465 21.464 962.411
  48 0.475 21.074 948.108
  49 0.485 20.37 985.624
  50 0.495 19.372 969.507
  51 0.505 19.212 986.284
  52 0.515 20.154 986.512
  53 0.525 21.214 914.069
  54 0.535 21.426 913.072
  55 0.545 21.542 893.314
  56 0.555 21.678 898.201
  57 0.565 21.76 937.085
  58 0.575 21.864 946.658
  59 0.585 21.722 944.413
  60 0.595 21.382 965.923
  61 0.605 20.808 948.787
  62 0.615 19.828 958.273
  63 0.625 19.92 897.696
  64 0.635 20.83 863.033
  65 0.645 21.532 863.232
  66 0.655 21.922 898.853
  67 0.665 21.876 929.465
  68 0.675 21.874 924.806
  69 0.685 21.498 888.276
  70 0.695 21.554 850.667
  71 0.705 21.444 860.788
  72 0.715 21.28 859.727
  73 0.725 20.14 855.66
  74 0.735 19.158 859.352
  75 0.745 19.438 830.081
  76 0.755 20.332 842.911
  77 0.765 21.176 828.237
  78 0.775 21.446 833.451
  79 0.785 21.612 794.813
  80 0.795 21.568 768.184
  81 0.805 21.716 787.905
  82 0.815 21.92 750.357
  83 0.825 21.906 767.804
  84 0.835 21.616 767.44
  85 0.845 21.164 742.796
  86 0.855 20.726 708.205
  87 0.865 20.18 742.735
  88 0.875 19.98 754.685
  89 0.885 20.998 726.652
  90 0.895 21.486 719.732
  91 0.905 21.876 757.334
  92 0.915 21.944 737.241
  93 0.925 21.904 707.158
  94 0.935 21.636 709.761
  95 0.945 21.576 702.096
  96 0.955 21.552 662.434
  97 0.965 21.432 678.409
  98 0.975 21.118 703.633
  99 0.985 20.198 658.338
  100 0.995 19.28 635.003
240000 100 2112.0000000000005
  1 0.005 19.482 659.228
  2 0.015 20.824 620.342
  3 0.025 21.23 599.841
  4 0.035 21.568 623.889
  5 0.045 21.424 640.666
  6 0.055 21.772 674.99
  7 0.065 21.648 681.317
  8 0.075 21.836 706.553
  9 0.085 21.938 742.892
  10 0.095 21.778 731.738
  11 0.105 21.46 719.777
  12 0.115 20.886 705.098
  13 0.125 20.134 750.434
  14 0.135 19.946 757.843
  15 0.145 20.52 750.102
  16 0.155 21.372 764.248
  17 0.165 21.868 793.525
  18 0.175 21.986 792.802
  19 0.185 21.814 831.881
  20 0.195 21.824 750.109
  21 0.205 21.43 762.031
  22 0.215 21.642 777.401
  23 0.225 21.384 806.019
  24 0.235 20.982 861.88
  25 0.245 20.074 834.026
  26 0.255 19.038 842.543
  27 0.265 19.676 792.192
  28 0.275 20.696 817.291
  29 0.285 21.214 804.057
  30 0.295 21.482 797.111
  31 0.305 21.54 831.458
  32 0.315 21.59 859.136
  33 0.325 21.766 856.514
  34 0.335 21.886 849.012
  35 0.345 21.784 825.594
  36 0.355 21.448 863.305
  37 0.365 20.776 915.542
  38 0.375 20.532 944.505
  39 0.385 20.032 902.059
  40 0.395 20.282 924.836
  41 0.405 21.158 956.983
  42 0.415 21.934 967.009
  43 0.425 21.844 977.282
  44 0.435 21.874 970.077
  45 0.445 21.61 963.022
  46 0.455 21.536 956.111
  47 0.465 21.286 964.927
  48 0.475 21.18 952.976
  49 0.485 20.262 951.218
  50 0.495 19.14 927.535
  51 0.505 19.43 877.818
  52 0.515 20.384 909.083
  53 0.525 21.258 904.411
  54 0.535 21.368 964.495
  55 0.545 21.504 1003.13
  56 0.555 21.754 939.837
  57 0.565 21.752 960.661
  58 0.575 21.812 920.754
  59 0.585 21.814 921.803
  60 0.595 21.304 937.28
  61 0.605 20.694 983.469
  62 0.615 20.232 945.852
  63 0.625 19.794 950.286
  64 0.635 20.758 948.672
  65 0.645 21.504 899.14
  66 0.655 21.87 844.622
  67 0.665 21.9 832.237
  68 0.675 21.814 825.718
  69 0.685 21.764 829.994
  70 0.695 21.436 856.521
  71 0.705 21.45 894.881
  72 0.715 21.286 870.304
  73 0.725 20.496 859.887
  74 0.735 19.652 808.207
  75 0.745 19.192 821.014
  76 0.755 20.014 813.998
  77 0.765 21.05 827.888
  78 0.775 21.47 789.503
  79 0.785 21.432 829.481
  80 0.795 21.614 817.669
  81 0.805 21.76 806.782
  82 0.815 21.76 819.505
  83 0.825 21.896 820.541
  84 0.835 21.62 815.596
  85 0.845 21.356 789.754
  86 0.855 21.042 714.901
  87 0.865 20.19 746.171
  88 0.875 19.838 748.374
  89 0.885 20.824 756.784
  90 0.895 21.252 782.405
  91 0.905 21.906 764.651
  92 0.915 21.93 763.123
  93 0.925 21.89 749.895
  94 0.935 21.616 735.915
  95 0.945 21.634 692.779
  96 0.955 21.592 709.121
  97 0.965 21.42 706.022
  98 0.975 21.164 706.467
  99 0.985 20.158 690.537
  100 0.995 18.962 691.659
245000 100 2112
  1 0.005 19.484 671.647
  2 0.015 20.312 637.013
  3 0.025 20.99 672.767
  4 0.035 21.454 695.511
  5 0.045 21.494 728.354
  6 0.055 21.69 712.498
  7 0.065 21.588 728.389
  8 0.075 21.81 717.866
  9 0.085 21.89 715.601
  10 0.095 21.714 699.47
  11 0.105 21.602 677.279
  12 0.115 21.146 702.555
  13 0.125 20.572 712.693
  14 0.135 19.986 696.575
  15 0.145 20.156 734.058
  16 0.155 21.154 782.818
  17 0.165 21.72 808.241
  18 0.175 21.928 761.792
  19 0.185 21.82 816.686
  20 0.195 21.926 782.808
  21 0.205 21.608 752.901
  22 0.215 21.394 758.244
  23 0.225 21.452 784.678
  24 0.235 21.242 774.18
  25 0.245 20.28 824.187
  26 0.255 19.224 781.353
  27 0.265 19.4 764.375
  28 0.275 20.388 772.256
  29 0.285 21.122 832.518
  30 0.295 21.378 931.439
  31 0.305 21.558 917.625
  32 0.315 21.614 880.911
  33 0.325 21.768 903.918
  34 0.335 21.868 901.194
  35 0.345 21.6 869.094
  36 0.355 21.316 848.627
  37 0.365 20.832 846.451
  38 0.375 20.33 889.328
  39 0.385 20.294 918.13
  40 0.395 20.51 943.244
  41 0.405 21.346 924.167
  42 0.415 21.798 965.771
  43 0.425 21.8 1025.13
  44 0.435 21.752 967.999
  45 0.445 21.708 975.598
  46 0.455 21.424 1016.44
  47 0.465 21.468 930.328
  48 0.475 21.142 909.391
  49 0.485 20.094 952.176
  50 0.495 19.346 910.772
  51 0.505 19.362 924.73
  52 0.515 20.456 939.173
  53 0.525 21.104 960.216
  54 0.535 21.466 940.262
  55 0.545 21.53 947.292
  56 0.555 21.69 943.692
  57 0.565 21.736 952.533
  58 0.575 21.928 978.529
  59 0.585 21.666 912.224
  60 0.595 21.248 970.061
  61 0.605 21.036 876.418
  62 0.615 20.06 904.938
  63 0.625 19.594 886.166
  64 0.635 20.912 870.929
  65 0.645 21.572 876.556
  66 0.655 21.838 891.734
  67 0.665 21.878 861.585
  68 0.675 21.868 886.623
  69 0.685 21.678 893.425
  70 0.695 21.398 851.77
  71 0.705 21.536 826.035
  72 0.715 21.31 789.529
  73 0.725 20.57 783.568
  74 0.735 19.4 832.644
  75 0.745 19.074 842.433
  76 0.755 20.09 873.597
  77 0.765 21.096 857.938
  78 0.775 21.484 848.189
  79 0.785 21.47 813.23
  80 0.795 21.574 805.043
  81 0.805 21.812 812.846
  82 0.815 21.888 836.73
  83 0.825 21.782 839.939
  84 0.835 21.65 849.221
  85 0.845 21.136 795.107
  86 0.855 20.748 812.921
  87 0.865 20.28 792.857
  88 0.875 20.13 760.211
  89 0.885 20.492 720.591
  90 0.895 21.726 729.457
  91 0.905 21.94 740.449
  92 0.915 21.914 728.458
  93 0.925 21.918 680.104
  94 0.935 21.72 700.784
  95 0.945 21.496 696.498
  96 0.955 21.69 678.155
  97 0.965 21.396 693.321
  98 0.975 21.188 688.482
  99 0.985 20.426 692.329
  100 0.995 19.552 663.191
250000 100 2112
  1 0.005 19.276 654.481
  2 0.015 20.712 631.544
  3 0.025 21.372 660.612
  4 0.035 21.458 687.743
  5 0.045 21.456 704.426
  6 0.055 21.69 740.097
  7 0.065 21.778 722.935
  8 0.075 21.82 751.057
  9 0.085 21.958 765.843
  10 0.095 21.862 714.322
  11 0.105 21.492 696.911
  12 0.115 20.738 689.074
  13 0.125 20.028 687.952
  14 0.135 19.92 728.087
  15 0.145 20.658 740.438
  16 0.155 21.432 708.223
  17 0.165 21.874 726.457
  18 0.175 21.938 708.043
  19 0.185 21.956 727.539
  20 0.195 21.704 768.069
  21 0.205 21.758 766.947
  22 0.215 21.462 795.076
  23 0.225 21.416 785.783
  24 0.235 21.248 821.545
  25 0.245 20.486 801.047
  26 0.255 19.656 823.825
  27 0.265 19.484 857.696
  28 0.275 20.172 848.943
  29 0.285 20.796 844.047
  30 0.295 21.286 858.994
  31 0.305 21.46 836.458
  32 0.315 21.652 822.468
  33 0.325 21.79 839.059
  34 0.335 21.764 857.326
  35 0.345 21.832 898.94
  36 0.355 21.656 948.353
  37 0.365 20.968 950.254
  38 0.375 20.386 932.495
  39 0.385 19.828 926.536
  40 0.395 20.192 982.324
  41 0.405 21.254 957.943
  42 0.415 21.89 933.188
  43 0.425 21.78 982.844
  44 0.435 21.866 997.023
  45 0.445 21.686 927.187
  46 0.455 21.49 975.95
  47 0.465 21.36 997.365
  48 0.475 21.07 961.993
  49 0.485 19.966 949.434
  50 0.495 19.35 972.371
  51 0.505 19.198 1039.73
  52 0.515 20.628 904.647
  53 0.525 21.228 896.801
  54 0.535 21.436 936.836
  55 0.545 21.446 942.214
  56 0.555 21.788 858.429
  57 0.565 21.794 895.742
  58 0.575 21.75 890.24
  59 0.585 21.754 920.782
  60 0.595 21.208 891.44
  61 0.605 20.688 862.345
  62 0.615 20.004 882.995
  63 0.625 20.104 914.998
  64 0.635 20.9 903.353
  65 0.645 21.574 901.591
  66 0.655 21.822 925.014
  67 0.665 21.922 913.942
  68 0.675 21.766 912.852
  69 0.685 21.736 909.566
  70 0.695 21.314 890.36
  71 0.705 21.514 879.652
  72 0.715 21.206 913.746
  73 0.725 20.28 874.945
  74 0.735 19.35 876.141
  75 0.745 19.27 848.964
  76 0.755 20.384 819.395
  77 0.765 21.184 800.988
  78 0.775 21.398 748.649
  79 0.785 21.67 737.054
  80 0.795 21.51 764.954
  81 0.805 21.748 758.802
  82 0.815 21.926 794.913
  83 0.825 21.778 795.444
  84 0.835 21.734 774.681
  85 0.845 21.268 777.707
  86 0.855 20.646 802.544
  87 0.865 20.396 804.78
  88 0.875 20.138 782.687
  89 0.885 20.52 748.209
  90 0.895 21.522 723.264
  91 0.905 21.846 741.489
  92 0.915 21.946 754.282
  93 0.925 21.804 752.59
  94 0.935 21.732 752.26
  95 0.945 21.63 743.374
  96 0.955 21.438 757.731
  97 0.965 21.47 697.438
  98 0.975 21.094 644.843
  99 0.985 20.092 651.52
  100 0.995 19.32 629.741
255000 100 2112.0000000000005
  1 0.005 19.686 639.304
  2 0.015 20.72 675.631
  3 0.025 21.294 694.774
  4 0.035 21.648 702.945
  5 0.045 21.408 702.018
  6 0.055 21.648 669.218
  7 0.065 21.816 686.339
  8 0.075 21.822 710.917
  9 0.085 21.924 703.675
  10 0.095 21.94 693.016
  11 0.105 21.622 690.07
  12 0.115 20.976 727.852
  13 0.125 20.036 687.465
  14 0.135 19.896 710.695
  15 0.145 20.432 694.054
  16 0.155 21.26 753.351
  17 0.165 21.856 761.829
  18 0.175 21.928 744.433
  19 0.185 21.924 750.826
  20 0.195 21.802 722.731
  21 0.205 21.592 754.371
  22 0.215 21.462 768.503
  23 0.225 21.536 814.515
  24 0.235 21.194 800.649
  25 0.245 20.4 800.088
  26 0.255 19.306 793.975
  27 0.265 19.432 840.017
  28 0.275 20.268 836.466
  29 0.285 20.976 844.006
  30 0.295 21.448 815.76
  31 0.305 21.538 841.209
  32 0.315 21.58 861.584
  33 0.325 21.774 844.379
  34 0.335 21.84 892.053
  35 0.345 21.792 920.508
  36 0.355 21.504 928.044
  37 0.365 21.166 912.601
  38 0.375 20.368 944.691
  39 0.385 19.836 915.078
  40 0.395 20.408 916.384
  41 0.405 21.034 959.843
  42 0.415 21.858 938.568
  43 0.425 21.848 987.978
  44 0.435 21.864 989.428
  45 0.445 21.682 970.866
  46 0.455 21.478 967.517
  47 0.465 21.518 905.782
  48 0.475 21.32 937.845
  49 0.485 20.564 893.37
  50 0.495 19.462 903.237
  51 0.505 19.218 921.681
  52 0.515 19.912 892.618
  53 0.525 21.11 887.112
  54 0.535 21.318 932.693
  55 0.545 21.506 972.05
  56 0.555 21.594 982.777
  57 0.565 21.78 963.294
  58 0.575 21.898 972.15
  59 0.585 21.77 1004.95
  60 0.595 21.336 963.008
  61 0.605 20.956 922.73
  62 0.615 19.86 883.273
  63 0.625 19.64 875.563
  64 0.635 21.044 880.343
  65 0.645 21.394 939.638
  66 0.655 21.87 936.202
  67 0.665 21.966 904.449
  68 0.675 21.732 921.849
  69 0.685 21.676 885.553
  70 0.695 21.454 863.059
  71 0.705 21.318 905.545
  72 0.715 21.192 857.28
  73 0.725 20.126 863.163
  74 0.735 19.144 852.135
  75 0.745 19.61 795.938
  76 0.755 20.39 816.514
  77 0.765 21.144 860.164
  78 0.775 21.418 796.555
  79 0.785 21.668 801.192
  80 0.795 21.572 870.613
  81 0.805 21.748 772.634
  82 0.815 21.926 783.165
  83 0.825 21.852 780.463
  84 0.835 21.4 774.323
  85 0.845 21.026 736.305
  86 0.855 20.524 758.868
  87 0.865 20.028 823.719
  88 0.875 20.316 818.72
  89 0.885 21.08 789.178
  90 0.895 21.812 735.365
  91 0.905 21.872 766.049
  92 0.915 21.868 715.886
  93 0.925 21.892 697.936
  94 0.935 21.7 750.661
  95 0.945 21.484 731.805
  96 0.955 21.584 682.433
  97 0.965 21.436 696.487
  98 0.975 21.074 707.315
  99 0.985 20.032 698.452
  100 0.995 19.044 672.417
260000 100 2112
  1 0.005 19.516 660.296
  2 0.015 20.592 643.023
  3 0.025 21.4 679.46
  4 0.035 21.53 682.462
  5 0.045 21.388 688.362
  6 0.055 21.708 612.392
  7 0.065 21.774 672.758
  8 0.075 21.802 707.309
  9 0.085 21.974 711.648
  10 0.095 21.89 745.692
  11 0.105 21.668 752.544
  12 0.115 20.668 751.444
  13 0.125 19.816 788.184
  14 0.135 19.966 753.691
  15 0.145 20.66 736.909
  16 0.155 21.472 765.4
  17 0.165 21.858 783.607
  18 0.175 21.954 753.286
  19 0.185 21.91 714.438
  20 0.195 21.716 715.65
  21 0.205 21.676 729.805
  22 0.215 21.542 730.215
  23 0.225 21.51 775.378
  24 0.235 21.248 756.648
  25 0.245 20.348 764.645
  26 0.255 19.382 808.101
  27 0.265 19.328 815.154
  28 0.275 20.294 842.29
  29 0.285 20.99 881.242
  30 0.295 21.37 866.176
  31 0.305 21.618 836.34
  32 0.315 21.54 843.085
  33 0.325 21.764 841.77
  34 0.335 21.832 856.84
  35 0.345 21.816 850.949
  36 0.355 21.684 866.324
  37 0.365 21.136 895.388
  38 0.375 20.22 951.524
  39 0.385 19.806 979.2
  40 0.395 20.208 953.308
  41 0.405 21.244 921.785
  42 0.415 21.906 925.881
  43 0.425 21.89 941.206
  44 0.435 21.804 948.305
  45 0.445 21.734 965.644
  46 0.455 21.54 950.651
  47 0.465 21.34 967.099
  48 0.475 21.312 960.638
  49 0.485 20.348 1005.25
  50 0.495 19.404 957.79
  51 0.505 19.034 972.481
  52 0.515 20.274 1022
  53 0.525 21.152 985.471
  54 0.535 21.27 1000.73
  55 0.545 21.596 960.335
  56 0.555 21.554 967.99
  57 0.565 21.858 967.964
  58 0.575 21.842 946.546
  59 0.585 21.87 903.884
  60 0.595 21.328 941.263
  61 0.605 20.622 918.826
  62 0.615 19.624 880.436
  63 0.625 19.948 872.76
  64 0.635 20.986 889.169
  65 0.645 21.672 894.768
  66 0.655 21.928 846.154
  67 0.665 21.91 907.571
  68 0.675 21.806 886.524
  69 0.685 21.618 870.035
  70 0.695 21.462 854.593
  71 0.705 21.516 809.766
  72 0.715 21.316 818.179
  73 0.725 20.404 866.642
  74 0.735 19.282 864.339
  75 0.745 19.318 840.629
  76 0.755 20.084 862.6
  77 0.765 21.226 852.09
  78 0.775 21.36 824.194
  79 0.785 21.61 822.537
  80 0.795 21.588 768.779
  81 0.805 21.816 829.913
  82 0.815 21.804 816.876
  83 0.825 21.846 795.016
  84 0.835 21.68 828.849
  85 0.845 21.336 767.699
  86 0.855 20.556 795.439
  87 0.865 19.894 783.643
  88 0.875 19.956 728.697
  89 0.885 21.018 723.551
  90 0.895 21.644 768.701
  91 0.905 21.958 710.323
  92 0.915 21.9 734.742
  93 0.925 21.918 728.138
  94 0.935 21.702 748.304
  95 0.945 21.56 731.53
  96 0.955 21.368 746.327
  97 0.965 21.528 714.486
  98 0.975 21.232 683.448
  99 0.985 20.12 660.331
  100 0.995 19.01 663.976
265000 100 2112
  1 0.005 19.386 626.358
  2 0.015 20.508 629.071
  3 0.025 21.374 641.782
  4 0.035 21.568 679.875
  5 0.045 21.48 686.106
  6 0.055 21.528 694.534
  7 0.065 21.828 704.094
  8 0.075 21.804 718.845
  9 0.085 21.98 723.768
  10 0.095 21.786 736.418
  11 0.105 21.584 748.661
  12 0.115 20.8 736.444
  13 0.125 19.832 782.862
  14 0.135 19.822 770.366
  15 0.145 20.696 749.926
  16 0.155 21.576 745.803
  17 0.165 21.892 786.549
  18 0.175 21.968 786.86
  19 0.185 21.932 713.499
  20 0.195 21.716 724.662
  21 0.205 21.554 741.897
  22 0.215 21.512 745.827
  23 0.225 21.502 764.747
  24 0.235 21.382 725.771
  25 0.245 20.478 722.593
  26 0.255 19.222 720.088
  27 0.265 19.254 748.676
  28 0.275 20.204 825.45
  29 0.285 21.21 810.38
  30 0.295 21.35 835.005
  31 0.305 21.496 852.306
  32 0.315 21.632 865.058
  33 0.325 21.76 888.74
  34 0.335 21.916 844.682
  35 0.345 21.928 866.344
  36 0.355 21.604 904.773
  37 0.365 21.078 933.304
  38 0.375 20.146 904.59
  39 0.385 19.534 949.762
  40 0.395 20.568 946.095
  41 0.405 21.238 978.25
  42 0.415 21.82 993.884
  43 0.425 21.862 927.5
  44 0.435 21.906 944.563
  45 0.445 21.572 929.519
  46 0.455 21.508 946.419
  47 0.465 21.38 984.082
  48 0.475 21.23 990.854
  49 0.485 20.24 972.565
  50 0.495 19.156 936.725
  51 0.505 19.254 975.689
  52 0.515 20.522 994.755
  53 0.525 20.97 1034.31
  54 0.535 21.564 1006.57
  55 0.545 21.412 990.112
  56 0.555 21.712 927.168
  57 0.565 21.844 958.395
  58 0.575 21.888 1000.59
  59 0.585 21.858 966.075
  60 0.595 21.308 962.673
  61 0.605 20.482 946.04
  62 0.615 19.71 942.611
  63 0.625 20.028 969.58
  64 0.635 20.872 920.089
  65 0.645 21.77 904.441
  66 0.655 21.888 833.919
  67 0.665 21.944 879.129
  68 0.675 21.804 888.864
  69 0.685 21.592 872.191
  70 0.695 21.446 868.406
  71 0.705 21.554 870.059
  72 0.715 21.172 887.586
  73 0.725 20.626 837.786
  74 0.735 19.05 843.854
  75 0.745 19.212 824.573
  76 0.755 20.28 821.665
  77 0.765 21.278 809.037
  78 0.775 21.486 807.649
  79 0.785 21.318 788.075
  80 0.795 21.774 731.446
  81 0.805 21.696 781.817
  82 0.815 21.886 736.257
  83 0.825 21.922 773.302
  84 0.835 21.702 794.533
  85 0.845 21.222 840.677
  86 0.855 20.9 815.516
  87 0.865 20.04 796.168
  88 0.875 19.938 749.085
  89 0.885 20.718 744.682
  90 0.895 21.652 767.052
  91 0.905 21.872 753.02
  92 0.915 21.856 777.816
  93 0.925 21.904 734.62
  94 0.935 21.796 734.134
  95 0.945 21.416 763.064
  96 0.955 21.5 731.838
  97 0.965 21.56 675.536
  98 0.975 21.274 636.362
  99 0.985 20.244 640.005
  100 0.995 18.982 623.889
270000 100 2112
  1 0.005 19.574 646.7
  2 0.015 20.388 665.13
  3 0.025 21.32 665.755
  4 0.035 21.324 710.509
  5 0.045 21.586 692.728
  6 0.055 21.574 700.743
  7 0.065 21.676 699.83
  8 0.075 21.864 669.86
  9 0.085 21.972 678.059
  10 0.095 21.92 708.159
  11 0.105 21.696 720.791
  12 0.115 20.932 708.845
  13 0.125 20.004 740.033
  14 0.135 19.74 749.127
  15 0.145 20.262 752.812
  16 0.155 21.488 728.597
  17 0.165 21.956 734.504
  18 0.175 21.954 740.663
  19 0.185 21.916 721.326
  20 0.195 21.852 745.879
  21 0.205 21.49 759.386
  22 0.215 21.444 765.325
  23 0.225 21.468 813.657
  24 0.235 21.262 785.702
  25 0.245 20.238 775.822
  26 0.255 19.01 790.258
  27 0.265 19.602 791.788
  28 0.275 20.388 795.871
  29 0.285 21.128 814.114
  30 0.295 21.478 815.648
  31 0.305 21.422 820.987
  32 0.315 21.764 804.287
  33 0.325 21.776 831.17
  34 0.335 21.87 866.373
  35 0.345 21.846 904.892
  36 0.355 21.524 926.024
  37 0.365 21.004 962.183
  38 0.375 20.054 936.604
  39 0.385 20.118 890.701
  40 0.395 20.256 937.963
  41 0.405 21.286 935.327
  42 0.415 21.798 965.17
  43 0.425 21.906 962.855
  44 0.435 21.842 957.574
  45 0.445 21.69 919.06
  46 0.455 21.486 947.652
  47 0.465 21.546 981.562
  48 0.475 21.078 1033.16
  49 0.485 20.424 1038.11
  50 0.495 19.398 1060.44
  51 0.505 19.21 982.384
  52 0.515 20.104 1058.96
  53 0.525 21.058 1013.17
  54 0.535 21.426 937.742
  55 0.545 21.542 982.143
  56 0.555 21.64 993.461
  57 0.565 21.814 994.362
  58 0.575 21.896 1065.23
  59 0.585 21.898 977.666
  60 0.595 21.452 914.536
  61 0.605 20.632 905.871
  62 0.615 19.684 940.039
  63 0.625 19.692 947.611
  64 0.635 21.054 887.501
  65 0.645 21.594 861.572
  66 0.655 21.94 822.567
  67 0.665 21.944 849.996
  68 0.675 21.802 883.114
  69 0.685 21.586 887.228
  70 0.695 21.41 867.487
  71 0.705 21.466 861.969
  72 0.715 21.372 822.356
  73 0.725 20.346 846.27
  74 0.735 19.254 777.034
  75 0.745 19.202 786.229
  76 0.755 20.332 802.647
  77 0.765 21.112 808.837
  78 0.775 21.558 780.377
  79 0.785 21.532 772.295
  80 0.795 21.43 802.213
  81 0.805 21.838 817.292
  82 0.815 21.912 826.679
  83 0.825 21.884 833.848
  84 0.835 21.794 813.705
  85 0.845 21.232 827.761
  86 0.855 20.456 830.266
  87 0.865 19.758 800.996
  88 0.875 20.146 740.373
  89 0.885 21.04 762.4
  90 0.895 21.684 803.265
  91 0.905 21.872 819.767
  92 0.915 21.934 752.365
  93 0.925 21.876 715.64
  94 0.935 21.752 675.151
  95 0.945 21.512 653.322
  96 0.955 21.544 677.264
  97 0.965 21.518 679.191
  98 0.975 21.252 682.852
  99 0.985 20.136 654.905
  100 0.995 19.284 628.331
275000 100 2111.9999999999995
  1 0.005 19.568 672.888
  2 0.015 20.608 714.171
  3 0.025 21.196 709.025
  4 0.035 21.518 724.045
  5 0.045 21.472 710.902
  6 0.055 21.638 681.879
  7 0.065 21.688 722.924
  8 0.075 21.908 709.229
  9 0.085 21.948 709.901
  10 0.095 21.844 723.106
  11 0.105 21.734 708.231
  12 0.115 20.702 668.62
  13 0.125 19.732 680.853
  14 0.135 19.858 735.464
  15 0.145 20.638 756.759
  16 0.155 21.562 748.452
  17 0.165 21.964 710.46
  18 0.175 21.958 715.586
  19 0.185 21.906 731.175
  20 0.195 21.784 787.645
  21 0.205 21.506 791.249
  22 0.215 21.57 819.936
  23 0.225 21.472 799.43
  24 0.235 21.254 806.565
  25 0.245 20.336 821.493
  26 0.255 19.462 829.642
  27 0.265 19.292 823.781
  28 0.275 20.21 795.688
  29 0.285 21.074 764.963
  30 0.295 21.456 758.876
  31 0.305 21.6 781.795
  32 0.315 21.58 816.078
  33 0.325 21.698 867.607
  34 0.335 21.904 848.388
  35 0.345 21.882 881.643
  36 0.355 21.768 831.231
  37 0.365 21.108 879.157
  38 0.375 20.264 901.179
  39 0.385 19.776 902.366
  40 0.395 20.046 924.313
  41 0.405 21.276 975.919
  42 0.415 21.804 976.015
  43 0.425 21.914 952.252
  44 0.435 21.952 882.152
  45 0.445 21.494 940.176
  46 0.455 21.698 938.537
  47 0.465 21.272 976.913
  48 0.475 21.354 959.876
  49 0.485 20.244 965.564
  50 0.495 19.412 989.719
  51 0.505 19.268 999.166
  52 0.515 20.318 1020.69
  53 0.525 21.004 1013.39
  54 0.535 21.276 1056.18
  55 0.545 21.496 1050.58
  56 0.555 21.676 1038.87
  57 0.565 21.746 1027.94
  58 0.575 21.906 932.274
  59 0.585 21.788 934.373
  60 0.595 21.32 966.361
  61 0.605 20.27 1000.19
  62 0.615 19.816 879.791
  63 0.625 20.078 851.491
  64 0.635 20.894 906.468
  65 0.645 21.786 920.773
  66 0.655 21.978 950.901
  67 0.665 21.956 951.823
  68 0.675 21.608 935.436
  69 0.685 21.704 944.254
  70 0.695 21.51 902.644
  71 0.705 21.438 872.371
  72 0.715 21.142 835.045
  73 0.725 20.094 886.113
  74 0.735 19.238 890.822
  75 0.745 19.498 834.379
  76 0.755 20.458 797.02
  77 0.765 21.082 808.749
  78 0.775 21.644 716.36
  79 0.785 21.47 759.789
  80 0.795 21.624 757.646
  81 0.805 21.754 773.753
  82 0.815 21.86 781.339
  83 0.825 21.968 790.245
  84 0.835 21.788 726.299
  85 0.845 21.302 714.811
  86 0.855 20.674 726.636
  87 0.865 20.226 760.531
  88 0.875 19.926 719.114
  89 0.885 20.604 748.036
  90 0.895 21.49 749.454
  91 0.905 21.972 768.936
  92 0.915 21.932 788.282
  93 0.925 21.886 770.445
  94 0.935 21.654 745.68
  95 0.945 21.526 733.548
  96 0.955 21.622 735.634
  97 0.965 21.428 692.781
  98 0.975 21.352 649.717
  99 0.985 19.984 662.964
  100 0.995 19.062 691.859
280000 100 2112
  1 0.005 19.724 698.75
  2 0.015 20.58 683.15
  3 0.025 21.326 678.792
  4 0.035 21.472 677.364
  5 0.045 21.514 698.466
  6 0.055 21.668 695.703
  7 0.065 21.732 680.33
  8 0.075 21.878 721.718
  9 0.085 21.954 700.54
  10 0.095 21.87 743.525
  11 0.105 21.714 745.183
  12 0.115 21.046 714.519
  13 0.125 19.828 753.266
  14 0.135 19.412 811.45
  15 0.145 20.49 785.3
  16 0.155 21.642 779.089
  17 0.165 21.97 754.114
  18 0.175 21.97 752.866
  19 0.185 21.892 756.936
  20 0.195 21.756 748.811
  21 0.205 21.604 735.411
  22 0.215 21.444 742.213
  23 0.225 21.476 760.969
  24 0.235 21.22 820.181
  25 0.245 20.054 855.206
  26 0.255 19.438 800.876
  27 0.265 19.414 801.06
  28 0.275 20.452 824.259
  29 0.285 21.218 789.766
  30 0.295 21.42 798.136
  31 0.305 21.406 814.958
  32 0.315 21.782 763.306
  33 0.325 21.694 783.874
  34 0.335 21.812 832.912
  35 0.345 21.924 848.048
  36 0.355 21.748 887.391
  37 0.365 21.152 962.008
  38 0.375 20.42 969.131
  39 0.385 19.628 973.627
  40 0.395 20.232 940.596
  41 0.405 21.184 925.353
  42 0.415 21.7 932.025
  43 0.425 21.912 945.969
  44 0.435 21.81 971.019
  45 0.445 21.8 902.555
  46 0.455 21.578 866.684
  47 0.465 21.438 911.804
  48 0.475 21.346 940.101
  49 0.485 20.58 942.758
  50 0.495 19.676 963.498
  51 0.505 19.286 1041.52
  52 0.515 19.872 1042.59
  53 0.525 20.782 1022.11
  54 0.535 21.208 1027.87
  55 0.545 21.558 1013.2
  56 0.555 21.492 1033.08
  57 0.565 21.812 1057.89
  58 0.575 21.902 987.677
  59 0.585 21.888 920.488
  60 0.595 21.508 934.891
  61 0.605 20.59 948.543
  62 0.615 19.596 975.195
  63 0.625 19.834 979.229
  64 0.635 20.884 920.668
  65 0.645 21.678 929.669
  66 0.655 21.888 882.465
  67 0.665 21.946 912.722
  68 0.675 21.682 891.851
  69 0.685 21.744 819.735
  70 0.695 21.442 810.616
  71 0.705 21.396 832.023
  72 0.715 21.138 852.831
  73 0.725 19.986 886.534
  74 0.735 19.154 866.547
  75 0.745 19.578 857.203
  76 0.755 20.506 846.809
  77 0.765 21.18 824.224
  78 0.775 21.442 812.118
  79 0.785 21.598 765.783
  80 0.795 21.564 751.985
  81 0.805 21.808 719.524
  82 0.815 21.912 775.403
  83 0.825 21.866 785.66
  84 0.835 21.758 799.326
  85 0.845 21.146 722.947
  86 0.855 20.15 765.011
  87 0.865 20.116 734.445
  88 0.875 20.154 735.666
  89 0.885 21.042 750.99
  90 0.895 21.806 750.946
  91 0.905 21.904 735.27
  92 0.915 21.908 700.506
  93 0.925 21.844 696.075
  94 0.935 21.684 686.673
  95 0.945 21.586 718.824
  96 0.955 21.514 736.051
  97 0.965 21.432 757.884
  98 0.975 21.126 712.99
  99 0.985 19.87 715.48
  100 0.995 19.24 725.188
285000 100 2112
  1 0.005 19.834 665.458
  2 0.015 20.556 627.49
  3 0.025 21.204 651.978
  4 0.035 21.372 697.996
  5 0.045 21.578 739.969
  6 0.055 21.526 775.159
  7 0.065 21.808 760.466
  8 0.075 21.826 760.764
  9 0.085 21.972 719.693
  10 0.095 21.926 744.008
  11 0.105 21.6 733.794
  12 0.115 20.71 736.295
  13 0.125 19.986 760.169
  14 0.135 19.568 761.187
  15 0.145 20.576 751.237
  16 0.155 21.656 766.575
  17 0.165 21.986 811.18
  18 0.175 21.93 798.972
  19 0.185 21.914 775.469
  20 0.195 21.748 797.484
  21 0.205 21.636 779.833
  22 0.215 21.512 743.028
  23 0.225 21.404 758.551
  24 0.235 21.326 752.931
  25 0.245 20.34 765.045
  26 0.255 19.482 798.484
  27 0.265 19.248 805.086
  28 0.275 20.342 773.353
  29 0.285 20.954 791.343
  30 0.295 21.534 804.302
  31 0.305 21.46 824.176
  32 0.315 21.586 850.276
  33 0.325 21.728 875.184
  34 0.335 21.876 852.936
  35 0.345 21.936 874.617
  36 0.355 21.704 947.401
  37 0.365 21.004 889.889
  38 0.375 20.476 903.066
  39 0.385 19.52 948.736
  40 0.395 20.344 930.539
  41 0.405 21.266 910.221
  42 0.415 21.734 936.773
  43 0.425 21.878 941.751
  44 0.435 21.722 994.906
  45 0.445 21.82 943.025
  46 0.455 21.566 951.973
  47 0.465 21.306 983.014
  48 0.475 21.206 964.825
  49 0.485 20.314 955.696
  50 0.495 19.594 991.821
  51 0.505 19.552 1031.29
  52 0.515 20.012 1018.91
  53 0.525 20.818 999.233
  54 0.535 21.39 993.018
  55 0.545 21.474 984.297
  56 0.555 21.65 982.707
  57 0.565 21.742 949.602
  58 0.575 21.934 908.837
  59 0.585 21.888 940.385
  60 0.595 21.282 964.394
  61 0.605 20.51 945.079
  62 0.615 19.856 896.407
  63 0.625 19.934 950.793
  64 0.635 20.926 979.666
  65 0.645 21.618 958.566
  66 0.655 21.944 900.285
  67 0.665 21.896 841.458
  68 0.675 21.838 822.128
  69 0.685 21.642 795.967
  70 0.695 21.358 848.731
  71 0.705 21.496 850.073
  72 0.715 21.216 858.358
  73 0.725 20.328 858.246
  74 0.735 19.138 807.95
  75 0.745 19.31 810.582
  76 0.755 20.422 747.497
  77 0.765 21.308 767.935
  78 0.775 21.332 782.634
  79 0.785 21.512 788.358
  80 0.795 21.654 786.473
  81 0.805 21.814 787.383
  82 0.815 21.802 816.921
  83 0.825 21.874 809.24
  84 0.835 21.826 745.092
  85 0.845 21.374 775.109
  86 0.855 20.54 753.364
  87 0.865 19.828 761.192
  88 0.875 19.95 787.862
  89 0.885 21 781.63
  90 0.895 21.586 760.276
  91 0.905 21.978 771.417
  92 0.915 21.956 756.564
  93 0.925 21.714 736.034
  94 0.935 21.816 716.287
  95 0.945 21.568 691.271
  96 0.955 21.484 702.863
  97 0.965 21.508 699.566
  98 0.975 20.998 705.333
  99 0.985 20.03 675.072
  100 0.995 19.28 681.628
290000 100 2111.9999999999995
  1 0.005 19.214 671.803
  2 0.015 20.338 688.027
  3 0.025 21.152 696.539
  4 0.035 21.552 702.028
  5 0.045 21.442 720.759
  6 0.055 21.516 739.419
  7 0.065 21.784 733.254
  8 0.075 21.814 800.975
  9 0.085 21.964 790.597
  10 0.095 21.932 760.786
  11 0.105 21.73 810.209
  12 0.115 20.92 753.042
  13 0.125 19.68 802.421
  14 0.135 19.236 834.595
  15 0.145 20.776 836.259
  16 0.155 21.752 777.05
  17 0.165 21.986 774.784
  18 0.175 21.96 815.326
  19 0.185 21.846 780.091
  20 0.195 21.672 749.352
  21 0.205 21.684 767.364
  22 0.215 21.446 755.813
  23 0.225 21.466 757.102
  24 0.235 21.184 803.026
  25 0.245 19.904 796.867
  26 0.255 19.232 802.713
  27 0.265 19.462 762.823
  28 0.275 20.654 754.269
  29 0.285 21.214 745.217
  30 0.295 21.548 756.916
  31 0.305 21.524 791.18
  32 0.315 21.578 813.9
  33 0.325 21.762 788.839
  34 0.335 21.886 799.841
  35 0.345 21.906 820.004
  36 0.355 21.722 854.044
  37 0.365 20.97 847.081
  38 0.375 20.39 836.644
  39 0.385 19.984 888.283
  40 0.395 20.038 942.267
  41 0.405 21.294 966.126
  42 0.415 21.632 1017
  43 0.425 21.956 963.047
  44 0.435 21.834 932.721
  45 0.445 21.69 964.681
  46 0.455 21.434 963.384
  47 0.465 21.536 965.029
  48 0.475 21.222 981.299
  49 0.485 20.296 1012.25
  50 0.495 19.208 1034.57
  51 0.505 19.288 1003.47
  52 0.515 20.284 918.668
  53 0.525 21.122 936.674
  54 0.535 21.358 1004.54
  55 0.545 21.416 1000.04
  56 0.555 21.73 976.343
  57 0.565 21.782 994.808
  58 0.575 21.908 938.864
  59 0.585 21.882 964.546
  60 0.595 21.42 969.16
  61 0.605 20.576 928.065
  62 0.615 19.53 930.21
  63 0.625 19.728 917.85
  64 0.635 21.062 971.955
  65 0.645 21.8 948.286
  66 0.655 21.918 948.797
  67 0.665 21.95 887.299
  68 0.675 21.768 851.495
  69 0.685 21.6 898.276
  70 0.695 21.452 885.652
  71 0.705 21.414 901.078
  72 0.715 21.216 833.217
  73 0.725 20.134 862.572
  74 0.735 19.33 814.962
  75 0.745 19.31 820.054
  76 0.755 20.368 847.081
  77 0.765 21.272 826.273
  78 0.775 21.498 816.779
  79 0.785 21.43 779.876
  80 0.795 21.65 770.909
  81 0.805 21.832 775.442
  82 0.815 21.878 703.006
  83 0.825 21.95 730.005
  84 0.835 21.86 757.651
  85 0.845 21.392 747.955
  86 0.855 20.604 704.83
  87 0.865 19.752 688.119
  88 0.875 20.062 710.25
  89 0.885 20.868 733.052
  90 0.895 21.534 732.087
  91 0.905 21.92 783.882
  92 0.915 21.972 732.519
  93 0.925 21.834 744.803
  94 0.935 21.734 745.691
  95 0.945 21.548 704.329
  96 0.955 21.612 696.996
  97 0.965 21.522 689.692
  98 0.975 21.196 693.903
  99 0.985 20.22 714.338
  100 0.995 19.592 695.559
295000 100 2112.0000000000005
  1 0.005 19.474 700.255
  2 0.015 20.106 668.606
  3 0.025 21.128 692.299
  4 0.035 21.336 734.365
  5 0.045 21.516 754.946
  6 0.055 21.63 785.364
  7 0.065 21.656 815.48
  8 0.075 21.816 751.73
  9 0.085 21.982 709.988
  10 0.095 21.906 739.979
  11 0.105 21.742 728.799
  12 0.115 20.928 718.429
  13 0.125 19.806 752.352
  14 0.135 19.28 773.606
  15 0.145 20.684 784.201
  16 0.155 21.658 809.12
  17 0.165 21.98 810.535
  18 0.175 21.89 861.21
  19 0.185 21.88 795.26
  20 0.195 21.856 764.731
  21 0.205 21.476 785.575
  22 0.215 21.288 826.709
  23 0.225 21.522 796.942
  24 0.235 20.862 801.274
  25 0.245 19.792 770.485
  26 0.255 19.114 804.554
  27 0.265 19.738 790.378
  28 0.275 20.808 804.043
  29 0.285 21.332 821.9
  30 0.295 21.57 765.003
  31 0.305 21.432 818.997
  32 0.315 21.73 800.092
  33 0.325 21.8 822.499
  34 0.335 21.922 796.646
  35 0.345 21.88 850.781
  36 0.355 21.554 832.501
  37 0.365 20.712 869.376
  38 0.375 20.01 884.394
  39 0.385 20.088 899.009
  40 0.395 20.448 901.34
  41 0.405 21.398 925.45
  42 0.415 21.862 960.832
  43 0.425 21.9 964.951
  44 0.435 21.758 972.391
  45 0.445 21.684 952.491
  46 0.455 21.53 933.234
  47 0.465 21.472 950.189
  48 0.475 21.264 897.608
  49 0.485 20.2 891.374
  50 0.495 19.48 908.464
  51 0.505 19.342 952.541
  52 0.515 20.228 943.932
  53 0.525 21.026 992.082
  54 0.535 21.426 979.148
  55 0.545 21.43 966.957
  56 0.555 21.648 1008.11
  57 0.565 21.748 973.45
  58 0.575 21.974 995.825
  59 0.585 21.868 949.613
  60 0.595 21.586 976.267
  61 0.605 20.712 1002.32
  62 0.615 19.616 1001.24
  63 0.625 19.512 973.714
  64 0.635 21.016 921.268
  65 0.645 21.712 928.823
  66 0.655 21.862 955.14
  67 0.665 21.91 935.003
  68 0.675 21.802 862.272
  69 0.685 21.634 829.489
  70 0.695 21.462 854.732
  71 0.705 21.546 819.411
  72 0.715 21.248 857.779
  73 0.725 20.48 816.772
  74 0.735 19.322 837.351
  75 0.745 19.292 818.045
  76 0.755 20.106 768.159
  77 0.765 21.136 805.352
  78 0.775 21.506 811.552
  79 0.785 21.404 814.052
  80 0.795 21.632 801.442
  81 0.805 21.732 781.028
  82 0.815 21.908 762.115
  83 0.825 21.886 789.016
  84 0.835 21.886 708.888
  85 0.845 21.542 718.726
  86 0.855 20.666 728.46
  87 0.865 20.374 755.368
  88 0.875 19.464 763.977
  89 0.885 20.782 788.88
  90 0.895 21.412 789.202
  91 0.905 21.908 764.268
  92 0.915 21.88 761.848
  93 0.925 21.912 728.02
  94 0.935 21.754 689.521
  95 0.945 21.636 687.09
  96 0.955 21.454 720.211
  97 0.965 21.502 691.594
  98 0.975 21.204 686.119
  99 0.985 20.53 662.826
  100 0.995 19.502 696.001
300000 100 2111.9999999999995
  1 0.005 19.086 664.919
  2 0.015 20.44 689.477
  3 0.025 21.262 695.346
  4 0.035 21.462 757.641
  5 0.045 21.308 754.532
  6 0.055 21.686 705.396
  7 0.065 21.766 685.738
  8 0.075 21.892 755.436
  9 0.085 21.934 788.331
  10 0.095 21.874 795.903
  11 0.105 21.566 762.661
  12 0.115 20.838 749.738
  13 0.125 19.636 799.56
  14 0.135 19.988 779.49
  15 0.145 20.5 784.538
  16 0.155 21.648 775.345
  17 0.165 21.982 779.833
  18 0.175 21.87 797.342
  19 0.185 21.866 768.803
  20 0.195 21.738 802.59
  21 0.205 21.554 822.123
  22 0.215 21.538 760.451
  23 0.225 21.442 776.534
  24 0.235 21.088 832.335
  25 0.245 20.084 799.239
  26 0.255 19.038 821.988
  27 0.265 19.7 826.416
  28 0.275 20.618 816.106
  29 0.285 21.186 851.781
  30 0.295 21.478 831.407
  31 0.305 21.484 828.154
  32 0.315 21.64 840.229
  33 0.325 21.742 858.233
  34 0.335 21.918 865.801
  35 0.345 21.878 839.672
  36 0.355 21.658 849.112
  37 0.365 20.756 862.154
  38 0.375 20.052 857.431
  39 0.385 19.952 937.805
  40 0.395 20.32 944.194
  41 0.405 21.43 901.586
  42 0.415 21.942 904.898
  43 0.425 21.916 976.127
  44 0.435 21.704 993.808
  45 0.445 21.702 963.307
  46 0.455 21.484 947.939
  47 0.465 21.522 906.469
  48 0.475 21.314 960.766
  49 0.485 20.286 965.451
  50 0.495 19.092 975.815
  51 0.505 19.228 980.079
  52 0.515 20.304 919.887
  53 0.525 21.128 979.694
  54 0.535 21.428 1000.37
  55 0.545 21.624 1000.92
  56 0.555 21.582 1025.99
  57 0.565 21.748 1002.88
  58 0.575 21.972 960.569
  59 0.585 21.904 901.482
  60 0.595 21.504 892.151
  61 0.605 20.68 919.315
  62 0.615 19.598 951.085
  63 0.625 19.62 932.479
  64 0.635 20.882 916.943
  65 0.645 21.832 908.189
  66 0.655 21.92 931.682
  67 0.665 21.926 883.798
  68 0.675 21.718 888.984
  69 0.685 21.722 825.967
  70 0.695 21.508 820.073
  71 0.705 21.456 827.462
  72 0.715 21.194 809.695
  73 0.725 20.508 808.764
  74 0.735 19.666 842.327
  75 0.745 19.29 824.181
  76 0.755 20.198 828.927
  77 0.765 21.038 852.183
  78 0.775 21.19 818.893
  79 0.785 21.45 840.512
  80 0.795 21.582 821.691
  81 0.805 21.77 789.956
  82 0.815 21.858 790.607
  83 0.825 21.906 791.16
  84 0.835 21.91 758.154
  85 0.845 21.338 762.923
  86 0.855 20.452 742.292
  87 0.865 20.286 724.376
  88 0.875 19.944 721.101
  89 0.885 20.628 712.469
  90 0.895 21.602 710.305
  91 0.905 21.838 754.114
  92 0.915 21.934 708.231
  93 0.925 21.976 681.999
  94 0.935 21.662 712.715
  95 0.945 21.566 723.302
  96 0.955 21.558 677.929
  97 0.965 21.536 673.045
  98 0.975 21.232 712.437
  99 0.985 20.41 706.861
  100 0.995 19.334 678.547
305000 100 2112.0000000000005
  1 0.005 19.374 694.017
  2 0.015 20.468 676.015
  3 0.025 21.272 689.602
  4 0.035 21.474 700.566
  5 0.045 21.58 707.513
  6 0.055 21.574 726.67
  7 0.065 21.704 718.753
  8 0.075 21.864 742.876
  9 0.085 21.972 750.473
  10 0.095 21.934 726.337
  11 0.105 21.67 789.593
  12 0.115 20.916 781.811
  13 0.125 20.072 731.839
  14 0.135 19.62 743.881
  15 0.145 20.6 767.188
  16 0.155 21.358 773.666
  17 0.165 21.794 799.991
  18 0.175 21.98 803.627
  19 0.185 21.808 777.474
  20 0.195 21.84 762.657
  21 0.205 21.572 802.683
  22 0.215 21.502 831.651
  23 0.225 21.38 845.575
  24 0.235 21.046 869.176
  25 0.245 20.058 818.309
  26 0.255 19.372 808.802
  27 0.265 19.754 854.138
  28 0.275 20.3 858.727
  29 0.285 21.084 828.887
  30 0.295 21.49 827.146
  31 0.305 21.572 821.071
  32 0.315 21.644 835.526
  33 0.325 21.762 847.011
  34 0.335 21.922 894.077
  35 0.345 21.876 900.729
  36 0.355 21.682 887.428
  37 0.365 20.906 875.536
  38 0.375 20.136 883.878
  39 0.385 19.544 913.381
  40 0.395 20.562 911.134
  41 0.405 21.34 898.808
  42 0.415 21.934 889.839
  43 0.425 21.888 888
  44 0.435 21.856 908.415
  45 0.445 21.756 916.459
  46 0.455 21.366 912.263
  47 0.465 21.598 905.525
  48 0.475 21.322 932.472
  49 0.485 20.592 956.379
  50 0.495 19.552 1016.67
  51 0.505 19.052 1014.56
  52 0.515 19.876 1010.95
  53 0.525 20.956 1011.57
  54 0.535 21.438 1006.07
  55 0.545 21.48 932.664
  56 0.555 21.51 938.476
  57 0.565 21.868 908.453
  58 0.575 21.884 909.887
  59 0.585 21.93 910.737
  60 0.595 21.606 956.83
  61 0.605 20.764 983.906
  62 0.615 19.6 996.917
  63 0.625 19.542 1008.61
  64 0.635 20.974 989.689
  65 0.645 21.596 937.858
  66 0.655 21.94 963.47
  67 0.665 21.864 937.812
  68 0.675 21.792 878.687
  69 0.685 21.646 851.642
  70 0.695 21.502 816.893
  71 0.705 21.442 811.704
  72 0.715 21.092 836.951
  73 0.725 20.356 787.152
  74 0.735 19.334 808.134
  75 0.745 19.552 824.398
  76 0.755 20.282 854.773
  77 0.765 20.982 816.913
  78 0.775 21.468 750.669
  79 0.785 21.472 766.269
  80 0.795 21.658 768.848
  81 0.805 21.726 842.53
  82 0.815 21.89 839.201
  83 0.825 21.858 847.358
  84 0.835 21.762 783.792
  85 0.845 21.016 792.133
  86 0.855 20.44 749.207
  87 0.865 20.04 769.478
  88 0.875 20.338 697.529
  89 0.885 20.812 701.971
  90 0.895 21.774 680.465
  91 0.905 21.914 695.094
  92 0.915 21.968 658.468
  93 0.925 21.776 688.574
  94 0.935 21.82 716.643
  95 0.945 21.572 700.838
  96 0.955 21.43 713.046
  97 0.965 21.53 736.948
  98 0.975 21.232 708.731
  99 0.985 20.302 721.554
  100 0.995 19.1 707.04
310000 100 2112
  1 0.005 19.312 729.218
  2 0.015 20.392 699.515
  3 0.025 21.158 683.363
  4 0.035 21.604 682.07
  5 0.045 21.45 691.133
  6 0.055 21.572 702.482
  7 0.065 21.782 753.512
  8 0.075 21.812 786.048
  9 0.085 21.99 762.716
  10 0.095 21.926 796.226
  11 0.105 21.648 773.226
  12 0.115 20.912 755.524
  13 0.125 20.104 787.035
  14 0.135 19.826 777.255
  15 0.145 20.304 806.942
  16 0.155 21.396 801.076
  17 0.165 21.868 772.397
  18 0.175 21.922 734.517
  19 0.185 21.95 702.77
  20 0.195 21.872 682.384
  21 0.205 21.542 736.841
  22 0.215 21.528 776.691
  23 0.225 21.496 816.18
  24 0.235 21.206 823.5
  25 0.245 20.398 801.664
  26 0.255 19.738 819.507
  27 0.265 19.412 830.781
  28 0.275 20.066 840.663
  29 0.285 20.858 808.489
  30 0.295 21.354 825.446
  31 0.305 21.466 831.515
  32 0.315 21.652 827.82
  33 0.325 21.754 872.895
  34 0.335 21.812 951.827
  35 0.345 21.928 971.893
  36 0.355 21.532 956.078
  37 0.365 21.278 922.273
  38 0.375 20.204 893.658
  39 0.385 19.776 888.231
  40 0.395 20.288 929.409
  41 0.405 21.07 917.041
  42 0.415 21.882 902.988
  43 0.425 21.918 939.318
  44 0.435 21.808 951.2
  45 0.445 21.724 929.696
  46 0.455 21.464 936.348
  47 0.465 21.486 928.261
  48 0.475 21.37 944.079
  49 0.485 20.508 924.387
  50 0.495 19.204 1007.41
  51 0.505 19.116 1054.06
  52 0.515 20.066 1071.79
  53 0.525 21.018 1057.23
  54 0.535 21.424 969.664
  55 0.545 21.636 977.44
  56 0.555 21.494 924.59
  57 0.565 21.886 910.163
  58 0.575 21.89 956.94
  59 0.585 21.864 885.333
  60 0.595 21.484 927.028
  61 0.605 20.402 961.415
  62 0.615 19.552 957.354
  63 0.625 19.954 923.587
  64 0.635 21.23 927.085
  65 0.645 21.494 914.933
  66 0.655 21.966 1000.25
  67 0.665 21.832 964.316
  68 0.675 21.748 932.184
  69 0.685 21.476 885.327
  70 0.695 21.6 819.167
  71 0.705 21.364 816.853
  72 0.715 20.92 844.761
  73 0.725 19.926 833.092
  74 0.735 19.154 847.157
  75 0.745 19.85 802.063
  76 0.755 20.556 831.336
  77 0.765 21.228 813.454
  78 0.775 21.416 851.951
  79 0.785 21.578 821.893
  80 0.795 21.728 773.461
  81 0.805 21.818 765.464
  82 0.815 21.872 734.879
  83 0.825 21.908 721.031
  84 0.835 21.754 704.869
  85 0.845 21.008 750.97
  86 0.855 20.182 764.841
  87 0.865 20.102 707.604
  88 0.875 20.13 679.922
  89 0.885 21.238 725.313
  90 0.895 21.72 693.846
  91 0.905 21.916 696.299
  92 0.915 21.896 700.388
  93 0.925 21.934 647.189
  94 0.935 21.71 691.129
  95 0.945 21.532 715.569
  96 0.955 21.524 751.376
  97 0.965 21.524 707.548
  98 0.975 21.216 692.246
  99 0.985 20.31 716.068
  100 0.995 19.332 735.611
315000 100 2112.000000000001
  1 0.005 19.054 658.503
  2 0.015 20.442 653.052
  3 0.025 21.258 677.009
  4 0.035 21.604 663.693
  5 0.045 21.49 697.64
  6 0.055 21.572 716.241
  7 0.065 21.626 753.997
  8 0.075 21.93 763.482
  9 0.085 21.912 792.114
  10 0.095 21.958 757.479
  11 0.105 21.578 798.305
  12 0.115 20.89 796.773
  13 0.125 19.872 764.236
  14 0.135 19.57 777.295
  15 0.145 20.668 775.643
  16 0.155 21.55 842.154
  17 0.165 21.904 761.151
  18 0.175 21.942 756.405
  19 0.185 21.946 790.825
  20 0.195 21.682 785.258
  21 0.205 21.504 802.72
  22 0.215 21.692 774.769
  23 0.225 21.44 789.848
  24 0.235 20.954 829.27
  25 0.245 20.06 842.277
  26 0.255 19.488 805.636
  27 0.265 19.626 854.389
  28 0.275 20.39 875.742
  29 0.285 21.04 853.773
  30 0.295 21.512 851.823
  31 0.305 21.52 851.658
  32 0.315 21.618 845.275
  33 0.325 21.714 848.336
  34 0.335 21.936 877.454
  35 0.345 21.88 881.187
  36 0.355 21.638 885.097
  37 0.365 20.972 913.858
  38 0.375 20.288 945.648
  39 0.385 19.68 918.796
  40 0.395 20.384 892.544
  41 0.405 21.2 891.084
  42 0.415 21.888 867.033
  43 0.425 21.884 914.747
  44 0.435 21.812 980.775
  45 0.445 21.692 1016.91
  46 0.455 21.626 947.277
  47 0.465 21.404 960.354
  48 0.475 21.26 991.581
  49 0.485 20.402 968.545
  50 0.495 19.346 947.933
  51 0.505 19.262 993.584
  52 0.515 19.974 991.641
  53 0.525 21.088 1003.79
  54 0.535 21.496 959.586
  55 0.545 21.32 1006.04
  56 0.555 21.72 976.837
  57 0.565 21.85 939.794
  58 0.575 21.844 980.887
  59 0.585 21.838 954.478
  60 0.595 21.286 952.551
  61 0.605 20.364 901.991
  62 0.615 19.774 834.612
  63 0.625 19.974 896.909
  64 0.635 21.094 879.421
  65 0.645 21.696 924.585
  66 0.655 21.982 854.013
  67 0.665 21.904 826.577
  68 0.675 21.666 865.358
  69 0.685 21.788 880.243
  70 0.695 21.434 913.69
  71 0.705 21.316 941.948
  72 0.715 21.132 866.239
  73 0.725 20.38 852.108
  74 0.735 19.244 808.44
  75 0.745 19.344 775.079
  76 0.755 20.432 782.651
  77 0.765 21.226 790.022
  78 0.775 21.454 820.86
  79 0.785 21.54 791.362
  80 0.795 21.646 784.873
  81 0.805 21.676 760.62
  82 0.815 21.894 803.932
  83 0.825 21.886 821.973
  84 0.835 21.61 834.055
  85 0.845 21.518 765.052
  86 0.855 20.626 772.678
  87 0.865 20.182 734.312
  88 0.875 19.682 755.047
  89 0.885 20.878 717.375
  90 0.895 21.616 711.325
  91 0.905 21.944 716.254
  92 0.915 21.874 708.394
  93 0.925 21.882 692.586
  94 0.935 21.776 709.909
  95 0.945 21.554 704.917
  96 0.955 21.53 694.285
  97 0.965 21.462 706.081
  98 0.975 21.242 674.027
  99 0.985 20.356 683.497
  100 0.995 19.446 658.563
320000 100 2112.0000000000005
  1 0.005 19.044 699.612
  2 0.015 19.974 692.631
  3 0.025 21.354 693.561
  4 0.035 21.416 719.154
  5 0.045 21.554 722.893
  6 0.055 21.506 741.287
  7 0.065 21.684 757.492
  8 0.075 21.92 762.978
  9 0.085 21.914 761.67
  10 0.095 21.996 734.721
  11 0.105 21.664 750.542
  12 0.115 21.172 731.221
  13 0.125 19.588 764.241
  14 0.135 19.516 777.549
  15 0.145 20.464 796.062
  16 0.155 21.724 757.557
  17 0.165 21.86 747.659
  18 0.175 21.988 764.798
  19 0.185 21.874 825.526
  20 0.195 21.732 839.195
  21 0.205 21.546 800.041
  22 0.215 21.46 766.175
  23 0.225 21.422 810.925
  24 0.235 20.976 798.461
  25 0.245 20.084 802.767
  26 0.255 19.05 828.273
  27 0.265 19.722 817.659
  28 0.275 20.516 822.522
  29 0.285 21.312 850.068
  30 0.295 21.406 868.972
  31 0.305 21.538 888.995
  32 0.315 21.72 808.97
  33 0.325 21.82 833.717
  34 0.335 21.842 863.777
  35 0.345 21.916 897.88
  36 0.355 21.422 872.817
  37 0.365 20.56 886.978
  38 0.375 20.198 877.682
  39 0.385 19.872 891.282
  40 0.395 20.774 950.605
  41 0.405 21.334 920.539
  42 0.415 21.898 875.023
  43 0.425 21.848 930.346
  44 0.435 21.826 943.188
  45 0.445 21.608 971.714
  46 0.455 21.492 970.562
  47 0.465 21.516 906.512
  48 0.475 21 950.146
  49 0.485 20.272 1000.32
  50 0.495 19.222 1009.64
  51 0.505 19.388 1049.89
  52 0.515 20.28 1024.63
  53 0.525 21.212 1005.76
  54 0.535 21.556 992.135
  55 0.545 21.442 982.4
  56 0.555 21.648 927.768
  57 0.565 21.8 969.803
  58 0.575 21.976 957.219
  59 0.585 21.94 955.61
  60 0.595 21.49 929.224
  61 0.605 20.634 958.512
  62 0.615 19.654 930.538
  63 0.625 19.994 906.724
  64 0.635 20.718 924.435
  65 0.645 21.586 889.277
  66 0.655 21.942 818.665
  67 0.665 21.886 870.777
  68 0.675 21.838 849.852
  69 0.685 21.646 864.471
  70 0.695 21.464 826.078
  71 0.705 21.576 832.484
  72 0.715 21.206 858.176
  73 0.725 20.578 861.924
  74 0.735 19.642 794.207
  75 0.745 19.162 780.596
  76 0.755 19.97 780.151
  77 0.765 20.95 801.726
  78 0.775 21.462 845.746
  79 0.785 21.596 835.611
  80 0.795 21.45 828.301
  81 0.805 21.712 812.088
  82 0.815 21.936 826.159
  83 0.825 21.892 822.788
  84 0.835 21.8 814.537
  85 0.845 21.366 784.151
  86 0.855 20.618 812.295
  87 0.865 20.056 799.806
  88 0.875 19.838 767.373
  89 0.885 20.72 736.157
  90 0.895 21.674 724.315
  91 0.905 21.936 675.43
  92 0.915 21.986 654.763
  93 0.925 21.9 688.374
  94 0.935 21.782 691.413
  95 0.945 21.63 694.674
  96 0.955 21.424 669.972
  97 0.965 21.53 689.257
  98 0.975 21.406 695.125
  99 0.985 20.548 716.837
  100 0.995 19.444 688.91
325000 100 2111.9999999999995
  1 0.005 18.982 705.433
  2 0.015 20.382 676.47
  3 0.025 21.402 674.009
  4 0.035 21.53 680.512
  5 0.045 21.358 705.841
  6 0.055 21.712 714.258
  7 0.065 21.64 731.369
  8 0.075 21.898 785.627
  9 0.085 21.952 723.762
  10 0.095 21.976 708.334
  11 0.105 21.73 667.249
  12 0.115 21.018 687.474
  13 0.125 19.858 701.27
  14 0.135 19.5 723.013
  15 0.145 20.554 746.779
  16 0.155 21.486 751.835
  17 0.165 21.908 759.253
  18 0.175 21.902 779.889
  19 0.185 21.992 793.665
  20 0.195 21.664 768.534
  21 0.205 21.546 782.132
  22 0.215 21.566 780.17
  23 0.225 21.442 770.105
  24 0.235 21.324 775.251
  25 0.245 20.274 827.338
  26 0.255 19.184 826.726
  27 0.265 19.328 800.622
  28 0.275 20.25 834.964
  29 0.285 21.246 819.08
  30 0.295 21.598 843.631
  31 0.305 21.342 900.291
  32 0.315 21.716 877.448
  33 0.325 21.772 911.254
  34 0.335 21.876 897.902
  35 0.345 21.89 915.461
  36 0.355 21.646 923.551
  37 0.365 20.868 913.332
  38 0.375 20.1 881.437
  39 0.385 19.834 867.088
  40 0.395 20.248 959.369
  41 0.405 21.512 935.035
  42 0.415 21.844 947.006
  43 0.425 21.914 920.32
  44 0.435 21.732 945.087
  45 0.445 21.656 959.044
  46 0.455 21.648 982.757
  47 0.465 21.292 999.302
  48 0.475 21.168 1027.2
  49 0.485 20.152 995.604
  50 0.495 19.352 1027.26
  51 0.505 19.28 1043.92
  52 0.515 20.34 1031.71
  53 0.525 21.128 959.494
  54 0.535 21.394 951.145
  55 0.545 21.566 933.921
  56 0.555 21.672 925.69
  57 0.565 21.84 941.052
  58 0.575 21.85 994.256
  59 0.585 21.846 961.902
  60 0.595 21.63 906.189
  61 0.605 20.38 922.174
  62 0.615 19.384 892.918
  63 0.625 19.826 908.339
  64 0.635 21.214 866.327
  65 0.645 21.772 844.048
  66 0.655 21.94 858.683
  67 0.665 21.84 917.009
  68 0.675 21.772 935.022
  69 0.685 21.676 864.941
  70 0.695 21.548 873.594
  71 0.705 21.49 854.067
  72 0.715 21.246 846.936
  73 0.725 20.424 798.908
  74 0.735 19.294 809.68
  75 0.745 19.212 789.59
  76 0.755 20.23 826.395
  77 0.765 21.172 811.941
  78 0.775 21.38 777.809
  79 0.785 21.596 770.647
  80 0.795 21.556 784.983
  81 0.805 21.774 788.18
  82 0.815 21.844 797.649
  83 0.825 21.962 781.159
  84 0.835 21.802 796.128
  85 0.845 21.446 783.552
  86 0.855 20.994 737.481
  87 0.865 19.796 739.493
  88 0.875 19.676 766.623
  89 0.885 20.706 753.156
  90 0.895 21.658 757.944
  91 0.905 21.934 802.16
  92 0.915 21.922 785.17
  93 0.925 21.902 743.16
  94 0.935 21.762 705.612
  95 0.945 21.648 708.026
  96 0.955 21.43 716.386
  97 0.965 21.504 720.375
  98 0.975 21.276 724.318
  99 0.985 20.522 745.495
  100 0.995 19.18 742.558
330000 100 2112.0000000000005
  1 0.005 19.312 676.001
  2 0.015 20.61 669.638
  3 0.025 21.456 685.586
  4 0.035 21.604 684.629
  5 0.045 21.416 705.918
  6 0.055 21.556 733.028
  7 0.065 21.802 748.51
  8 0.075 21.878 726.008
  9 0.085 21.982 725.775
  10 0.095 21.934 727.607
  11 0.105 21.832 729.649
  12 0.115 20.842 731.707
  13 0.125 19.8 712.585
  14 0.135 19.504 703.189
  15 0.145 20.63 675.127
  16 0.155 21.554 662.517
  17 0.165 21.882 744.413
  18 0.175 21.982 752.99
  19 0.185 21.952 729.744
  20 0.195 21.772 761.302
  21 0.205 21.57 776.692
  22 0.215 21.528 789.908
  23 0.225 21.492 773.828
  24 0.235 21.276 836.379
  25 0.245 20.452 896.679
  26 0.255 19.438 904.527
  27 0.265 19.294 904.647
  28 0.275 19.976 917.676
  29 0.285 21.14 863.492
  30 0.295 21.414 868.489
  31 0.305 21.546 882.926
  32 0.315 21.582 832.564
  33 0.325 21.72 803.006
  34 0.335 21.934 804.475
  35 0.345 21.922 838.734
  36 0.355 21.75 846.092
  37 0.365 21.138 857.064
  38 0.375 20.394 882.659
  39 0.385 19.734 922.047
  40 0.395 20.22 984.863
  41 0.405 21.062 958.049
  42 0.415 21.776 915.823
  43 0.425 21.848 912.933
  44 0.435 21.956 958.193
  45 0.445 21.622 1000.88
  46 0.455 21.466 1038.5
  47 0.465 21.53 995.379
  48 0.475 21.01 993.514
  49 0.485 20.458 1040.14
  50 0.495 19.302 1053.79
  51 0.505 19.158 1103.34
  52 0.515 20.17 1065.56
  53 0.525 21.088 1037.08
  54 0.535 21.532 929.683
  55 0.545 21.396 952.573
  56 0.555 21.714 944.675
  57 0.565 21.81 969.569
  58 0.575 21.92 921.979
  59 0.585 21.86 931.607
  60 0.595 21.654 916.56
  61 0.605 20.45 938.318
  62 0.615 19.236 943.32
  63 0.625 19.928 918.283
  64 0.635 21.072 944.066
  65 0.645 21.756 938.364
  66 0.655 21.976 873.946
  67 0.665 21.926 857.817
  68 0.675 21.676 851.673
  69 0.685 21.702 858.302
  70 0.695 21.422 845.265
  71 0.705 21.478 865.569
  72 0.715 21.07 942.921
  73 0.725 20.046 864.882
  74 0.735 19.082 841.432
  75 0.745 19.386 799.036
  76 0.755 20.706 765.757
  77 0.765 21.226 746.211
  78 0.775 21.454 841.177
  79 0.785 21.532 864.409
  80 0.795 21.738 782.736
  81 0.805 21.742 736.091
  82 0.815 21.862 695.522
  83 0.825 21.994 695.758
  84 0.835 21.826 714.716
  85 0.845 21.348 737.03
  86 0.855 20.558 728.953
  87 0.865 19.938 742.731
  88 0.875 20.024 777.433
  89 0.885 20.696 807.547
  90 0.895 21.68 763.248
  91 0.905 21.974 749.494
  92 0.915 21.848 739.287
  93 0.925 21.842 793.863
  94 0.935 21.604 792.653
  95 0.945 21.67 740.592
  96 0.955 21.414 717.943
  97 0.965 21.48 702.116
  98 0.975 21.196 719.375
  99 0.985 20.006 704.14
  100 0.995 19.284 704.383
335000 100 2112
  1 0.005 19.516 753.274
  2 0.015 20.678 751.984
  3 0.025 21.314 742.968
  4 0.035 21.484 737.582
  5 0.045 21.562 740.526
  6 0.055 21.51 724.98
  7 0.065 21.856 743.272
  8 0.075 21.918 736.563
  9 0.085 21.956 690.368
  10 0.095 21.962 725.808
  11 0.105 21.634 685.12
  12 0.115 21.11 654.465
  13 0.125 19.69 637.274
  14 0.135 19.362 653.058
  15 0.145 20.818 681.512
  16 0.155 21.538 705.646
  17 0.165 21.89 712.1
  18 0.175 21.974 771.926
  19 0.185 21.896 783.902
  20 0.195 21.818 783.666
  21 0.205 21.604 844.881
  22 0.215 21.424 841.31
  23 0.225 21.466 877.914
  24 0.235 21.176 858.235
  25 0.245 20.384 871.435
  26 0.255 19.316 848.07
  27 0.265 19.104 821.842
  28 0.275 20.434 776.623
  29 0.285 21.168 806.47
  30 0.295 21.48 815.963
  31 0.305 21.518 840.284
  32 0.315 21.584 884.304
  33 0.325 21.774 799.899
  34 0.335 21.924 795.353
  35 0.345 21.896 829.375
  36 0.355 21.772 827.292
  37 0.365 21.228 789.27
  38 0.375 20.444 823.445
  39 0.385 19.462 839.311
  40 0.395 20.302 864.044
  41 0.405 21.006 913.615
  42 0.415 21.854 932.091
  43 0.425 21.908 969.816
  44 0.435 21.878 1005.69
  45 0.445 21.688 985.602
  46 0.455 21.632 1005.23
  47 0.465 21.368 996.739
  48 0.475 21.24 1027.71
  49 0.485 20.542 1033.45
  50 0.495 19.538 1061.55
  51 0.505 19.04 1049.22
  52 0.515 19.928 1025.78
  53 0.525 20.974 1067.05
  54 0.535 21.392 1028.64
  55 0.545 21.548 978.46
  56 0.555 21.656 960.251
  57 0.565 21.8 975.465
  58 0.575 21.888 954.964
  59 0.585 21.94 968.814
  60 0.595 21.59 971.487
  61 0.605 20.546 1008.44
  62 0.615 19.204 998.599
  63 0.625 19.9 986.735
  64 0.635 20.978 936.811
  65 0.645 21.798 947.048
  66 0.655 21.962 916.058
  67 0.665 21.892 900.422
  68 0.675 21.826 847.903
  69 0.685 21.506 804.032
  70 0.695 21.466 809.06
  71 0.705 21.652 766.747
  72 0.715 21.082 814.792
  73 0.725 20.188 860.046
  74 0.735 19.116 867.264
  75 0.745 19.39 871.552
  76 0.755 20.436 850.825
  77 0.765 21.212 831.396
  78 0.775 21.548 810.02
  79 0.785 21.468 820.242
  80 0.795 21.586 752.532
  81 0.805 21.834 771.683
  82 0.815 21.882 772.208
  83 0.825 21.916 764.701
  84 0.835 21.744 787.931
  85 0.845 21.358 761.503
  86 0.855 20.456 715.704
  87 0.865 19.706 756.967
  88 0.875 20.052 783.552
  89 0.885 21.078 748.794
  90 0.895 21.716 752.687
  91 0.905 21.928 724.005
  92 0.915 21.948 699.721
  93 0.925 21.844 722.285
  94 0.935 21.722 711.531
  95 0.945 21.576 710.591
  96 0.955 21.444 705.515
  97 0.965 21.516 704.939
  98 0.975 21.18 706.867
  99 0.985 20.158 754.701
  100 0.995 18.83 765.668
340000 100 2111.9999999999995
  1 0.005 19.078 699.434
  2 0.015 20.514 680.858
  3 0.025 21.456 681.57
  4 0.035 21.586 714.085
  5 0.045 21.438 719.929
  6 0.055 21.484 728.602
  7 0.065 21.764 730.266
  8 0.075 21.906 742.187
  9 0.085 22 715.437
  10 0.095 21.93 708.146
  11 0.105 21.96 693.801
  12 0.115 20.768 751.994
  13 0.125 19.978 723.934
  14 0.135 19.306 731.106
  15 0.145 20.744 742.522
  16 0.155 21.37 795.357
  17 0.165 21.942 769.77
  18 0.175 21.944 765.585
  19 0.185 21.9 763.925
  20 0.195 21.738 775.488
  21 0.205 21.532 768.256
  22 0.215 21.522 799.318
  23 0.225 21.566 795.11
  24 0.235 21.264 787.736
  25 0.245 20.286 770.621
  26 0.255 19.292 799.096
  27 0.265 19.262 822.334
  28 0.275 20.272 855.91
  29 0.285 21.208 811.654
  30 0.295 21.514 826.637
  31 0.305 21.486 818.353
  32 0.315 21.534 796.364
  33 0.325 21.824 860.822
  34 0.335 21.858 893.556
  35 0.345 21.872 866.87
  36 0.355 21.912 870.389
  37 0.365 21 883.058
  38 0.375 20.026 900.284
  39 0.385 19.826 903.165
  40 0.395 20.06 945.887
  41 0.405 21.432 961.059
  42 0.415 21.862 1028.53
  43 0.425 21.88 960.203
  44 0.435 21.838 923.959
  45 0.445 21.652 922.177
  46 0.455 21.542 909.487
  47 0.465 21.422 888.12
  48 0.475 21.394 912.489
  49 0.485 20.598 932.813
  50 0.495 19.236 1000.62
  51 0.505 18.846 1036.51
  52 0.515 20.232 1031.46
  53 0.525 21.104 1030.39
  54 0.535 21.33 1073.57
  55 0.545 21.57 1026.04
  56 0.555 21.716 1015.53
  57 0.565 21.688 1031.18
  58 0.575 21.968 1038.88
  59 0.585 21.89 1011.67
  60 0.595 21.286 1012.77
  61 0.605 20.13 974.564
  62 0.615 19.418 966.857
  63 0.625 20.012 910.821
  64 0.635 21.426 848.864
  65 0.645 21.83 862.967
  66 0.655 21.932 856.021
  67 0.665 21.912 877.957
  68 0.675 21.724 863.818
  69 0.685 21.658 836.669
  70 0.695 21.528 854.559
  71 0.705 21.524 870.033
  72 0.715 21.21 883.701
  73 0.725 20.096 843.634
  74 0.735 19.374 844.038
  75 0.745 19.466 849.472
  76 0.755 20.252 842.102
  77 0.765 21.128 826.501
  78 0.775 21.474 848.878
  79 0.785 21.43 809.737
  80 0.795 21.712 764.502
  81 0.805 21.694 755.982
  82 0.815 21.906 736.757
  83 0.825 21.966 732.927
  84 0.835 21.736 807.801
  85 0.845 21.576 756.975
  86 0.855 20.592 733.001
  87 0.865 19.652 762.68
  88 0.875 19.878 774.344
  89 0.885 21.022 765.103
  90 0.895 21.576 756.84
  91 0.905 21.934 731.374
  92 0.915 21.968 728.803
  93 0.925 21.89 709.151
  94 0.935 21.634 735.073
  95 0.945 21.684 730.752
  96 0.955 21.372 713.643
  97 0.965 21.524 721.171
  98 0.975 21.198 733.33
  99 0.985 20.466 736.206
  100 0.995 19.088 710.5
