#  step      rmse_val    rmse_trn    rmse_e_val  rmse_e_trn    rmse_f_val  rmse_f_trn    rmse_v_val  rmse_v_trn         lr
# If there is no available reference data, rmse_*_{val,trn} will print nan
      0      2.81e+01    3.97e+01      2.82e+00    2.73e+00      8.72e-01    1.24e+00      1.90e-01    1.50e-01    1.0e-03
    500      1.13e+01    1.45e+01      5.77e-01    5.22e-01      3.54e-01    4.57e-01      3.88e-01    2.60e-01    1.0e-03
   1000      8.91e+00    1.24e+01      1.28e-01    1.18e-01      2.81e-01    3.90e-01      4.13e-01    4.12e-01    1.0e-03
   1500      6.93e+00    8.08e+00      5.98e-01    5.40e-01      2.15e-01    2.53e-01      2.96e-01    2.99e-01    1.0e-03
   2000      6.02e+00    9.74e+00      6.47e-01    6.52e-01      1.86e-01    3.06e-01      1.04e-01    6.09e-02    1.0e-03
   2500      5.89e+00    8.18e+00      2.55e-01    2.98e-01      1.86e-01    2.58e-01      8.20e-02    8.25e-02    1.0e-03
   3000      6.71e+00    8.12e+00      9.86e-02    1.07e-01      2.12e-01    2.56e-01      2.46e-01    2.51e-01    1.0e-03
   3500      3.29e+00    4.54e+00      5.39e-02    4.10e-03      1.03e-01    1.43e-01      2.35e-01    1.86e-01    1.0e-03
   4000      5.20e+00    5.62e+00      6.72e-01    6.90e-01      1.59e-01    1.73e-01      4.09e-02    9.09e-02    1.0e-03
   4500      5.36e+00    5.14e+00      2.90e-01    2.98e-01      1.68e-01    1.61e-01      1.18e-01    1.15e-01    1.0e-03
   5000      5.20e+00    5.38e+00      9.05e-02    9.24e-02      1.64e-01    1.70e-01      1.94e-01    1.64e-01    1.0e-03
   5500      4.79e+00    6.65e+00      2.09e-01    2.30e-01      1.51e-01    2.10e-01      1.65e-01    1.75e-01    1.0e-03
   6000      4.90e+00    4.29e+00      1.15e-01    1.25e-01      1.55e-01    1.35e-01      6.40e-02    7.38e-02    1.0e-03
   6500      3.64e+00    5.98e+00      2.63e-02    2.67e-02      1.15e-01    1.89e-01      6.11e-02    9.48e-02    1.0e-03
   7000      4.71e+00    7.00e+00      3.31e-01    3.26e-01      1.47e-01    2.20e-01      1.92e-01    2.98e-01    1.0e-03
   7500      5.98e+00    6.56e+00      5.24e-01    5.75e-01      1.86e-01    2.04e-01      7.06e-02    1.20e-01    1.0e-03
   8000      4.41e+00    2.66e+00      3.36e-01    3.50e-01      1.38e-01    8.14e-02      7.99e-02    8.32e-02    1.0e-03
   8500      4.09e+00    4.43e+00      2.00e-01    1.63e-01      1.28e-01    1.40e-01      1.98e-01    1.75e-01    1.0e-03
   9000      4.63e+00    5.45e+00      7.40e-01    5.95e-01      1.39e-01    1.69e-01      3.99e-02    1.53e-01    1.0e-03
   9500      4.11e+00    4.23e+00      5.34e-02    4.63e-02      1.30e-01    1.34e-01      2.17e-02    2.26e-02    1.0e-03
  10000      3.68e+00    6.33e+00      3.51e-01    3.85e-01      1.15e-01    1.99e-01      3.64e-02    3.78e-02    1.0e-03
  10500      3.23e+00    3.32e+00      9.85e-02    1.00e-01      1.02e-01    1.05e-01      2.25e-02    3.35e-02    1.0e-03
  11000      2.58e+00    4.39e+00      5.30e-01    5.04e-01      7.47e-02    1.35e-01      1.84e-01    1.74e-01    1.0e-03
  11500      3.21e+00    1.75e+00      2.13e-01    2.10e-01      1.00e-01    5.39e-02      8.30e-02    7.68e-02    1.0e-03
  12000      4.38e+00    5.07e+00      4.89e-02    1.79e-03      1.38e-01    1.60e-01      7.04e-02    7.63e-02    1.0e-03
  12500      6.74e+00    3.72e+00      2.77e-01    2.44e-01      2.12e-01    1.17e-01      5.35e-02    1.67e-01    1.0e-03
  13000      3.14e+00    5.04e+00      9.40e-02    2.72e-01      9.89e-02    1.59e-01      8.09e-02    6.24e-02    1.0e-03
  13500      3.70e+00    3.15e+00      7.43e-02    8.60e-02      1.17e-01    9.95e-02      3.82e-02    9.61e-03    1.0e-03
  14000      3.67e+00    5.12e+00      1.43e-01    1.93e-01      1.16e-01    1.62e-01      4.14e-02    4.57e-02    1.0e-03
  14500      2.30e+00    3.92e+00      3.39e-02    2.50e-02      7.24e-02    1.24e-01      1.45e-01    1.43e-01    1.0e-03
  15000      3.96e+00    4.00e+00      1.01e-01    1.08e-01      1.25e-01    1.26e-01      5.23e-02    3.17e-02    1.0e-03
  15500      2.84e+00    2.09e+00      2.04e-01    1.95e-01      8.90e-02    6.51e-02      2.91e-02    2.44e-02    1.0e-03
  16000      2.98e+00    1.94e+00      9.63e-02    1.13e-01      9.32e-02    6.01e-02      2.50e-01    2.69e-01    1.0e-03
  16500      3.73e+00    3.51e+00      1.87e-01    7.88e-02      1.17e-01    1.11e-01      3.75e-02    7.02e-02    1.0e-03
  17000      4.33e+00    4.32e+00      3.73e-01    3.24e-01      1.34e-01    1.35e-01      2.15e-01    2.22e-01    1.0e-03
  17500      3.19e+00    4.50e+00      1.33e-02    2.23e-02      1.01e-01    1.42e-01      1.03e-01    9.50e-02    1.0e-03
  18000      3.78e+00    3.93e+00      7.39e-02    7.05e-02      1.19e-01    1.24e-01      4.01e-02    1.58e-02    1.0e-03
  18500      3.50e+00    1.92e+00      2.42e-01    2.77e-01      1.09e-01    5.73e-02      3.33e-01    2.92e-01    1.0e-03
  19000      3.74e+00    4.99e+00      8.27e-02    1.23e-01      1.18e-01    1.57e-01      2.13e-01    2.07e-01    1.0e-03
  19500      2.77e+00    2.99e+00      5.55e-02    6.06e-02      8.74e-02    9.46e-02      2.39e-02    1.79e-02    1.0e-03
  20000      3.84e+00    2.10e+00      9.21e-02    9.43e-02      1.21e-01    6.55e-02      2.32e-01    2.16e-01    1.0e-03
  20500      3.65e+00    1.03e+00      1.61e-02    2.86e-03      1.15e-01    3.24e-02      4.99e-02    6.60e-02    1.0e-03
  21000      2.75e+00    1.23e+00      3.17e-02    1.50e-02      8.68e-02    3.89e-02      6.01e-02    6.68e-02    1.0e-03
  21500      6.14e+00    2.94e+00      4.02e-01    3.98e-01      1.93e-01    9.00e-02      8.12e-02    6.75e-02    1.0e-03
  22000      3.27e+00    2.53e+00      1.25e-01    1.31e-01      1.03e-01    7.96e-02      5.81e-02    6.29e-02    1.0e-03
  22500      5.62e+00    2.93e+00      8.69e-02    8.88e-02      1.78e-01    9.25e-02      7.13e-02    7.07e-02    1.0e-03
  23000      2.85e+00    4.44e+00      3.45e-02    2.15e-02      9.00e-02    1.40e-01      1.16e-01    9.54e-02    1.0e-03
  23500      2.57e+00    4.24e+00      6.68e-02    5.24e-02      8.10e-02    1.34e-01      2.40e-02    1.31e-02    1.0e-03
  24000      3.46e+00    4.41e+00      8.71e-03    5.33e-02      1.09e-01    1.40e-01      7.94e-02    7.22e-02    1.0e-03
  24500      2.43e+00    3.35e+00      1.15e-01    9.48e-02      7.63e-02    1.06e-01      5.44e-02    4.93e-02    1.0e-03
  25000      3.14e+00    4.14e+00      7.28e-02    7.19e-02      9.89e-02    1.31e-01      1.34e-01    1.30e-01    1.0e-03
  25500      3.80e+00    4.09e+00      2.00e-02    1.07e-02      1.20e-01    1.29e-01      2.81e-02    9.05e-03    1.0e-03
  26000      3.34e+00    2.85e+00      4.13e-02    3.40e-02      1.05e-01    9.01e-02      3.46e-02    4.37e-02    1.0e-03
  26500      2.85e+00    3.49e+00      2.55e-01    2.34e-01      8.88e-02    1.09e-01      8.60e-02    1.38e-01    1.0e-03
  27000      3.60e+00    3.69e+00      2.60e-02    2.07e-02      1.14e-01    1.17e-01      1.76e-02    5.28e-02    1.0e-03
  27500      3.25e+00    3.58e+00      1.54e-01    1.33e-01      1.03e-01    1.13e-01      1.65e-02    3.58e-02    1.0e-03
  28000      3.25e+00    1.81e+00      2.45e-01    2.36e-01      1.01e-01    5.52e-02      1.83e-01    1.53e-01    1.0e-03
  28500      2.56e+00    4.28e+00      4.18e-02    2.91e-02      8.10e-02    1.35e-01      2.93e-02    6.70e-02    1.0e-03
  29000      3.21e+00    1.47e+00      6.12e-02    6.38e-02      1.01e-01    4.61e-02      6.77e-02    6.92e-02    1.0e-03
  29500      3.51e+00    4.92e+00      5.39e-02    5.06e-02      1.11e-01    1.56e-01      1.11e-01    7.41e-02    1.0e-03
  30000      2.18e+00    6.15e-01      6.26e-03    2.97e-02      6.85e-02    1.88e-02      1.23e-01    1.09e-01    1.0e-03
  30500      2.91e+00    2.61e+00      6.74e-02    5.88e-02      9.19e-02    8.24e-02      2.67e-02    3.10e-02    1.0e-03
  31000      2.39e+00    3.20e+00      1.40e-01    1.84e-01      7.48e-02    1.00e-01      8.44e-02    8.72e-02    1.0e-03
  31500      4.13e+00    5.53e+00      3.13e-01    3.08e-01      1.29e-01    1.74e-01      1.39e-02    1.63e-02    1.0e-03
  32000      3.48e+00    2.42e+00      6.77e-02    6.79e-02      1.10e-01    7.66e-02      4.30e-02    1.55e-02    1.0e-03
  32500      2.47e+00    9.54e-01      3.97e-02    3.28e-02      7.81e-02    3.01e-02      5.71e-02    3.90e-02    1.0e-03
  33000      3.18e+00    4.65e+00      2.50e-01    2.42e-01      9.94e-02    1.46e-01      1.11e-01    9.89e-02    1.0e-03
  33500      2.65e+00    2.14e+00      7.41e-02    7.89e-02      8.38e-02    6.74e-02      2.13e-02    2.37e-02    1.0e-03
  34000      3.56e+00    4.36e+00      4.23e-02    3.28e-02      1.13e-01    1.38e-01      2.47e-02    6.00e-02    1.0e-03
  34500      3.65e+00    2.41e+00      1.69e-01    1.46e-01      1.15e-01    7.57e-02      5.50e-02    1.19e-01    1.0e-03
  35000      4.17e+00    1.90e+00      8.71e-02    6.74e-02      1.32e-01    5.99e-02      4.16e-02    7.97e-02    1.0e-03
  35500      2.80e+00    3.99e+00      1.92e-01    1.98e-01      8.78e-02    1.26e-01      1.22e-02    2.16e-02    1.0e-03
  36000      3.56e+00    4.57e+00      1.52e-01    1.57e-01      1.12e-01    1.44e-01      3.14e-02    8.47e-02    1.0e-03
  36500      1.94e+00    4.15e+00      1.11e-02    1.21e-02      6.11e-02    1.31e-01      1.07e-01    1.17e-01    1.0e-03
  37000      3.31e+00    3.71e+00      1.33e-02    9.92e-03      1.04e-01    1.17e-01      7.50e-02    8.69e-02    1.0e-03
  37500      1.92e+00    3.88e+00      9.01e-02    8.70e-02      6.02e-02    1.23e-01      8.45e-02    7.94e-02    1.0e-03
  38000      2.49e+00    3.36e+00      8.30e-02    9.21e-02      7.85e-02    1.06e-01      8.79e-02    6.43e-02    1.0e-03
  38500      3.61e+00    2.92e+00      1.60e-01    1.69e-01      1.14e-01    9.16e-02      5.06e-02    1.39e-02    1.0e-03
  39000      3.13e+00    8.68e-01      4.37e-02    2.89e-02      9.89e-02    2.73e-02      9.65e-02    6.40e-02    1.0e-03
  39500      3.52e+00    3.08e+00      8.07e-02    9.49e-02      1.11e-01    9.71e-02      6.06e-02    4.55e-02    1.0e-03
  40000      2.74e+00    3.37e+00      1.77e-01    1.85e-01      8.57e-02    1.06e-01      8.56e-02    7.56e-02    1.0e-03
  40500      2.85e+00    4.29e+00      1.17e-01    8.66e-02      8.99e-02    1.35e-01      2.27e-02    7.93e-02    1.0e-03
  41000      2.78e+00    1.39e+00      9.52e-02    9.30e-02      8.76e-02    4.37e-02      3.42e-02    3.38e-02    1.0e-03
  41500      2.76e+00    1.33e+00      2.24e-02    1.87e-02      8.72e-02    4.21e-02      1.84e-02    5.69e-03    1.0e-03
  42000      3.80e+00    2.66e+00      1.70e-02    1.26e-02      1.20e-01    8.40e-02      2.25e-02    1.47e-02    1.0e-03
  42500      2.69e+00    3.93e+00      1.03e-01    1.07e-01      8.45e-02    1.24e-01      4.12e-02    5.50e-02    1.0e-03
  43000      2.52e+00    2.43e+00      3.53e-02    3.80e-02      7.96e-02    7.68e-02      2.94e-02    4.88e-02    1.0e-03
  43500      4.45e+00    3.58e+00      1.45e-01    1.44e-01      1.40e-01    1.13e-01      1.43e-01    1.33e-01    1.0e-03
  44000      2.92e+00    4.60e+00      4.94e-02    3.33e-02      9.22e-02    1.45e-01      4.54e-02    8.80e-02    1.0e-03
  44500      2.80e+00    3.80e+00      5.53e-02    4.36e-02      8.85e-02    1.20e-01      1.84e-02    2.00e-02    1.0e-03
  45000      4.10e+00    2.26e+00      2.09e-02    2.04e-02      1.30e-01    7.15e-02      2.79e-02    2.21e-02    1.0e-03
  45500      1.68e+00    4.53e+00      1.56e-02    2.35e-03      5.32e-02    1.43e-01      6.72e-02    1.13e-01    1.0e-03
  46000      2.68e+00    3.47e+00      1.49e-01    1.53e-01      8.41e-02    1.09e-01      9.63e-02    1.26e-01    1.0e-03
  46500      3.22e+00    4.97e+00      1.34e-01    1.29e-01      1.02e-01    1.57e-01      2.32e-02    2.32e-02    1.0e-03
  47000      3.21e+00    3.89e+00      1.41e-01    1.48e-01      1.01e-01    1.23e-01      8.35e-02    1.00e-01    1.0e-03
  47500      3.26e+00    2.88e+00      8.08e-03    1.25e-02      1.03e-01    9.12e-02      2.71e-02    1.53e-02    1.0e-03
  48000      1.77e+00    2.67e+00      5.14e-02    6.52e-02      5.57e-02    8.42e-02      7.23e-02    7.63e-02    1.0e-03
  48500      2.94e+00    1.49e+00      1.12e-02    5.67e-03      9.26e-02    4.65e-02      1.46e-01    1.82e-01    1.0e-03
  49000      3.10e+00    2.10e+00      7.80e-02    7.34e-02      9.78e-02    6.61e-02      2.81e-02    5.25e-02    1.0e-03
  49500      2.74e+00    2.31e+00      1.31e-01    1.39e-01      8.62e-02    7.26e-02      8.12e-02    9.49e-02    1.0e-03
  50000      1.77e+00    2.81e+00      3.34e-02    4.61e-02      8.35e-02    1.40e-01      4.05e-02    2.32e-02    3.7e-04
  50500      1.77e+00    2.42e+00      1.09e-02    4.70e-03      9.01e-02    1.25e-01      2.28e-02    1.32e-02    3.7e-04
  51000      1.75e+00    2.41e+00      1.23e-02    1.28e-02      8.96e-02    1.24e-01      1.25e-02    2.32e-02    3.7e-04
  51500      1.33e+00    6.68e-01      2.38e-02    2.22e-02      6.22e-02    2.65e-02      3.14e-02    2.60e-02    3.7e-04
  52000      1.53e+00    1.71e+00      5.05e-03    5.56e-03      7.82e-02    8.84e-02      2.02e-02    4.87e-03    3.7e-04
  52500      1.83e+00    2.45e+00      3.51e-03    1.41e-04      9.41e-02    1.25e-01      2.06e-02    3.41e-02    3.7e-04
  53000      1.74e+00    8.81e-01      4.34e-02    4.26e-02      8.29e-02    3.15e-02      9.40e-03    4.64e-03    3.7e-04
  53500      1.62e+00    2.67e+00      6.36e-03    1.41e-02      8.07e-02    1.35e-01      4.22e-02    5.14e-02    3.7e-04
  54000      1.37e+00    2.07e+00      1.40e-02    1.25e-02      6.87e-02    1.06e-01      1.50e-02    2.81e-02    3.7e-04
  54500      1.84e+00    1.14e+00      2.42e-03    1.48e-03      9.50e-02    5.87e-02      1.34e-02    9.74e-03    3.7e-04
  55000      1.20e+00    2.12e+00      7.92e-03    1.53e-03      6.05e-02    1.10e-01      2.13e-02    1.51e-02    3.7e-04
  55500      1.47e+00    2.63e+00      1.46e-02    1.79e-02      7.29e-02    1.36e-01      1.71e-02    7.79e-03    3.7e-04
  56000      1.36e+00    2.54e+00      4.23e-02    3.91e-02      6.12e-02    1.28e-01      1.42e-02    2.22e-02    3.7e-04
  56500      1.67e+00    1.96e+00      1.07e-02    1.05e-02      8.36e-02    1.01e-01      2.85e-02    2.08e-02    3.7e-04
  57000      1.37e+00    8.46e-01      4.00e-03    3.66e-03      7.03e-02    4.31e-02      1.35e-02    1.33e-02    3.7e-04
  57500      1.63e+00    1.12e+00      2.72e-02    2.38e-02      8.08e-02    5.47e-02      1.24e-02    1.35e-02    3.7e-04
  58000      1.44e+00    1.59e+00      6.25e-03    8.52e-04      7.25e-02    8.20e-02      2.54e-02    1.36e-02    3.7e-04
  58500      1.76e+00    1.79e+00      1.16e-02    1.38e-02      8.54e-02    8.40e-02      5.37e-02    6.87e-02    3.7e-04
  59000      9.67e-01    1.42e+00      2.82e-02    1.19e-03      3.54e-02    6.44e-02      4.85e-02    6.42e-02    3.7e-04
  59500      1.27e+00    1.73e+00      2.77e-02    2.46e-02      5.44e-02    8.62e-02      3.95e-02    3.05e-02    3.7e-04
  60000      1.80e+00    2.11e+00      1.47e-02    1.33e-02      9.15e-02    1.08e-01      2.01e-02    1.92e-02    3.7e-04
  60500      2.04e+00    1.94e+00      1.44e-03    3.11e-03      1.04e-01    9.94e-02      3.02e-02    2.92e-02    3.7e-04
  61000      1.65e+00    1.56e+00      1.83e-03    2.82e-03      8.52e-02    8.02e-02      1.44e-02    1.68e-02    3.7e-04
  61500      1.29e+00    1.18e+00      4.48e-03    5.98e-03      6.47e-02    6.01e-02      2.80e-02    1.89e-02    3.7e-04
  62000      2.01e+00    8.28e-01      1.31e-02    1.39e-02      1.02e-01    3.92e-02      2.73e-02    2.50e-02    3.7e-04
  62500      1.38e+00    1.19e+00      3.70e-03    7.16e-04      7.11e-02    6.12e-02      1.30e-02    1.21e-02    3.7e-04
  63000      1.61e+00    1.58e+00      1.56e-03    1.24e-03      8.16e-02    8.11e-02      3.19e-02    2.31e-02    3.7e-04
  63500      1.25e+00    1.65e+00      3.66e-03    3.09e-03      6.36e-02    8.45e-02      1.80e-02    1.99e-02    3.7e-04
  64000      1.59e+00    1.27e+00      1.35e-03    2.37e-03      7.99e-02    6.55e-02      2.34e-02    1.39e-02    3.7e-04
  64500      1.58e+00    1.49e+00      3.99e-02    4.09e-02      7.42e-02    7.02e-02      2.38e-02    1.32e-02    3.7e-04
  65000      1.39e+00    2.27e+00      3.55e-02    3.72e-02      6.30e-02    1.14e-01      1.61e-02    1.72e-02    3.7e-04
  65500      1.73e+00    5.17e-01      2.38e-03    9.10e-03      8.80e-02    2.57e-02      2.63e-02    4.26e-03    3.7e-04
  66000      1.76e+00    3.04e+00      1.46e-02    1.78e-02      8.45e-02    1.55e-01      4.91e-02    4.00e-02    3.7e-04
  66500      1.72e+00    2.02e+00      2.06e-02    1.77e-02      7.67e-02    9.46e-02      7.03e-02    7.76e-02    3.7e-04
  67000      1.54e+00    1.31e+00      1.58e-02    1.72e-02      7.61e-02    6.43e-02      3.66e-02    3.14e-02    3.7e-04
  67500      9.81e-01    9.45e-01      6.68e-03    5.40e-03      4.99e-02    4.87e-02      1.12e-02    5.66e-03    3.7e-04
  68000      1.50e+00    1.57e+00      6.73e-03    2.54e-03      7.63e-02    8.13e-02      2.36e-02    1.07e-02    3.7e-04
  68500      1.45e+00    1.58e+00      6.48e-03    1.14e-02      7.40e-02    8.12e-02      1.65e-02    9.70e-03    3.7e-04
  69000      1.47e+00    2.30e+00      1.07e-02    7.29e-03      7.53e-02    1.19e-01      1.32e-02    7.47e-03    3.7e-04
  69500      1.32e+00    9.24e-01      6.21e-03    6.13e-03      6.68e-02    4.63e-02      2.41e-02    2.02e-02    3.7e-04
  70000      1.91e+00    1.73e+00      8.16e-03    6.32e-03      9.70e-02    8.88e-02      2.67e-02    1.54e-02    3.7e-04
  70500      1.80e+00    5.98e-01      1.80e-02    1.71e-02      9.04e-02    2.53e-02      2.70e-02    2.20e-02    3.7e-04
  71000      1.15e+00    1.08e+00      1.01e-03    1.73e-04      4.91e-02    4.91e-02      5.97e-02    4.88e-02    3.7e-04
  71500      1.12e+00    4.13e-01      1.25e-02    1.41e-02      5.60e-02    1.41e-02      1.70e-02    2.18e-02    3.7e-04
  72000      2.07e+00    1.42e+00      1.72e-02    1.81e-02      1.05e-01    7.06e-02      2.87e-02    2.55e-02    3.7e-04
  72500      1.32e+00    1.46e+00      1.98e-02    1.75e-02      6.55e-02    7.43e-02      1.33e-02    9.51e-03    3.7e-04
  73000      1.68e+00    1.05e+00      3.87e-02    4.12e-02      8.11e-02    4.40e-02      9.55e-03    9.30e-03    3.7e-04
  73500      1.13e+00    7.78e-01      1.09e-02    1.07e-02      5.71e-02    3.87e-02      1.23e-02    1.44e-02    3.7e-04
  74000      2.01e+00    1.58e+00      8.34e-03    7.69e-03      1.03e-01    8.10e-02      2.12e-02    1.49e-02    3.7e-04
  74500      1.89e+00    1.68e+00      2.24e-02    2.34e-02      9.54e-02    8.48e-02      1.12e-02    1.12e-02    3.7e-04
  75000      1.79e+00    1.60e+00      2.41e-02    2.12e-02      9.02e-02    8.09e-02      1.29e-02    1.45e-02    3.7e-04
  75500      1.42e+00    2.45e+00      2.03e-02    2.00e-02      7.04e-02    1.25e-01      2.04e-02    2.39e-02    3.7e-04
  76000      9.32e-01    4.24e-01      5.21e-03    2.36e-03      4.77e-02    2.15e-02      7.95e-03    7.29e-03    3.7e-04
  76500      1.12e+00    4.35e-01      2.80e-03    3.66e-03      5.78e-02    2.16e-02      8.29e-03    1.08e-02    3.7e-04
  77000      1.07e+00    5.70e-01      3.92e-03    3.72e-03      5.43e-02    2.91e-02      1.79e-02    7.56e-03    3.7e-04
  77500      1.31e+00    1.41e+00      1.03e-02    1.27e-02      6.67e-02    7.18e-02      1.56e-02    1.94e-02    3.7e-04
  78000      1.35e+00    1.34e+00      1.04e-02    1.00e-02      6.68e-02    6.53e-02      3.23e-02    4.09e-02    3.7e-04
  78500      1.64e+00    2.38e+00      2.39e-02    2.23e-02      6.27e-02    1.19e-01      8.92e-02    5.45e-02    3.7e-04
  79000      1.72e+00    2.40e+00      7.86e-03    8.89e-03      8.76e-02    1.24e-01      2.21e-02    2.10e-02    3.7e-04
  79500      9.22e-01    2.00e+00      1.44e-02    1.03e-02      4.26e-02    1.02e-01      3.17e-02    3.20e-02    3.7e-04
  80000      1.64e+00    2.23e+00      3.42e-02    3.29e-02      8.02e-02    1.13e-01      9.23e-03    1.58e-02    3.7e-04
  80500      1.74e+00    1.53e+00      6.76e-02    6.64e-02      7.13e-02    5.99e-02      2.25e-02    1.06e-02    3.7e-04
  81000      1.49e+00    2.65e+00      4.42e-03    9.50e-03      6.72e-02    1.35e-01      5.80e-02    4.32e-02    3.7e-04
  81500      1.49e+00    2.36e+00      1.77e-03    1.54e-04      7.69e-02    1.22e-01      1.50e-02    1.51e-02    3.7e-04
  82000      1.14e+00    9.01e-01      1.31e-02    1.49e-02      5.68e-02    4.48e-02      1.64e-02    1.07e-02    3.7e-04
  82500      1.57e+00    1.93e+00      2.74e-02    2.85e-02      7.74e-02    9.72e-02      1.67e-02    1.97e-02    3.7e-04
  83000      1.74e+00    8.62e-01      2.13e-02    2.19e-02      8.68e-02    4.00e-02      3.23e-02    1.92e-02    3.7e-04
  83500      1.74e+00    1.62e+00      1.72e-02    1.37e-02      8.83e-02    8.30e-02      1.63e-02    9.49e-03    3.7e-04
  84000      1.63e+00    1.85e+00      2.84e-03    1.85e-03      8.26e-02    9.46e-02      2.45e-02    2.81e-02    3.7e-04
  84500      2.03e+00    6.96e-01      1.26e-02    9.66e-03      1.03e-01    3.16e-02      3.31e-02    2.85e-02    3.7e-04
  85000      1.40e+00    2.11e+00      1.25e-02    1.07e-02      6.93e-02    1.08e-01      2.36e-02    2.68e-02    3.7e-04
  85500      1.16e+00    1.59e+00      1.29e-02    1.03e-02      5.80e-02    7.96e-02      1.35e-02    3.77e-02    3.7e-04
  86000      1.99e+00    2.42e+00      1.98e-02    5.76e-03      1.01e-01    1.25e-01      2.50e-02    1.22e-02    3.7e-04
  86500      1.86e+00    1.12e+00      1.77e-02    1.89e-02      9.50e-02    5.57e-02      1.38e-02    9.20e-03    3.7e-04
  87000      1.08e+00    1.64e+00      7.15e-03    7.34e-03      5.46e-02    8.49e-02      1.59e-02    8.14e-03    3.7e-04
  87500      1.31e+00    7.74e-01      2.99e-02    2.41e-02      6.07e-02    3.29e-02      2.15e-02    2.45e-02    3.7e-04
  88000      1.85e+00    5.21e-01      2.22e-02    2.24e-02      9.33e-02    2.04e-02      2.29e-02    5.99e-03    3.7e-04
  88500      1.13e+00    1.09e+00      5.87e-03    3.64e-03      5.43e-02    5.60e-02      3.78e-02    1.03e-02    3.7e-04
  89000      1.17e+00    1.70e+00      1.02e-03    2.76e-03      6.03e-02    8.72e-02      1.25e-02    2.52e-02    3.7e-04
  89500      1.68e+00    1.03e+00      1.72e-02    1.84e-02      8.54e-02    5.16e-02      1.44e-02    5.66e-03    3.7e-04
  90000      1.40e+00    1.63e+00      3.79e-03    6.27e-03      6.58e-02    8.21e-02      4.20e-02    3.27e-02    3.7e-04
  90500      1.44e+00    1.07e+00      4.46e-03    1.01e-03      7.38e-02    5.52e-02      1.90e-02    1.69e-03    3.7e-04
  91000      1.93e+00    1.61e+00      1.04e-02    1.27e-02      9.90e-02    8.28e-02      1.69e-02    5.11e-03    3.7e-04
  91500      1.60e+00    1.30e+00      2.29e-03    3.63e-03      8.23e-02    6.74e-02      1.18e-02    7.30e-03    3.7e-04
  92000      1.81e+00    2.77e+00      1.51e-02    1.82e-02      8.41e-02    1.41e-01      4.95e-02    4.38e-02    3.7e-04
  92500      1.09e+00    1.19e+00      3.43e-03    4.61e-03      4.84e-02    6.02e-02      5.21e-02    2.51e-02    3.7e-04
  93000      1.63e+00    9.25e-01      3.29e-02    3.39e-02      8.02e-02    3.98e-02      1.35e-02    1.02e-02    3.7e-04
  93500      1.41e+00    2.40e+00      8.65e-03    2.35e-03      7.20e-02    1.23e-01      1.20e-02    2.35e-02    3.7e-04
  94000      1.73e+00    1.02e+00      1.37e-03    9.79e-04      8.76e-02    5.23e-02      2.88e-02    1.46e-02    3.7e-04
  94500      1.11e+00    2.56e+00      5.73e-03    8.56e-03      5.68e-02    1.31e-01      1.16e-02    2.87e-02    3.7e-04
  95000      1.61e+00    4.49e-01      1.31e-02    1.11e-02      8.19e-02    1.72e-02      1.82e-02    2.41e-02    3.7e-04
  95500      1.50e+00    1.22e+00      7.28e-03    1.35e-02      7.39e-02    6.18e-02      3.89e-02    1.08e-02    3.7e-04
  96000      1.62e+00    1.37e+00      3.54e-03    1.33e-03      7.89e-02    6.61e-02      4.64e-02    4.64e-02    3.7e-04
  96500      1.51e+00    2.44e+00      3.97e-02    4.38e-02      7.02e-02    1.21e-01      2.37e-02    1.64e-02    3.7e-04
  97000      1.14e+00    1.74e+00      1.43e-02    9.66e-03      5.63e-02    8.94e-02      1.79e-02    1.51e-02    3.7e-04
  97500      1.06e+00    2.68e+00      7.27e-03    8.22e-03      5.28e-02    1.38e-01      2.07e-02    2.87e-02    3.7e-04
  98000      1.49e+00    1.22e+00      3.46e-03    3.17e-03      7.38e-02    5.90e-02      3.55e-02    4.06e-02    3.7e-04
  98500      1.68e+00    2.05e+00      6.55e-03    8.22e-03      8.64e-02    1.05e-01      1.22e-02    1.45e-02    3.7e-04
  99000      1.99e+00    1.16e+00      3.97e-03    4.01e-04      1.01e-01    5.91e-02      3.32e-02    1.93e-02    3.7e-04
  99500      1.56e+00    1.22e+00      9.54e-03    1.09e-02      7.94e-02    6.26e-02      1.59e-02    7.83e-03    3.7e-04
 100000      1.24e+00    9.03e-01      3.76e-03    1.88e-03      1.03e-01    7.44e-02      1.77e-02    1.61e-02    1.4e-04
 100500      8.59e-01    2.37e-01      7.16e-03    7.51e-03      7.06e-02    1.53e-02      7.07e-03    6.46e-03    1.4e-04
 101000      6.99e-01    8.74e-01      1.20e-03    1.36e-03      5.84e-02    7.26e-02      8.61e-03    1.31e-02    1.4e-04
 101500      8.23e-01    1.38e+00      2.13e-03    1.54e-03      6.60e-02    1.16e-01      2.01e-02    1.71e-02    1.4e-04
 102000      9.75e-01    1.61e+00      6.73e-03    7.85e-03      7.15e-02    1.35e-01      3.26e-02    1.29e-02    1.4e-04
 102500      9.96e-01    2.87e-01      3.07e-04    8.24e-04      8.26e-02    1.68e-02      1.52e-02    1.68e-02    1.4e-04
 103000      9.68e-01    3.60e-01      5.24e-03    5.10e-04      8.04e-02    2.95e-02      1.20e-02    7.19e-03    1.4e-04
 103500      1.15e+00    1.06e+00      9.29e-03    9.38e-03      9.55e-02    8.74e-02      9.41e-03    1.17e-02    1.4e-04
 104000      8.63e-01    8.79e-01      1.16e-02    1.08e-02      6.39e-02    7.21e-02      2.04e-02    8.99e-03    1.4e-04
 104500      7.49e-01    9.42e-01      4.59e-03    3.16e-03      6.10e-02    7.85e-02      1.46e-02    1.21e-02    1.4e-04
 105000      1.11e+00    1.25e+00      8.10e-03    9.58e-03      8.74e-02    1.01e-01      2.83e-02    2.60e-02    1.4e-04
 105500      9.33e-01    1.49e+00      1.39e-03    1.78e-03      7.81e-02    1.26e-01      1.06e-02    9.97e-03    1.4e-04
 106000      8.72e-01    1.15e+00      9.73e-03    8.13e-03      7.17e-02    9.53e-02      8.93e-03    1.52e-02    1.4e-04
 106500      7.84e-01    1.42e+00      3.32e-03    2.69e-03      6.43e-02    1.20e-01      1.28e-02    1.28e-02    1.4e-04
 107000      8.62e-01    1.50e+00      1.87e-03    2.73e-03      7.17e-02    1.26e-01      9.90e-03    1.64e-02    1.4e-04
 107500      8.17e-01    1.23e+00      1.45e-03    1.85e-03      6.77e-02    1.04e-01      1.14e-02    1.12e-02    1.4e-04
 108000      7.42e-01    7.45e-01      1.56e-02    1.60e-02      5.45e-02    5.65e-02      9.58e-03    1.47e-02    1.4e-04
 108500      1.01e+00    1.31e+00      1.47e-03    3.11e-03      8.36e-02    1.10e-01      1.53e-02    1.58e-02    1.4e-04
 109000      9.64e-01    5.24e-01      5.68e-03    5.68e-03      7.42e-02    2.51e-02      2.61e-02    3.41e-02    1.4e-04
 109500      1.26e+00    8.36e-01      2.68e-03    2.20e-03      9.82e-02    6.05e-02      3.66e-02    3.51e-02    1.4e-04
 110000      6.35e-01    7.16e-01      3.89e-03    3.37e-03      5.15e-02    5.73e-02      1.18e-02    1.83e-02    1.4e-04
 110500      1.01e+00    1.73e+00      1.52e-02    1.07e-02      8.01e-02    1.45e-01      1.63e-02    1.67e-02    1.4e-04
 111000      1.01e+00    1.26e+00      1.67e-03    2.25e-03      8.44e-02    1.05e-01      9.49e-03    1.46e-02    1.4e-04
 111500      8.60e-01    6.10e-01      2.28e-03    1.87e-03      7.11e-02    5.11e-02      1.31e-02    6.40e-03    1.4e-04
 112000      9.68e-01    9.76e-01      2.24e-02    2.18e-02      7.23e-02    7.45e-02      1.24e-02    1.52e-02    1.4e-04
 112500      1.43e+00    7.09e-01      4.14e-03    4.84e-03      1.20e-01    5.88e-02      1.48e-02    8.85e-03    1.4e-04
 113000      1.16e+00    1.10e+00      1.12e-02    1.26e-02      9.55e-02    8.87e-02      1.31e-02    2.20e-02    1.4e-04
 113500      7.06e-01    5.03e-01      1.30e-02    1.11e-02      5.39e-02    3.88e-02      9.86e-03    5.66e-03    1.4e-04
 114000      7.15e-01    1.02e+00      6.08e-03    6.44e-03      5.83e-02    8.43e-02      1.05e-02    1.32e-02    1.4e-04
 114500      6.07e-01    1.50e+00      7.69e-03    4.35e-03      4.80e-02    1.26e-01      1.16e-02    9.42e-03    1.4e-04
 115000      8.36e-01    1.11e+00      1.73e-03    2.44e-03      6.56e-02    9.28e-02      2.27e-02    1.35e-02    1.4e-04
 115500      1.31e+00    9.08e-01      5.86e-03    6.53e-03      1.06e-01    7.58e-02      2.72e-02    7.52e-03    1.4e-04
 116000      7.30e-01    8.82e-01      1.16e-02    1.06e-02      5.78e-02    7.18e-02      9.41e-03    1.23e-02    1.4e-04
 116500      6.03e-01    4.66e-01      3.01e-03    3.19e-03      4.28e-02    3.07e-02      1.83e-02    2.34e-02    1.4e-04
 117000      1.37e+00    3.99e-01      8.20e-03    1.02e-02      1.13e-01    2.60e-02      2.15e-02    1.49e-02    1.4e-04
 117500      1.02e+00    1.21e+00      1.03e-02    1.18e-02      8.37e-02    9.66e-02      8.32e-03    2.84e-02    1.4e-04
 118000      7.25e-01    4.08e-01      5.85e-03    5.42e-03      5.99e-02    2.92e-02      7.46e-03    1.60e-02    1.4e-04
 118500      8.11e-01    3.49e-01      4.97e-03    6.45e-03      6.76e-02    2.57e-02      8.48e-03    1.06e-02    1.4e-04
 119000      8.72e-01    4.59e-01      8.35e-04    7.72e-04      7.12e-02    3.63e-02      1.70e-02    1.33e-02    1.4e-04
 119500      1.05e+00    1.18e+00      1.08e-02    1.25e-02      8.20e-02    9.71e-02      2.76e-02    1.43e-02    1.4e-04
 120000      1.07e+00    6.25e-01      2.96e-03    4.55e-03      8.93e-02    5.20e-02      1.51e-02    6.72e-03    1.4e-04
 120500      1.04e+00    1.03e+00      2.14e-03    2.43e-03      8.50e-02    8.66e-02      1.95e-02    1.07e-02    1.4e-04
 121000      7.44e-01    3.39e-01      6.31e-03    6.50e-03      5.92e-02    2.56e-02      1.49e-02    8.35e-03    1.4e-04
 121500      1.41e+00    4.80e-01      1.61e-02    1.70e-02      1.13e-01    3.15e-02      2.87e-02    5.20e-03    1.4e-04
 122000      6.71e-01    4.60e-01      2.17e-03    2.90e-03      5.49e-02    3.80e-02      1.13e-02    6.89e-03    1.4e-04
 122500      6.51e-01    5.70e-01      9.52e-03    1.02e-02      5.02e-02    3.91e-02      1.06e-02    2.29e-02    1.4e-04
 123000      1.12e+00    4.24e-01      4.97e-04    8.47e-04      8.94e-02    2.24e-02      2.78e-02    2.69e-02    1.4e-04
 123500      7.61e-01    8.62e-01      1.35e-02    1.21e-02      5.86e-02    6.83e-02      9.47e-03    1.75e-02    1.4e-04
 124000      8.15e-01    2.79e-01      6.22e-03    5.43e-03      6.58e-02    2.16e-02      1.51e-02    5.08e-03    1.4e-04
 124500      1.13e+00    6.94e-01      1.29e-02    1.22e-02      8.79e-02    3.51e-02      2.87e-02    4.17e-02    1.4e-04
 125000      5.61e-01    1.01e+00      2.26e-03    2.68e-03      4.63e-02    8.51e-02      8.75e-03    9.73e-03    1.4e-04
 125500      5.66e-01    1.31e+00      4.31e-03    1.25e-03      4.58e-02    1.10e-01      7.60e-03    1.18e-02    1.4e-04
 126000      1.02e+00    7.28e-01      1.58e-02    1.67e-02      8.09e-02    5.41e-02      1.49e-02    1.55e-02    1.4e-04
 126500      8.26e-01    3.57e-01      4.63e-03    5.60e-03      6.73e-02    2.85e-02      1.51e-02    5.68e-03    1.4e-04
 127000      1.13e+00    4.35e-01      5.13e-03    6.07e-03      8.95e-02    3.13e-02      2.76e-02    1.65e-02    1.4e-04
 127500      1.04e+00    8.68e-01      5.77e-03    5.10e-03      8.70e-02    7.05e-02      9.81e-03    1.83e-02    1.4e-04
 128000      5.67e-01    8.18e-01      7.38e-03    8.07e-03      3.40e-02    6.02e-02      2.66e-02    3.07e-02    1.4e-04
 128500      8.87e-01    1.04e+00      6.61e-03    5.39e-03      7.18e-02    8.50e-02      1.66e-02    1.93e-02    1.4e-04
 129000      9.32e-01    1.17e+00      2.71e-03    2.14e-03      7.66e-02    9.66e-02      1.63e-02    1.90e-02    1.4e-04
 129500      9.85e-01    1.59e+00      4.57e-03    2.91e-03      8.20e-02    1.34e-01      1.05e-02    1.48e-02    1.4e-04
 130000      1.04e+00    8.81e-01      1.11e-02    8.07e-03      8.42e-02    7.27e-02      1.41e-02    1.06e-02    1.4e-04
 130500      9.46e-01    5.92e-01      1.84e-03    5.19e-04      7.93e-02    4.39e-02      9.87e-03    2.31e-02    1.4e-04
 131000      7.59e-01    2.71e-01      8.21e-04    8.59e-04      6.34e-02    2.24e-02      9.06e-03    4.49e-03    1.4e-04
 131500      7.85e-01    1.03e+00      1.80e-03    2.56e-03      6.41e-02    8.68e-02      1.19e-02    7.13e-03    1.4e-04
 132000      7.19e-01    1.51e+00      3.61e-03    1.21e-03      5.09e-02    1.22e-01      2.98e-02    3.72e-02    1.4e-04
 132500      7.96e-01    8.48e-01      6.09e-03    4.51e-03      6.55e-02    7.03e-02      1.06e-02    1.20e-02    1.4e-04
 133000      1.10e+00    9.57e-01      3.00e-03    1.67e-03      8.96e-02    7.98e-02      2.17e-02    1.25e-02    1.4e-04
 133500      8.32e-01    1.08e+00      4.26e-03    4.55e-03      6.42e-02    8.89e-02      2.04e-02    1.98e-02    1.4e-04
 134000      9.25e-01    1.15e+00      2.30e-03    1.43e-03      7.06e-02    9.43e-02      3.21e-02    2.32e-02    1.4e-04
 134500      9.55e-01    4.62e-01      2.03e-02    2.35e-02      6.72e-02    1.18e-02      2.96e-02    1.30e-02    1.4e-04
 135000      6.86e-01    8.17e-01      4.98e-03    1.88e-03      4.94e-02    6.69e-02      2.39e-02    1.63e-02    1.4e-04
 135500      1.15e+00    4.83e-01      1.33e-03    4.04e-03      9.49e-02    3.97e-02      1.87e-02    7.15e-03    1.4e-04
 136000      9.97e-01    1.13e+00      1.19e-02    1.19e-02      8.03e-02    9.16e-02      1.52e-02    2.09e-02    1.4e-04
 136500      1.05e+00    8.01e-01      2.48e-02    2.11e-02      7.74e-02    5.68e-02      1.57e-02    1.92e-02    1.4e-04
 137000      1.09e+00    9.06e-01      8.35e-04    2.08e-03      9.14e-02    7.62e-02      1.35e-02    7.65e-03    1.4e-04
 137500      9.63e-01    8.91e-01      8.46e-03    7.11e-03      7.79e-02    7.31e-02      1.70e-02    1.44e-02    1.4e-04
 138000      1.04e+00    1.27e+00      5.81e-03    6.34e-03      8.16e-02    1.05e-01      2.38e-02    2.17e-02    1.4e-04
 138500      8.58e-01    5.84e-01      1.95e-03    2.98e-03      7.18e-02    4.79e-02      9.03e-03    1.10e-02    1.4e-04
 139000      1.23e+00    1.11e+00      7.78e-03    8.15e-03      1.02e-01    9.09e-02      1.55e-02    2.06e-02    1.4e-04
 139500      1.27e+00    8.70e-01      1.15e-02    1.16e-02      9.81e-02    6.36e-02      3.78e-02    3.15e-02    1.4e-04
 140000      1.19e+00    4.24e-01      1.16e-02    1.28e-02      9.04e-02    1.94e-02      3.75e-02    2.26e-02    1.4e-04
 140500      1.03e+00    5.79e-01      9.81e-03    9.10e-03      8.53e-02    4.49e-02      8.89e-03    1.38e-02    1.4e-04
 141000      9.42e-01    1.34e+00      3.34e-03    3.51e-03      7.09e-02    1.11e-01      3.29e-02    2.30e-02    1.4e-04
 141500      6.70e-01    1.08e+00      2.65e-03    3.51e-03      5.32e-02    8.75e-02      1.57e-02    2.50e-02    1.4e-04
 142000      1.01e+00    5.65e-01      7.16e-03    8.74e-03      8.27e-02    4.56e-02      1.37e-02    6.33e-03    1.4e-04
 142500      9.06e-01    2.40e-01      2.77e-03    2.51e-03      7.14e-02    1.81e-02      2.19e-02    8.09e-03    1.4e-04
 143000      9.49e-01    8.82e-01      4.56e-03    5.62e-03      7.70e-02    7.35e-02      1.76e-02    9.59e-03    1.4e-04
 143500      7.52e-01    5.35e-01      7.81e-03    7.71e-03      6.10e-02    4.35e-02      1.11e-02    5.34e-03    1.4e-04
 144000      9.44e-01    8.51e-01      7.61e-03    8.83e-03      6.67e-02    6.61e-02      3.57e-02    2.44e-02    1.4e-04
 144500      7.40e-01    5.18e-01      4.80e-03    6.37e-03      5.93e-02    3.89e-02      1.62e-02    1.70e-02    1.4e-04
 145000      7.60e-01    5.50e-01      9.40e-03    7.84e-03      5.78e-02    3.29e-02      2.02e-02    2.96e-02    1.4e-04
 145500      1.05e+00    1.12e+00      9.34e-04    1.16e-03      8.77e-02    9.38e-02      1.44e-02    1.40e-02    1.4e-04
 146000      8.43e-01    6.88e-01      9.80e-03    1.07e-02      6.69e-02    5.50e-02      1.61e-02    9.93e-03    1.4e-04
 146500      6.72e-01    1.52e+00      4.58e-03    3.68e-03      4.94e-02    1.28e-01      2.58e-02    1.16e-02    1.4e-04
 147000      1.28e+00    3.10e-01      1.19e-02    1.03e-02      1.07e-01    1.69e-02      1.12e-02    1.24e-02    1.4e-04
 147500      5.42e-01    5.54e-01      3.35e-03    2.23e-05      4.45e-02    4.54e-02      7.36e-03    1.11e-02    1.4e-04
 148000      5.23e-01    5.61e-01      9.68e-03    9.07e-03      4.06e-02    4.48e-02      8.32e-03    7.91e-03    1.4e-04
 148500      1.12e+00    1.24e+00      1.21e-03    1.04e-04      9.31e-02    1.05e-01      1.30e-02    7.71e-03    1.4e-04
 149000      1.04e+00    3.49e-01      1.51e-03    2.33e-03      8.60e-02    2.81e-02      1.60e-02    8.09e-03    1.4e-04
 149500      6.31e-01    5.10e-01      1.82e-03    1.42e-03      4.04e-02    2.88e-02      3.25e-02    3.07e-02    1.4e-04
 150000      7.43e-01    2.93e-01      9.41e-03    1.03e-02      9.23e-02    2.40e-02      2.00e-02    1.09e-02    5.1e-05
 150500      6.63e-01    2.94e-01      9.96e-03    1.07e-02      8.47e-02    2.90e-02      1.14e-02    4.71e-03    5.1e-05
 151000      6.20e-01    7.50e-01      1.13e-03    2.27e-03      7.69e-02    1.01e-01      1.85e-02    9.72e-03    5.1e-05
 151500      4.12e-01    4.41e-01      2.68e-03    4.76e-03      5.27e-02    5.88e-02      8.15e-03    4.59e-03    5.1e-05
 152000      6.06e-01    4.37e-01      5.89e-03    4.38e-03      7.89e-02    5.21e-02      1.12e-02    1.55e-02    5.1e-05
 152500      5.62e-01    6.47e-01      4.18e-03    5.41e-03      7.40e-02    8.29e-02      9.52e-03    1.61e-02    5.1e-05
 153000      4.71e-01    5.38e-01      4.71e-03    5.94e-03      6.09e-02    7.07e-02      9.91e-03    8.72e-03    5.1e-05
 153500      6.12e-01    6.81e-01      5.80e-03    5.69e-03      7.74e-02    9.10e-02      1.46e-02    8.62e-03    5.1e-05
 154000      4.08e-01    6.03e-01      5.37e-03    3.82e-03      4.71e-02    7.79e-02      1.31e-02    1.46e-02    5.1e-05
 154500      5.13e-01    3.89e-01      1.03e-03    1.72e-03      6.56e-02    3.93e-02      1.29e-02    2.02e-02    5.1e-05
 155000      8.11e-01    6.73e-01      1.06e-02    1.13e-02      9.91e-02    8.54e-02      2.20e-02    1.16e-02    5.1e-05
 155500      6.68e-01    3.01e-01      1.79e-03    6.06e-04      8.86e-02    4.07e-02      1.25e-02    3.78e-03    5.1e-05
 156000      5.81e-01    6.57e-01      5.63e-03    5.50e-03      7.14e-02    6.57e-02      1.64e-02    3.40e-02    5.1e-05
 156500      4.50e-01    7.25e-01      3.27e-03    3.01e-03      5.82e-02    9.30e-02      9.30e-03    1.95e-02    5.1e-05
 157000      5.61e-01    9.07e-01      3.86e-03    3.75e-03      7.06e-02    1.22e-01      1.33e-02    1.15e-02    5.1e-05
 157500      3.41e-01    4.35e-01      2.68e-03    3.71e-03      3.64e-02    5.80e-02      1.58e-02    5.82e-03    5.1e-05
 158000      4.94e-01    1.00e+00      2.12e-03    2.95e-03      6.46e-02    1.34e-01      9.11e-03    1.58e-02    5.1e-05
 158500      4.38e-01    6.95e-01      2.62e-03    1.98e-03      5.28e-02    8.35e-02      1.24e-02    2.57e-02    5.1e-05
 159000      6.56e-01    6.53e-01      4.83e-03    3.55e-03      8.07e-02    8.84e-02      1.94e-02    6.02e-03    5.1e-05
 159500      7.92e-01    7.16e-01      6.84e-04    3.68e-05      1.02e-01    9.35e-02      2.02e-02    1.70e-02    5.1e-05
 160000      6.04e-01    6.17e-01      3.36e-03    1.33e-03      7.87e-02    8.32e-02      1.23e-02    8.27e-03    5.1e-05
 160500      4.50e-01    6.37e-01      1.42e-03    1.88e-03      4.19e-02    8.01e-02      2.50e-02    1.96e-02    5.1e-05
 161000      4.25e-01    2.54e-01      1.07e-03    5.47e-04      5.29e-02    2.84e-02      1.24e-02    1.13e-02    5.1e-05
 161500      6.54e-01    7.13e-01      7.47e-03    5.81e-03      8.26e-02    9.47e-02      1.37e-02    1.11e-02    5.1e-05
 162000      5.77e-01    3.37e-01      1.48e-03    2.88e-04      7.42e-02    3.92e-02      1.38e-02    1.38e-02    5.1e-05
 162500      6.39e-01    4.92e-01      9.03e-03    7.09e-03      7.46e-02    6.16e-02      2.15e-02    1.19e-02    5.1e-05
 163000      4.24e-01    3.26e-01      6.81e-03    7.55e-03      3.79e-02    2.43e-02      2.25e-02    1.83e-02    5.1e-05
 163500      4.86e-01    3.02e-01      1.02e-03    2.41e-04      5.72e-02    3.99e-02      1.66e-02    6.30e-03    5.1e-05
 164000      4.58e-01    7.14e-01      1.68e-03    1.38e-03      5.89e-02    9.25e-02      9.36e-03    1.80e-02    5.1e-05
 164500      5.28e-01    9.40e-01      1.08e-02    5.98e-03      6.18e-02    1.26e-01      1.13e-02    1.27e-02    5.1e-05
 165000      6.61e-01    6.64e-01      3.51e-03    4.29e-03      8.25e-02    8.92e-02      1.33e-02    8.35e-03    5.1e-05
 165500      5.81e-01    6.56e-01      8.83e-03    9.03e-03      6.71e-02    7.56e-02      1.66e-02    2.44e-02    5.1e-05
 166000      4.60e-01    6.92e-01      7.41e-03    5.52e-03      5.74e-02    9.28e-02      9.69e-03    8.28e-03    5.1e-05
 166500      3.88e-01    5.25e-01      1.17e-03    1.01e-03      4.68e-02    7.08e-02      1.29e-02    7.39e-03    5.1e-05
 167000      4.43e-01    3.53e-01      3.58e-03    4.39e-03      5.51e-02    4.07e-02      1.19e-02    1.34e-02    5.1e-05
 167500      4.20e-01    3.32e-01      3.27e-03    2.52e-03      5.54e-02    4.37e-02      6.67e-03    6.41e-03    5.1e-05
 168000      5.51e-01    8.96e-01      8.60e-03    6.26e-03      6.65e-02    1.20e-01      1.46e-02    1.06e-02    5.1e-05
 168500      5.81e-01    7.51e-01      8.12e-03    5.68e-03      7.52e-02    9.94e-02      7.98e-03    1.30e-02    5.1e-05
 169000      5.99e-01    5.06e-01      2.31e-03    1.50e-03      7.83e-02    6.56e-02      1.34e-02    1.26e-02    5.1e-05
 169500      5.53e-01    6.60e-01      5.54e-03    7.60e-03      6.12e-02    8.61e-02      1.75e-02    1.16e-02    5.1e-05
 170000      5.11e-01    8.97e-01      9.95e-04    7.69e-04      6.84e-02    1.22e-01      8.42e-03    9.43e-03    5.1e-05
 170500      5.26e-01    5.71e-01      2.64e-03    4.15e-03      6.31e-02    7.07e-02      1.50e-02    1.81e-02    5.1e-05
 171000      7.03e-01    2.48e-01      1.84e-03    3.72e-04      9.38e-02    3.07e-02      1.19e-02    8.16e-03    5.1e-05
 171500      6.25e-01    2.75e-01      5.56e-03    7.32e-04      6.92e-02    3.42e-02      2.23e-02    8.88e-03    5.1e-05
 172000      5.13e-01    8.78e-01      1.41e-03    1.08e-03      5.70e-02    1.19e-01      2.20e-02    1.06e-02    5.1e-05
 172500      3.02e-01    7.39e-01      9.15e-03    3.05e-03      1.89e-02    9.48e-02      1.56e-02    1.98e-02    5.1e-05
 173000      5.10e-01    6.14e-01      5.66e-03    6.64e-03      6.17e-02    8.00e-02      1.51e-02    1.16e-02    5.1e-05
 173500      4.78e-01    6.56e-01      4.06e-03    5.02e-03      6.09e-02    8.08e-02      1.05e-02    2.12e-02    5.1e-05
 174000      5.01e-01    6.25e-01      9.43e-04    1.44e-03      6.32e-02    8.34e-02      1.47e-02    1.11e-02    5.1e-05
 174500      5.47e-01    3.96e-01      5.42e-03    6.13e-03      7.16e-02    4.51e-02      9.36e-03    1.48e-02    5.1e-05
 175000      7.12e-01    8.81e-01      8.74e-03    5.62e-03      8.91e-02    1.19e-01      1.61e-02    8.24e-03    5.1e-05
 175500      3.93e-01    6.90e-01      1.86e-03    1.93e-03      4.86e-02    9.34e-02      8.02e-03    8.10e-03    5.1e-05
 176000      5.99e-01    3.53e-01      1.39e-03    5.71e-04      7.52e-02    4.76e-02      1.80e-02    5.16e-03    5.1e-05
 176500      4.33e-01    5.24e-01      4.01e-03    2.23e-03      5.64e-02    6.72e-02      7.81e-03    1.40e-02    5.1e-05
 177000      4.56e-01    8.10e-01      1.24e-02    1.16e-02      4.64e-02    1.02e-01      1.42e-02    1.90e-02    5.1e-05
 177500      6.60e-01    7.92e-01      6.98e-03    6.98e-03      8.62e-02    1.01e-01      1.11e-02    2.08e-02    5.1e-05
 178000      4.21e-01    5.46e-01      7.08e-03    5.39e-03      5.20e-02    6.89e-02      7.60e-03    1.46e-02    5.1e-05
 178500      6.74e-01    6.81e-01      1.27e-03    2.29e-03      9.03e-02    9.15e-02      1.09e-02    1.03e-02    5.1e-05
 179000      6.25e-01    3.83e-01      9.03e-03    7.88e-03      7.83e-02    4.29e-02      1.27e-02    1.31e-02    5.1e-05
 179500      5.71e-01    6.16e-01      1.07e-03    1.12e-03      6.78e-02    7.65e-02      2.01e-02    2.02e-02    5.1e-05
 180000      3.83e-01    3.03e-01      1.32e-03    1.77e-03      4.81e-02    3.33e-02      1.11e-02    1.37e-02    5.1e-05
 180500      5.62e-01    7.19e-01      5.63e-03    9.05e-03      7.06e-02    9.29e-02      1.06e-02    1.36e-02    5.1e-05
 181000      5.28e-01    4.15e-01      5.81e-03    7.30e-03      6.62e-02    5.22e-02      1.23e-02    7.76e-03    5.1e-05
 181500      6.02e-01    9.09e-01      7.65e-03    4.92e-03      7.59e-02    1.16e-01      1.26e-02    2.46e-02    5.1e-05
 182000      7.85e-01    4.87e-01      1.10e-02    9.18e-03      9.80e-02    4.19e-02      1.66e-02    2.64e-02    5.1e-05
 182500      5.68e-01    5.00e-01      7.93e-03    7.55e-03      6.50e-02    6.07e-02      1.82e-02    1.45e-02    5.1e-05
 183000      6.54e-01    5.67e-01      4.68e-03    1.95e-03      8.17e-02    6.20e-02      1.73e-02    2.63e-02    5.1e-05
 183500      5.91e-01    5.95e-01      2.86e-03    1.24e-03      7.72e-02    7.85e-02      1.17e-02    1.26e-02    5.1e-05
 184000      4.68e-01    4.45e-01      2.11e-03    6.84e-04      6.02e-02    5.97e-02      1.04e-02    6.97e-03    5.1e-05
 184500      7.92e-01    8.79e-01      2.82e-03    1.04e-03      9.48e-02    1.20e-01      2.84e-02    5.97e-03    5.1e-05
 185000      5.99e-01    1.42e-01      5.98e-03    5.33e-03      7.93e-02    1.27e-02      8.23e-03    3.43e-03    5.1e-05
 185500      3.80e-01    8.24e-01      3.65e-03    2.61e-03      4.07e-02    1.11e-01      1.65e-02    1.13e-02    5.1e-05
 186000      3.66e-01    6.81e-01      1.07e-03    5.46e-04      4.77e-02    9.18e-02      7.30e-03    9.57e-03    5.1e-05
 186500      5.54e-01    5.91e-01      8.42e-04    1.36e-03      7.47e-02    7.57e-02      7.14e-03    1.62e-02    5.1e-05
 187000      5.49e-01    1.24e-01      1.29e-03    2.21e-03      7.12e-02    1.59e-02      1.22e-02    1.20e-03    5.1e-05
 187500      4.76e-01    3.33e-01      7.50e-03    7.98e-03      5.97e-02    3.44e-02      9.26e-03    1.27e-02    5.1e-05
 188000      5.35e-01    8.91e-01      1.77e-03    4.61e-03      6.34e-02    1.20e-01      1.77e-02    1.13e-02    5.1e-05
 188500      6.57e-01    5.22e-01      7.95e-03    5.70e-03      8.50e-02    6.94e-02      9.97e-03    5.70e-03    5.1e-05
 189000      6.51e-01    2.33e-01      5.65e-04    3.32e-05      8.17e-02    2.49e-02      1.92e-02    1.13e-02    5.1e-05
 189500      3.94e-01    8.72e-01      2.96e-03    1.33e-03      4.40e-02    1.15e-01      1.45e-02    1.85e-02    5.1e-05
 190000      5.33e-01    6.56e-01      8.52e-03    9.74e-03      6.69e-02    8.09e-02      1.12e-02    1.74e-02    5.1e-05
 190500      5.38e-01    2.71e-01      1.30e-03    6.56e-04      6.96e-02    3.42e-02      1.30e-02    8.26e-03    5.1e-05
 191000      5.27e-01    3.30e-01      2.30e-03    2.75e-03      6.47e-02    2.58e-02      1.46e-02    2.06e-02    5.1e-05
 191500      6.28e-01    4.29e-01      4.77e-04    5.63e-04      8.40e-02    5.83e-02      1.01e-02    4.80e-03    5.1e-05
 192000      5.06e-01    6.93e-01      1.59e-03    1.21e-03      6.59e-02    9.36e-02      1.08e-02    9.11e-03    5.1e-05
 192500      5.99e-01    2.15e-01      3.38e-03    3.37e-03      7.91e-02    2.44e-02      1.12e-02    8.12e-03    5.1e-05
 193000      5.02e-01    3.20e-01      6.27e-04    2.68e-04      6.53e-02    3.95e-02      1.12e-02    1.07e-02    5.1e-05
 193500      5.70e-01    8.51e-01      1.87e-03    1.51e-03      7.61e-02    1.14e-01      8.28e-03    1.45e-02    5.1e-05
 194000      6.20e-01    6.16e-01      1.46e-02    1.45e-02      7.20e-02    5.88e-02      8.06e-03    2.74e-02    5.1e-05
 194500      3.24e-01    5.07e-01      3.76e-03    3.90e-03      3.99e-02    6.71e-02      9.18e-03    8.67e-03    5.1e-05
 195000      6.60e-01    7.52e-01      2.85e-03    3.85e-03      8.61e-02    9.48e-02      1.44e-02    2.21e-02    5.1e-05
 195500      8.11e-01    2.33e-01      9.02e-04    1.31e-03      1.09e-01    2.92e-02      1.28e-02    7.15e-03    5.1e-05
 196000      6.67e-01    5.55e-01      1.34e-03    1.24e-03      8.87e-02    6.80e-02      1.18e-02    1.92e-02    5.1e-05
 196500      4.08e-01    7.89e-01      6.75e-03    3.26e-03      4.68e-02    1.06e-01      1.24e-02    1.04e-02    5.1e-05
 197000      5.69e-01    3.91e-01      8.42e-04    1.63e-03      7.08e-02    5.10e-02      1.65e-02    9.08e-03    5.1e-05
 197500      4.60e-01    3.91e-01      3.85e-03    2.84e-03      5.96e-02    4.68e-02      8.60e-03    1.43e-02    5.1e-05
 198000      5.64e-01    8.93e-01      4.97e-03    5.77e-03      6.96e-02    1.05e-01      1.58e-02    3.49e-02    5.1e-05
 198500      5.70e-01    4.96e-01      6.83e-03    5.30e-03      6.65e-02    4.87e-02      1.85e-02    2.57e-02    5.1e-05
 199000      5.34e-01    1.54e-01      3.05e-03    3.74e-03      6.88e-02    1.54e-02      1.20e-02    6.23e-03    5.1e-05
 199500      5.12e-01    5.02e-01      2.55e-03    1.58e-03      6.40e-02    6.23e-02      1.40e-02    1.64e-02    5.1e-05
 200000      3.00e-01    1.74e-01      4.12e-03    2.84e-03      4.63e-02    3.41e-02      1.28e-02    4.11e-03    1.9e-05
 200500      3.46e-01    3.54e-01      4.02e-03    2.38e-03      6.62e-02    5.96e-02      1.01e-02    1.68e-02    1.9e-05
 201000      3.55e-01    3.35e-01      8.56e-04    1.63e-03      6.39e-02    6.57e-02      1.37e-02    1.09e-02    1.9e-05
 201500      4.39e-01    5.54e-01      5.70e-03    4.69e-03      7.54e-02    1.08e-01      1.83e-02    1.74e-02    1.9e-05
 202000      2.57e-01    2.00e-01      1.45e-03    1.02e-03      4.97e-02    3.18e-02      8.42e-03    1.03e-02    1.9e-05
 202500      4.54e-01    4.50e-01      1.07e-03    4.30e-04      8.76e-02    9.41e-02      1.42e-02    9.85e-03    1.9e-05
 203000      3.09e-01    1.05e-01      1.12e-03    9.01e-04      5.77e-02    2.07e-02      1.16e-02    3.15e-03    1.9e-05
 203500      3.56e-01    5.67e-01      3.14e-03    3.35e-04      6.82e-02    1.22e-01      1.00e-02    6.38e-03    1.9e-05
 204000      3.64e-01    3.94e-01      4.94e-03    6.28e-03      6.88e-02    6.64e-02      1.10e-02    1.68e-02    1.9e-05
 204500      4.78e-01    4.32e-01      3.44e-03    2.32e-03      9.73e-02    9.14e-02      1.16e-02    7.39e-03    1.9e-05
 205000      3.29e-01    3.63e-01      1.56e-03    1.58e-03      6.27e-02    6.18e-02      1.13e-02    1.71e-02    1.9e-05
 205500      3.28e-01    4.35e-01      2.32e-03    2.33e-03      5.91e-02    8.74e-02      1.22e-02    1.24e-02    1.9e-05
 206000      2.65e-01    4.25e-01      4.69e-03    4.22e-03      4.49e-02    8.19e-02      9.36e-03    1.39e-02    1.9e-05
 206500      3.47e-01    5.81e-01      3.32e-03    4.87e-03      6.59e-02    1.19e-01      1.04e-02    1.36e-02    1.9e-05
 207000      2.91e-01    4.29e-01      1.70e-03    5.44e-04      5.01e-02    9.03e-02      1.29e-02    8.67e-03    1.9e-05
 207500      4.63e-01    5.27e-01      6.14e-03    5.92e-03      9.29e-02    1.07e-01      9.21e-03    1.19e-02    1.9e-05
 208000      2.73e-01    1.11e-01      7.69e-04    2.95e-04      5.50e-02    2.15e-02      7.24e-03    3.86e-03    1.9e-05
 208500      4.29e-01    2.06e-01      6.07e-03    6.23e-03      7.92e-02    2.53e-02      1.28e-02    9.52e-03    1.9e-05
 209000      4.75e-01    3.63e-01      4.04e-03    1.79e-03      9.60e-02    7.07e-02      1.21e-02    1.22e-02    1.9e-05
 209500      3.51e-01    4.10e-01      4.83e-03    2.75e-03      6.25e-02    8.61e-02      1.35e-02    7.44e-03    1.9e-05
 210000      4.12e-01    3.06e-01      3.10e-03    2.65e-03      7.01e-02    6.48e-02      1.70e-02    4.08e-03    1.9e-05
 210500      4.89e-01    5.39e-01      4.43e-03    3.63e-03      8.69e-02    8.54e-02      1.74e-02    2.77e-02    1.9e-05
 211000      3.82e-01    2.78e-01      3.31e-03    4.22e-03      7.37e-02    5.13e-02      1.20e-02    9.56e-03    1.9e-05
 211500      5.04e-01    5.86e-01      5.18e-03    1.81e-04      9.64e-02    1.24e-01      1.60e-02    1.16e-02    1.9e-05
 212000      2.90e-01    2.41e-01      3.46e-03    3.35e-03      5.30e-02    3.64e-02      1.05e-02    1.23e-02    1.9e-05
 212500      4.09e-01    2.52e-01      1.13e-03    1.19e-03      8.23e-02    4.13e-02      1.08e-02    1.26e-02    1.9e-05
 213000      4.62e-01    3.20e-01      1.11e-03    5.48e-04      9.44e-02    5.96e-02      1.08e-02    1.27e-02    1.9e-05
 213500      3.36e-01    4.26e-01      4.79e-03    4.33e-03      6.42e-02    6.63e-02      9.63e-03    2.19e-02    1.9e-05
 214000      3.62e-01    1.85e-01      5.93e-04    1.24e-03      6.86e-02    2.48e-02      1.27e-02    1.09e-02    1.9e-05
 214500      3.72e-01    1.91e-01      2.32e-03    2.01e-03      7.10e-02    1.84e-02      1.25e-02    1.28e-02    1.9e-05
 215000      3.52e-01    1.64e-01      1.21e-03    1.70e-04      6.29e-02    2.21e-02      1.40e-02    9.78e-03    1.9e-05
 215500      4.60e-01    6.36e-01      1.70e-03    2.64e-04      7.13e-02    1.29e-01      2.10e-02    1.77e-02    1.9e-05
 216000      4.54e-01    6.06e-01      1.58e-03    1.05e-03      9.25e-02    1.25e-01      1.12e-02    1.52e-02    1.9e-05
 216500      4.21e-01    1.49e-01      8.70e-04    1.06e-03      8.34e-02    3.10e-02      1.05e-02    3.13e-03    1.9e-05
 217000      3.42e-01    5.01e-01      8.02e-04    2.43e-03      6.85e-02    1.04e-01      9.36e-03    1.09e-02    1.9e-05
 217500      4.15e-01    5.20e-01      9.52e-04    7.10e-04      6.58e-02    6.34e-02      1.94e-02    3.28e-02    1.9e-05
 218000      3.01e-01    4.45e-01      1.98e-03    5.45e-04      5.18e-02    9.39e-02      1.21e-02    8.57e-03    1.9e-05
 218500      3.64e-01    3.75e-01      2.00e-03    1.82e-04      6.98e-02    7.47e-02      1.15e-02    1.16e-02    1.9e-05
 219000      4.08e-01    5.37e-01      2.31e-03    4.30e-03      7.83e-02    1.15e-01      1.25e-02    5.42e-03    1.9e-05
 219500      3.79e-01    4.69e-01      5.44e-03    3.72e-03      7.06e-02    9.33e-02      1.13e-02    1.36e-02    1.9e-05
 220000      4.80e-01    2.86e-01      1.43e-03    2.05e-03      9.88e-02    5.97e-02      1.18e-02    5.53e-03    1.9e-05
 220500      3.43e-01    4.87e-01      1.83e-03    3.87e-04      6.47e-02    1.03e-01      1.25e-02    8.75e-03    1.9e-05
 221000      3.44e-01    5.90e-01      2.44e-03    5.69e-04      6.75e-02    1.23e-01      1.03e-02    1.29e-02    1.9e-05
 221500      3.69e-01    4.93e-01      1.10e-03    2.85e-03      7.60e-02    1.03e-01      8.46e-03    1.02e-02    1.9e-05
 222000      3.56e-01    1.36e-01      9.18e-04    2.70e-03      7.45e-02    2.53e-02      7.42e-03    3.78e-03    1.9e-05
 222500      3.03e-01    2.72e-01      5.60e-04    1.35e-04      6.05e-02    4.85e-02      9.01e-03    1.19e-02    1.9e-05
 223000      4.22e-01    1.30e-01      1.70e-03    2.12e-03      8.09e-02    2.53e-02      1.39e-02    3.41e-03    1.9e-05
 223500      3.94e-01    5.26e-01      2.29e-03    2.07e-03      7.03e-02    1.06e-01      1.47e-02    1.54e-02    1.9e-05
 224000      3.48e-01    6.15e-01      6.14e-03    8.05e-03      6.03e-02    1.26e-01      1.18e-02    1.17e-02    1.9e-05
 224500      3.45e-01    5.65e-01      7.12e-04    2.53e-03      6.74e-02    1.15e-01      1.03e-02    1.48e-02    1.9e-05
 225000      4.01e-01    1.79e-01      9.74e-04    7.60e-04      8.51e-02    3.65e-02      6.85e-03    4.78e-03    1.9e-05
 225500      4.25e-01    5.53e-01      1.41e-03    3.43e-03      8.73e-02    1.07e-01      1.04e-02    1.88e-02    1.9e-05
 226000      3.05e-01    3.48e-01      1.84e-03    1.50e-03      5.86e-02    5.18e-02      9.31e-03    1.93e-02    1.9e-05
 226500      2.93e-01    2.64e-01      2.44e-03    4.34e-03      4.92e-02    3.60e-02      1.19e-02    1.44e-02    1.9e-05
 227000      3.71e-01    7.01e-01      3.63e-03    1.25e-03      7.43e-02    1.37e-01      8.97e-03    2.40e-02    1.9e-05
 227500      3.88e-01    4.99e-01      5.88e-03    6.24e-03      7.63e-02    9.63e-02      7.25e-03    1.54e-02    1.9e-05
 228000      2.10e-01    2.76e-01      2.91e-03    3.63e-03      3.25e-02    5.53e-02      9.86e-03    6.64e-03    1.9e-05
 228500      5.39e-01    3.59e-01      1.29e-03    5.08e-04      1.03e-01    7.44e-02      1.86e-02    8.49e-03    1.9e-05
 229000      3.71e-01    5.76e-01      3.93e-03    4.00e-03      7.20e-02    1.23e-01      1.09e-02    7.97e-03    1.9e-05
 229500      4.27e-01    5.70e-01      1.15e-03    1.38e-03      8.98e-02    1.19e-01      7.77e-03    1.23e-02    1.9e-05
 230000      3.12e-01    5.58e-01      1.25e-03    2.19e-03      5.63e-02    1.15e-01      1.13e-02    1.34e-02    1.9e-05
 230500      3.69e-01    3.66e-01      3.57e-03    3.45e-03      7.01e-02    7.28e-02      1.26e-02    1.04e-02    1.9e-05
 231000      4.86e-01    3.22e-01      1.41e-03    2.85e-03      9.09e-02    5.27e-02      1.77e-02    1.57e-02    1.9e-05
 231500      1.90e-01    5.40e-01      1.18e-03    1.65e-03      3.53e-02    1.07e-01      5.65e-03    1.71e-02    1.9e-05
 232000      3.30e-01    5.67e-01      6.75e-04    2.19e-03      6.80e-02    1.22e-01      7.99e-03    6.81e-03    1.9e-05
 232500      3.10e-01    4.93e-01      1.36e-03    1.54e-04      6.09e-02    1.02e-01      9.42e-03    1.24e-02    1.9e-05
 233000      2.72e-01    1.72e-01      3.43e-03    4.62e-03      4.92e-02    3.10e-02      8.39e-03    3.48e-03    1.9e-05
 233500      4.29e-01    3.08e-01      6.60e-03    6.75e-03      8.24e-02    5.65e-02      1.20e-02    8.45e-03    1.9e-05
 234000      3.59e-01    4.97e-01      4.49e-03    1.30e-03      7.13e-02    1.03e-01      8.97e-03    1.19e-02    1.9e-05
 234500      3.79e-01    3.23e-01      8.76e-04    4.19e-04      6.82e-02    6.30e-02      1.48e-02    1.10e-02    1.9e-05
 235000      3.48e-01    2.49e-01      1.67e-03    9.43e-04      6.17e-02    4.09e-02      1.23e-02    1.23e-02    1.9e-05
 235500      4.99e-01    4.33e-01      2.14e-03    1.32e-03      1.03e-01    8.49e-02      1.15e-02    1.44e-02    1.9e-05
 236000      4.30e-01    5.79e-01      8.79e-04    3.25e-04      8.95e-02    1.20e-01      8.90e-03    1.39e-02    1.9e-05
 236500      3.77e-01    3.35e-01      6.08e-03    6.59e-03      7.20e-02    3.69e-02      9.95e-03    1.99e-02    1.9e-05
 237000      4.41e-01    1.55e-01      2.57e-03    1.30e-03      9.01e-02    2.25e-02      1.04e-02    8.65e-03    1.9e-05
 237500      2.46e-01    4.28e-01      1.90e-03    1.09e-03      4.86e-02    8.60e-02      7.45e-03    1.26e-02    1.9e-05
 238000      4.30e-01    2.80e-01      2.21e-03    4.23e-03      8.61e-02    4.26e-02      1.19e-02    1.40e-02    1.9e-05
 238500      3.02e-01    2.02e-01      2.57e-03    3.11e-03      5.70e-02    3.61e-02      8.97e-03    7.61e-03    1.9e-05
 239000      3.81e-01    4.17e-01      1.59e-03    7.43e-04      7.17e-02    8.39e-02      1.34e-02    1.22e-02    1.9e-05
 239500      3.11e-01    1.23e-01      8.13e-04    1.33e-03      5.91e-02    2.30e-02      1.11e-02    4.46e-03    1.9e-05
 240000      3.68e-01    1.30e-01      4.50e-04    1.07e-03      6.72e-02    2.09e-02      1.36e-02    6.56e-03    1.9e-05
 240500      2.89e-01    3.33e-01      2.05e-03    2.74e-03      5.29e-02    6.92e-02      1.09e-02    6.81e-03    1.9e-05
 241000      4.57e-01    4.54e-01      1.16e-03    2.83e-03      9.08e-02    9.72e-02      1.39e-02    5.52e-03    1.9e-05
 241500      3.30e-01    4.79e-01      2.16e-03    4.20e-03      6.18e-02    9.53e-02      1.10e-02    1.37e-02    1.9e-05
 242000      4.30e-01    3.05e-01      5.85e-03    3.69e-03      7.97e-02    5.44e-02      1.42e-02    1.24e-02    1.9e-05
 242500      3.86e-01    2.46e-01      1.46e-03    7.15e-04      7.81e-02    4.03e-02      1.00e-02    1.23e-02    1.9e-05
 243000      3.69e-01    1.38e-01      3.92e-03    1.73e-03      7.35e-02    1.73e-02      9.31e-03    8.26e-03    1.9e-05
 243500      2.55e-01    3.35e-01      5.34e-03    6.86e-03      4.05e-02    6.49e-02      9.32e-03    6.68e-03    1.9e-05
 244000      3.39e-01    4.99e-01      1.25e-03    2.84e-03      6.97e-02    9.45e-02      7.89e-03    1.85e-02    1.9e-05
 244500      3.07e-01    3.77e-01      3.69e-03    3.06e-03      5.56e-02    7.80e-02      8.97e-03    8.21e-03    1.9e-05
 245000      3.05e-01    4.88e-01      1.13e-03    1.86e-03      6.35e-02    1.04e-01      5.45e-03    7.63e-03    1.9e-05
 245500      4.24e-01    3.40e-01      8.99e-03    8.75e-03      7.92e-02    4.82e-02      9.03e-03    1.53e-02    1.9e-05
 246000      5.07e-01    1.82e-01      7.56e-04    2.80e-04      9.68e-02    2.18e-02      1.81e-02    1.16e-02    1.9e-05
 246500      3.91e-01    5.08e-01      2.32e-03    2.08e-03      7.10e-02    1.03e-01      1.35e-02    1.36e-02    1.9e-05
 247000      2.70e-01    4.15e-01      1.81e-03    1.85e-03      5.24e-02    8.58e-02      7.94e-03    9.72e-03    1.9e-05
 247500      3.83e-01    5.50e-01      1.29e-03    3.05e-03      7.69e-02    1.15e-01      1.10e-02    1.17e-02    1.9e-05
 248000      4.68e-01    3.32e-01      8.71e-03    8.28e-03      9.05e-02    5.93e-02      8.92e-03    8.57e-03    1.9e-05
 248500      3.95e-01    4.83e-01      3.22e-03    3.63e-03      7.60e-02    9.91e-02      1.22e-02    1.14e-02    1.9e-05
 249000      3.65e-01    6.91e-02      7.90e-04    1.23e-03      7.42e-02    1.01e-02      9.28e-03    3.48e-03    1.9e-05
 249500      2.80e-01    3.27e-01      9.81e-04    1.40e-03      5.72e-02    6.40e-02      6.90e-03    1.08e-02    1.9e-05
 250000      2.29e-01    3.09e-01      2.07e-03    7.18e-05      6.11e-02    4.90e-02      8.40e-03    2.05e-02    7.1e-06
 250500      3.13e-01    1.31e-01      1.07e-03    8.16e-04      9.10e-02    2.98e-02      9.14e-03    7.11e-03    7.1e-06
 251000      2.50e-01    3.64e-01      2.53e-03    2.09e-03      7.39e-02    1.16e-01      7.43e-03    7.64e-03    7.1e-06
 251500      2.81e-01    3.30e-01      3.61e-03    4.92e-03      7.60e-02    9.63e-02      1.05e-02    9.66e-03    7.1e-06
 252000      2.11e-01    1.39e-01      9.50e-04    9.06e-05      4.51e-02    2.96e-02      1.19e-02    8.11e-03    7.1e-06
 252500      2.74e-01    1.36e-01      1.74e-03    1.55e-03      7.28e-02    3.99e-02      1.15e-02    4.24e-03    7.1e-06
 253000      2.06e-01    3.65e-01      8.12e-04    3.02e-03      5.61e-02    9.70e-02      6.85e-03    1.61e-02    7.1e-06
 253500      2.71e-01    2.06e-01      2.35e-03    2.05e-03      6.55e-02    4.22e-02      1.23e-02    1.19e-02    7.1e-06
 254000      2.03e-01    3.68e-01      1.02e-03    8.20e-04      4.30e-02    6.24e-02      8.99e-03    2.39e-02    7.1e-06
 254500      2.58e-01    3.51e-01      2.23e-03    2.18e-03      7.99e-02    9.23e-02      5.68e-03    1.60e-02    7.1e-06
 255000      3.04e-01    1.33e-01      8.38e-04    6.46e-04      7.70e-02    3.35e-02      1.42e-02    6.45e-03    7.1e-06
 255500      1.68e-01    4.38e-01      4.70e-04    1.12e-03      4.70e-02    1.02e-01      6.65e-03    2.36e-02    7.1e-06
 256000      2.85e-01    1.10e-01      6.92e-04    1.73e-04      8.58e-02    1.81e-02      8.88e-03    7.24e-03    7.1e-06
 256500      2.52e-01    2.09e-01      2.83e-03    8.41e-04      7.00e-02    6.20e-02      7.88e-03    7.03e-03    7.1e-06
 257000      3.72e-01    3.23e-01      2.74e-03    1.90e-03      1.11e-01    9.87e-02      1.12e-02    9.25e-03    7.1e-06
 257500      1.85e-01    2.21e-01      4.03e-04    1.46e-03      4.35e-02    3.75e-02      9.26e-03    1.42e-02    7.1e-06
 258000      2.62e-01    2.64e-01      1.16e-03    3.66e-03      6.11e-02    7.54e-02      1.36e-02    8.80e-03    7.1e-06
 258500      2.39e-01    2.58e-01      1.63e-03    1.55e-03      6.52e-02    5.38e-02      8.85e-03    1.50e-02    7.1e-06
 259000      2.55e-01    2.06e-01      4.37e-03    5.49e-03      5.86e-02    4.96e-02      1.13e-02    7.37e-03    7.1e-06
 259500      2.11e-01    2.21e-01      2.37e-03    4.20e-04      5.02e-02    5.83e-02      9.30e-03    1.02e-02    7.1e-06
 260000      2.07e-01    2.28e-01      5.37e-04    2.87e-06      5.23e-02    4.90e-02      9.88e-03    1.31e-02    7.1e-06
 260500      2.38e-01    3.13e-01      4.35e-03    4.82e-03      5.52e-02    6.01e-02      9.90e-03    1.81e-02    7.1e-06
 261000      3.27e-01    3.79e-01      1.64e-03    3.97e-04      9.00e-02    9.41e-02      1.25e-02    1.90e-02    7.1e-06
 261500      3.23e-01    3.06e-01      1.88e-03    1.57e-03      9.08e-02    9.26e-02      1.13e-02    9.27e-03    7.1e-06
 262000      2.58e-01    3.66e-01      5.36e-04    6.18e-04      7.30e-02    6.18e-02      9.21e-03    2.38e-02    7.1e-06
 262500      1.68e-01    2.74e-01      4.39e-04    2.42e-04      4.13e-02    7.56e-02      8.28e-03    1.15e-02    7.1e-06
 263000      2.36e-01    3.17e-01      1.44e-03    2.28e-03      6.11e-02    9.55e-02      9.39e-03    9.59e-03    7.1e-06
 263500      1.97e-01    4.24e-01      1.78e-03    2.86e-03      5.62e-02    1.31e-01      7.12e-03    1.13e-02    7.1e-06
 264000      2.91e-01    3.38e-01      1.26e-03    4.98e-04      7.90e-02    1.03e-01      1.17e-02    9.95e-03    7.1e-06
 264500      3.33e-01    1.52e-01      2.33e-03    1.41e-03      9.20e-02    3.55e-02      1.29e-02    7.94e-03    7.1e-06
 265000      2.78e-01    1.96e-01      1.96e-03    1.38e-03      7.80e-02    5.90e-02      1.00e-02    6.02e-03    7.1e-06
 265500      3.46e-01    2.99e-01      8.35e-04    2.78e-03      9.55e-02    9.07e-02      1.32e-02    8.34e-03    7.1e-06
 266000      2.70e-01    2.42e-01      1.14e-03    3.41e-04      6.80e-02    6.61e-02      1.29e-02    1.04e-02    7.1e-06
 266500      2.28e-01    1.38e-01      1.26e-03    1.33e-03      5.58e-02    3.90e-02      1.11e-02    5.23e-03    7.1e-06
 267000      2.62e-01    2.96e-01      6.43e-04    1.99e-04      6.06e-02    7.27e-02      1.33e-02    1.50e-02    7.1e-06
 267500      2.90e-01    1.08e-01      1.10e-03    7.96e-04      8.55e-02    2.60e-02      9.71e-03    5.51e-03    7.1e-06
 268000      3.23e-01    4.32e-01      2.90e-03    2.08e-04      8.69e-02    9.85e-02      1.28e-02    2.37e-02    7.1e-06
 268500      2.43e-01    1.73e-01      5.57e-04    1.05e-03      6.34e-02    4.28e-02      1.03e-02    8.67e-03    7.1e-06
 269000      2.86e-01    3.41e-01      7.80e-04    1.33e-03      8.51e-02    9.80e-02      9.24e-03    1.28e-02    7.1e-06
 269500      2.67e-01    3.35e-01      2.68e-03    3.06e-03      7.67e-02    9.31e-02      7.72e-03    1.31e-02    7.1e-06
 270000      3.75e-01    3.18e-01      4.97e-03    6.39e-03      1.06e-01    6.64e-02      1.19e-02    1.64e-02    7.1e-06
 270500      2.31e-01    2.21e-01      8.35e-04    1.31e-03      4.41e-02    5.12e-02      1.25e-02    1.19e-02    7.1e-06
 271000      2.70e-01    2.29e-01      1.68e-03    2.66e-03      7.82e-02    3.72e-02      8.99e-03    1.46e-02    7.1e-06
 271500      2.27e-01    3.93e-01      2.22e-03    2.41e-03      4.85e-02    1.27e-01      1.03e-02    6.04e-03    7.1e-06
 272000      3.11e-01    3.54e-01      1.63e-03    1.24e-03      8.18e-02    9.55e-02      1.27e-02    1.55e-02    7.1e-06
 272500      3.52e-01    4.36e-01      1.90e-03    1.77e-03      7.97e-02    1.26e-01      1.79e-02    1.59e-02    7.1e-06
 273000      2.87e-01    1.38e-01      3.62e-03    3.31e-03      8.26e-02    2.40e-02      8.98e-03    7.62e-03    7.1e-06
 273500      2.91e-01    1.63e-01      4.07e-03    3.48e-03      8.20e-02    4.29e-02      1.00e-02    5.75e-03    7.1e-06
 274000      2.33e-01    2.40e-01      5.39e-04    7.93e-04      5.46e-02    6.96e-02      1.19e-02    8.77e-03    7.1e-06
 274500      1.89e-01    8.03e-02      4.58e-04    2.23e-04      5.19e-02    2.29e-02      7.70e-03    3.10e-03    7.1e-06
 275000      2.77e-01    3.71e-01      1.17e-03    1.14e-03      7.80e-02    9.49e-02      1.02e-02    1.79e-02    7.1e-06
 275500      2.16e-01    1.83e-01      1.46e-03    2.38e-03      6.11e-02    5.64e-02      8.07e-03    3.92e-03    7.1e-06
 276000      2.07e-01    2.97e-01      4.15e-04    1.97e-03      6.03e-02    9.19e-02      7.49e-03    7.62e-03    7.1e-06
 276500      3.72e-01    1.84e-01      1.78e-03    2.65e-03      9.58e-02    4.96e-02      1.72e-02    7.20e-03    7.1e-06
 277000      2.45e-01    3.00e-01      6.78e-04    6.07e-04      6.14e-02    9.66e-02      1.17e-02    5.67e-03    7.1e-06
 277500      2.96e-01    3.22e-01      3.48e-04    1.03e-03      7.69e-02    8.20e-02      1.30e-02    1.55e-02    7.1e-06
 278000      3.02e-01    3.20e-01      2.10e-03    1.97e-03      7.73e-02    8.94e-02      1.19e-02    1.28e-02    7.1e-06
 278500      2.94e-01    3.12e-01      2.07e-03    1.84e-03      8.52e-02    1.00e-01      1.01e-02    5.78e-03    7.1e-06
 279000      2.67e-01    1.60e-01      1.84e-03    3.81e-03      7.13e-02    3.99e-02      1.08e-02    5.92e-03    7.1e-06
 279500      2.68e-01    3.82e-01      1.21e-03    1.28e-03      5.36e-02    1.17e-01      1.46e-02    1.09e-02    7.1e-06
 280000      2.11e-01    1.80e-01      1.29e-03    3.99e-04      5.01e-02    5.08e-02      1.01e-02    7.19e-03    7.1e-06
 280500      2.28e-01    2.88e-01      6.16e-04    1.22e-04      6.59e-02    8.70e-02      8.02e-03    9.04e-03    7.1e-06
 281000      2.48e-01    2.65e-01      4.61e-04    4.63e-04      5.58e-02    5.38e-02      1.31e-02    1.58e-02    7.1e-06
 281500      1.97e-01    2.74e-01      2.93e-03    3.80e-03      5.22e-02    7.84e-02      7.25e-03    9.13e-03    7.1e-06
 282000      3.38e-01    3.54e-01      7.46e-04    1.35e-03      9.69e-02    1.05e-01      1.18e-02    1.17e-02    7.1e-06
 282500      2.26e-01    1.33e-01      1.33e-03    4.69e-04      6.41e-02    3.72e-02      8.56e-03    5.42e-03    7.1e-06
 283000      2.95e-01    3.23e-01      1.09e-03    6.00e-04      7.79e-02    9.54e-02      1.22e-02    1.11e-02    7.1e-06
 283500      2.45e-01    1.49e-01      9.90e-04    1.17e-03      5.56e-02    3.61e-02      1.30e-02    7.49e-03    7.1e-06
 284000      2.41e-01    3.37e-01      2.10e-03    3.40e-03      4.98e-02    8.64e-02      1.13e-02    1.55e-02    7.1e-06
 284500      2.83e-01    1.68e-01      1.35e-03    1.40e-03      8.13e-02    2.81e-02      9.63e-03    1.08e-02    7.1e-06
 285000      2.47e-01    2.44e-01      3.13e-03    8.88e-04      6.30e-02    8.03e-02      1.05e-02    1.94e-03    7.1e-06
 285500      3.24e-01    1.96e-01      2.90e-03    3.64e-03      8.75e-02    5.14e-02      1.28e-02    7.54e-03    7.1e-06
 286000      2.55e-01    4.18e-01      6.69e-04    1.31e-03      6.26e-02    1.14e-01      1.28e-02    1.80e-02    7.1e-06
 286500      3.27e-01    9.27e-02      2.89e-03    1.65e-03      7.49e-02    9.35e-03      1.67e-02    6.26e-03    7.1e-06
 287000      2.43e-01    3.17e-01      1.42e-03    2.50e-03      6.06e-02    9.40e-02      1.14e-02    1.02e-02    7.1e-06
 287500      2.39e-01    2.69e-01      1.48e-03    9.00e-05      6.04e-02    8.63e-02      1.09e-02    5.19e-03    7.1e-06
 288000      3.06e-01    2.37e-01      1.81e-03    1.54e-03      8.51e-02    6.08e-02      1.19e-02    1.12e-02    7.1e-06
 288500      3.30e-01    7.06e-02      1.28e-03    6.02e-05      9.70e-02    1.04e-02      1.09e-02    4.79e-03    7.1e-06
 289000      3.29e-01    2.04e-01      6.57e-04    1.10e-03      8.16e-02    5.77e-02      1.52e-02    8.00e-03    7.1e-06
 289500      2.95e-01    3.19e-01      2.09e-03    2.18e-03      7.85e-02    9.85e-02      1.29e-02    8.38e-03    7.1e-06
 290000      2.63e-01    1.85e-01      1.40e-03    4.77e-04      6.94e-02    5.09e-02      1.15e-02    7.88e-03    7.1e-06
 290500      2.55e-01    2.05e-01      8.14e-04    1.55e-03      6.92e-02    5.58e-02      1.07e-02    8.61e-03    7.1e-06
 291000      2.93e-01    2.90e-01      1.89e-03    2.28e-03      8.21e-02    7.83e-02      1.13e-02    1.24e-02    7.1e-06
 291500      3.21e-01    2.38e-01      3.05e-03    4.03e-03      8.88e-02    6.50e-02      1.19e-02    8.49e-03    7.1e-06
 292000      3.39e-01    9.34e-02      1.30e-03    2.21e-03      8.50e-02    2.29e-02      1.45e-02    3.62e-03    7.1e-06
 292500      1.51e-01    2.46e-01      3.60e-03    4.64e-03      2.90e-02    5.48e-02      6.81e-03    1.21e-02    7.1e-06
 293000      2.50e-01    3.26e-01      1.70e-03    3.75e-04      7.53e-02    9.77e-02      7.12e-03    1.06e-02    7.1e-06
 293500      1.94e-01    1.64e-01      2.80e-03    1.03e-03      5.08e-02    4.36e-02      6.93e-03    7.29e-03    7.1e-06
 294000      2.76e-01    1.03e-01      1.44e-03    1.24e-03      7.51e-02    2.39e-02      1.08e-02    5.32e-03    7.1e-06
 294500      1.84e-01    2.02e-01      2.32e-03    1.79e-03      4.09e-02    6.35e-02      8.61e-03    4.31e-03    7.1e-06
 295000      2.63e-01    2.97e-01      7.60e-04    1.47e-03      6.72e-02    9.39e-02      1.10e-02    6.52e-03    7.1e-06
 295500      2.97e-01    3.13e-01      2.78e-03    2.82e-03      7.94e-02    8.83e-02      1.17e-02    1.18e-02    7.1e-06
 296000      3.31e-01    3.85e-01      1.05e-03    4.78e-03      8.87e-02    1.22e-01      1.35e-02    5.15e-03    7.1e-06
 296500      2.72e-01    2.46e-01      1.83e-03    3.82e-03      7.53e-02    5.54e-02      1.07e-02    1.26e-02    7.1e-06
 297000      2.58e-01    2.95e-01      1.67e-03    2.94e-03      5.79e-02    9.06e-02      1.35e-02    7.51e-03    7.1e-06
 297500      2.46e-01    3.28e-01      2.98e-04    6.73e-05      7.42e-02    1.01e-01      7.77e-03    9.29e-03    7.1e-06
 298000      3.00e-01    4.20e-01      2.81e-04    9.34e-04      8.37e-02    1.10e-01      1.14e-02    1.96e-02    7.1e-06
 298500      2.79e-01    3.87e-01      7.22e-04    1.15e-03      7.16e-02    9.95e-02      1.31e-02    1.85e-02    7.1e-06
 299000      2.12e-01    4.49e-01      1.96e-03    8.50e-04      6.01e-02    1.17e-01      7.66e-03    2.11e-02    7.1e-06
 299500      2.48e-01    3.59e-01      3.47e-03    3.09e-03      6.90e-02    1.05e-01      7.21e-03    1.23e-02    7.1e-06
 300000      1.93e-01    1.98e-01      9.46e-04    1.69e-05      5.39e-02    5.24e-02      1.12e-02    1.23e-02    2.6e-06
 300500      2.33e-01    2.02e-01      1.01e-03    7.28e-04      5.71e-02    6.76e-02      1.48e-02    1.05e-02    2.6e-06
 301000      2.54e-01    1.69e-01      9.45e-04    1.21e-03      7.94e-02    6.08e-02      1.35e-02    7.86e-03    2.6e-06
 301500      2.56e-01    1.95e-01      6.62e-04    8.72e-04      8.17e-02    7.82e-02      1.32e-02    7.27e-03    2.6e-06
 302000      1.61e-01    5.54e-02      6.32e-04    6.63e-05      6.01e-02    1.65e-02      6.01e-03    3.20e-03    2.6e-06
 302500      1.76e-01    1.36e-01      6.01e-04    1.30e-03      5.89e-02    2.61e-02      8.84e-03    9.15e-03    2.6e-06
 303000      2.16e-01    3.27e-01      2.19e-03    1.69e-03      6.94e-02    1.21e-01      1.08e-02    1.47e-02    2.6e-06
 303500      2.05e-01    1.49e-01      9.20e-04    1.74e-03      5.93e-02    1.61e-02      1.16e-02    1.06e-02    2.6e-06
 304000      1.68e-01    1.83e-01      1.02e-03    4.63e-04      5.45e-02    7.70e-02      8.45e-03    5.91e-03    2.6e-06
 304500      2.40e-01    1.78e-01      7.86e-04    1.44e-03      9.45e-02    6.07e-02      9.52e-03    8.86e-03    2.6e-06
 305000      1.86e-01    2.39e-01      7.29e-04    3.98e-04      6.07e-02    8.98e-02      9.00e-03    1.06e-02    2.6e-06
 305500      1.94e-01    2.24e-01      1.10e-03    1.37e-03      6.02e-02    6.71e-02      1.06e-02    1.27e-02    2.6e-06
 306000      2.61e-01    1.70e-01      1.70e-03    1.45e-03      8.04e-02    4.39e-02      1.41e-02    1.04e-02    2.6e-06
 306500      2.01e-01    6.51e-02      1.14e-03    1.63e-04      7.27e-02    1.03e-02      9.33e-03    4.61e-03    2.6e-06
 307000      1.42e-01    1.02e-01      1.06e-03    6.08e-04      4.41e-02    3.39e-02      7.24e-03    5.26e-03    2.6e-06
 307500      2.38e-01    2.78e-01      6.98e-04    3.14e-03      8.81e-02    1.15e-01      1.03e-02    8.55e-03    2.6e-06
 308000      2.09e-01    1.85e-01      2.09e-03    1.94e-04      7.76e-02    5.06e-02      8.87e-03    1.13e-02    2.6e-06
 308500      2.30e-01    2.14e-01      1.10e-03    3.51e-04      7.68e-02    7.03e-02      1.17e-02    1.14e-02    2.6e-06
 309000      1.79e-01    3.42e-01      3.48e-03    4.79e-03      5.96e-02    1.23e-01      7.02e-03    1.48e-02    2.6e-06
 309500      2.69e-01    2.67e-01      1.78e-03    2.32e-03      8.79e-02    3.93e-02      1.42e-02    1.88e-02    2.6e-06
 310000      2.02e-01    2.36e-01      4.53e-03    3.93e-03      6.70e-02    6.61e-02      7.89e-03    1.30e-02    2.6e-06
 310500      2.08e-01    1.85e-01      9.93e-04    3.27e-04      6.43e-02    4.07e-02      1.09e-02    1.23e-02    2.6e-06
 311000      2.08e-01    2.83e-01      1.78e-03    2.22e-03      7.91e-02    1.11e-01      8.33e-03    1.11e-02    2.6e-06
 311500      2.57e-01    2.43e-01      1.38e-03    1.25e-03      9.79e-02    9.95e-02      9.84e-03    8.59e-03    2.6e-06
 312000      2.27e-01    1.17e-01      1.14e-03    4.60e-04      8.00e-02    4.31e-02      1.05e-02    5.40e-03    2.6e-06
 312500      1.59e-01    2.63e-01      5.20e-04    6.16e-04      4.47e-02    7.25e-02      9.50e-03    1.60e-02    2.6e-06
 313000      2.22e-01    1.63e-01      6.85e-04    6.98e-04      8.23e-02    5.15e-02      1.01e-02    9.03e-03    2.6e-06
 313500      2.45e-01    3.57e-01      1.34e-03    8.61e-04      7.34e-02    1.01e-01      1.36e-02    2.14e-02    2.6e-06
 314000      1.76e-01    3.18e-01      8.88e-04    5.89e-05      7.05e-02    1.27e-01      6.30e-03    1.25e-02    2.6e-06
 314500      2.45e-01    1.40e-01      9.85e-04    2.04e-04      7.76e-02    3.54e-02      1.25e-02    8.89e-03    2.6e-06
 315000      1.70e-01    2.43e-01      1.37e-03    6.75e-04      5.79e-02    1.01e-01      7.22e-03    8.19e-03    2.6e-06
 315500      1.86e-01    7.10e-02      9.29e-04    1.20e-03      5.72e-02    1.04e-02      1.04e-02    4.80e-03    2.6e-06
 316000      1.72e-01    6.59e-02      1.09e-03    1.71e-03      5.29e-02    1.93e-02      8.98e-03    3.02e-03    2.6e-06
 316500      2.70e-01    3.00e-01      1.38e-03    6.65e-04      8.62e-02    1.07e-01      1.41e-02    1.45e-02    2.6e-06
 317000      2.52e-01    3.12e-01      9.96e-04    8.78e-04      9.64e-02    1.32e-01      1.06e-02    9.63e-03    2.6e-06
 317500      2.11e-01    2.85e-01      1.43e-03    3.49e-03      7.17e-02    1.00e-01      1.00e-02    1.32e-02    2.6e-06
 318000      1.65e-01    8.10e-02      1.46e-03    1.63e-03      4.71e-02    2.63e-02      9.28e-03    3.72e-03    2.6e-06
 318500      2.86e-01    2.38e-01      1.21e-03    1.83e-04      1.09e-01    1.04e-01      1.19e-02    6.01e-03    2.6e-06
 319000      2.49e-01    1.28e-01      3.42e-03    1.96e-03      9.06e-02    5.24e-02      9.52e-03    3.68e-03    2.6e-06
 319500      2.11e-01    2.59e-01      1.84e-03    2.21e-03      8.70e-02    1.04e-01      6.66e-03    9.35e-03    2.6e-06
 320000      1.64e-01    2.74e-01      8.22e-04    2.12e-03      5.62e-02    9.79e-02      7.34e-03    1.29e-02    2.6e-06
 320500      3.04e-01    2.96e-01      1.31e-03    1.29e-03      1.02e-01    1.15e-01      1.50e-02    1.22e-02    2.6e-06
 321000      1.87e-01    2.63e-01      1.24e-03    1.30e-03      6.68e-02    7.70e-02      7.97e-03    1.54e-02    2.6e-06
 321500      1.75e-01    8.57e-02      2.34e-03    1.73e-03      5.54e-02    2.04e-02      9.06e-03    4.98e-03    2.6e-06
 322000      2.33e-01    1.91e-01      1.95e-03    1.84e-03      5.66e-02    8.12e-02      1.47e-02    5.31e-03    2.6e-06
 322500      3.01e-01    1.80e-01      1.79e-03    9.04e-04      9.60e-02    7.66e-02      1.54e-02    5.36e-03    2.6e-06
 323000      1.85e-01    2.11e-01      1.43e-03    2.43e-03      6.91e-02    7.56e-02      7.55e-03    9.59e-03    2.6e-06
 323500      1.53e-01    2.08e-01      5.96e-04    1.10e-03      5.67e-02    6.07e-02      6.87e-03    1.21e-02    2.6e-06
 324000      2.62e-01    1.97e-01      8.11e-04    2.83e-05      8.32e-02    8.88e-02      1.32e-02    3.71e-03    2.6e-06
 324500      1.99e-01    2.70e-01      3.00e-04    5.50e-04      6.76e-02    1.14e-01      9.66e-03    8.45e-03    2.6e-06
 325000      1.72e-01    1.19e-01      2.80e-04    1.43e-03      4.50e-02    3.11e-02      1.00e-02    7.18e-03    2.6e-06
 325500      2.30e-01    1.38e-01      8.21e-04    8.45e-04      9.08e-02    3.75e-02      8.84e-03    8.37e-03    2.6e-06
 326000      2.09e-01    1.33e-01      3.56e-04    9.79e-06      6.12e-02    4.08e-02      1.17e-02    7.51e-03    2.6e-06
 326500      1.91e-01    2.32e-01      1.27e-03    1.80e-03      4.76e-02    5.90e-02      1.16e-02    1.45e-02    2.6e-06
 327000      1.50e-01    7.15e-02      4.77e-04    2.66e-04      5.66e-02    3.01e-02      6.16e-03    2.26e-03    2.6e-06
 327500      1.65e-01    6.34e-02      7.37e-04    1.92e-05      5.85e-02    2.27e-02      7.68e-03    3.06e-03    2.6e-06
 328000      1.90e-01    1.82e-01      1.59e-03    8.47e-04      6.73e-02    5.88e-02      8.54e-03    9.81e-03    2.6e-06
 328500      1.90e-01    1.06e-01      7.58e-04    1.50e-03      6.58e-02    3.88e-02      9.15e-03    4.51e-03    2.6e-06
 329000      2.49e-01    6.56e-02      8.69e-04    6.31e-04      8.34e-02    1.14e-02      1.19e-02    4.51e-03    2.6e-06
 329500      1.62e-01    1.75e-01      1.22e-03    3.25e-04      4.17e-02    5.38e-02      9.08e-03    9.91e-03    2.6e-06
 330000      2.03e-01    3.25e-01      1.86e-03    3.10e-03      7.42e-02    1.21e-01      8.89e-03    1.40e-02    2.6e-06
 330500      1.63e-01    2.25e-01      9.43e-04    8.77e-04      4.69e-02    2.72e-02      9.05e-03    1.63e-02    2.6e-06
 331000      1.69e-01    1.85e-01      1.02e-03    1.07e-04      5.68e-02    6.02e-02      7.66e-03    9.97e-03    2.6e-06
 331500      2.35e-01    2.81e-01      1.96e-03    1.70e-03      7.76e-02    9.63e-02      1.18e-02    1.42e-02    2.6e-06
 332000      1.96e-01    2.93e-01      1.17e-03    1.87e-04      6.08e-02    1.26e-01      9.83e-03    8.43e-03    2.6e-06
 332500      2.17e-01    2.10e-01      2.02e-03    2.57e-03      7.81e-02    6.25e-02      9.32e-03    1.16e-02    2.6e-06
 333000      1.76e-01    1.78e-01      1.32e-03    8.56e-04      5.32e-02    6.12e-02      9.84e-03    9.00e-03    2.6e-06
 333500      1.95e-01    1.38e-01      1.13e-03    1.61e-03      7.51e-02    3.03e-02      7.75e-03    8.92e-03    2.6e-06
 334000      1.95e-01    2.59e-01      1.15e-03    3.57e-04      6.86e-02    9.59e-02      9.12e-03    1.19e-02    2.6e-06
 334500      1.93e-01    2.39e-01      4.08e-04    4.37e-04      5.63e-02    9.48e-02      1.11e-02    9.38e-03    2.6e-06
 335000      2.36e-01    2.04e-01      3.34e-03    3.41e-03      7.74e-02    3.04e-02      1.11e-02    1.37e-02    2.6e-06
 335500      2.22e-01    2.48e-01      1.22e-03    3.63e-04      6.48e-02    1.07e-01      1.26e-02    6.82e-03    2.6e-06
 336000      2.47e-01    2.63e-01      1.35e-03    1.46e-03      8.55e-02    9.77e-02      1.20e-02    1.18e-02    2.6e-06
 336500      2.37e-01    9.92e-02      9.94e-04    2.48e-04      6.63e-02    1.58e-02      1.38e-02    7.03e-03    2.6e-06
 337000      2.53e-01    1.97e-01      1.93e-03    1.20e-03      9.69e-02    7.49e-02      1.02e-02    8.36e-03    2.6e-06
 337500      2.37e-01    1.83e-01      3.85e-03    2.21e-03      7.50e-02    6.53e-02      1.12e-02    8.26e-03    2.6e-06
 338000      2.55e-01    1.26e-01      5.68e-04    1.71e-04      8.91e-02    2.70e-02      1.22e-02    8.44e-03    2.6e-06
 338500      1.63e-01    2.61e-01      1.04e-03    8.63e-04      4.76e-02    8.68e-02      8.60e-03    1.37e-02    2.6e-06
 339000      2.12e-01    2.54e-01      1.49e-03    4.11e-04      6.60e-02    6.65e-02      1.14e-02    1.59e-02    2.6e-06
 339500      2.56e-01    3.58e-01      1.53e-03    2.09e-03      8.97e-02    1.30e-01      1.17e-02    1.65e-02    2.6e-06
 340000      1.61e-01    1.72e-01      1.73e-03    1.74e-03      3.92e-02    1.02e-02      9.81e-03    1.26e-02    2.6e-06
 340500      2.18e-01    3.47e-01      2.55e-03    1.28e-03      6.61e-02    6.78e-02      1.17e-02    2.37e-02    2.6e-06
 341000      1.34e-01    4.11e-02      5.15e-04    4.08e-04      4.28e-02    1.67e-02      7.19e-03    1.40e-03    2.6e-06
 341500      2.14e-01    2.98e-01      2.67e-03    4.17e-03      7.13e-02    4.96e-02      1.04e-02    2.01e-02    2.6e-06
 342000      2.32e-01    1.56e-01      1.98e-03    1.90e-03      8.86e-02    6.32e-02      8.85e-03    5.13e-03    2.6e-06
 342500      2.15e-01    1.53e-01      6.82e-04    1.44e-03      6.44e-02    5.24e-02      1.23e-02    7.54e-03    2.6e-06
 343000      2.39e-01    1.55e-01      2.71e-04    9.14e-04      6.45e-02    3.20e-02      1.35e-02    1.04e-02    2.6e-06
 343500      2.44e-01    1.90e-01      5.65e-04    9.22e-04      7.20e-02    7.23e-02      1.30e-02    8.10e-03    2.6e-06
 344000      3.03e-01    2.95e-01      2.22e-03    2.67e-04      1.18e-01    1.32e-01      1.14e-02    6.13e-03    2.6e-06
 344500      1.88e-01    2.66e-01      8.70e-04    1.91e-03      6.50e-02    1.14e-01      8.91e-03    7.33e-03    2.6e-06
 345000      2.75e-01    2.06e-01      1.62e-04    1.51e-03      9.00e-02    7.34e-02      1.31e-02    9.76e-03    2.6e-06
 345500      2.93e-01    1.37e-01      4.11e-03    1.75e-03      9.98e-02    4.61e-02      1.30e-02    6.65e-03    2.6e-06
 346000      2.80e-01    2.51e-01      1.26e-03    7.09e-04      8.08e-02    8.88e-02      1.46e-02    1.23e-02    2.6e-06
 346500      2.14e-01    1.92e-01      1.14e-03    7.72e-04      7.13e-02    5.54e-02      1.04e-02    1.13e-02    2.6e-06
 347000      2.00e-01    2.63e-01      3.60e-04    2.26e-03      6.61e-02    8.40e-02      9.75e-03    1.41e-02    2.6e-06
 347500      2.61e-01    3.02e-01      1.21e-03    6.78e-04      8.55e-02    1.16e-01      1.36e-02    1.29e-02    2.6e-06
 348000      2.55e-01    8.26e-02      3.17e-04    6.48e-04      8.94e-02    3.20e-02      1.20e-02    3.33e-03    2.6e-06
 348500      1.96e-01    3.25e-01      6.15e-04    2.08e-03      6.03e-02    1.15e-01      1.08e-02    1.56e-02    2.6e-06
 349000      1.84e-01    2.48e-01      9.45e-04    3.02e-05      6.65e-02    9.86e-02      8.58e-03    9.78e-03    2.6e-06
 349500      1.80e-01    2.09e-01      4.73e-04    6.90e-04      5.53e-02    6.37e-02      9.43e-03    1.19e-02    2.6e-06
 350000      1.77e-01    1.36e-01      9.34e-04    8.01e-04      7.70e-02    5.02e-02      8.47e-03    7.81e-03    9.8e-07
 350500      2.01e-01    9.98e-02      1.09e-03    1.36e-03      8.44e-02    5.04e-02      9.51e-03    3.17e-03    9.8e-07
 351000      2.18e-01    1.17e-01      6.35e-04    8.19e-05      8.50e-02    2.73e-02      1.19e-02    8.07e-03    9.8e-07
 351500      2.02e-01    2.07e-01      8.68e-04    2.94e-04      8.12e-02    6.43e-02      1.01e-02    1.32e-02    9.8e-07
 352000      1.88e-01    2.02e-01      1.50e-03    3.70e-05      7.89e-02    9.82e-02      9.21e-03    8.24e-03    9.8e-07
 352500      1.38e-01    1.24e-01      1.45e-03    1.03e-03      5.33e-02    5.52e-02      7.24e-03    5.86e-03    9.8e-07
 353000      1.92e-01    7.46e-02      1.48e-03    1.03e-03      7.06e-02    3.56e-02      1.06e-02    2.85e-03    9.8e-07
 353500      2.03e-01    2.68e-01      1.77e-03    6.01e-04      6.55e-02    1.24e-01      1.22e-02    1.22e-02    9.8e-07
 354000      2.19e-01    2.34e-01      1.32e-03    1.45e-03      1.04e-01    7.33e-02      8.42e-03    1.47e-02    9.8e-07
 354500      2.18e-01    1.80e-01      8.18e-04    2.94e-03      7.57e-02    9.10e-02      1.23e-02    5.21e-03    9.8e-07
 355000      9.99e-02    1.91e-01      4.13e-04    1.42e-03      2.94e-02    9.30e-02      6.39e-03    7.52e-03    9.8e-07
 355500      2.07e-01    2.03e-01      4.32e-04    1.56e-03      8.54e-02    8.38e-02      1.04e-02    1.05e-02    9.8e-07
 356000      1.74e-01    2.29e-01      4.83e-04    1.84e-03      7.15e-02    9.55e-02      8.84e-03    1.17e-02    9.8e-07
 356500      2.27e-01    1.12e-01      2.34e-04    4.84e-04      9.27e-02    5.64e-02      1.17e-02    4.19e-03    9.8e-07
 357000      1.37e-01    2.45e-01      5.96e-04    6.03e-04      5.35e-02    1.23e-01      7.08e-03    9.20e-03    9.8e-07
 357500      1.16e-01    1.05e-01      9.45e-04    6.70e-04      3.65e-02    5.89e-02      6.95e-03    1.81e-03    9.8e-07
 358000      1.88e-01    2.29e-01      9.48e-04    2.04e-03      7.55e-02    1.19e-01      1.01e-02    7.03e-03    9.8e-07
 358500      1.71e-01    1.08e-01      2.31e-03    2.50e-03      7.36e-02    2.73e-02      7.42e-03    6.43e-03    9.8e-07
 359000      1.60e-01    2.55e-01      6.81e-04    1.50e-03      6.40e-02    4.26e-02      8.56e-03    1.83e-02    9.8e-07
 359500      2.07e-01    3.07e-01      1.78e-03    2.47e-03      8.75e-02    1.24e-01      9.90e-03    1.63e-02    9.8e-07
 360000      2.07e-01    9.26e-02      2.57e-03    2.44e-03      8.37e-02    2.52e-02      1.01e-02    5.10e-03    9.8e-07
 360500      1.67e-01    1.88e-01      4.74e-04    8.65e-04      6.15e-02    4.78e-02      9.51e-03    1.27e-02    9.8e-07
 361000      1.41e-01    3.78e-01      4.48e-04    1.19e-03      5.93e-02    8.14e-02      7.05e-03    2.64e-02    9.8e-07
 361500      1.22e-01    9.67e-02      2.83e-04    5.65e-04      5.23e-02    2.27e-02      5.94e-03    6.62e-03    9.8e-07
 362000      1.95e-01    1.74e-01      1.89e-03    9.46e-04      8.49e-02    8.59e-02      9.05e-03    6.69e-03    9.8e-07
 362500      2.24e-01    1.55e-01      8.27e-04    1.11e-03      8.59e-02    4.38e-02      1.19e-02    1.01e-02    9.8e-07
 363000      1.04e-01    2.82e-01      2.88e-04    9.37e-04      3.22e-02    1.08e-01      6.49e-03    1.60e-02    9.8e-07
 363500      1.51e-01    2.68e-01      1.13e-03    3.02e-04      4.62e-02    1.14e-01      9.28e-03    1.37e-02    9.8e-07
 364000      1.82e-01    1.64e-01      6.39e-04    2.86e-04      7.33e-02    8.47e-02      9.50e-03    5.69e-03    9.8e-07
 364500      1.22e-01    2.19e-01      1.03e-03    1.31e-03      3.97e-02    9.12e-02      7.42e-03    1.14e-02    9.8e-07
 365000      1.72e-01    2.89e-01      6.31e-04    3.51e-04      7.74e-02    7.91e-02      7.97e-03    1.92e-02    9.8e-07
 365500      2.01e-01    2.22e-01      2.53e-04    1.11e-03      7.60e-02    9.48e-02      1.05e-02    1.12e-02    9.8e-07
 366000      1.90e-01    2.12e-01      6.80e-04    1.90e-03      6.94e-02    9.52e-02      1.08e-02    9.73e-03    9.8e-07
 366500      1.56e-01    9.57e-02      7.59e-04    6.41e-04      6.50e-02    3.81e-02      7.97e-03    5.16e-03    9.8e-07
 367000      2.22e-01    8.24e-02      3.56e-04    1.36e-04      8.09e-02    3.08e-02      1.29e-02    4.74e-03    9.8e-07
 367500      1.63e-01    1.37e-01      9.01e-04    1.16e-03      7.05e-02    3.93e-02      7.42e-03    8.84e-03    9.8e-07
 368000      1.31e-01    1.73e-01      1.17e-03    1.17e-03      3.85e-02    5.44e-02      8.22e-03    1.08e-02    9.8e-07
 368500      1.29e-01    1.23e-01      4.78e-04    2.04e-03      6.02e-02    5.82e-02      5.66e-03    4.56e-03    9.8e-07
 369000      1.85e-01    2.62e-01      1.59e-03    4.04e-04      7.52e-02    9.86e-02      8.89e-03    1.50e-02    9.8e-07
 369500      2.35e-01    1.55e-01      8.41e-04    1.19e-04      7.80e-02    8.50e-02      1.40e-02    3.86e-03    9.8e-07
 370000      1.30e-01    3.14e-01      3.78e-04    5.60e-04      4.49e-02    8.12e-02      7.71e-03    2.12e-02    9.8e-07
 370500      2.03e-01    1.60e-01      1.17e-03    1.52e-03      9.90e-02    3.63e-02      7.93e-03    1.09e-02    9.8e-07
 371000      1.64e-01    1.94e-01      7.25e-04    9.16e-05      5.40e-02    5.07e-02      9.83e-03    1.30e-02    9.8e-07
 371500      1.94e-01    2.18e-01      8.72e-04    1.36e-05      9.33e-02    8.97e-02      7.77e-03    1.16e-02    9.8e-07
 372000      1.72e-01    5.64e-02      6.40e-04    2.52e-04      5.77e-02    2.26e-02      1.00e-02    3.05e-03    9.8e-07
 372500      1.72e-01    1.61e-01      8.68e-04    8.91e-04      5.97e-02    3.41e-02      9.90e-03    1.12e-02    9.8e-07
 373000      1.84e-01    3.39e-01      9.20e-04    1.89e-03      7.29e-02    1.27e-01      9.80e-03    1.93e-02    9.8e-07
 373500      2.18e-01    2.33e-01      7.86e-04    2.44e-04      8.78e-02    8.89e-02      1.14e-02    1.33e-02    9.8e-07
 374000      1.72e-01    1.10e-01      3.58e-04    4.33e-04      5.35e-02    3.53e-02      1.08e-02    6.86e-03    9.8e-07
 374500      1.95e-01    2.32e-01      4.41e-04    6.03e-04      7.58e-02    1.03e-01      1.04e-02    1.11e-02    9.8e-07
 375000      1.77e-01    1.09e-01      1.65e-03    2.11e-03      6.53e-02    2.68e-02      9.73e-03    6.78e-03    9.8e-07
 375500      2.04e-01    1.46e-01      6.32e-04    6.55e-04      6.17e-02    2.98e-02      1.30e-02    1.02e-02    9.8e-07
 376000      1.74e-01    2.29e-01      8.11e-04    1.06e-03      6.09e-02    1.10e-01      9.26e-03    9.57e-03    9.8e-07
 376500      2.15e-01    1.85e-01      1.01e-03    5.04e-05      7.65e-02    7.98e-02      1.20e-02    9.27e-03    9.8e-07
 377000      1.65e-01    6.33e-02      6.17e-04    1.51e-04      7.38e-02    2.19e-02      7.66e-03    3.83e-03    9.8e-07
 377500      2.05e-01    3.75e-02      1.28e-03    4.42e-04      9.17e-02    1.01e-02      9.46e-03    2.42e-03    9.8e-07
 378000      2.29e-01    1.73e-01      9.24e-04    1.69e-03      1.04e-01    6.38e-02      9.78e-03    9.76e-03    9.8e-07
 378500      1.84e-01    1.34e-01      5.25e-04    1.50e-04      9.08e-02    2.58e-02      7.07e-03    9.54e-03    9.8e-07
 379000      2.02e-01    1.34e-01      4.76e-04    5.49e-04      8.44e-02    5.01e-02      1.01e-02    7.66e-03    9.8e-07
 379500      1.80e-01    2.71e-01      6.91e-04    2.32e-04      6.76e-02    9.19e-02      9.84e-03    1.66e-02    9.8e-07
 380000      1.30e-01    2.50e-01      9.59e-04    1.09e-03      5.58e-02    5.44e-02      6.14e-03    1.74e-02    9.8e-07
 380500      1.99e-01    1.67e-01      9.00e-04    7.06e-04      8.02e-02    8.02e-02      1.03e-02    7.05e-03    9.8e-07
 381000      2.10e-01    2.18e-01      1.44e-03    1.18e-03      8.52e-02    1.11e-01      1.08e-02    7.69e-03    9.8e-07
 381500      1.88e-01    1.34e-01      7.14e-04    1.99e-04      7.74e-02    6.23e-02      9.68e-03    6.09e-03    9.8e-07
 382000      1.75e-01    1.54e-01      2.04e-03    1.12e-03      5.96e-02    7.91e-02      9.47e-03    5.07e-03    9.8e-07
 382500      2.13e-01    2.56e-01      1.46e-03    4.59e-04      8.85e-02    7.41e-02      1.04e-02    1.67e-02    9.8e-07
 383000      1.88e-01    5.47e-02      6.31e-04    2.23e-04      6.92e-02    2.49e-02      1.04e-02    2.54e-03    9.8e-07
 383500      1.79e-01    1.97e-01      1.03e-03    5.16e-04      5.21e-02    9.02e-02      1.15e-02    9.08e-03    9.8e-07
 384000      2.26e-01    2.00e-01      1.24e-03    5.47e-04      9.25e-02    8.99e-02      1.16e-02    9.47e-03    9.8e-07
 384500      1.23e-01    3.16e-01      1.05e-03    2.01e-03      4.77e-02    1.34e-01      6.30e-03    1.60e-02    9.8e-07
 385000      2.41e-01    1.31e-01      1.54e-03    1.40e-03      8.26e-02    2.66e-02      1.39e-02    9.03e-03    9.8e-07
 385500      1.68e-01    1.01e-01      2.04e-03    2.18e-03      6.48e-02    3.70e-02      8.55e-03    5.07e-03    9.8e-07
 386000      2.16e-01    7.61e-02      1.30e-03    1.59e-03      6.88e-02    1.16e-02      1.34e-02    5.06e-03    9.8e-07
 386500      1.45e-01    1.45e-01      9.96e-04    1.13e-03      6.07e-02    7.54e-02      7.31e-03    4.59e-03    9.8e-07
 387000      2.11e-01    2.57e-01      9.40e-04    1.13e-04      9.27e-02    6.46e-02      9.97e-03    1.74e-02    9.8e-07
 387500      1.37e-01    1.86e-01      1.02e-03    1.85e-03      5.90e-02    5.59e-02      6.38e-03    1.17e-02    9.8e-07
 388000      2.06e-01    5.65e-02      9.81e-04    1.54e-03      7.16e-02    1.72e-02      1.20e-02    2.90e-03    9.8e-07
 388500      1.41e-01    3.04e-01      1.02e-03    3.87e-03      6.77e-02    1.34e-01      5.29e-03    1.38e-02    9.8e-07
 389000      1.68e-01    1.34e-01      5.92e-04    7.29e-04      7.03e-02    5.40e-02      7.59e-03    7.24e-03    9.8e-07
 389500      1.82e-01    2.70e-01      8.57e-04    2.33e-03      8.44e-02    1.25e-01      8.00e-03    1.18e-02    9.8e-07
 390000      2.18e-01    1.83e-01      2.09e-03    5.01e-04      8.44e-02    8.33e-02      1.13e-02    8.56e-03    9.8e-07
 390500      2.24e-01    1.77e-01      7.64e-04    5.19e-06      8.76e-02    8.26e-02      1.22e-02    7.88e-03    9.8e-07
 391000      1.73e-01    2.11e-01      1.20e-03    7.75e-05      7.13e-02    5.92e-02      8.90e-03    1.39e-02    9.8e-07
 391500      2.03e-01    1.96e-01      5.43e-04    1.22e-03      7.77e-02    1.01e-01      1.13e-02    6.69e-03    9.8e-07
 392000      1.77e-01    1.89e-01      9.43e-04    1.50e-03      5.58e-02    4.28e-02      1.07e-02    1.30e-02    9.8e-07
 392500      2.10e-01    1.34e-01      4.63e-04    6.52e-04      7.63e-02    3.81e-02      1.23e-02    8.77e-03    9.8e-07
 393000      1.45e-01    2.19e-01      6.27e-04    5.41e-04      5.64e-02    1.11e-01      7.79e-03    7.93e-03    9.8e-07
 393500      1.39e-01    1.87e-01      1.06e-03    4.56e-04      4.89e-02    5.10e-02      7.59e-03    1.24e-02    9.8e-07
 394000      2.14e-01    1.75e-01      1.29e-03    1.45e-03      8.79e-02    4.09e-02      1.01e-02    1.19e-02    9.8e-07
 394500      2.43e-01    1.81e-01      6.89e-04    1.36e-04      8.27e-02    6.94e-02      1.37e-02    1.03e-02    9.8e-07
 395000      1.94e-01    1.98e-01      3.98e-04    1.37e-03      5.27e-02    7.05e-02      1.23e-02    1.16e-02    9.8e-07
 395500      2.02e-01    2.82e-01      1.39e-03    3.50e-04      5.24e-02    1.34e-01      1.30e-02    1.23e-02    9.8e-07
 396000      1.83e-01    2.29e-01      6.52e-04    2.73e-03      6.95e-02    8.48e-02      9.77e-03    1.27e-02    9.8e-07
 396500      1.52e-01    1.48e-01      1.11e-03    4.72e-04      4.83e-02    6.84e-02      9.27e-03    6.76e-03    9.8e-07
 397000      2.17e-01    2.44e-01      5.97e-04    6.30e-04      8.66e-02    8.67e-02      1.17e-02    1.45e-02    9.8e-07
 397500      1.99e-01    1.36e-01      6.44e-04    7.36e-04      7.73e-02    4.94e-02      1.10e-02    7.91e-03    9.8e-07
 398000      1.30e-01    2.26e-01      3.55e-04    1.32e-03      5.76e-02    9.51e-02      6.29e-03    1.15e-02    9.8e-07
 398500      2.24e-01    1.71e-01      9.40e-04    5.62e-04      5.77e-02    9.55e-02      1.50e-02    3.47e-03    9.8e-07
 399000      1.59e-01    1.46e-01      6.75e-04    1.10e-03      7.09e-02    1.87e-02      7.43e-03    1.07e-02    9.8e-07
 399500      1.68e-01    2.18e-01      8.09e-04    1.36e-04      7.38e-02    9.63e-02      7.87e-03    1.07e-02    9.8e-07
 400000      1.92e-01    2.64e-01      1.56e-03    1.04e-03      4.78e-02    1.23e-01      1.30e-02    1.39e-02    3.6e-07
 400500      1.95e-01    2.64e-01      1.25e-03    2.41e-04      7.99e-02    5.04e-02      1.11e-02    1.90e-02    3.6e-07
 401000      1.76e-01    2.77e-01      5.97e-04    3.28e-03      6.07e-02    1.35e-01      1.11e-02    1.30e-02    3.6e-07
 401500      1.67e-01    1.95e-01      1.14e-03    9.74e-04      6.08e-02    1.03e-01      9.93e-03    8.40e-03    3.6e-07
 402000      1.53e-01    2.31e-01      1.08e-03    1.63e-03      5.07e-02    1.29e-01      9.64e-03    8.75e-03    3.6e-07
 402500      2.01e-01    1.73e-01      1.22e-03    1.40e-03      7.66e-02    8.07e-02      1.19e-02    8.82e-03    3.6e-07
 403000      1.86e-01    1.92e-01      6.04e-04    1.20e-03      7.94e-02    5.68e-02      1.01e-02    1.27e-02    3.6e-07
 403500      1.17e-01    3.03e-01      4.21e-04    6.33e-04      5.09e-02    1.20e-01      6.32e-03    1.81e-02    3.6e-07
 404000      1.95e-01    1.69e-01      6.95e-04    1.93e-03      7.90e-02    9.05e-02      1.12e-02    6.66e-03    3.6e-07
 404500      1.89e-01    3.22e-01      4.87e-04    1.03e-03      6.43e-02    1.30e-01      1.18e-02    1.90e-02    3.6e-07
 405000      1.33e-01    2.16e-01      1.11e-03    1.11e-03      5.54e-02    1.02e-01      6.92e-03    1.12e-02    3.6e-07
 405500      1.68e-01    8.27e-02      6.41e-04    4.77e-04      6.60e-02    2.65e-02      9.74e-03    5.38e-03    3.6e-07
 406000      1.92e-01    2.54e-01      8.94e-04    5.68e-06      7.81e-02    9.64e-02      1.08e-02    1.56e-02    3.6e-07
 406500      2.32e-01    1.92e-01      8.83e-04    8.69e-05      1.01e-01    1.71e-02      1.28e-02    1.43e-02    3.6e-07
 407000      2.24e-01    1.21e-01      1.30e-03    9.02e-04      1.02e-01    5.34e-02      1.11e-02    6.61e-03    3.6e-07
 407500      2.14e-01    1.85e-01      8.24e-04    2.16e-03      7.58e-02    5.31e-02      1.31e-02    1.22e-02    3.6e-07
 408000      1.51e-01    1.48e-01      9.67e-04    5.69e-05      6.84e-02    3.90e-02      7.98e-03    1.02e-02    3.6e-07
 408500      1.48e-01    1.52e-01      6.83e-04    1.31e-03      7.16e-02    8.48e-02      6.66e-03    5.58e-03    3.6e-07
 409000      1.37e-01    1.81e-01      3.90e-04    6.66e-04      5.39e-02    9.03e-02      7.85e-03    8.66e-03    3.6e-07
 409500      1.49e-01    2.08e-01      7.41e-04    1.37e-03      6.47e-02    1.03e-01      7.98e-03    1.00e-02    3.6e-07
 410000      1.44e-01    3.02e-01      5.98e-04    7.04e-04      5.41e-02    7.76e-02      8.52e-03    2.09e-02    3.6e-07
 410500      1.78e-01    1.67e-01      7.84e-04    2.31e-03      8.88e-02    1.03e-01      8.27e-03    2.24e-03    3.6e-07
 411000      2.21e-01    1.95e-01      1.25e-03    9.53e-05      9.41e-02    9.22e-02      1.16e-02    1.01e-02    3.6e-07
 411500      1.74e-01    2.73e-01      5.76e-04    1.08e-03      6.43e-02    1.17e-01      9.63e-03    1.54e-02    3.6e-07
 412000      1.39e-01    1.46e-01      3.53e-04    8.68e-05      3.65e-02    4.08e-02      9.43e-03    9.93e-03    3.6e-07
 412500      2.00e-01    2.02e-01      3.88e-04    1.20e-04      7.33e-02    5.83e-02      1.22e-02    1.36e-02    3.6e-07
 413000      1.57e-01    2.67e-01      7.27e-04    1.64e-03      6.76e-02    8.75e-02      8.39e-03    1.72e-02    3.6e-07
 413500      2.02e-01    1.05e-01      9.36e-04    3.74e-04      8.28e-02    2.36e-02      1.16e-02    7.39e-03    3.6e-07
 414000      1.62e-01    1.40e-01      3.36e-04    2.91e-04      4.81e-02    5.10e-02      1.06e-02    8.69e-03    3.6e-07
 414500      1.61e-01    1.55e-01      7.90e-04    1.43e-04      5.84e-02    9.14e-02      9.80e-03    4.88e-03    3.6e-07
 415000      1.56e-01    2.27e-01      3.97e-04    1.70e-04      6.46e-02    7.16e-02      8.75e-03    1.50e-02    3.6e-07
 415500      2.20e-01    2.10e-01      7.74e-04    2.38e-04      8.78e-02    1.15e-01      1.24e-02    8.62e-03    3.6e-07
 416000      1.15e-01    1.80e-01      6.86e-04    4.49e-04      3.26e-02    1.68e-02      7.62e-03    1.34e-02    3.6e-07
 416500      2.10e-01    8.23e-02      8.85e-05    3.67e-04      7.28e-02    2.97e-02      1.33e-02    5.14e-03    3.6e-07
 417000      2.46e-01    4.20e-02      8.98e-04    1.89e-04      1.18e-01    1.14e-02      1.19e-02    2.86e-03    3.6e-07
 417500      1.31e-01    3.01e-01      3.15e-04    5.04e-03      4.96e-02    1.16e-01      7.95e-03    1.68e-02    3.6e-07
 418000      1.85e-01    2.20e-01      7.29e-04    2.05e-03      6.50e-02    1.14e-01      1.16e-02    9.51e-03    3.6e-07
 418500      1.83e-01    1.26e-01      6.06e-04    1.03e-03      6.43e-02    4.51e-02      1.08e-02    7.80e-03    3.6e-07
 419000      1.44e-01    1.51e-01      4.77e-04    1.13e-03      6.67e-02    6.61e-02      7.32e-03    8.26e-03    3.6e-07
 419500      1.89e-01    1.23e-01      1.21e-03    6.47e-04      8.02e-02    7.46e-02      1.03e-02    3.17e-03    3.6e-07
 420000      1.37e-01    2.09e-01      6.34e-04    8.63e-04      6.35e-02    7.35e-02      6.74e-03    1.32e-02    3.6e-07
 420500      1.61e-01    2.43e-01      9.24e-04    7.12e-04      5.68e-02    1.18e-01      9.61e-03    1.22e-02    3.6e-07
 421000      2.12e-01    1.92e-01      9.37e-04    3.67e-04      9.91e-02    7.11e-02      1.04e-02    1.19e-02    3.6e-07
 421500      1.94e-01    8.08e-02      9.44e-04    5.01e-04      8.13e-02    3.42e-02      1.05e-02    4.58e-03    3.6e-07
 422000      1.25e-01    2.23e-01      8.63e-04    7.11e-05      4.43e-02    9.46e-02      7.56e-03    1.28e-02    3.6e-07
 422500      1.46e-01    1.56e-01      8.26e-04    7.46e-04      6.10e-02    5.60e-02      7.94e-03    9.74e-03    3.6e-07
 423000      1.54e-01    1.13e-01      4.99e-04    9.01e-05      5.97e-02    4.47e-02      8.90e-03    6.72e-03    3.6e-07
 423500      1.96e-01    1.86e-01      5.99e-04    4.98e-04      6.25e-02    8.21e-02      1.24e-02    1.03e-02    3.6e-07
 424000      1.65e-01    2.50e-01      8.29e-04    1.39e-03      5.99e-02    5.00e-02      9.83e-03    1.78e-02    3.6e-07
 424500      1.62e-01    7.56e-02      5.78e-04    1.37e-04      5.69e-02    2.39e-02      9.30e-03    4.98e-03    3.6e-07
 425000      1.64e-01    2.06e-01      8.86e-04    6.86e-04      6.42e-02    1.02e-01      9.38e-03    1.01e-02    3.6e-07
 425500      2.03e-01    9.07e-02      2.02e-03    5.87e-04      8.48e-02    4.71e-02      1.09e-02    4.04e-03    3.6e-07
 426000      1.49e-01    1.35e-01      9.40e-04    1.82e-03      5.29e-02    1.57e-02      9.22e-03    9.67e-03    3.6e-07
 426500      2.06e-01    2.65e-01      1.58e-03    9.05e-04      9.36e-02    1.00e-01      1.03e-02    1.62e-02    3.6e-07
 427000      1.59e-01    1.64e-01      5.02e-04    4.23e-04      6.37e-02    4.27e-02      9.08e-03    1.13e-02    3.6e-07
 427500      2.31e-01    2.32e-01      3.58e-04    4.42e-04      7.87e-02    1.19e-01      1.46e-02    1.07e-02    3.6e-07
 428000      2.07e-01    1.55e-01      6.19e-04    1.00e-03      9.67e-02    9.08e-02      1.06e-02    4.95e-03    3.6e-07
 428500      1.05e-01    6.80e-02      7.35e-04    8.85e-05      3.93e-02    3.14e-02      6.14e-03    3.61e-03    3.6e-07
 429000      1.84e-01    1.44e-01      1.53e-03    1.11e-03      8.63e-02    4.37e-02      9.18e-03    9.48e-03    3.6e-07
 429500      1.68e-01    1.22e-01      3.39e-04    1.06e-03      6.75e-02    6.62e-02      9.74e-03    4.79e-03    3.6e-07
 430000      2.14e-01    1.04e-01      9.06e-04    6.71e-05      9.09e-02    2.86e-02      1.17e-02    7.13e-03    3.6e-07
 430500      1.55e-01    1.33e-01      5.75e-04    1.64e-03      5.04e-02    7.78e-02      9.67e-03    3.80e-03    3.6e-07
 431000      1.56e-01    8.86e-02      8.41e-04    6.36e-04      5.21e-02    2.89e-02      9.53e-03    5.71e-03    3.6e-07
 431500      2.20e-01    1.51e-01      1.32e-03    4.96e-04      7.96e-02    6.48e-02      1.32e-02    8.55e-03    3.6e-07
 432000      2.11e-01    2.90e-01      8.57e-04    2.24e-03      9.74e-02    1.23e-01      1.05e-02    1.63e-02    3.6e-07
 432500      1.87e-01    2.07e-01      7.28e-04    1.72e-03      7.07e-02    1.06e-01      1.13e-02    9.35e-03    3.6e-07
 433000      1.51e-01    7.14e-02      8.54e-04    1.01e-03      5.17e-02    2.43e-02      8.42e-03    4.35e-03    3.6e-07
 433500      1.16e-01    1.31e-01      7.85e-04    5.83e-04      4.88e-02    2.00e-02      6.55e-03    9.58e-03    3.6e-07
 434000      1.82e-01    1.56e-01      1.29e-03    7.24e-04      6.48e-02    8.04e-02      1.11e-02    7.09e-03    3.6e-07
 434500      2.11e-01    1.96e-01      5.58e-04    3.63e-04      8.86e-02    1.01e-01      1.17e-02    9.05e-03    3.6e-07
 435000      1.66e-01    8.83e-02      3.05e-04    1.16e-03      6.02e-02    3.56e-02      1.01e-02    4.97e-03    3.6e-07
 435500      1.66e-01    9.01e-02      4.58e-04    3.55e-04      5.78e-02    4.78e-02      1.05e-02    3.90e-03    3.6e-07
 436000      2.09e-01    1.89e-01      7.24e-04    8.17e-04      7.52e-02    9.86e-02      1.26e-02    8.45e-03    3.6e-07
 436500      1.24e-01    2.69e-01      3.00e-04    1.39e-03      4.31e-02    1.35e-01      7.84e-03    1.28e-02    3.6e-07
 437000      1.63e-01    2.18e-01      4.31e-04    1.14e-04      5.91e-02    8.99e-02      1.00e-02    1.27e-02    3.6e-07
 437500      1.81e-01    2.59e-01      1.05e-03    1.53e-03      7.25e-02    1.09e-01      1.02e-02    1.48e-02    3.6e-07
 438000      2.13e-01    1.58e-01      9.03e-04    1.54e-03      7.87e-02    4.89e-02      1.31e-02    1.03e-02    3.6e-07
 438500      1.99e-01    1.40e-01      2.03e-04    4.87e-04      7.91e-02    5.87e-02      1.17e-02    8.03e-03    3.6e-07
 439000      1.77e-01    6.33e-02      9.05e-04    9.95e-04      8.55e-02    3.15e-02      8.43e-03    2.74e-03    3.6e-07
 439500      2.10e-01    8.04e-02      5.25e-04    2.12e-04      6.89e-02    2.70e-02      1.33e-02    5.18e-03    3.6e-07
 440000      1.59e-01    1.92e-01      1.14e-03    5.76e-04      6.04e-02    8.65e-02      9.43e-03    1.04e-02    3.6e-07
 440500      1.97e-01    1.26e-01      6.46e-04    7.63e-04      6.61e-02    4.31e-02      1.24e-02    8.02e-03    3.6e-07
 441000      2.12e-01    2.40e-01      6.44e-04    1.38e-04      8.03e-02    1.12e-01      1.26e-02    1.25e-02    3.6e-07
 441500      1.96e-01    1.48e-01      1.23e-03    2.46e-04      8.16e-02    7.09e-02      1.08e-02    7.60e-03    3.6e-07
 442000      1.33e-01    9.70e-02      4.10e-04    5.66e-04      5.55e-02    1.17e-02      7.53e-03    7.14e-03    3.6e-07
 442500      1.76e-01    1.42e-01      1.01e-03    9.15e-05      7.13e-02    3.89e-02      9.47e-03    9.69e-03    3.6e-07
 443000      1.52e-01    7.58e-02      4.97e-04    1.01e-03      3.62e-02    2.98e-02      1.06e-02    4.33e-03    3.6e-07
 443500      1.16e-01    2.08e-01      6.01e-04    1.20e-03      3.92e-02    1.04e-01      7.37e-03    9.90e-03    3.6e-07
 444000      1.50e-01    1.41e-01      6.61e-04    6.39e-04      6.44e-02    3.09e-02      8.25e-03    9.94e-03    3.6e-07
 444500      1.24e-01    1.63e-01      6.32e-04    9.72e-04      4.95e-02    5.17e-02      6.92e-03    1.06e-02    3.6e-07
 445000      1.66e-01    1.02e-01      8.93e-04    2.31e-04      6.71e-02    3.25e-02      9.02e-03    6.67e-03    3.6e-07
 445500      1.61e-01    1.38e-01      5.64e-04    8.35e-05      6.05e-02    3.70e-02      9.76e-03    9.51e-03    3.6e-07
 446000      1.56e-01    9.27e-02      9.97e-04    5.80e-04      5.39e-02    4.27e-02      9.56e-03    4.86e-03    3.6e-07
 446500      1.86e-01    1.44e-01      1.01e-03    4.64e-04      8.08e-02    7.92e-02      1.00e-02    5.74e-03    3.6e-07
 447000      1.59e-01    1.93e-01      6.00e-04    1.25e-03      5.06e-02    8.67e-02      1.02e-02    1.04e-02    3.6e-07
 447500      1.85e-01    2.21e-01      8.31e-04    4.03e-04      7.81e-02    1.10e-01      1.04e-02    1.07e-02    3.6e-07
 448000      1.75e-01    1.21e-01      7.78e-04    1.16e-04      7.33e-02    2.80e-02      9.88e-03    8.56e-03    3.6e-07
 448500      1.62e-01    4.08e-02      8.75e-04    1.54e-04      6.36e-02    2.32e-02      9.42e-03    1.48e-03    3.6e-07
 449000      1.37e-01    2.71e-01      1.07e-03    1.56e-03      6.60e-02    1.46e-01      6.14e-03    1.13e-02    3.6e-07
 449500      1.47e-01    1.73e-01      6.02e-04    1.71e-04      7.04e-02    1.78e-02      7.04e-03    1.29e-02    3.6e-07
 450000      2.12e-01    1.30e-01      1.54e-03    1.58e-03      8.61e-02    5.52e-02      1.25e-02    7.31e-03    1.3e-07
 450500      1.86e-01    1.10e-01      9.19e-04    4.86e-04      8.15e-02    2.03e-02      1.02e-02    7.92e-03    1.3e-07
 451000      1.88e-01    7.22e-02      9.35e-04    6.79e-04      7.86e-02    2.23e-02      1.08e-02    4.76e-03    1.3e-07
 451500      1.94e-01    1.70e-01      3.32e-04    4.21e-04      8.03e-02    6.55e-02      1.10e-02    1.05e-02    1.3e-07
 452000      2.15e-01    1.80e-01      9.06e-04    1.21e-03      7.00e-02    9.20e-02      1.42e-02    8.84e-03    1.3e-07
 452500      1.97e-01    2.14e-01      1.18e-03    8.12e-05      7.66e-02    1.21e-01      1.18e-02    9.14e-03    1.3e-07
 453000      1.85e-01    1.44e-01      6.27e-04    3.72e-04      7.26e-02    5.23e-02      1.13e-02    9.23e-03    1.3e-07
 453500      2.12e-01    1.48e-01      7.17e-04    1.95e-03      5.14e-02    8.24e-02      1.46e-02    5.90e-03    1.3e-07
 454000      1.83e-01    7.93e-02      1.19e-03    2.37e-04      6.43e-02    3.57e-02      1.14e-02    4.50e-03    1.3e-07
 454500      1.81e-01    2.03e-01      6.87e-04    1.50e-03      7.00e-02    9.11e-02      1.07e-02    1.14e-02    1.3e-07
 455000      2.07e-01    2.27e-01      8.02e-04    3.41e-04      9.09e-02    6.03e-02      1.16e-02    1.57e-02    1.3e-07
 455500      1.45e-01    1.87e-01      6.22e-04    3.62e-04      6.76e-02    5.01e-02      7.71e-03    1.30e-02    1.3e-07
 456000      1.52e-01    2.51e-01      4.96e-04    1.24e-04      7.43e-02    6.37e-02      7.87e-03    1.76e-02    1.3e-07
 456500      1.93e-01    6.76e-02      8.85e-04    3.20e-04      7.67e-02    2.06e-02      1.12e-02    4.54e-03    1.3e-07
 457000      1.75e-01    1.56e-01      4.81e-04    1.29e-03      8.13e-02    7.67e-02      9.47e-03    8.02e-03    1.3e-07
 457500      2.25e-01    1.16e-01      5.37e-04    3.35e-05      8.27e-02    4.44e-02      1.39e-02    7.27e-03    1.3e-07
 458000      1.69e-01    1.44e-01      6.08e-04    3.12e-05      6.99e-02    4.84e-02      9.67e-03    9.49e-03    1.3e-07
 458500      1.58e-01    1.75e-01      6.15e-04    4.13e-05      6.38e-02    5.56e-02      8.73e-03    1.17e-02    1.3e-07
 459000      1.65e-01    1.41e-01      8.18e-04    1.44e-04      7.66e-02    4.27e-02      8.53e-03    9.51e-03    1.3e-07
 459500      1.88e-01    1.15e-01      7.32e-04    6.88e-05      7.46e-02    2.62e-02      1.14e-02    8.17e-03    1.3e-07
 460000      1.81e-01    1.80e-01      1.08e-03    2.88e-04      7.66e-02    4.40e-02      1.04e-02    1.26e-02    1.3e-07
 460500      1.87e-01    2.86e-01      7.74e-04    1.01e-03      7.08e-02    7.24e-02      1.12e-02    2.00e-02    1.3e-07
 461000      1.60e-01    2.19e-01      3.31e-04    7.28e-04      6.38e-02    1.14e-01      9.25e-03    1.07e-02    1.3e-07
 461500      1.68e-01    2.92e-01      6.71e-04    4.46e-04      5.75e-02    1.28e-01      1.08e-02    1.69e-02    1.3e-07
 462000      1.84e-01    3.17e-01      1.54e-03    2.39e-03      7.26e-02    1.34e-01      1.09e-02    1.84e-02    1.3e-07
 462500      1.49e-01    1.70e-01      9.10e-04    1.21e-03      7.14e-02    1.01e-01      7.72e-03    6.05e-03    1.3e-07
 463000      1.93e-01    1.77e-01      1.57e-03    5.57e-04      9.77e-02    8.04e-02      9.19e-03    9.94e-03    1.3e-07
 463500      1.82e-01    1.95e-01      5.12e-04    9.20e-04      6.04e-02    5.58e-02      1.19e-02    1.33e-02    1.3e-07
 464000      2.01e-01    2.37e-01      1.05e-03    6.37e-04      8.61e-02    5.78e-02      1.15e-02    1.67e-02    1.3e-07
 464500      1.61e-01    2.12e-01      7.18e-04    1.03e-03      9.10e-02    9.90e-02      6.64e-03    1.15e-02    1.3e-07
 465000      2.10e-01    7.39e-02      3.45e-04    3.36e-04      9.01e-02    2.64e-02      1.15e-02    4.73e-03    1.3e-07
 465500      1.41e-01    1.94e-01      4.01e-04    3.00e-03      5.23e-02    1.17e-01      8.44e-03    5.24e-03    1.3e-07
 466000      1.75e-01    1.34e-01      4.59e-04    1.34e-03      6.11e-02    3.60e-02      1.08e-02    9.09e-03    1.3e-07
 466500      1.92e-01    2.16e-01      1.41e-03    1.56e-03      6.25e-02    8.67e-02      1.23e-02    1.30e-02    1.3e-07
 467000      1.49e-01    2.13e-01      8.35e-04    7.81e-04      4.62e-02    9.10e-02      9.62e-03    1.24e-02    1.3e-07
 467500      1.98e-01    2.14e-01      8.12e-04    1.10e-03      1.01e-01    1.10e-01      9.82e-03    1.05e-02    1.3e-07
 468000      1.91e-01    1.36e-01      8.81e-04    2.95e-04      8.41e-02    3.29e-02      1.07e-02    9.55e-03    1.3e-07
 468500      1.37e-01    2.00e-01      1.20e-03    1.12e-03      5.31e-02    9.47e-02      7.77e-03    1.07e-02    1.3e-07
 469000      1.52e-01    1.25e-01      8.80e-04    1.24e-03      4.44e-02    7.18e-02      1.03e-02    4.80e-03    1.3e-07
 469500      1.66e-01    2.00e-01      7.16e-04    9.36e-04      7.85e-02    8.17e-02      8.83e-03    1.20e-02    1.3e-07
 470000      1.89e-01    2.12e-01      7.07e-04    1.42e-03      7.86e-02    9.97e-02      1.10e-02    1.14e-02    1.3e-07
 470500      2.40e-01    1.18e-01      1.13e-03    7.85e-04      9.61e-02    1.22e-02      1.45e-02    8.71e-03    1.3e-07
 471000      1.22e-01    1.27e-01      5.55e-04    1.04e-03      5.66e-02    5.94e-02      6.57e-03    6.82e-03    1.3e-07
 471500      1.95e-01    2.77e-01      9.10e-04    5.80e-05      8.21e-02    8.42e-02      1.11e-02    1.87e-02    1.3e-07
 472000      1.84e-01    1.98e-01      7.15e-04    2.42e-04      7.29e-02    6.81e-02      1.09e-02    1.29e-02    1.3e-07
 472500      1.42e-01    1.70e-01      2.69e-04    2.12e-04      4.19e-02    8.16e-02      9.44e-03    9.08e-03    1.3e-07
 473000      1.90e-01    4.10e-02      5.10e-04    6.24e-04      8.12e-02    1.04e-02      1.10e-02    2.73e-03    1.3e-07
 473500      1.77e-01    2.74e-01      7.77e-04    3.62e-04      6.85e-02    8.82e-02      1.07e-02    1.83e-02    1.3e-07
 474000      2.22e-01    1.68e-01      5.75e-04    4.12e-04      7.17e-02    7.05e-02      1.46e-02    9.98e-03    1.3e-07
 474500      1.85e-01    2.33e-01      7.34e-04    1.20e-03      6.64e-02    1.13e-01      1.15e-02    1.23e-02    1.3e-07
 475000      1.55e-01    1.68e-01      5.72e-04    5.32e-04      7.10e-02    7.00e-02      8.58e-03    1.01e-02    1.3e-07
 475500      1.32e-01    1.31e-01      9.29e-04    4.33e-05      5.47e-02    4.73e-02      7.58e-03    8.37e-03    1.3e-07
 476000      1.79e-01    1.51e-01      9.47e-04    2.41e-05      6.52e-02    5.57e-02      1.11e-02    9.56e-03    1.3e-07
 476500      1.63e-01    2.60e-01      1.21e-03    1.23e-03      7.73e-02    1.10e-01      8.11e-03    1.54e-02    1.3e-07
 477000      1.60e-01    2.43e-01      9.92e-04    4.91e-04      6.31e-02    1.51e-01      9.19e-03    7.67e-03    1.3e-07
 477500      2.13e-01    1.64e-01      3.75e-04    1.72e-03      8.82e-02    7.40e-02      1.26e-02    8.96e-03    1.3e-07
 478000      1.87e-01    2.18e-01      1.24e-03    6.70e-04      9.21e-02    8.49e-02      8.97e-03    1.35e-02    1.3e-07
 478500      1.65e-01    1.42e-01      9.66e-04    4.77e-04      7.69e-02    9.17e-02      8.40e-03    3.43e-03    1.3e-07
 479000      1.98e-01    1.49e-01      7.52e-04    6.44e-04      7.98e-02    8.74e-02      1.15e-02    5.78e-03    1.3e-07
 479500      1.71e-01    1.62e-01      3.69e-04    1.00e-03      6.63e-02    8.50e-02      1.02e-02    7.67e-03    1.3e-07
 480000      1.52e-01    1.71e-01      4.35e-04    2.71e-04      6.68e-02    1.07e-01      8.71e-03    5.17e-03    1.3e-07
 480500      1.20e-01    2.18e-01      8.03e-04    7.29e-04      5.42e-02    5.33e-02      6.61e-03    1.53e-02    1.3e-07
 481000      1.39e-01    1.35e-01      4.00e-04    1.17e-03      5.50e-02    5.13e-02      8.44e-03    8.30e-03    1.3e-07
 481500      2.29e-01    1.73e-01      1.31e-03    9.42e-04      8.49e-02    3.84e-02      1.37e-02    1.22e-02    1.3e-07
 482000      1.98e-01    2.30e-01      9.32e-04    4.46e-04      8.22e-02    1.22e-01      1.08e-02    1.09e-02    1.3e-07
 482500      1.60e-01    2.28e-01      2.79e-04    1.15e-03      6.84e-02    6.92e-02      9.14e-03    1.53e-02    1.3e-07
 483000      2.03e-01    2.23e-01      6.57e-04    1.41e-03      8.13e-02    8.92e-02      1.22e-02    1.35e-02    1.3e-07
 483500      1.64e-01    2.74e-01      6.62e-04    4.44e-04      6.31e-02    9.38e-02      1.02e-02    1.79e-02    1.3e-07
 484000      1.11e-01    2.34e-01      3.52e-04    6.84e-04      4.37e-02    1.22e-01      6.43e-03    1.13e-02    1.3e-07
 484500      1.74e-01    1.27e-01      7.38e-04    7.77e-04      6.24e-02    3.61e-02      1.06e-02    8.64e-03    1.3e-07
 485000      2.34e-01    2.37e-01      7.24e-04    7.30e-04      8.47e-02    7.89e-02      1.44e-02    1.56e-02    1.3e-07
 485500      1.99e-01    1.14e-01      1.27e-03    4.87e-04      6.13e-02    3.87e-02      1.30e-02    7.47e-03    1.3e-07
 486000      1.14e-01    2.57e-01      4.47e-04    1.51e-03      3.92e-02    8.52e-02      7.29e-03    1.69e-02    1.3e-07
 486500      1.87e-01    1.71e-01      4.58e-04    5.75e-05      7.37e-02    6.46e-02      1.14e-02    1.07e-02    1.3e-07
 487000      1.90e-01    1.14e-01      1.26e-03    1.49e-03      9.21e-02    6.06e-02      9.63e-03    5.03e-03    1.3e-07
 487500      1.66e-01    2.13e-01      8.22e-04    4.03e-04      6.96e-02    7.05e-02      9.49e-03    1.41e-02    1.3e-07
 488000      2.20e-01    1.58e-01      1.20e-03    2.41e-04      8.03e-02    8.10e-02      1.37e-02    7.84e-03    1.3e-07
 488500      1.29e-01    1.06e-01      9.52e-04    1.80e-04      5.85e-02    3.04e-02      6.92e-03    7.21e-03    1.3e-07
 489000      1.35e-01    2.23e-01      6.40e-04    3.71e-04      5.39e-02    7.73e-02      8.03e-03    1.45e-02    1.3e-07
 489500      1.37e-01    1.82e-01      6.03e-04    1.34e-03      5.37e-02    1.01e-01      8.21e-03    7.85e-03    1.3e-07
 490000      2.05e-01    1.61e-01      7.72e-04    9.68e-04      8.09e-02    3.24e-02      1.22e-02    1.16e-02    1.3e-07
 490500      1.43e-01    2.08e-01      6.83e-04    1.88e-03      7.16e-02    1.20e-01      6.92e-03    7.94e-03    1.3e-07
 491000      1.25e-01    1.85e-01      8.79e-04    7.96e-04      6.03e-02    9.09e-02      5.93e-03    9.68e-03    1.3e-07
 491500      1.78e-01    1.49e-01      1.21e-03    1.13e-04      9.28e-02    7.18e-02      8.31e-03    8.00e-03    1.3e-07
 492000      1.81e-01    1.91e-01      5.05e-04    2.82e-04      6.73e-02    6.90e-02      1.08e-02    1.22e-02    1.3e-07
 492500      1.62e-01    1.93e-01      6.40e-04    1.21e-03      4.64e-02    1.07e-01      1.10e-02    8.41e-03    1.3e-07
 493000      1.23e-01    5.69e-02      1.01e-03    9.96e-04      5.05e-02    1.95e-02      6.92e-03    3.44e-03    1.3e-07
 493500      1.56e-01    1.64e-01      4.78e-04    1.66e-04      7.19e-02    5.57e-02      8.12e-03    1.07e-02    1.3e-07
 494000      2.09e-01    1.30e-01      4.41e-04    1.53e-04      9.37e-02    5.73e-02      1.14e-02    7.53e-03    1.3e-07
 494500      1.48e-01    2.50e-01      2.71e-04    2.14e-04      4.73e-02    9.66e-02      9.55e-03    1.56e-02    1.3e-07
 495000      2.06e-01    3.38e-01      1.01e-03    7.23e-04      7.49e-02    7.81e-02      1.25e-02    2.39e-02    1.3e-07
 495500      1.75e-01    7.03e-02      8.25e-04    5.48e-05      6.85e-02    2.49e-02      9.97e-03    4.54e-03    1.3e-07
 496000      1.69e-01    1.96e-01      5.82e-04    1.36e-04      7.58e-02    8.12e-02      9.39e-03    1.17e-02    1.3e-07
 496500      1.23e-01    2.62e-01      2.23e-04    3.72e-03      4.84e-02    1.34e-01      7.25e-03    1.20e-02    1.3e-07
 497000      1.80e-01    2.77e-01      7.89e-04    2.98e-03      5.37e-02    1.02e-01      1.16e-02    1.71e-02    1.3e-07
 497500      1.69e-01    2.48e-01      6.50e-04    1.68e-03      8.37e-02    1.04e-01      8.40e-03    1.46e-02    1.3e-07
 498000      2.12e-01    1.34e-01      7.21e-04    1.63e-04      5.68e-02    3.05e-02      1.45e-02    9.56e-03    1.3e-07
 498500      1.91e-01    1.17e-01      2.40e-04    2.63e-04      7.24e-02    3.64e-02      1.17e-02    7.80e-03    1.3e-07
 499000      1.05e-01    1.90e-01      3.71e-04    4.73e-04      4.38e-02    8.95e-02      6.11e-03    1.04e-02    1.3e-07
 499500      1.70e-01    5.27e-02      3.52e-04    1.21e-04      5.76e-02    8.91e-03      1.10e-02    3.85e-03    1.3e-07
 500000      2.41e-01    1.22e-01      4.89e-04    8.58e-05      9.53e-02    6.33e-02      1.41e-02    6.16e-03    5.0e-08
